rank_in_stream,seed,score,uncapped,roguelike_chests,village_chests
0,-7269948338495788698,237170,240570,641,33
1,-1297854885530077460,282075,287175,671,34
2,-8952052010658893278,167038,170338,481,51
3,-8607522308064511141,292147,297547,701,29
4,-6244135143557849758,179854,182454,411,46
5,-9107171013753322724,159014,162514,400,40
6,-1497857703099570772,203578,206178,510,44
7,-8168323205341578169,280345,284545,663,48
8,-6270331762397506834,203341,207341,480,35
9,5640528374229792510,205592,209992,528,26
10,9010894773932737588,260717,264317,528,99
11,754300914653007805,246357,249857,532,34
12,1261249498889444331,242774,247174,645,30
13,-4311632008425961176,302773,325973,662,31
14,1787392483651679624,256652,261152,676,47
15,-495428158958937458,131888,133188,363,23
16,-5820542125100895415,181355,184655,432,27
17,-914688528032605673,372808,379908,769,69
18,8092628878559311603,259112,264512,658,17
19,-5407451111107001215,298936,302936,651,35
20,8456817873093103234,205287,208187,503,14
21,4455632528278503565,274679,280279,656,24
22,-597980941263995677,224145,227945,574,56
23,6804657220102240981,221828,235128,522,57
24,5159601364152385871,203149,205049,439,37
25,8196260700682203748,203496,206496,464,25
26,7613136794550514930,262827,265927,566,33
27,-3176475612376243145,291756,295856,804,38
28,1504291569863501922,268248,272448,690,49
29,8883663155339257787,225654,238154,418,24
30,7117132976299143060,145284,146884,363,33
31,-2322095815670481316,211881,214381,512,23
32,3306128649649680565,195450,197650,441,46
33,8373619616442976960,219561,223061,531,11
34,-6154538817930243779,141646,143446,320,49
35,5601653643474540034,205136,208636,495,34
36,5350238216294834844,177489,180789,473,40
37,6405758488660130830,267955,272455,591,82
38,5259604390155278211,278036,282736,664,30
39,-3496510879150283121,349958,357558,793,30
40,7444558455070544544,254444,257644,554,12
41,7663188517877758211,217987,221187,497,36
42,2333585222180129931,232649,236049,564,20
43,5850767037279563413,219929,223229,542,58
44,-1797990193677610238,187710,190510,383,23
45,-3602937312285331951,234622,238922,590,31
46,3663420069957137088,242016,246416,635,51
47,-644490098508578870,340667,349267,843,38
48,-2546394943965234052,292544,317644,620,10
49,-74324147406730800,243166,245866,669,24
50,8030454184186469161,262102,268102,651,35
51,-6701391002807803687,173366,176966,456,36
52,-5906397841852343037,194537,197237,461,65
53,-4011577008245302542,303358,330458,725,24
54,-7448908059998482089,180282,181682,378,43
55,-6292213143640744246,271425,275625,695,57
56,788014305712227817,204855,207955,468,21
57,8714553887829585232,253334,256234,517,40
58,5212781571973842902,218214,220714,437,34
59,680539380339649850,232010,236710,556,35
60,4214085290240202253,286140,290840,653,46
61,732230160924941311,229671,243271,488,19
62,-5287293862430284723,252447,257547,567,22
63,5823218153178521498,307987,313287,679,25
64,1737259525841610519,129491,131791,446,28
65,5858590157572911211,187593,189693,472,52
66,3951769169156140164,231121,236021,598,36
67,3314854442072479693,233421,237021,661,21
68,6448274471135530858,341468,348968,841,18
69,5878993889623039718,199721,201121,386,21
70,-7686485693264266319,123893,125293,385,27
71,3804623792610097511,223304,227604,515,24
72,-1972647520068515518,156831,160231,465,29
73,5412473539828096254,231476,234576,487,26
74,-8960299649260243161,174630,176430,416,19
75,-2022754044532931355,302012,315412,644,18
76,-7153859833546089334,148354,150254,353,21
77,6240799579810630379,243893,247693,642,11
78,-4153068366576178603,243999,246699,558,33
79,655064134189255629,300429,305829,649,36
80,-7064285392796666182,256058,260358,562,43
81,-474638338742046264,269672,272872,564,27
82,285177397708394246,262665,316065,572,25
83,8297201904528156298,109376,111176,437,16
84,2688972955963926994,269297,276297,748,48
85,-3217731124618795592,163195,165095,370,35
86,495433077778118046,322718,327818,673,16
87,-8373525884409599037,238450,242050,512,24
88,-4088467415918199481,187893,210793,446,46
89,6148788026504017399,269607,273207,632,50
90,261155990197320239,202207,205107,520,5
91,5620706467660691899,138848,140648,305,34
92,-8524451810853066663,226351,230151,569,75
93,-3949290805694769950,253263,256563,623,36
94,-7862515935299450322,329624,335224,747,34
95,6064432735849280340,286748,290548,712,58
96,-6163690810841001478,233079,236279,462,37
97,1940420392431506719,203428,207928,426,34
98,-3392267406352736498,142559,143759,457,28
99,-7294175169196124925,174107,185407,381,31
100,-6001888998722035261,389009,423909,804,66
101,5582612400605574182,225215,238115,554,31
102,689344253720297598,251692,254992,545,45
103,7745852455080121625,269663,273863,567,50
104,5500753681344949088,210876,222276,452,66
105,4285530576563446348,224958,228058,460,13
106,-5340200000148485986,318477,324377,681,29
107,-1300106650177289136,248170,251770,521,39
108,6048431522048881558,247449,253749,588,45
109,7658544736247922340,262469,265269,604,29
110,3195692259833349294,304489,318889,646,10
111,256369372454805884,307172,311972,678,33
112,-1509389850005109348,245114,249314,587,39
113,-325307767382249088,184112,187612,474,46
114,7786582259307954826,144684,147184,431,36
115,3699161998134186788,228584,230284,461,33
116,-7149309133898418017,220517,222617,529,36
117,-3624873911473993630,287406,294406,623,33
118,-6431750182088421440,195663,207763,420,51
119,-5541735730898168002,131386,132986,403,30
120,-8860234317645515314,196612,220012,405,18
121,-8543091754907664306,226481,229981,585,59
122,8002651900864404071,287200,293000,729,25
123,-4419269862279042744,163953,166453,369,50
124,3942818169849001194,259379,262579,716,8
125,6412896627487852412,335646,339146,727,37
126,-6339301469504249055,301722,307222,641,39
127,-4809290705918278173,295206,300406,714,9
128,6674333379024655786,207479,212179,489,25
129,1323168966991257467,227654,230154,501,18
130,-2416327044745720365,296753,303653,649,46
131,-7520678860554111465,161984,163384,388,37
132,6752152435220503205,133695,135495,453,21
133,-7705520911619183178,98232,102032,303,39
134,-6592504071702890834,212097,214697,447,16
135,-5520360001203992922,228430,232930,616,27
136,6686637332686593057,180604,184004,438,36
137,-3863441263289898761,197071,200171,462,43
138,-7709266056241297161,172558,174258,477,10
139,-3859335779709032137,202145,205345,551,40
140,1038081509803397483,257333,260633,550,26
141,8895137686714375090,221414,224914,469,22
142,2649194352519170987,160942,163242,349,42
143,2580538297611502239,203802,206202,445,6
144,1810772002009867884,188187,191287,447,39
145,-3075926331461636223,201822,203622,479,36
146,-8338074314017196330,192369,194369,470,28
147,-6244982014669452573,162761,165461,459,38
148,-8341263649988075134,238017,241317,624,19
149,-6493315996495903156,154781,158981,494,45
150,-5266907925927335185,152682,154882,330,34
151,7801891653700453153,231477,235277,500,77
152,3930072483011035653,255123,258923,670,70
153,-571316366110861875,270402,275702,658,24
154,8209841099198493566,158893,161893,409,33
155,-6729028238316190940,201191,204391,461,12
156,8610296679873199560,234230,239330,690,44
157,3479622610382875222,186312,189512,425,21
158,2898688911236100507,306870,312570,712,42
159,-5977725217163139622,263885,268785,555,45
160,7517371785474774195,190359,192859,426,9
161,-6450397982706471624,297219,302519,681,21
162,-4122886743425098427,263452,277252,582,39
163,-7079616507214998973,216435,220335,557,30
164,-8733677300148219125,196219,198519,426,43
165,-2788566337576089895,225525,230425,570,24
166,-1567459991116629460,183156,186056,444,27
167,464042961168090828,287585,303985,626,38
168,8731265722851397586,314395,319495,725,50
169,-574600071698042187,211955,214755,443,18
170,-4626772470859445924,260901,265401,676,42
171,7046446963382256806,208193,210593,448,26
172,-7660750360110907226,238652,241452,493,67
173,-2475510801116841449,258207,260607,551,28
174,-1365684047854136276,207910,212810,515,32
175,958750493312619688,205243,209243,490,51
176,-5368394790663658321,154249,155949,339,36
177,5871140676522204635,267666,272166,604,28
178,-7943157672280497240,256710,262110,596,62
179,-1906926954913869871,169782,171982,438,19
180,6228997515574739202,175861,177561,506,39
181,2501925362106911169,243347,246047,561,36
182,556260957638945779,223650,226850,503,45
183,-1079358153481742449,204779,207679,499,24
184,-9013771088102795570,252248,256348,599,30
185,3598404248420083538,212419,215419,546,33
186,6071950236300684760,269812,274112,639,29
187,1131952453945195535,226770,230770,499,47
188,7994262852961565817,245076,250876,689,6
189,1891316048315218460,182273,184573,549,40
190,-2844180957345148180,172269,174869,443,23
191,-8980941948616090467,176206,178706,419,61
192,8082308188670403714,317551,321651,670,24
193,-2181465520011593465,258889,270989,568,40
194,-9165960130239709207,290123,294323,625,30
195,-660796222014212773,253928,259028,631,26
196,1851166702047633895,168887,169887,335,37
197,6036795814294750186,184781,187281,422,37
198,-37951548283699683,206640,220740,586,35
199,-1094730214538171905,166909,171009,520,42
200,8125375455299197936,169480,171880,401,48
201,-30082442579790411,186027,189427,452,47
202,4643917502000067859,185985,188585,480,25
203,-4698228901916997004,183961,185961,516,32
204,-3777940295200368476,226059,229359,506,24
205,7004483517878153613,214279,216379,477,65
206,-3875020655423380880,195230,196430,422,29
207,-7668120945458828336,163052,164452,379,18
208,-182629780356254804,196321,199521,531,39
209,-3939194529848753707,349841,355141,826,24
210,8897649203603212327,227803,230603,478,23
211,-6437875976606841588,267637,271837,634,58
212,-2131670039804977373,248011,269311,601,15
213,-5509591735660387661,264899,268299,594,63
214,9063316080223141184,180171,183371,503,23
215,9009655222045066160,209674,213574,521,11
216,-1116624548939610718,213188,216588,479,35
217,6888746736632846136,314886,320586,671,28
218,6571649966301764923,181219,192919,350,38
219,-4480755484152077137,185776,188076,453,97
220,1207688043114843546,191202,195002,545,40
221,-6251209974452910898,268661,273961,651,16
222,8363952582389519752,317294,322894,698,40
223,-3655742317065204664,208667,215767,611,30
224,-165786413344869808,249780,256880,783,33
225,6464943259654698286,127037,129437,336,58
226,4249175668006870476,192300,194300,492,35
227,3047455613863135584,202906,206106,485,35
228,1821647922715242261,82610,83510,225,38
229,-4466885385027645717,290767,295167,623,41
230,-597651819135377310,193110,195810,430,31
231,9014955239981834473,246562,249362,531,33
232,2102578351822055290,266922,273422,727,44
233,-4336183734958056413,234788,236488,510,27
234,-2101169712940199759,248844,253444,600,38
235,7629380388868947114,210550,214050,463,20
236,5720754306202350177,274468,278668,647,31
237,-5557463082472935273,254424,259124,620,29
238,7558491013019287054,308103,314903,710,18
239,-3567522033721949625,233108,237408,582,26
240,-781591991533862317,248028,262328,608,32
241,9120157967860240182,293989,298789,630,63
242,-6715348607117435763,208921,210821,545,49
243,-8803676976114226316,204554,207154,492,34
244,6264282864854071239,278510,282310,549,10
245,4122878962352118912,265193,270493,564,38
246,9007207778632666569,173117,175217,405,22
247,4194271204394651594,258467,262967,624,53
248,-2841038891619916497,114639,115339,289,23
249,3908783501388247331,214834,218534,611,26
250,1926614274123195339,227751,230451,547,21
251,1174918713984931276,193524,206424,463,29
252,-4066803288923760737,132824,134424,340,9
253,-8720488242518222849,223017,225317,623,7
254,-4225079668911300224,250219,254419,576,33
255,3092935194054882310,166583,168983,507,37
256,-6460017863623487653,199607,203407,495,36
257,914487702035615181,258521,262621,585,45
258,-547290234184403109,176801,180201,415,22
259,-3020909563634256473,355309,361209,881,53
260,-7375784548623274647,238608,241908,543,52
261,-1824953287039567726,209435,212335,664,22
262,-8297079294739762191,180311,183011,462,51
263,7535291874385478307,219063,222363,524,65
264,-1970481795852293649,147615,149615,420,22
265,-8728347801884774756,251185,256385,696,30
266,7783577982060087466,217338,220638,514,15
267,-7479800917168059446,297522,302322,670,25
268,-4596554924521179730,198790,201290,449,22
269,-5791315254590791918,204432,208532,518,52
270,-7947893222989729032,285750,291150,696,38
271,-6395847347509512060,212497,225797,544,41
272,-6620385191162503789,249871,253771,561,28
273,-4544428699262653975,291315,296115,668,26
274,1282032645626128334,157887,160787,441,25
275,3915377868455941284,160801,162501,343,21
276,-3124071781666211405,186185,188585,546,11
277,-640674810192077229,225560,228460,585,27
278,-5776021433746333398,320350,334350,673,47
279,7179924076330574973,146974,149474,457,30
280,1796769411010687957,166197,167197,419,20
281,8856408271881350906,288745,303345,772,33
282,8714345786146225622,212595,215395,411,23
283,-7682268495317154338,244572,258072,532,65
284,-2649594633781201959,239846,244446,631,21
285,-1671679601082913739,209857,212257,448,22
286,-6241510188456511856,161207,164907,508,16
287,4491487889729444277,209278,213878,544,54
288,2171571780127430264,146140,148240,353,30
289,-7613281370548451997,232648,235548,651,16
290,-1844685853791117599,332656,338056,737,26
291,-5055047286087555829,316105,331205,683,22
292,4255397482170201309,190860,193660,472,30
293,7635729199307266454,188748,190848,418,27
294,-5452619293147168908,214842,217442,536,30
295,-7632379754393708747,254932,260632,644,43
296,8275520758355695777,240720,244520,555,19
297,2845558462154822429,196100,199300,469,34
298,-3297321946577177321,209794,212394,516,7
299,-651040497863243249,275871,279371,591,43
300,5101345016979582844,168006,170506,446,52
301,-2265967761693613119,206086,208286,481,19
302,-8428990839840458990,278859,284059,742,56
303,-3932039353176693107,323786,335686,713,32
304,-7195424472397199589,174281,186181,408,44
305,-4369519833891104257,170731,173331,426,19
306,-5725858648744583325,239564,241964,631,32
307,6981400250922397986,197135,200535,576,6
308,973395506425797522,218106,242906,600,49
309,-4226679087023230115,193788,195688,391,30
310,-2755132778094684164,227939,232139,579,35
311,278834493044865437,168945,181245,341,17
312,-5143682260380533486,223946,226746,528,12
313,6561380866715350948,247075,251675,538,26
314,1493846006997135344,236792,239792,565,38
315,646785208576434330,246025,249425,509,35
316,6634983952853911399,156161,159361,424,36
317,-7220576008406642078,196967,199767,443,38
318,-5315270912964269875,145814,147014,378,29
319,-4216810357273452931,202163,205763,464,30
320,1375472318939500259,230539,234939,557,44
321,3490292644833175940,252626,256326,537,23
322,5900702093809457839,235996,238996,582,53
323,2851623587952276918,211140,214840,489,30
324,-6651897925981577454,161335,163535,416,42
325,3353918695567719548,299142,322842,659,38
326,-7131725788847836385,249958,253158,582,32
327,-7015935514871596205,226709,229809,607,30
328,1737837044162757245,231439,234639,570,49
329,4870020375421139451,154054,155354,351,41
330,-6055338289877033406,183760,186260,531,10
331,-7413628197001761530,147554,148754,453,19
332,-2176664945230567260,323613,338613,742,30
333,8250015194472102141,202814,205314,479,32
334,4006619626148613194,199107,201907,491,17
335,-7474454720590020054,256273,258673,524,27
336,-4481000923260946295,144791,146891,529,43
337,-4293055035201894298,299721,304621,592,43
338,-4271099438365810427,174405,176405,549,35
339,-8448988289284612634,230185,232485,530,7
340,8587873783162784226,207373,208773,475,19
341,-1582571907206479973,424574,434574,968,56
342,8437138325620354093,390395,397695,845,57
343,-77652949055382273,177998,180698,464,13
344,-7516763541848906714,193992,197292,442,44
345,4604402547140285149,310991,316491,673,66
346,-7081785649890661198,144280,145280,445,58
347,-8365617307358851400,206069,211069,552,43
348,2300700668178633024,108221,110121,425,13
349,-8803658471091230923,331657,337157,801,49
350,-5044395764170504228,220553,223153,527,57
351,-466089849551711314,264053,269353,569,31
352,1235476685272484445,289533,294333,689,57
353,397792341524452183,137082,138782,321,11
354,-4584791134669946970,219531,223231,559,32
355,-7304781882372525245,220928,224728,506,44
356,-486513488405044188,214427,227427,574,30
357,-2462985981100824764,184221,186121,439,24
358,-743534768873610520,267885,271785,749,75
359,-5341824651613420831,291867,304767,623,43
360,5583960389185735137,185664,188864,397,30
361,-1717693433143146114,148821,150821,435,22
362,8238013658036526245,258182,262082,592,46
363,-272029763800809378,386736,396136,858,10
364,-236185992118148838,317910,326910,740,32
365,-1586560131802573187,173994,175794,419,35
366,-5255738765914181221,225600,229800,568,36
367,110034301769610495,218324,221824,475,43
368,-802606208520587798,269176,273976,601,50
369,-2780748163539955821,374058,391858,924,26
370,-6218241598618345464,225392,229392,568,25
371,4581756585625775784,276296,281196,701,30
372,779041838759669365,277241,283041,764,31
373,5467369920519169525,147388,149088,340,18
374,-4847280206347135268,196340,202840,586,14
375,-716045117797809871,257158,263358,643,16
376,-8611253615333919674,183619,195819,474,69
377,2270198004356301571,168985,170485,409,18
378,5984988881366373162,184647,186447,430,17
379,8777398446982193615,224222,227522,536,50
380,8598374698293722394,196768,209768,441,40
381,-2356195131749568253,151663,155863,400,32
382,9220378829111805264,236171,239171,532,64
383,-2478299851373522899,194803,196803,415,21
384,3787876821579963151,198060,200860,484,32
385,502438636973716882,229650,234550,553,36
386,7286129269615175747,287358,292058,663,35
387,-4380758470033163025,283731,287031,625,43
388,-4952053520656245231,207971,210471,429,21
389,636393598862728218,205003,207903,505,33
390,8561441651194263205,208369,211169,468,28
391,-3956671098022714051,164898,166398,415,34
392,5710455083253751101,231315,233915,533,9
393,-3682927140480692011,184798,187298,429,26
394,-5623087503596742554,304248,309248,780,26
395,3379977486592427495,260157,265457,734,48
396,-6955742773560504603,182191,184191,419,12
397,-2264666020741443318,239412,243212,584,13
398,1818418092751547755,179067,182467,439,34
399,-9170527222779395133,165470,167270,437,51
400,6155886671942994271,206768,209468,446,22
401,8477936017395693121,147832,149432,469,36
402,7456741912570793192,236590,238890,489,20
403,7056155960668598018,294529,299629,645,49
404,-60365700275116461,241846,244946,575,1
405,-3869750850567161277,155216,162116,401,51
406,3418566383224933848,168357,175357,439,47
407,5049626323994599427,247579,251179,583,37
408,6606539819075557062,211127,214427,538,42
409,-6935149824850964163,227633,230033,547,39
410,7631618547714207539,350632,357032,781,40
411,-6164046546522255336,174747,180347,554,44
412,9118023923997086470,192633,195333,452,44
413,-2491783896697021655,192548,196448,643,41
414,767350405489498727,240427,244027,586,41
415,8688268297601721288,214620,218120,515,60
416,-2299972297151685417,222796,226196,480,5
417,6866551665087905921,242799,246599,608,19
418,-5251689848393177951,204215,208515,499,47
419,-6326208633314603108,314465,320265,701,46
420,-6818006813372293130,180382,182682,490,31
421,1247060668246405584,239806,243306,562,7
422,-4228137451673659609,255453,260853,631,50
423,-710732834754552477,260643,266543,644,19
424,3449067884195720343,230933,234633,576,18
425,-8882729220790201284,225876,229376,550,44
426,3734230665257509695,173879,176679,435,35
427,-2447112213689774916,193466,196666,535,51
428,1970061870165226627,228671,232771,525,34
429,2958093956623994107,172741,175441,433,40
430,7585829747612045430,238300,242200,583,57
431,-5293647718492440466,246713,251113,604,18
432,1913827480679891155,269528,273828,725,33
433,-673691612753771220,276529,281029,649,21
434,-6672385842410106281,306237,332537,730,19
435,9192289658619063368,278193,291793,556,23
436,-4872988798471243047,180969,182369,480,30
437,4866214742316550746,231062,243562,478,51
438,-7121486830158985227,175964,177164,419,33
439,-1572082345225200124,262112,265712,626,41
440,2809151579662337177,206188,209988,534,30
441,198288676152062956,241265,244965,559,31
442,8561259492692374214,289006,296706,643,32
443,8181146761213915842,261999,265399,584,28
444,-9042047459360589023,243816,246816,521,22
445,-7354337050574746190,223072,227772,623,33
446,3794064388519368254,253217,258117,661,49
447,-6492848905888447538,217355,221055,595,42
448,-6950498930819311413,290033,294033,617,48
449,-4411068420080163642,174658,176058,500,33
450,4619149715806695700,319714,326014,767,29
451,-5151786115015393786,255902,270602,610,42
452,8802562916618715982,112502,114902,438,32
453,-583414853302687382,272821,276521,616,17
454,-4041647005599669609,250576,252976,493,24
455,6838305476477327409,228729,232329,544,21
456,-6551318301989295827,210561,224761,504,74
457,4052661401146233386,175441,178141,391,37
458,-1371666278129680985,200399,211999,390,7
459,3925054497749321482,216872,219772,452,60
460,5398268649527118055,183574,186174,588,20
461,-7354694461543874332,250542,253842,593,59
462,-8591371452984638474,271960,277460,713,25
463,8243724955398364562,223959,227559,733,38
464,-7671822476484553228,230078,233378,530,14
465,-4320867591495479393,195303,198503,434,30
466,764584904107702594,246489,249789,559,41
467,7313690415567933383,258172,262372,595,45
468,3633981193640648562,234314,237614,517,15
469,-2122671987525688608,173894,176194,418,20
470,-2477268004078652984,179548,181948,458,14
471,5696237463753612616,244823,247923,545,18
472,-447170720084944497,92662,93362,310,35
473,-5095724202038003936,173095,176195,429,18
474,3027391631672079411,189169,191269,479,45
475,-5511973295410518948,262411,264511,607,89
476,7113707522805059677,229554,232054,505,43
477,3815733870379705971,342016,367816,734,32
478,387545526616195670,274037,288737,643,34
479,9000207817443291097,196883,198483,443,24
480,-2211732602537265459,300184,308384,730,21
481,-4503536747029416634,224657,228157,687,27
482,-3549148911716523822,217415,219715,463,62
483,-7437499005870471734,214147,226847,507,21
484,-4555514980055527029,293301,297701,654,10
485,1413618537625641991,218347,220047,554,37
486,-3263310319268296581,313418,359318,694,53
487,468160372259714572,200563,203663,461,21
488,-1631737221429331554,142212,144412,310,37
489,-18999956329238835,180967,183167,507,25
490,2224391147686218008,234662,237562,538,47
491,-5600352540835546256,282832,287232,604,61
492,127649274285756575,118525,120325,408,25
493,974346715961728277,212638,216238,481,46
494,8007792041570197909,170246,177246,564,32
495,-5005908839273588350,194383,197383,542,19
496,2608104924968462404,258120,261620,548,42
497,5801362643379677696,159165,161665,374,38
498,2559582749794458534,184931,187031,448,60
499,-7616026354201571692,202612,206012,678,41
500,-4673309370917796735,274191,278691,614,55
501,-9085860070165468315,303230,308630,735,49
502,4001834601454525972,221710,224210,468,26
503,-2933614115406133508,184305,186105,400,59
504,1008218787806410075,266727,270327,555,38
505,-8017546631810844788,215349,217449,494,31
506,2263357701865458503,276526,291626,710,64
507,-7633000064650861774,165932,167732,460,59
508,1903694537773237028,167035,171135,457,7
509,137966244716948903,233458,236858,552,8
510,1215600585033686323,225083,228583,442,24
511,-2397574253518979024,221627,226127,587,48
512,1748225733458308353,228261,232761,672,31
513,5398051884592484558,137787,139287,415,33
514,-7481374672132547440,155607,158407,347,53
515,-1159176223843619289,279181,282881,608,45
516,4812005082026087596,265185,271085,680,46
517,356667854728266952,182874,187674,548,50
518,-4751163043688002459,195936,199936,452,37
519,-7268193223403254166,270695,273595,587,24
520,8226783244592779171,160272,163372,411,14
521,-2542004929154397472,276921,282021,626,29
522,7799344630415124346,207551,220051,493,34
523,-288035543697021390,205184,207384,402,38
524,-1588889096743759391,195206,199906,497,18
525,7383334336873872165,201171,204071,450,17
526,-699126802042520759,150176,152776,432,33
527,-8203979631780636258,111604,112704,363,40
528,-2004162344277257047,195501,197901,554,29
529,-4255909027429838757,245383,249183,650,27
530,6560356215363702483,241991,245891,551,40
531,6510793487024295338,204043,206543,478,50
532,711493522689825085,179642,181942,443,49
533,5467757811126178815,200540,203640,449,18
534,1462359252020006938,204528,207828,435,9
535,9035178755799400913,224628,228528,527,25
536,-1546505427546558290,279355,285155,664,43
537,-7635100663712487904,154538,162138,552,17
538,1317575883152984834,251698,256298,602,24
539,-6267489132480455138,202949,204849,464,37
540,2208344785964556165,226052,230252,573,42
541,-2716547795134617098,263037,270337,662,60
542,-2305430306779623901,260566,266266,648,37
543,-7924102118990465724,208821,211321,441,32
544,-7676940025345325776,127614,129814,329,39
545,7160665285853187764,225908,239008,514,25
546,-337509292241491580,294383,300083,650,25
547,-3520501736427465766,188199,191299,537,29
548,1270897109016716044,290045,313745,634,35
549,-3686233301186146228,337197,361597,776,22
550,-4196860788162579213,286749,291649,630,40
551,-1685372205911025926,228311,232011,557,25
552,-7813800046436766198,215716,219116,564,47
553,-923436768276287668,149495,154095,514,17
554,-726926166959185149,205941,208441,467,47
555,-1503091676449050578,178533,181033,457,40
556,-8074644116018799359,260519,263519,541,31
557,-7998349981357976170,205906,209006,422,48
558,5326987746135119760,317320,323520,863,37
559,5892607471856370331,182534,185734,452,25
560,-1657431401691902924,212221,215921,535,26
561,-2140341188844227545,177167,179767,422,39
562,-3673474900923902197,52180,52180,105,28
563,8359272836971342588,254595,267995,537,13
564,-8122764116575497806,221263,223963,477,39
565,1043199931809677233,151376,154576,429,18
566,3314711151236191254,206365,209065,452,31
567,3690265431658885889,184960,187760,500,30
568,639266241019557773,255871,269671,673,18
569,-8569455282437883514,269589,273889,599,25
570,3541073365820127762,191539,194339,499,49
571,-5889265990422054672,183707,187007,423,41
572,-4285316668355288221,237857,240757,526,28
573,6531836029688226878,160666,163866,409,26
574,2393161021850797777,156740,158440,330,38
575,8654849684826840862,256953,259453,621,53
576,-4571012569369799830,246195,258595,553,35
577,8885162179229113783,232261,275461,530,53
578,-5859010817012720323,159199,160499,346,58
579,5552698132908153137,127281,129381,367,17
580,4945517376668363756,246602,251002,512,35
581,-1008404990835634401,206294,220394,474,12
582,-2537937619473366631,237261,241861,666,3
583,6881276284414773685,251746,255146,589,34
584,-6295746519905772452,188032,190632,460,22
585,7934744552691160420,199522,202222,550,28
586,3832853459937481677,264027,267127,592,49
587,-4108925598728813471,147574,150474,472,20
588,6204889000287088428,222362,225262,454,47
589,-556578883118587606,235250,239050,739,43
590,-7371808726477456426,254639,260639,701,18
591,-4788512411646948209,260009,272909,539,31
592,5996812906695407092,167556,179956,459,24
593,-1435964754891497815,267315,270815,562,49
594,3141831323780127875,235150,240050,623,45
595,-4304465754426199911,258679,261979,570,22
596,4330327090820668138,187618,189218,419,60
597,-3109294731848846971,218768,222768,439,20
598,4675620872561633668,223423,227223,487,32
599,7421043957800029251,237785,241285,653,21
600,-7003862438358818412,189671,193171,455,25
601,3358821280072637626,198399,210899,412,28
602,-7944638778354235312,280420,284920,530,42
603,-486277801658565405,297081,319581,577,26
604,7674025184061889736,133657,134957,341,20
605,609020901254044228,245145,248045,588,63
606,-1245469488693789749,267576,272976,656,27
607,-6836085078020828721,213713,216413,444,14
608,-4291912730910646882,192249,194649,433,40
609,-4422869049821973346,201602,205602,549,51
610,9133211364204196534,274639,278239,607,26
611,4999232378770641654,246285,249285,577,46
612,-540208617330122895,235784,239184,530,42
613,-6629736519393035517,260459,264459,611,18
614,8366242203466760476,248862,253062,604,10
615,8924263473046333647,281878,287378,595,42
616,-4820166646493145643,165349,168449,419,53
617,-6484683177985937389,128234,129134,259,23
618,-5729010210509917689,203220,207020,498,28
619,-7475190311912305241,192601,194401,466,19
620,-6506420528417253853,246901,251001,701,44
621,-6224914639970043533,235783,260283,545,16
622,2512236644208097142,270912,275112,582,37
623,-5409934528853620340,285743,289743,695,39
624,-2962661190264964637,195474,199374,534,25
625,-192525222497942184,194565,196765,456,24
626,7204405115293309379,228675,231175,489,29
627,3536179015462432218,150260,153260,538,32
628,-3260400320633666251,194507,200507,549,49
629,2787399634534117882,288783,293383,665,33
630,-415907891738205602,292599,298699,713,36
631,-1033498668278699857,347703,356603,844,26
632,296144390276503424,241748,246648,565,45
633,7947511626846780681,234832,238832,551,44
634,6777858120705187252,202060,203860,544,40
635,-527926623720560433,285024,290424,730,44
636,6768231826679131339,180094,183894,433,36
637,-8175420023803257054,136426,138126,430,18
638,-5460520602769133115,166140,168440,436,16
639,-8601995849335319445,243313,256613,560,19
640,-5101665156988575849,200568,203768,441,18
641,-2694510686250728263,236575,241275,568,37
642,-8274104938401288924,292306,298306,636,55
643,1855420444111340406,211468,214268,535,59
644,-5391812756222667312,209925,213525,458,31
645,3948713828979093965,225637,231537,591,25
646,1735313345493885944,307170,313070,707,53
647,1071013493903703943,282472,288972,601,53
648,7791466174221728923,138935,143835,551,23
649,-7879995596532786695,273474,279174,607,46
650,1843276038298041546,307738,331938,728,13
651,3730604565595583351,194448,197048,451,20
652,3258443988651270945,273325,277425,628,27
653,5283394623641144668,199535,203635,459,40
654,3018859950343686879,254807,259507,604,18
655,-2957076505394949131,246985,250085,504,75
656,-5902142228716918142,198200,201900,576,57
657,3143268739616393057,197663,199763,412,54
658,2124450596545576723,208310,211210,480,28
659,-7150026396841679340,261173,266873,646,19
660,6456413328786055718,220615,226915,507,28
661,-2613424508013521878,182641,185241,523,66
662,7582853345632952007,210299,212999,470,41
663,1339966297189670341,252856,258156,600,46
664,-5899673889266741347,213257,216057,558,49
665,-4857607300723661507,230077,243377,553,12
666,-2419254855649401096,247473,250973,579,39
667,7836201294136227631,212590,215690,420,38
668,5267398636424743245,328813,333313,715,26
669,-6650531916754134506,177656,180856,395,2
670,615733624724129224,193104,195604,431,26
671,2239861917256540750,197151,198851,432,40
672,6440285732594040927,180612,184112,432,38
673,-1548843957536337818,221309,225109,547,8
674,-1222026659615105967,188664,191264,670,35
675,-5194100488673117431,280285,285185,663,41
676,7416753304735527242,176005,179905,502,48
677,-6184105744052394548,267230,280630,472,28
678,-4157802869907139297,167562,170962,457,40
679,3359993207473975650,266236,270736,558,37
680,4228510975691034146,282016,297416,620,37
681,7341630823842643677,190433,193833,515,49
682,-8076549297981692826,313763,319863,746,59
683,1622129667443913448,200287,202587,490,34
684,-8709249694953812001,200268,203368,480,22
685,-4180710576074675640,177729,179429,384,35
686,-6388600395068040338,231210,235610,525,45
687,4289995650263468722,266970,271070,580,32
688,2836887913070634430,301902,307302,821,41
689,4785386090137102067,195012,198212,444,28
690,-4144411290780648413,205534,207734,537,37
691,-3639731563739473955,230419,234119,645,16
692,4556175605159299035,260028,264828,687,51
693,-1345046782436995520,243299,247899,580,31
694,-2197267649856125206,330764,357364,735,30
695,9182232873984341887,205665,213565,645,40
696,-764431245137400017,233180,236180,691,36
697,2865244138158707350,170034,171934,394,33
698,-1505459094403036901,302742,307542,792,11
699,8649344203918980315,157201,159901,400,42
700,-6328898847163738030,170175,173075,414,55
701,1392586770579495683,225930,239430,474,48
702,-9060161860695564870,138294,140394,321,53
703,-2129178755335728261,274128,278128,570,66
704,4940059290638458603,333873,339273,819,29
705,6744453835912836327,234608,239208,626,11
706,-5283095164979109434,252093,255793,546,16
707,7257267978438869405,192649,195949,558,52
708,8887376907815907526,434232,441332,913,67
709,-5521292936138760651,210989,213489,441,14
710,-4818802395528937527,252095,257095,691,32
711,-8969647323018319691,202886,206486,472,13
712,-3727225263301214311,186059,189859,492,45
713,-4580079327380446718,184010,185910,521,27
714,1575430668637323732,240315,245115,530,49
715,-4413045364928130831,286166,291466,621,58
716,2459754470377572901,300048,314748,614,10
717,-3141534511877214075,211762,214162,483,1
718,-7090773107616491033,281313,287813,698,30
719,1214738958423109007,184528,186828,485,18
720,-3861194322084213911,169141,171941,562,60
721,-839615220315967216,213997,217097,531,43
722,-4381843319125339998,258240,271340,551,22
723,1577982060397429427,249885,253885,628,40
724,5098453565140056864,237608,240608,569,47
725,2205349372206223745,124731,125831,431,25
726,4172366960595978315,194803,198103,465,47
727,554513757157083784,222845,226745,539,44
728,-2843858534441823095,261110,265810,557,33
729,8938019445951663549,275440,281940,606,16
730,338410943758909335,194893,208193,374,45
731,-1445272957948284379,254649,258749,570,46
732,-5065398476208500378,237779,250279,480,24
733,2642301426858826671,276863,280463,639,30
734,4030786694815999438,226227,228927,509,18
735,-2196340668344671053,205618,209518,521,38
736,4453970253642473909,158100,160300,387,60
737,1115962183420911327,204517,207617,477,48
738,-1456951711744870919,151867,152567,444,29
739,-2884368202465056292,202012,205012,382,26
740,-3557005176553904594,195970,198770,466,24
741,9219527670276466943,160908,164008,427,25
742,-8413731286332412887,208912,211612,475,61
743,-8458724839526384791,253618,257118,607,40
744,1373822546158253918,217715,220415,440,47
745,-2395735321016796187,235862,241062,604,60
746,-7549086917494942826,168814,172914,449,28
747,7004247103845010726,281739,285939,581,6
748,-3964740628126543175,214335,216735,515,26
749,1248303524193853517,259194,262994,614,69
750,9057004961415755673,221224,224324,552,13
751,4195212766142732378,199831,202731,498,31
752,4679798563418462888,203684,207584,513,52
753,8753826099688135794,260328,264728,582,21
754,7176594254135007971,166174,169174,441,31
755,-7092793307931740843,236329,238729,509,39
756,3401858795983660929,215048,218848,517,50
757,4767388832202311256,283178,288778,660,37
758,-8872377533275650236,237565,251065,593,28
759,6334206766410333585,286121,291121,651,40
760,6149701742378560637,174310,177010,410,29
761,-5385560935373570160,176959,179959,418,25
762,-1474019416721626049,227213,229913,555,32
763,103958914735779675,263554,268154,608,37
764,-1429162573405762953,216136,220436,509,38
765,-8667692649553219087,183953,186953,575,61
766,-1825547659408556592,255793,261293,607,33
767,1985413944306782990,214619,218219,471,31
768,-2262243390428810783,185900,188800,416,50
769,-7351429509317947369,295577,300177,707,31
770,-820220154827153428,213390,217090,530,25
771,5157269558904543900,189836,191836,377,15
772,-5027169471954415739,301100,304800,632,35
773,8954564507059443928,213298,215098,462,35
774,-3685328028948348943,214638,218238,490,36
775,3889052304042398113,226480,230180,553,45
776,-2574505100790470209,270203,276603,654,6
777,2891568681038389004,272038,276238,616,61
778,5343606402640424324,294456,299956,776,38
779,-2046427039352781217,186015,188415,460,32
780,-4012971416871291609,219708,223108,510,22
781,8773651303570915687,258282,261882,545,28
782,8224106789844695118,262686,267086,654,16
783,2467888280183490494,305733,310533,761,15
784,-5694498070786731832,212778,215678,621,10
785,4004890051691467880,260217,265617,607,55
786,-7270060355895872631,181768,184268,424,52
787,1071038637287987359,321682,328582,709,47
788,-38070323797312284,339373,345173,702,14
789,7501877895895521950,280800,295100,622,38
790,4668402833682709898,322348,348948,806,56
791,-4847175701603694752,217918,220718,547,18
792,2226125327426414887,232326,235726,487,28
793,3670401590821429424,195087,200587,503,20
794,1669677194953228414,237325,241625,534,37
795,6446021445754275422,182181,185681,465,35
796,6518145670315492270,264541,268941,645,28
797,-7102212091358660671,302273,306873,656,42
798,5388594535110654379,321622,336022,632,66
799,5942634406059156458,208332,212232,605,16
800,-3563309642792314364,339046,343846,776,54
801,8749507264736270599,222783,226683,474,19
802,9117886663196157437,218919,231719,444,40
803,-1697937652670094488,231650,235650,577,26
804,6510469195685157844,120791,122291,268,53
805,-6778883905524664207,263648,266748,539,31
806,6998855543813497815,249667,252767,534,40
807,-3024571185851384076,223380,226580,583,28
808,-8972864073771085929,167618,170518,465,18
809,-650322865082707916,212477,217577,651,49
810,8443563757000946645,267665,272865,709,32
811,3194999502180196245,203054,206254,569,57
812,22161774746067233,182737,185437,427,24
813,-8634333476611155926,215250,219250,527,43
814,670053451083109391,384821,395221,921,45
815,8198345900423888725,339303,345803,761,38
816,-1273654751482546137,260824,263824,564,42
817,1345674375582657900,275249,279549,634,23
818,-709373401454010453,125421,127521,340,30
819,8555798182311662973,201891,204591,435,37
820,8399168387589006952,203667,217367,529,32
821,4032207986019817306,151876,155176,457,46
822,-6684440792346272941,280452,284052,704,15
823,-6978441582124070782,106773,108073,271,35
824,8876991425286420692,193777,195077,486,53
825,3469471153701708425,180504,182804,473,27
826,-8859907072051049154,200976,203676,439,27
827,-7174715309631760732,209497,212797,463,18
828,5996686763172603179,140826,143026,399,43
829,-9027416544975247197,222936,226236,504,25
830,-3200534406186645009,144400,146300,407,21
831,-4550986516390165207,141033,141533,328,30
832,-7270146432487540924,236221,240521,565,27
833,8483146963415065736,192157,196057,491,24
834,-5088000829730999076,229743,233543,546,45
835,-478120256395507511,172069,174769,367,37
836,-4638882075902374318,192376,197376,517,38
837,-5756349547666379192,192089,196089,555,33
838,-557641487171026744,177424,181324,451,28
839,2121788437692990218,141925,143425,388,40
840,-1786995262458015214,264454,270254,640,30
841,6960886717917939145,247423,250923,626,34
842,-8671488818484955977,228665,231765,452,22
843,-5274802367223658996,301228,325728,630,45
844,-6337526672570979620,220056,222956,484,32
845,-6376082580683739588,213018,218318,502,36
846,-1186533247190873920,176830,179630,478,9
847,229372800988493619,327562,332862,710,25
848,8404849149921362298,192669,195469,459,54
849,8621176712779204507,313125,318325,847,36
850,4835888150032816513,338459,343359,770,30
851,2026015647415238209,219453,223253,544,21
852,-1462819550177736203,142419,144619,347,19
853,7904470682838505547,200320,202920,453,31
854,-3214554919626597684,238629,243029,490,36
855,2959333600894897261,325622,332222,817,20
856,-6001315473706087583,266887,270787,635,12
857,-4593894958104697501,243598,247298,537,48
858,6362668746337744330,188429,191929,459,36
859,-6577662978629601987,138426,140926,532,29
860,5223993885828787071,271314,276214,671,18
861,-6625953909709620300,382639,390839,981,44
862,-7713039043806448959,200558,204458,511,20
863,-3031987834733084583,235930,239830,558,33
864,5783579773283680150,187326,190426,489,20
865,-7852989834915313737,264613,268413,633,37
866,561440934830860874,251852,255252,583,39
867,-953584103139904652,195700,198300,405,33
868,4754259450765054881,200931,205431,481,40
869,7272346361714622643,268914,273114,574,36
870,-3681850915007966748,195787,207287,429,46
871,2211445081190366546,315433,330633,801,21
872,5199215740870992310,221310,224810,589,41
873,-91537950101147276,188188,190088,447,22
874,4078027551461423131,245798,249198,557,31
875,-4432287161403818712,149872,151472,290,34
876,-1951657789807926789,269291,274191,600,33
877,1743035169563486103,178603,181503,476,58
878,3944174179858857368,291255,294855,599,30
879,-8008674326613735357,179037,181637,418,40
880,4590878034966395671,196767,199767,647,28
881,5709582801464677856,233884,237484,518,69
882,-4567305217354086373,247240,250840,594,33
883,-4884275594263734418,178990,181590,465,14
884,7899576128021441484,235345,251645,763,46
885,9176218187872243489,161539,164039,454,39
886,-4678836301016509778,294628,299528,712,35
887,786866335278602218,254344,257544,618,39
888,3393963936292644458,198156,202156,472,49
889,-9199824237125367080,143411,146911,460,40
890,6559641242584056915,224579,229079,609,29
891,-815065541431559077,239174,242274,600,43
892,7677428885626207624,277421,291321,714,3
893,-4825011981223283305,210896,214996,493,45
894,-7792720014905940470,333248,339348,782,36
895,-6066607783342285233,171275,174875,436,28
896,-106479333869231143,151440,152540,311,26
897,-6678250411398651566,213792,215792,440,53
898,-5896838265061074297,207002,210702,462,31
899,7193010544124238080,195962,198262,504,27
900,-2251229250967524280,229917,238117,632,33
901,951135978454168141,346502,354302,886,36
902,-1904649533524657036,184616,188016,553,15
903,7370790530002911758,270283,274383,679,35
904,2399874309244865969,197951,201051,472,13
905,2691679275795038363,226286,228686,531,12
906,6095094154222038783,210790,212990,473,38
907,-1188910301151596507,189114,193114,506,23
908,-4100236433701284412,178546,181246,484,37
909,66378209834662760,177669,179269,382,35
910,-7024221881484400480,198180,200880,409,34
911,236676199522552446,229714,232714,426,56
912,-5032312233978963921,169028,172128,399,29
913,-5249042496731256895,200551,203151,457,35
914,-3341341366365306738,174735,176335,471,41
915,-3077915492964000254,381621,389021,902,32
916,4869303081729172325,398008,417108,860,29
917,-943610773019485954,178756,184256,471,63
918,4864159814092406556,313573,320273,757,39
919,6943277345709038325,228911,231211,557,51
920,5498346890322727915,210590,213790,512,34
921,-2295958699328351622,340565,343965,778,12
922,6955900022494004663,198871,201171,478,18
923,-8135651712722069632,217254,220354,501,50
924,-4587568863094276870,213869,215669,441,31
925,1264995001427389746,268360,322060,564,29
926,-7084474548898777845,214516,219416,556,39
927,5197424769362370437,300598,306898,734,25
928,2949850485112303357,245709,249509,590,36
929,-8600010053484582336,212769,216569,642,26
930,-6982476331287008226,304260,307960,689,30
931,-4766994750988187302,255842,260142,683,31
932,-8832187419008477180,240068,243968,624,53
933,-8957781754960257144,199408,202308,429,25
934,474849165951758909,285303,290303,687,57
935,-918804224352612950,300542,306442,655,14
936,3303850081599181067,246196,248996,560,24
937,-8138999011286158120,211814,215114,514,38
938,-3176787942984907748,248024,261624,554,49
939,8908135178642360840,328743,334943,811,19
940,8220301630636798747,277208,281308,627,19
941,-3258036505830018040,222423,226623,486,36
942,7851870875491168923,278179,283779,671,41
943,5413311673063118926,360517,366217,796,42
944,6856348200075805590,246679,250279,651,37
945,8451502716905797213,241754,245754,606,33
946,-20928081047321080,235990,240390,641,23
947,3481103854917142509,233667,237067,502,49
948,7609402649867420337,151987,155387,356,32
949,-2331015757114748012,260101,264201,575,6
950,2096525933182997053,230479,233379,491,29
951,4302492598137750274,237882,241282,673,48
952,-5064468008895360666,171438,172738,454,52
953,-6448727154944217730,262258,265558,651,23
954,-3907496046009140404,235749,249449,554,46
955,-2283335028412812407,199263,201863,456,17
956,-1791519938817278075,274820,279020,674,21
957,-5211255774374972009,194812,197312,444,29
958,7997544711936483108,265845,269645,705,12
959,495718655550304956,249802,263102,680,26
960,-8959165412957891941,224250,229950,517,20
961,-4854655878347557070,277371,280871,673,36
962,-2221606029275229584,241370,254570,516,38
963,-67237776099826092,329550,334950,865,29
964,2791607139631396481,219032,222232,581,34
965,8734047344526771795,117111,119211,330,52
966,4865171951834365455,174002,177202,441,27
967,8337948950625193370,195517,199117,420,21
968,-3727292412458129623,220543,223343,474,9
969,-9114956226631490252,181382,182982,404,27
970,-1703823420014103017,204787,207787,539,23
971,3399059702748116145,237425,240025,465,43
972,9216485943254047795,139024,140124,441,67
973,-2343512099296392894,221470,226070,512,32
974,5480908978818011431,271780,276680,669,27
975,1736443828401045528,183954,185154,463,33
976,-3535906049763314910,256467,258767,480,54
977,-1881740987435779500,181014,184714,449,52
978,-5081321145724533203,191482,193282,413,57
979,2676145743153678653,329809,336909,757,27
980,-2675469959731876551,306848,310848,599,34
981,5421418902028577330,178053,181353,484,29
982,3987503635597312013,210619,212819,438,43
983,-2830533740763611103,188209,190109,406,57
984,6540729319300718492,177453,179353,416,28
985,-6707620603396490003,288604,292404,671,64
986,-5434289511261955663,262958,279258,666,64
987,-2750512537793747111,152303,154603,344,30
988,-5514193363578902033,255816,258516,586,13
989,-4203798077135698015,178550,179950,510,20
990,7077303953747901032,180258,183258,457,20
991,-7500405333684561848,197874,201374,521,41
992,-5922507663044038925,213806,217506,573,16
993,-96307593089039312,220928,225428,525,35
994,7335020887334849631,225357,227957,514,32
995,468208150712895416,315857,321457,716,79
996,-8137279399857551923,192305,194405,484,45
997,-2846418059257647330,273088,278788,605,29
998,-8325265656265810267,244707,247007,529,36
999,7424720077060227749,259841,266141,638,53
1000,2546152849975250926,247543,251643,548,39
1001,5053279037061423471,220213,224713,654,19
1002,699271997975494827,142131,143431,308,72
1003,-7091935597798964846,210867,215467,529,23
1004,-7295604581849829040,211207,215607,692,38
1005,7986870049771880452,279464,294064,696,19
1006,-203235442994597049,203091,206991,538,24
1007,6824920087136725010,213600,217300,508,8
1008,8410836848436076837,272178,275678,577,36
1009,-7756894283494180299,131549,132749,383,21
1010,-5290088159799907839,232950,236850,552,14
1011,-7814267455025938440,182103,184203,424,45
1012,3643442088171883550,274578,298078,565,58
1013,2092736656441220390,290947,304547,597,48
1014,5211512831073596314,269288,271888,605,74
1015,-7714997763816968887,254455,258855,588,57
1016,6011173784655231147,179080,181980,426,13
1017,2679873248125320040,154583,158983,423,45
1018,-5459253607663479917,223626,226326,525,14
1019,8974618695667153693,210401,212801,533,31
1020,-4441649636753205593,238394,240994,493,25
1021,-6173139844129651528,156716,161916,498,51
1022,2722472523905534322,228393,230993,488,33
1023,7832492083054439527,208319,213519,523,26
1024,5267695752958400799,247269,250569,487,31
1025,-2212114388210753306,194549,197049,525,14
1026,8771280340916116953,277910,282310,607,39
1027,2005509785683128571,249805,253705,556,29
1028,2420201931336591809,181986,184386,502,34
1029,6634415386108974695,260919,264619,580,13
1030,1437690676081366300,249742,254142,576,39
1031,7377980553938888033,205665,219365,535,17
1032,-1889860220201466084,261671,264571,580,23
1033,-2655115133130475091,260440,264940,547,31
1034,3806048315548476021,207951,209951,439,27
1035,-1891079388043825717,188382,195882,463,38
1036,-7282366239664942694,221388,223688,471,40
1037,288240978709580974,213614,215614,413,39
1038,5318695838642119993,245474,249674,571,26
1039,1883914527271414776,185755,199855,513,15
1040,-4289381737430439782,165256,168256,443,41
1041,-8943797063701701039,210219,214219,593,38
1042,4998525115680588980,182842,184542,365,28
1043,-7819126333722224349,179018,182318,442,34
1044,-8173697661656975979,240188,252988,540,24
1045,-4112292852618849049,333218,339518,730,37
1046,-4457918574863713143,170133,172933,503,38
1047,-4754521468571107594,244312,248712,569,45
1048,-4442603718843002850,216880,220680,512,36
1049,-6745577227255054781,187303,190503,413,36
1050,5678109577053097029,194191,196091,445,46
1051,-5589735041271220771,277792,291692,568,55
1052,5914496300360063129,237986,242486,582,61
1053,1112174314302326395,238216,241516,561,27
1054,5267495767526539202,314246,320246,748,44
1055,-5369922603506305523,161726,164126,543,4
1056,896827026654620199,123538,124338,340,45
1057,1499695758887903105,308406,313606,653,56
1058,-3695829603407517142,301381,304481,667,16
1059,5987062022291368431,262898,267798,565,46
1060,5444639652744603323,218570,222570,590,51
1061,-9152202474955032323,232552,235952,646,32
1062,858261167740018839,223660,227960,555,18
1063,3868904798820382424,320329,324729,701,69
1064,7803793575098121041,264624,267524,575,46
1065,3813079294708387350,184313,193013,685,41
1066,-607806908651034249,200066,203066,469,34
1067,1802537165135306590,269004,272004,673,22
1068,-1412104398007789782,208326,214626,671,45
1069,-347692056286678530,198054,200754,452,27
1070,-7177791824657747266,273985,278885,677,31
1071,-8519342298589493196,120956,124056,498,28
1072,9112556469676621556,313667,318367,697,20
1073,-5949401082851691047,143738,145238,323,37
1074,-44306904330428843,234865,239265,569,35
1075,-8257818946756909893,223440,227240,546,50
1076,-7294515574110204188,374369,380769,834,31
1077,4422552666504968910,180025,182925,426,22
1078,4019875818558504003,149021,151321,564,32
1079,-4072993519656771746,251972,256972,559,35
1080,-3833105866416960423,225601,228801,479,53
1081,-4182313241332603732,187266,189366,463,23
1082,-6713401976295567009,149174,151974,317,46
1083,1433440930041827658,347563,364463,900,44
1084,5336457437615612476,208458,210058,418,23
1085,-7513040365039072490,234133,238033,570,34
1086,-8263371893311130472,246784,251084,640,39
1087,-6289798947810324046,294955,299255,632,32
1088,477484852100135682,247855,254855,580,16
1089,8169516011859448864,154553,155853,343,36
1090,-4907036286865289954,228988,232088,534,28
1091,1138489505464894814,174599,177099,441,57
1092,3663967751824367455,382913,390213,850,32
1093,-4485323404494447736,211912,234512,463,63
1094,-2389309802209784207,169428,172328,442,36
1095,8496540008783803569,247774,261974,511,30
1096,6540354858609081643,334813,341013,731,9
1097,2568615998573021153,298302,332702,681,64
1098,-1188044723542117237,248985,252885,574,45
1099,5893629874011691212,264968,271768,595,18
1100,8854263935838307298,343566,358966,720,44
1101,-4079822333596740707,255928,260328,680,25
1102,6546473888256985534,327894,333994,781,40
1103,6380333373979785735,288013,293213,754,35
1104,8219021175387309036,252108,257108,586,28
1105,2861664958522196711,138722,146122,440,24
1106,7328894931536998891,271708,276208,652,5
1107,5213891086776753368,203034,204834,490,3
1108,2105720583566821513,238097,242397,571,41
1109,-2817024359760826298,204904,228904,499,30
1110,2343401516205108892,309951,314451,687,56
1111,-8362852559608365914,182814,185814,491,34
1112,-6274279105338837123,229534,234534,540,23
1113,-6225800888119446815,385029,399229,835,50
1114,-490188558807318247,156392,157092,381,51
1115,-175207221689662639,155010,157010,349,21
1116,-4335526719074650935,177015,179215,417,68
1117,-8942705562034603393,240822,245522,577,28
1118,-6683175002522036631,250779,255279,601,29
1119,-7399303328893245894,246163,258663,561,47
1120,-4477146653989122584,242427,244727,505,56
1121,5762639430819272341,207767,210367,459,13
1122,9163336607308842801,238153,242653,686,30
1123,-5472098603296976952,183425,185725,415,17
1124,7711596277218829129,196698,200198,487,43
1125,-13403172334600520,259623,274923,661,16
1126,-740518757036823216,199219,202819,464,52
1127,-324410800029033665,273412,277612,627,31
1128,-8641950301291173299,226369,231569,544,25
1129,5666648289421829392,153080,154280,438,48
1130,3066972843323335154,195919,198819,488,23
1131,4777757888479040318,175031,178231,448,15
1132,-4995788854711037820,178851,181751,383,28
1133,4635748783658304620,161320,163720,385,5
1134,-7347778434895246733,234866,238966,534,43
1135,-1750509163867875532,202949,216249,464,48
1136,3460066989271054397,179218,182218,436,35
1137,9073473851350188445,266114,279514,544,18
1138,4093603110425465579,206940,211640,587,31
1139,2403440601382409161,274179,278179,613,53
1140,-4648282880319320993,159469,161469,433,10
1141,4260840445744635742,150297,153297,419,10
1142,1361674262013278642,231023,233923,526,8
1143,-8006527158796977253,251628,256328,550,21
1144,-6136514889838630687,121946,123346,312,35
1145,3628564577394419655,170726,172026,460,25
1146,1523987487970296327,239064,241764,664,43
1147,1033882432896583601,238260,242460,557,56
1148,8502265300048129020,249317,253417,599,24
1149,7740103221319898113,208384,210984,449,23
1150,-1836727535583129708,207756,211356,481,49
1151,8152121890467269271,253283,276583,589,38
1152,-7547137259192170570,163087,164987,424,37
1153,-7828672008131728305,280753,286553,671,50
1154,7531598754929301200,187767,191267,459,27
1155,8991720546477733020,281143,284943,603,45
1156,6665825806543063651,191104,194104,455,29
1157,-2640907450855434566,208946,222646,503,36
1158,-5669917361448272648,201409,202809,537,5
1159,-3763615021122371991,277648,281748,638,47
1160,5337540586914928384,304083,309883,660,57
1161,-3681338892861347239,221231,223831,493,30
1162,4909342297620029767,205762,208862,539,37
1163,3864875751812469214,200586,202886,450,39
1164,-3627918035078388925,207329,211229,487,26
1165,-2238287589935809333,327812,341112,769,48
1166,8285424911433729476,300138,307538,711,55
1167,3511930369400971211,223475,226875,589,1
1168,8329313969093631523,248743,251843,586,29
1169,7677180319719790431,301069,316369,696,25
1170,-5728170751587651515,308503,313303,651,29
1171,3753390255060948742,218088,221088,443,60
1172,-5170399602046309952,227776,244076,625,52
1173,2086071215369160241,165156,166556,331,37
1174,-812418502388147457,221274,223174,495,34
1175,1986496488127000851,118492,120092,284,27
1176,-1916538211849153589,182912,184212,374,50
1177,4504246205781319444,262152,266152,649,46
1178,-4343785052810037717,149584,152684,471,27
1179,9193276936844491644,123269,126969,367,23
1180,1588768886527927685,304649,308849,660,48
1181,-3653597062931346546,255768,300168,568,46
1182,-7898314114998271604,262738,267138,550,44
1183,4662889734972848835,359160,374660,875,31
1184,-6069153277157011010,245665,249365,554,59
1185,-7619865742863955920,309672,325272,651,20
1186,1260635991915197032,135678,137578,465,42
1187,2434430253643873532,138672,140472,431,42
1188,2618320890250881668,217549,229549,433,35
1189,-8330430026900611199,223771,228171,598,48
1190,-3770356083590105369,259363,273363,545,23
1191,6132007935113763448,225827,229827,592,14
1192,2625254968007622114,255335,259535,567,20
1193,8921523127698564190,148563,149763,389,23
1194,-8425675032621483899,182307,184307,455,30
1195,5612844428157681053,175971,177071,408,54
1196,-1941741061662379883,351479,357479,766,34
1197,2990808763118546543,158387,161087,378,37
1198,8423615652978860148,189888,192988,447,3
1199,3237501265759283798,254505,257705,555,46
1200,536503164900870357,195706,198706,477,66
1201,7674885310900924418,322989,328789,774,47
1202,-4058397433224690928,321181,339681,751,52
1203,9073369508543223152,302750,319450,674,16
1204,9080536399149555248,204443,208043,475,17
1205,6200666455097838681,295394,310394,643,39
1206,-1906580296989966277,257677,266777,781,38
1207,5142602393762636956,191538,194238,459,26
1208,-2674463787713916763,271809,276009,636,18
1209,3774499218296128575,226471,229771,618,45
1210,7571767845635472181,203214,205514,470,59
1211,8581117192897545059,205211,209211,609,30
1212,1984319788759571243,187499,189599,470,45
1213,5433727448951762666,103086,104586,323,38
1214,-5587334593361594087,140877,146177,412,15
1215,-6603305338189258912,237136,241836,614,23
1216,-5749951000662995177,173518,176418,448,26
1217,-6926857087148793012,173977,176877,376,37
1218,-3557928490412355230,342638,358138,775,53
1219,2888143670858156104,175789,177789,334,15
1220,2037960257957354617,212619,215819,515,33
1221,-8604181233110006566,204171,207671,463,21
1222,8515554748271918933,224238,227638,456,45
1223,1633252618638381840,241162,244762,508,48
1224,6034386039880197656,383021,399621,800,16
1225,-6915762027179227939,192993,196793,496,59
1226,6710405581695638735,151500,154000,462,63
1227,-4643133837902392057,337643,350443,736,21
1228,-5356931714620031734,205507,209007,503,43
1229,2563619112617114360,277849,282249,714,30
1230,-2870503466342541396,346620,353020,870,41
1231,-8063872872618716349,254526,278426,671,51
1232,-8181743561513584928,265793,269893,599,7
1233,7905220645785592415,153037,154937,525,59
1234,-1380865537334656050,257730,262230,693,20
1235,9123498515857358123,194829,197329,452,38
1236,5511514739238338639,191347,192847,417,26
1237,-398391585578283900,93863,97963,437,36
1238,-6837470421063608409,256037,260237,630,11
1239,8323652568440913755,197806,199506,436,38
1240,-5201734007247774227,202491,204591,433,17
1241,-5252972210153581355,217709,220109,465,22
1242,-8072229919896454366,305688,308988,705,56
1243,7474093116899468030,217389,220989,541,29
1244,2087065664543492974,213466,216666,586,24
1245,5205374049709663639,229219,233719,554,25
1246,6199992311044078829,227649,230249,459,24
1247,-8561557168774408207,242778,246078,598,51
1248,-2674834793861337070,229861,233561,541,22
1249,-5770067601184265180,207915,210015,537,41
1250,256778648326867567,135430,146830,390,26
1251,3004955700246476674,231488,234788,537,29
1252,87663615087782094,283919,288019,650,31
1253,-859924298477559010,255605,259805,670,17
1254,6050740222230783141,217732,220832,522,45
1255,7692883948001594165,197026,200026,529,22
1256,5854102889394572169,208311,211211,570,39
1257,2956918909209783956,239576,242876,534,37
1258,-8147185880728715908,196982,198082,410,29
1259,-4391593254662392214,140470,144370,432,49
1260,-7068499714828207577,166248,168248,424,37
1261,40191165213744474,279201,293001,625,53
1262,2615912078019055944,155612,158212,515,40
1263,2704741406406108399,232150,234650,435,30
1264,-1896810725165988523,239635,243335,513,38
1265,-3772925380230086193,170574,173774,429,24
1266,6104467881072354375,194395,197295,549,39
1267,5420346657158779509,268178,281278,614,50
1268,-4523492176928151459,249734,252634,541,24
1269,-9099275422790992626,274199,278499,738,29
1270,-4851505920803144305,191989,194789,563,42
1271,-89144438951524942,246569,249769,563,39
1272,-6020225538245517032,194559,197559,496,33
1273,1923270425390809850,201952,205252,472,17
1274,-4421929440342187742,189891,191891,471,39
1275,-4421761605496532625,215168,220168,561,40
1276,8425601591474807326,219674,222774,461,48
1277,954669359847748428,152068,155268,332,36
1278,4008603239014433313,235381,238181,566,35
1279,8386712851478940949,238422,252622,562,17
1280,-7225159489187902260,328252,333952,792,45
1281,-7897279808675900094,230575,233175,574,47
1282,-5262390413004136817,334288,343688,801,29
1283,-8869093464709884234,295031,302931,613,32
1284,2059450999225023360,289412,294012,612,40
1285,1311627270808717603,166832,169832,429,30
1286,-1820428324643871228,258928,262328,684,49
1287,2275372312678867597,123155,124755,446,49
1288,6081811836012719699,166120,174920,497,37
1289,-2654294311627021733,251929,256029,577,41
1290,4214311489860231183,222473,225473,543,41
1291,6477394795939285663,278967,293067,588,33
1292,-5506834090607204291,213047,215647,461,25
1293,-3433632759825227692,276186,280686,597,37
1294,-4135815202634379160,262292,277392,579,18
1295,-5877513037554237919,265112,270212,653,48
1296,7988121552971556885,249233,251533,439,28
1297,1122294586802772624,295365,299965,660,29
1298,4573811699336629448,311571,325471,703,55
1299,776144191661560882,182102,186802,520,9
1300,7598387382697684989,275506,279906,636,41
1301,1464890262288446713,168735,180535,338,47
1302,-6190310402927286754,299823,314523,675,43
1303,7099346030417804865,230930,232930,488,41
1304,-238116246893309965,281973,287173,692,43
1305,-129605728133826898,214928,218428,529,17
1306,-2736936504739293691,279419,284819,649,13
1307,-4996324013188161000,253345,255445,526,17
1308,4815980156195483324,212335,216235,569,33
1309,7254741417944678127,199749,222849,462,45
1310,-2404793169655271445,147059,149559,486,50
1311,2977314777336673619,207186,209486,463,31
1312,-6004834594535391944,212366,214766,494,15
1313,-7860034113253670900,196177,199477,536,23
1314,-6072787111328074725,233366,237066,533,63
1315,-2385402058248867861,230172,232872,479,19
1316,-6981684795158044056,237907,242607,611,27
1317,-7960021640990390793,188521,192021,503,53
1318,-1246864871288208993,357542,363742,753,24
1319,-7769655544918503305,267275,271975,577,61
1320,-8268189386169976118,289876,295976,693,59
1321,-650540460440751688,221943,224943,551,40
1322,3634891260085403327,221539,224939,518,47
1323,3569883923843373875,182045,188245,485,37
1324,54282729926939246,232032,235632,585,18
1325,-8249787312875656416,264926,268626,688,55
1326,-1457432978694362899,251825,255025,530,39
1327,-4433866426097111204,337099,362699,814,43
1328,2749647539236823942,259068,261868,544,37
1329,-6665687357535448913,226435,229535,481,55
1330,6582441074053579423,167414,171714,435,50
1331,-3854397190800389420,275775,278075,638,28
1332,-4565583269444771825,294166,298466,609,48
1333,-7805985424300757070,134633,137433,360,37
1334,7332903187716948939,307140,313140,800,35
1335,-3607246021972645435,156256,158056,389,30
1336,7420975898718148425,128150,131550,553,40
1337,691077440747435724,373958,379358,803,25
1338,5276293208902908443,156480,157580,324,43
1339,6919722655087656133,371190,393790,810,31
1340,1189715798862128573,231713,238513,645,36
1341,2569815079568760803,120644,122344,394,28
1342,4919573795318691829,173834,175634,450,50
1343,-5696695162513810154,259902,263702,567,34
1344,6525242660124262357,176267,179967,469,17
1345,-2345834301069774738,180699,182699,445,46
1346,-3375962766717758004,219750,223450,567,47
1347,1768513927179918343,235354,238354,538,44
1348,5717389556477641170,255124,258924,553,70
1349,3829590929025934483,173928,176328,487,33
1350,-6080513708893432916,300383,315583,714,31
1351,6908590577148546213,280529,286229,628,28
1352,6867874091515280157,185775,188075,504,42
1353,-2634887813111710063,199081,210681,402,11
1354,-1445739459954279674,179795,181595,412,21
1355,-2082980178334832333,219168,222368,582,44
1356,-6217148143023693396,160690,163190,511,38
1357,-5693258423769915335,247175,250275,726,45
1358,688930803323457270,242417,245117,534,28
1359,7573850640952636251,205904,209104,514,40
1360,-240831847830465018,212498,217898,590,38
1361,111657225122479858,224719,238319,484,16
1362,8223078856836866,162099,165199,438,26
1363,-1596542802671986588,282393,285493,589,10
1364,-4042747637863391337,214330,216930,454,49
1365,7822253298760769770,206547,209247,503,29
1366,-5032594572723082660,210099,211699,447,14
1367,2381760046536587241,283780,290480,656,7
1368,642673134201764433,175754,179254,438,30
1369,7089986190007374153,229157,231557,538,57
1370,5934876985766409054,299110,303610,822,27
1371,-656434661865592413,291390,296690,638,67
1372,-7366334107447792310,224962,233562,645,32
1373,-6658551349559537026,215178,218678,531,36
1374,-8229586694722178315,255326,259526,640,63
1375,-5961423909812224127,195174,197774,455,53
1376,-8023483062108390815,262291,266491,586,16
1377,-4736266111634735582,201787,202887,466,9
1378,-5691272305014160531,180090,192690,410,22
1379,142271809915598455,238001,242101,630,14
1380,-2591632836701546082,186667,189067,418,27
1381,-5730677850864810618,173657,175857,420,31
1382,3245253387667930804,278884,283584,568,47
1383,4444381836097221680,299651,304851,717,39
1384,1683878061102659609,219710,223810,569,47
1385,4383696299111078964,204862,207962,552,71
1386,8908148609045191761,187076,191376,496,8
1387,3509981435870579565,256690,261390,831,42
1388,-4016836977379093219,290868,295168,600,16
1389,-3537206997200000482,287522,292222,663,32
1390,5763460954236863909,191155,192955,474,40
1391,-3093983882632857187,284268,288468,707,37
1392,7058817123079725749,220751,224751,545,4
1393,-2568839141620626810,155171,166871,329,21
1394,-2735007063499167219,233677,238177,633,26
1395,-2142758089001165153,186629,188729,533,16
1396,2660604095639441018,239705,242805,513,9
1397,-1235328295312658998,154495,156395,401,37
1398,-1861894822959962797,165197,166997,420,15
1399,-6298861171576226452,130293,132393,346,25
1400,-1740804388602869842,160716,162716,468,29
1401,6211188621763265564,347900,353800,761,31
1402,-2464177968380472085,301697,316697,595,40
1403,5056965278517894245,168234,171534,446,23
1404,3963255504376424513,164804,166804,494,39
1405,4286378812909421664,284430,288630,648,64
1406,-188655148949337757,215095,218895,531,37
1407,-6951081935009938855,303817,308617,685,14
1408,3341500337784727849,171060,174160,556,15
1409,-8696625335428788230,170943,173343,419,73
1410,169152737161444776,211216,214916,491,44
1411,-532013099948745704,296632,300432,578,30
1412,-7748365828175509265,230207,234707,549,25
1413,2737313225148292981,131773,132773,402,24
1414,-2763401860565599701,169874,171874,412,36
1415,9073791588611480919,206530,208930,461,27
1416,-6334959098033298324,139295,140795,415,31
1417,8038022651389317031,231989,235889,559,32
1418,4390506070467323973,170176,172176,424,59
1419,-7198604344275552482,229993,233993,544,32
1420,-893668188570308537,189143,192343,458,31
1421,-5939788925791506555,236447,243047,554,40
1422,-622630720240673128,221033,225633,508,69
1423,5145177087209312427,173881,176781,378,10
1424,1704316426997997329,144777,146077,314,55
1425,-2290491366500591355,219603,223403,570,18
1426,-4328054685014227752,145379,145979,305,57
1427,8256431405617080871,234549,239249,586,53
1428,7331948437148211784,245637,248437,553,42
1429,-3599422605430615907,201582,204082,471,15
1430,675604653070040558,245830,249530,501,27
1431,1081627434283871782,287713,292813,665,43
1432,-5712217748746609108,159897,162497,353,31
1433,-6112148833910931818,238928,243128,678,43
1434,2888291808260018038,164074,165774,383,31
1435,6377210642669600568,199375,202675,517,21
1436,630178281532712170,268545,274145,609,46
1437,-3901084887075138907,199936,203236,568,40
1438,-1307251468914250685,299490,303390,637,24
1439,-8125947367329480107,264764,269764,693,51
1440,-4226163478558099948,217829,221329,500,44
1441,8072014657970239797,318065,325265,721,32
1442,6456259949297335644,247267,251667,610,37
1443,6218933104609276290,220159,224659,627,19
1444,5943256468983519480,216632,220632,724,36
1445,4181758952466622257,296484,301084,766,7
1446,7451095227463603721,238521,241821,476,22
1447,-6555232248332221074,230916,234416,540,24
1448,4836078629619772602,156923,160123,482,23
1449,-5313548427134330787,306008,331208,657,67
1450,914367623117414476,263465,269165,602,12
1451,7956398860979767420,116677,118677,334,31
1452,-2445450853460557367,228131,232131,540,51
1453,125030549876751554,168365,170465,402,50
1454,1827003895214586409,301744,316044,643,19
1455,7164307012115095501,172619,175019,472,36
1456,4010620881007563101,200295,203495,539,28
1457,-1253661129441526710,280781,284381,594,30
1458,-6610970796720447907,198733,201533,435,22
1459,4253013920488612179,285825,290225,672,46
1460,-3564942000483912709,243561,247261,580,42
1461,-1170913377871408596,244697,247897,517,31
1462,-3999256148983885816,145572,147672,421,9
1463,-9089415826254710911,275666,278766,581,43
1464,1610127297756747871,206700,211600,530,13
1465,3092742027860918997,275693,280193,583,39
1466,-1056761164808769401,256427,271027,616,45
1467,-2807335850126343387,217740,219540,667,27
1468,-799078883875846760,188873,200773,440,46
1469,-8295270948205755826,267102,272202,624,41
1470,5622991798614450175,297076,302776,748,58
1471,547375936816927936,186714,189214,554,34
1472,-4716634649378435803,306631,312931,682,31
1473,1132075116852355450,209532,212132,498,38
1474,596150793738676386,240927,243527,491,48
1475,1567666638146015049,169368,171468,434,31
1476,-8350153021019498754,140073,142173,432,72
1477,667658575307295643,299383,313083,732,51
1478,3416642691755375737,247525,252225,635,55
1479,5179561197338321661,249467,253767,706,15
1480,-6151643451243066222,210614,213414,468,42
1481,-6828791171928103450,215730,219030,527,46
1482,-7334146380389208927,177600,178900,411,43
1483,-8890994137353968826,313933,329733,720,1
1484,-4472703313708624851,301084,307984,653,28
1485,-8338692556109517910,318275,323475,721,34
1486,-8359317830334893566,142859,144759,326,8
1487,-8456656726691114738,236055,240055,539,42
1488,8605657406927424618,321861,327461,778,68
1489,8306581496252371634,166492,170692,538,30
1490,652874611863841277,316287,322187,698,28
1491,-5154781112528758829,220192,224492,542,25
1492,-3811566045843079197,226957,232057,520,33
1493,5632703212018857005,225671,230771,536,19
1494,-837112884638457417,228607,232207,553,32
1495,4174107744278083426,140711,142511,445,35
1496,2969759262938094758,241412,244212,544,51
1497,-2176241386463935368,260667,265667,718,52
1498,-711816454225165099,282643,287843,599,35
1499,302927662065386420,267477,273677,649,48
1500,58167767754374065,382145,406145,914,30
1501,-2949622916219711496,368879,375779,795,21
1502,-7571130533867780725,242013,255313,512,30
1503,4236343491877101312,227568,231268,515,25
1504,-7026320067852335968,333868,360868,633,21
1505,9151042149838159314,212453,214853,457,59
1506,3978266246477663246,142820,145520,461,26
1507,2527731387147397376,208812,211512,528,28
1508,-5148206679794522956,312950,317450,712,66
1509,-3283993604959764593,243958,248558,548,16
1510,5742502476848310338,170905,173605,411,38
1511,-4880009540448596406,209673,213073,467,10
1512,-9180638797353673048,182735,185135,428,27
1513,-7231753961240930984,190713,192313,452,25
1514,69099682782741299,224621,227221,466,23
1515,-3826472308528898949,296151,301751,729,35
1516,1201882868426328159,193330,196130,455,18
1517,-2148319518331722636,134241,134541,332,31
1518,-2822783396382210238,199348,202548,513,15
1519,-6207600004274483812,238567,242467,546,6
1520,7860398412144870961,272656,277256,552,38
1521,-2033972327291157872,304630,329030,641,56
1522,8941544757196977103,207171,209871,478,38
1523,1730469222863458563,249887,253487,572,19
1524,-1180835325249519663,143980,146780,447,56
1525,-6077720589225954814,183393,185393,405,19
1526,3489064970319533096,238989,252289,494,23
1527,4282540432056825672,194367,197567,420,35
1528,881569644285115675,169188,171388,369,37
1529,-7281053195637200684,183632,184632,436,34
1530,-3118459952164567080,259890,263590,570,54
1531,-2211322359877273180,193915,196715,464,12
1532,-5037363950487511294,281418,285118,623,22
1533,3145112932209759423,156632,159532,436,42
1534,868405088317304842,411941,418341,851,29
1535,-4418143307766622793,156687,157987,414,70
1536,5157602196564089454,216836,220336,510,13
1537,6676902701439501596,251771,254771,567,29
1538,4258734566694108984,232650,236750,670,26
1539,-7792760677246487520,295571,301871,805,38
1540,-5015682224578035526,248910,251710,498,33
1541,-8022529294732653614,199428,203128,560,28
1542,8161138399188646854,185085,188185,444,32
1543,6955013434501027640,169238,172138,413,22
1544,-5388826495827342736,211556,214456,498,39
1545,-486249047579845104,126975,128075,350,50
1546,3094329918905991762,201749,204349,443,17
1547,-2482043392475012031,249815,252215,547,50
1548,-4880814945177229446,262991,276091,611,48
1549,7177904807785412793,218722,231522,473,33
1550,-1651381813844514526,226018,228818,552,31
1551,-7576785829839578560,243794,259494,568,69
1552,5758712146371017222,238711,241411,623,32
1553,-1912836819531527186,187148,190348,448,26
1554,6628179762508616632,170572,174172,497,22
1555,-5393627665159636296,213777,217677,531,32
1556,2584834471308732593,201550,203450,431,54
1557,-2748044084540907181,253126,256926,666,44
1558,6245194461110708065,269990,298990,686,10
1559,5853866716354285005,219451,232051,440,51
1560,-5465595955476542830,225681,228781,533,46
1561,-8145956425966824411,221944,223944,467,28
1562,5261493816632262689,288701,293101,678,44
1563,4830888520681069821,169433,171733,485,22
1564,2849354834381398812,179305,183405,512,41
1565,-8384421783266949277,240112,243412,738,17
1566,7610637753477081544,215826,220526,543,50
1567,-6162129026777678197,220994,224394,525,48
1568,2228903765755009461,202514,206614,614,61
1569,-6543579168025031181,223112,237912,546,51
1570,701081429766358324,197228,199428,435,19
1571,2160470602121119808,151958,154558,326,40
1572,-5232178690453690808,219556,223056,440,40
1573,3086811337885379449,188065,189965,474,48
1574,4392757744600385860,210445,215745,598,23
1575,-572855271699294176,227020,230420,548,33
1576,-7845300151890285037,217593,220593,546,27
1577,-2640795359728761554,111655,112955,349,27
1578,6297466041606540588,159384,161284,388,48
1579,-4623740051903409342,274287,278887,657,16
1580,5735029166776159372,181565,183265,414,24
1581,1562716818260000063,191908,194108,536,32
1582,-5534709070162885600,183260,185860,412,47
1583,5610738801464255184,240914,244714,574,17
1584,1124129123731859004,261892,265892,575,13
1585,-7262646218724357580,292001,306701,631,40
1586,5351531218399005368,301594,325894,628,21
1587,5929243428720483344,210835,214035,463,28
1588,3779606394505098784,239624,244024,599,27
1589,-1848266009362706965,243280,247580,669,10
1590,5871739152079855681,212171,215671,586,22
1591,6226962643839971949,256560,260260,594,20
1592,105310599779796264,258493,271993,546,66
1593,7135012705447484584,276529,290029,622,17
1594,-8113800864133610428,256866,260266,555,47
1595,-3240285756820390321,282495,288495,674,46
1596,7388635704172631923,156790,161790,529,54
1597,7935691490445310994,331148,346548,752,37
1598,8341659866912270715,205634,209134,478,37
1599,4924699555583349795,161426,164526,389,29
1600,-801173041826377268,159435,161735,444,29
1601,7546813456445119132,255885,259885,656,29
1602,4581867336516113465,176804,178804,508,40
1603,-2711268683045272325,284285,290685,667,32
1604,7936038995530338166,246939,250939,659,38
1605,-6516492482295271746,309810,312510,571,36
1606,-169453661645975961,281610,287410,729,32
1607,6264859983259762889,142505,144505,377,19
1608,3522535457432832403,149088,150988,322,16
1609,3894770563472049348,234760,238260,557,22
1610,-1886742130674961875,223786,227286,550,63
1611,3991994575170716169,268681,293281,624,54
1612,-1122900688858067400,261960,276260,614,15
1613,-4793836354830209956,193581,194881,445,23
1614,1958413896888953625,210039,213339,466,42
1615,4359330636011648504,235763,239663,586,63
1616,-4703944142171252382,240383,254083,526,53
1617,6329635332385723212,344054,352654,824,38
1618,-6173253624569102614,185410,187910,449,29
1619,-4363523904993247061,190934,193134,419,12
1620,9059067637502220824,246789,250689,556,31
1621,-4604189684837829693,298115,312415,649,8
1622,-8122284878085604715,400714,407314,920,31
1623,1365076686746487915,206585,210285,523,18
1624,-6590149928643490581,179628,182128,427,19
1625,-3006610087229767670,171657,174657,438,38
1626,594282312153779293,281715,285515,585,31
1627,-1949123543217871719,192081,195781,433,36
1628,-1587609376872332260,208190,211390,532,46
1629,-459976281166757258,234019,236519,492,50
1630,2570940354091409713,148899,150799,387,49
1631,1161457760103171933,253773,258373,604,30
1632,-1670267905414211220,121393,123993,395,44
1633,2810889119996039914,258422,284522,588,20
1634,-7827387361238804382,308122,313622,726,19
1635,-5970476676255231110,168132,168732,333,21
1636,1391386961186606596,223887,227087,546,65
1637,-8472805564292665556,235789,239089,494,38
1638,-1960737069361085028,156551,157751,510,23
1639,2554770798094109244,249959,253059,546,32
1640,-7389574948747009328,337591,344091,829,21
1641,6146075534815458733,265093,269093,584,23
1642,-4374200496148031462,269642,272842,657,14
1643,-5830007926293439321,249176,252776,540,25
1644,-5482489357476553237,221123,224523,528,59
1645,6635275670567028954,226050,229650,534,35
1646,5817633502441777793,183334,186434,502,31
1647,7355382919648583255,287469,291869,702,32
1648,-849133695760201097,384389,404489,800,52
1649,-533644029252570669,188319,193919,562,54
1650,-4599969163803488991,254523,260723,741,35
1651,4605816070942995157,169048,171948,389,39
1652,1829440846121159458,309520,325120,743,35
1653,399391347843260867,267902,270502,528,29
1654,1453073147894229456,243783,247183,581,45
1655,140652516809076828,221820,226020,559,34
1656,-6424989006843167186,200554,201954,454,27
1657,5492164472596499977,156138,158738,372,67
1658,4592911480777714046,259172,264472,615,35
1659,-1394745584597725220,219297,221497,625,24
1660,4389175194352249384,299128,302328,678,40
1661,-8207386421071105703,192911,196811,577,29
1662,-2946657644889698596,173880,175480,357,22
1663,4830834226044228790,186271,189471,452,42
1664,1980925041888130119,179108,181608,518,54
1665,-4440216994117729353,187004,190604,437,38
1666,506315038130731872,136215,138515,392,23
1667,9073583122965134895,285341,288641,689,37
1668,3323400516146693027,281513,287013,686,44
1669,8242825283987698516,304707,310307,724,7
1670,8231586429689970772,202762,205762,496,14
1671,-2718722838013504524,217415,221015,579,41
1672,1334674270434875053,242007,245307,535,47
1673,-1360918785806031210,243834,246134,582,13
1674,-6130185003645151654,280047,283847,533,37
1675,-2509788485099870730,259209,262509,579,51
1676,-8638123354838644721,166654,170954,432,28
1677,7065398972292844444,253482,258882,698,23
1678,-2344702948075755467,206226,209126,397,41
1679,4009940701735382657,225476,229176,477,30
1680,3681568047040868984,239103,242903,554,45
1681,-8144654692070718755,254785,259485,575,4
1682,5519693387963207211,189455,191855,406,12
1683,3403752921993453966,202223,204223,537,9
1684,-9095397879938527487,159873,161873,392,20
1685,-8422851276015353858,256686,260586,618,40
1686,8371956598076249926,182947,185447,404,20
1687,-3506075380494282777,288711,294111,659,23
1688,8443711752891826986,204257,208757,536,23
1689,-6387461784288867860,187671,189971,409,50
1690,-866084283979599299,172770,174170,364,43
1691,-9042838803388116556,160045,172045,309,19
1692,-6091417701971701842,238448,241248,530,37
1693,-7983008479717653590,225666,228566,512,33
1694,5480732651990011943,250577,253377,570,41
1695,1957978386261013598,242634,266734,566,8
1696,-7709740291628707735,181571,183971,420,51
1697,30050149700480970,276816,281316,595,32
1698,-6313829980081175343,165299,169599,594,38
1699,-813369450481666410,203637,216937,546,38
1700,7456029378852547021,186593,190493,499,9
1701,-1871525298383368852,269155,273555,646,47
1702,-4723736952009574398,335581,341881,718,38
1703,-4445458085092325407,286994,311594,696,50
1704,-3663598226917270958,195125,198225,480,52
1705,-7987710162670772957,276796,291696,620,16
1706,-3765463244719391081,222260,224560,497,20
1707,-152547780417156837,240871,253571,474,34
1708,2949559212001393120,262376,265976,605,50
1709,1843066031146947945,186917,189517,425,47
1710,-7907259991963485508,210803,213703,513,43
1711,8197110102269842236,160034,163234,404,6
1712,1631436543336574762,197518,200918,516,39
1713,2272183025209881535,253868,258868,606,22
1714,1776707807107954384,161533,164133,404,26
1715,8973050581936859292,240844,244844,576,17
1716,-8197768379411064076,274681,280081,649,39
1717,-6039578096032903103,202916,206816,409,47
1718,-2144515905816259212,243659,246959,506,16
1719,7634574933543122075,151783,153583,401,27
1720,-1747342128803558423,231829,235229,609,28
1721,-2608029123485895642,141512,144712,456,46
1722,4951471134931252070,214368,218268,509,55
1723,-866883548234899986,157198,159598,411,28
1724,-4930077658698784107,280881,285381,611,14
1725,-5261711979948070003,204199,207299,465,32
1726,-3643604855906010812,251571,254471,513,19
1727,4944702506831554972,183530,185930,462,34
1728,-3513179567619859001,277648,282848,726,38
1729,4080756915484684464,183618,186018,456,31
1730,2045555791821707635,236758,239658,559,21
1731,6008317838133940003,170136,173836,438,19
1732,1534644360393577817,239442,243642,598,63
1733,4257800239610487573,209530,211530,471,29
1734,3423254044585957057,274461,278161,664,20
1735,1452791715827281925,231464,235764,502,41
1736,3878916414755249304,330931,346731,750,14
1737,-466060828395107492,297056,313256,810,66
1738,-1720793149800890356,235354,247654,476,43
1739,3914734827481848690,255646,260046,597,39
1740,2092073783699367760,134684,135884,337,27
1741,-4267756459030605577,214153,227153,446,40
1742,8000223248600688753,145207,147507,424,20
1743,-1809887390062543993,186450,189550,420,27
1744,5563777266122493856,175096,187296,416,25
1745,-1269222707141951887,177034,178734,398,49
1746,-6795743812961990721,211830,215430,457,35
1747,7105902008914296754,314521,319021,812,30
1748,4461826666944573931,205182,218782,470,42
1749,-4833384815425701981,126031,127831,340,38
1750,-2703801001904113048,253042,256042,589,15
1751,-534406141618169358,214194,217194,549,14
1752,5234804802520173538,169806,172806,425,33
1753,-5157884430920279862,205009,207909,472,41
1754,-8919230667923366238,191655,194055,493,39
1755,3233787110846278244,264059,268559,598,39
1756,5562355231719498158,199064,201664,437,45
1757,2610580917867727767,151876,153276,352,25
1758,-7593148136006458129,253472,257072,549,33
1759,-3387607159925850377,207644,212044,514,39
1760,7478843016861795154,218284,221184,615,32
1761,-2733370178699350252,294140,297640,713,42
1762,-6103393654854641220,267935,272735,599,74
1763,9093542349887583154,218807,223007,511,46
1764,3265651873822653443,289157,292057,636,56
1765,-4438644644093952322,101290,103090,354,45
1766,-7901890430790665729,240531,244831,617,42
1767,952212724910523597,165267,167267,507,74
1768,34685950851257297,203784,205284,442,6
1769,3205143039798117157,201361,204661,551,63
1770,-7188015111143704323,261777,267077,634,49
1771,-3992651302707568051,197670,199670,514,36
1772,1217761716251415433,290416,306616,663,46
1773,8418911351302288537,205805,208405,471,21
1774,-451550346644436673,261515,267015,586,47
1775,6774946212178449759,215998,229898,533,42
1776,-801821383996155642,182277,184677,439,9
1777,-4345632145051196626,249520,252520,627,14
1778,-7245368154468375306,268900,272200,616,25
1779,4109743341285162866,261627,264527,563,60
1780,-3254681744577348462,182908,184408,400,36
1781,-440508482591503801,199690,203890,557,5
1782,-4829547151110539085,155191,157191,346,18
1783,-2464327623676585949,71013,71513,209,33
1784,-2319103909208184239,216770,219270,462,45
1785,-4571555820977616507,231115,235015,577,46
1786,8533671507772967633,113045,119345,390,59
1787,-425366896644452874,263594,267094,593,31
1788,1750718271099404900,278999,284699,658,17
1789,5311557820508142891,279725,283825,639,29
1790,-5585991611775938636,200709,203009,405,42
1791,-4396591363877056631,236428,240328,650,48
1792,-3438733562954691377,253068,257668,567,50
1793,-142190806992838811,186350,192050,530,11
1794,-1617631247558674543,155749,168349,361,27
1795,6850031982548824152,206491,209491,532,17
1796,8912408308225346683,180625,185125,495,24
1797,131046870675500668,294935,299035,662,49
1798,7000717249951780631,262637,267237,557,42
1799,4988071062129841375,284249,287749,695,50
1800,-3906407024017648199,225945,230445,567,49
1801,3877041542896036014,245770,248670,542,40
1802,-2613546295152623896,192353,194453,386,9
1803,-2063916786616816353,152140,154240,420,42
1804,-1433138998091279990,269992,294292,623,22
1805,-8512780139987674626,228551,230951,567,59
1806,1211224766609139676,388366,425366,831,39
1807,-4471906111567182508,271713,277013,639,14
1808,3559613948622480456,189889,193289,484,25
1809,3434490046322534545,257590,261990,561,56
1810,7391729611870405260,378128,385128,896,60
1811,-8457466358970837883,251575,255375,582,23
1812,2606331816339756569,257447,281647,627,35
1813,8210543134275654694,304038,307638,706,47
1814,6719064144473130270,317857,321757,690,6
1815,-2327015354401368702,216618,229918,512,40
1816,-255265189434733240,239547,242847,534,51
1817,1796791389972363326,192304,194904,441,30
1818,-6454284784186017754,213183,215683,526,35
1819,-1103818027300810963,245518,249818,553,29
1820,8418832040607878583,200213,203713,550,41
1821,-5920463422482235347,183177,186177,504,46
1822,6849946069664315855,220608,224208,489,19
1823,8763205265492438041,209227,211227,393,32
1824,-7047367772285727327,189294,192194,409,70
1825,-8209535183518249177,239858,243758,566,46
1826,-460294468547497226,179857,181757,410,32
1827,-340911832128283184,141756,147356,602,51
1828,-8040536974936579963,239897,243697,542,49
1829,-5994947623157123823,280920,288320,788,41
1830,-6921830708233267609,257431,260831,591,52
1831,-9047375624167362520,218170,220970,566,75
1832,-5355364794599976236,158013,159713,432,34
1833,-2959088775153339001,165089,166889,492,20
1834,-7115831757701085356,253741,257741,543,17
1835,-2015615591011274514,217517,219517,483,21
1836,2325862512095718496,194776,197876,425,35
1837,-3983268801287265421,279704,293804,600,35
1838,668072157699587224,251288,255588,548,22
1839,2422253355333495364,198434,200834,499,10
1840,5911914302010542625,353772,375372,825,37
1841,-5003878340699652089,308975,313975,654,28
1842,-7936625524608652397,141460,143360,412,23
1843,-372901922167526455,193452,195352,481,26
1844,6611664617715434071,267633,273233,612,34
1845,-3977604142266472037,219846,224146,528,44
1846,-2827078948563618784,217212,220412,527,53
1847,-8305150792791271235,183807,186507,380,18
1848,147500637268365686,202105,205505,469,13
1849,-3225397575003657672,260050,263550,528,40
1850,-1596013514570568414,242888,245088,473,40
1851,4606587717695702334,234257,239757,638,34
1852,7773337697762382894,204759,210059,515,38
1853,-5785695009821170516,216541,219541,478,34
1854,-159353568021214233,196729,199929,548,20
1855,3822200760585291688,204398,208298,479,49
1856,5808031130845212414,141833,143833,492,43
1857,-5299204325904373558,236243,241143,652,28
1858,-1760988221780982030,229743,231843,540,48
1859,2684787418791634747,260859,275659,569,13
1860,5120652550459950631,191025,193825,492,17
1861,1533044825727405202,266956,271056,619,53
1862,4965463700539631913,140715,143215,422,49
1863,3426115647205112260,195415,199515,436,49
1864,783588305746322414,217173,226273,523,42
1865,-1702375269261937551,195906,198206,397,12
1866,-5412850807015395394,173703,175803,444,38
1867,-5431049740961440140,216011,219911,468,25
1868,1952988561156503339,186922,190422,492,28
1869,4484811052520101771,90091,91391,309,31
1870,-163698363734026693,139605,140705,415,43
1871,-6045866497859961044,263800,271000,650,51
1872,8674944409917035459,271776,275976,655,25
1873,-7176331054391621472,170374,172874,427,23
1874,73160179344124733,192820,195220,425,23
1875,-8196517888821302774,233515,237615,486,40
1876,-7540798193302553938,213891,216691,515,7
1877,8227287324586952453,202463,204763,462,21
1878,3339295233654582503,169134,173734,427,40
1879,-2099830556999598297,239660,243260,602,32
1880,1573202125354693616,206473,208873,426,39
1881,3786275327640047552,110000,111600,332,5
1882,-6721558259902105687,138360,141160,424,39
1883,6139962724715305358,232127,235527,636,30
1884,7735533007012686398,317240,321840,714,28
1885,294116063187046259,357846,371646,717,38
1886,-171616948391198811,144489,145989,389,68
1887,-5520478915687345673,272675,275775,734,16
1888,-5652236464496409764,260688,264988,560,55
1889,-8147545349410537475,239121,242721,535,24
1890,-1738219807259810064,244724,249524,695,41
1891,3157287994948915998,268288,291588,704,31
1892,-1033556805212811081,239809,243109,555,26
1893,-666798048934947526,214701,218701,517,29
1894,2434850262747127620,250316,253516,626,33
1895,-4408299541060543893,254378,257378,582,19
1896,-2733128164049163958,118123,124623,409,39
1897,6331699107373885885,155977,158077,382,38
1898,6212082120133278558,216643,219343,486,54
1899,-6005768206367232284,195882,199282,416,53
1900,2293680305176557681,217902,220702,487,26
1901,-371931259585116350,261885,266485,689,31
1902,-6975841919482206291,162013,164913,387,23
1903,-5294693925109547379,107470,108570,290,44
1904,-2286592325656919749,294473,298873,626,53
1905,-7876256612091012910,308169,323169,649,22
1906,5690531730535465682,277253,280553,622,37
1907,-2208773019656805428,274903,289103,582,25
1908,-8173683240761901002,199285,203085,460,42
1909,-8403111000849670994,293694,299594,652,21
1910,2122456397387704235,195536,197936,446,32
1911,2399770423857004437,199717,202817,580,38
1912,6609362232463702901,206950,209250,526,57
1913,348108596597110677,308157,314357,742,30
1914,6490269158561664037,168774,172074,456,5
1915,-3545948919484541274,325399,333499,807,20
1916,-7809406231002749516,294290,298490,585,47
1917,6848661723862096339,186087,189487,445,29
1918,-8729587002139280419,228937,232537,526,13
1919,2863569640160991059,281575,305575,647,58
1920,5633897140340065156,214087,216887,536,26
1921,8596778525892551058,181251,183051,394,29
1922,2860060712430972528,225182,228982,568,26
1923,-7022251248160151356,254346,259446,635,17
1924,5119289104234626938,137748,139648,385,46
1925,3721549387671043184,250080,263080,504,63
1926,-7462275121304254449,207257,210557,570,53
1927,-8279556290228492862,256682,260982,632,44
1928,-666758624720188584,186649,190749,447,28
1929,5275128703873153240,189914,193314,507,15
1930,-685879817013295954,208921,211721,488,24
1931,-2610218906395430680,343194,348894,783,36
1932,4681564278891502039,297276,302776,669,17
1933,6983255273300143728,234353,247353,454,36
1934,8233459242141558824,363701,380201,790,41
1935,6937518717830540210,257673,261573,624,29
1936,3534977044522820033,235074,249274,641,33
1937,4036695994339207894,336217,343717,844,76
1938,-8215596903730053502,199224,202624,459,26
1939,-5110120914352992590,174868,177368,447,26
1940,7764332464997979926,275855,279755,612,45
1941,-7380482714628972235,196211,198311,470,52
1942,7919388580959052376,187285,190185,459,54
1943,2924894630706481380,280096,284396,658,45
1944,-8368619573585214882,219101,222501,607,38
1945,-1772654309650992975,227996,232496,620,27
1946,3654352889208039937,255710,259610,549,36
1947,-5285105759446190336,231043,243543,480,28
1948,3610474138052898241,309601,343901,629,6
1949,-6062103764620824871,233270,237170,515,31
1950,614091827366942017,296217,332217,702,46
1951,-4416709876294064758,184309,187209,453,37
1952,-4527279682168812184,227600,233800,618,51
1953,-4107528624217901593,203541,206541,542,36
1954,3877908545821135289,225773,228073,518,31
1955,-1889658757257418942,304117,309617,719,46
1956,5236115512276651031,163508,165608,353,25
1957,1104083364916311242,235170,238970,517,42
1958,2097018157928707075,278745,292245,725,45
1959,7320966684049570816,230194,233894,645,35
1960,-7259984565046196729,186789,189689,420,30
1961,940581596650434762,289904,294504,628,28
1962,-883901563013112397,228167,230867,476,27
1963,3345632941629589254,272058,274658,494,57
1964,-3667659954923868891,258555,262855,594,46
1965,-5393064115507221082,255759,259459,691,39
1966,-2550419787034010240,175088,177988,421,60
1967,-1287750441184137998,321246,328746,839,29
1968,744485021595092698,235076,238476,501,26
1969,-4843272630580770606,296322,301922,738,36
1970,3409297389295138592,196325,200925,572,53
1971,8480074422170307458,186362,188962,503,36
1972,6544073564366958256,166737,171737,448,48
1973,-2998481208776616590,148159,149959,381,15
1974,-5151621121212869277,316906,322506,737,30
1975,-6603818974519692036,224556,248056,478,38
1976,3027555766915815287,177350,192250,460,26
1977,-185322649196259063,241190,244490,552,43
1978,7920324664058626220,217712,220712,543,25
1979,9032417595432291096,224430,226630,538,41
1980,-3966257033739172300,240661,265661,683,31
1981,-3555467317044595248,224508,227908,528,49
1982,1226533065815776047,194926,199626,443,26
1983,4654379638620434789,266563,271563,660,18
1984,2027746235547792328,279522,283922,561,62
1985,-474727979596600421,204099,207099,447,34
1986,5195959132476784579,271339,274339,662,19
1987,-1711409297884350508,247072,262172,571,26
1988,7439082214055954223,169080,171480,427,18
1989,6507898270411762463,126612,127712,391,27
1990,-7454649491658150681,146077,148677,348,26
1991,-1264155217100946485,212140,215140,560,31
1992,-6442277414391076399,212760,216860,467,35
1993,104568517889229023,306483,310783,684,35
1994,-1940209060862355343,293564,297964,708,40
1995,-3080829800721019921,208855,212055,481,50
1996,957196565817792595,239406,243906,660,38
1997,7942542876478784185,227580,230780,538,69
1998,-2044730870898760260,310546,314746,817,40
1999,-7387208133461340441,156603,157903,363,34
2000,8895078399301600931,289319,303919,653,36
2001,-6732621312357286700,165900,168000,461,25
2002,-1081910699721930789,245652,249952,617,52
2003,6577883823257712840,228986,232886,554,36
2004,2777570763504647862,264059,269459,633,42
2005,1392239456692619705,167382,170082,406,13
2006,7219203799236956960,220257,223257,457,30
2007,-7240233400350793649,183758,186358,579,30
2008,-5393292405960867699,246986,250386,501,44
2009,-4799052020905412097,350946,354846,750,41
2010,-1151293677162395580,300006,305006,652,69
2011,9867099143859349,267880,271080,545,9
2012,-4592328579825330281,249765,254765,597,23
2013,2823154188475077458,215246,217446,486,38
2014,-3469258610328494500,179462,181162,375,42
2015,2096813681101676920,184539,188039,477,15
2016,-3356324138200166565,197180,200680,432,34
2017,7721120034650657975,262903,267603,614,72
2018,-3256602336605903453,290408,295908,696,71
2019,-4201300665861366108,195746,199746,505,20
2020,-1389258072178451209,229710,236210,690,33
2021,4590012113917828447,176887,179887,451,43
2022,6632336473147448064,167909,171209,480,28
2023,-6771703615940470462,216396,219396,487,24
2024,1111803680373930241,279304,284404,626,55
2025,-6161510356768596654,154587,156487,383,31
2026,-4034896550518835706,203926,207326,516,7
2027,-2013112901399024220,300614,304414,674,16
2028,5425180958256926063,312215,316815,694,14
2029,-5114833752296393639,286176,289376,606,26
2030,-359217943747504860,255427,280327,549,31
2031,1795962664874036778,319100,324000,749,79
2032,-672059833826501650,156532,158232,471,43
2033,-5002676521653960258,193601,195301,433,31
2034,1052101588824845828,237596,240996,580,54
2035,-3340153282842136100,221157,224557,535,32
2036,4683849911981657027,208475,211075,541,15
2037,7890374002719647331,184835,188835,562,59
2038,-171782881330104037,269818,273318,537,41
2039,4845095859905191491,183555,185955,445,50
2040,280638398716907889,346707,352707,773,32
2041,4943595145292692212,243535,246735,602,46
2042,-353920922273712846,218969,221869,554,29
2043,-7492690549652892883,152170,159770,502,37
2044,3350471926423682466,203239,207239,555,38
2045,1573236740668458248,217793,220393,602,38
2046,-57020037000947123,298402,304302,703,47
2047,7223440748718689448,257810,260310,545,49
2048,4170841152590020607,250509,253209,612,44
2049,2330140711477170478,224863,227863,479,29
2050,2547506568200962398,242442,256642,654,30
2051,8035563837087069628,255410,259810,582,58
2052,6980993314062035002,308069,311969,741,88
2053,6964767747273557340,157952,159852,443,34
2054,-3424581816320179897,227841,241141,463,55
2055,3473225870563841347,303454,318054,779,9
2056,8850495423462312062,213531,215131,456,29
2057,-715159764587688430,187310,190810,383,25
2058,-8472526696876978890,184244,186344,510,45
2059,-6198538196246730470,291386,306086,706,7
2060,-8341554009612497530,214108,217308,462,19
2061,4227511755256427997,170278,172578,429,34
2062,3104672608630304483,239366,241666,480,20
2063,7529288339985230072,248158,251058,582,33
2064,6274149825922140417,248196,252896,612,45
2065,3647893286668678598,276756,281456,688,52
2066,-8519927941302569139,328501,336101,755,39
2067,-5428702430873655151,191103,193203,448,54
2068,-3457706607340026771,186208,190708,502,10
2069,1154161959207115666,267429,280929,595,41
2070,-576550539472332340,161646,163146,412,61
2071,6407438330636639056,241057,245857,567,39
2072,3286321492297335315,205536,209536,478,26
2073,7750507887681866987,251665,255665,591,52
2074,1966592845687680138,249765,252665,529,58
2075,74273794955771872,221011,225911,591,46
2076,5309716484245296997,285980,289280,667,25
2077,736357770547402094,288641,293741,674,38
2078,-5062847655297987978,196118,198118,453,48
2079,6975611636925395866,211093,212893,497,31
2080,9007761592339290941,278702,288402,680,31
2081,-4339480021454810471,224965,226665,437,17
2082,9092076616872546954,210050,213150,480,21
2083,-4663335996388253945,184161,186161,378,32
2084,-720113120632628435,213868,215468,440,28
2085,-5221400113462532246,375513,383613,946,79
2086,8487724566156964370,202203,204803,468,20
2087,8492932103375210233,229452,232152,480,34
2088,-4915334746927040047,234738,238538,704,13
2089,3673358571397845049,253057,258257,618,30
2090,5730362437543365956,212810,216410,481,25
2091,4100834605054663661,141467,143267,444,42
2092,5948769317073133840,327010,331110,706,38
2093,6535906977643076653,333258,337758,771,21
2094,5982075914853440053,236470,239370,542,44
2095,-8060840462190358,236018,240018,553,68
2096,8690826650472479798,180499,183399,434,38
2097,5038730922685682671,291391,306091,671,48
2098,6270110623847298254,251072,287572,626,31
2099,-3226851914901798165,135772,137772,455,47
2100,6891211462474545349,310947,315747,707,55
2101,6959164576605777643,267809,270709,555,43
2102,-8124277487148810510,252509,255209,568,11
2103,-2033560185631540146,173799,175699,471,28
2104,5442443661023790910,225618,229318,566,26
2105,-6817031076016343417,204218,207918,548,17
2106,1599816756089126695,211823,215423,418,39
2107,615966845530104094,235145,237945,503,20
2108,-2435958387148229158,308963,342563,659,28
2109,-1099128968660756428,115335,119135,433,14
2110,2837101057534207952,277317,281317,612,21
2111,-6820065129733836072,223580,227780,496,44
2112,-3523033660613251619,212851,217351,525,16
2113,4303933753580379801,295106,300206,676,24
2114,-9200674995582751258,182444,185044,482,43
2115,-8486379112699880495,264084,268984,629,34
2116,-574603011492954283,287826,291726,597,10
2117,1644040588878790344,174554,177554,450,39
2118,-3790731595894256416,201840,204640,419,41
2119,-2954676138086499904,269939,273739,597,39
2120,-1569612819440471575,213460,215660,536,21
2121,-6129854666228045275,302715,309115,611,18
2122,9216473327736575584,306810,311510,671,43
2123,-2477818458305566920,272265,276565,569,20
2124,-5881422678566660426,169478,170678,353,33
2125,-8481616552859751818,173332,185832,445,6
2126,-6926592399620549967,195598,199698,468,29
2127,-4529849442734734361,200023,203623,483,7
2128,-7354894948055042249,243423,247423,529,43
2129,7087272849722166743,195887,198887,485,19
2130,-3483122365305078910,172934,175634,383,54
2131,-6785296848358754675,216118,219618,488,52
2132,-6395802260314773169,261394,264494,601,14
2133,3395376393716508525,251293,254593,627,25
2134,5240677030462781796,179894,181294,380,36
2135,-8387236423260085157,122407,123507,313,35
2136,7339923345112770050,276898,280498,578,54
2137,6913427716490860884,231444,233244,447,62
2138,3085123235062366380,125793,126593,257,46
2139,6534745190350229456,187053,189753,493,14
2140,-3666363398976976719,234347,238147,502,39
2141,6710029020944383463,194442,197142,460,25
2142,1333115373180526371,295331,301031,741,41
2143,6680665032826504147,228416,233216,553,28
2144,851521981871311272,183539,187039,506,45
2145,-434108499620372769,218261,221461,522,53
2146,-7454537090536196844,213253,217653,548,37
2147,-6769959530133458023,342701,348801,806,29
2148,-8818913130541863955,188166,190066,519,36
2149,-591268363878013015,234556,238656,552,45
2150,2086496406213109274,200588,201688,406,24
2151,-5438507070987903467,292817,298017,714,44
2152,-129873826945878456,245150,247950,577,40
2153,-7010094822389706013,239713,246513,631,20
2154,-8250033507120039173,244531,247631,498,28
2155,-9022248102678047898,146403,149303,440,16
2156,-2992340866726331785,350930,356530,859,36
2157,9054475333400334415,265024,268524,591,33
2158,4324272226064380678,303978,308178,620,22
2159,8677032590941782424,247751,250951,512,34
2160,-1151891016118042038,253774,257874,591,10
2161,-61535665713318016,229823,234023,576,34
2162,-3277421555097660940,187333,190933,623,52
2163,713537777759962306,212186,224786,446,25
2164,-2902415797646206498,236633,241333,602,46
2165,1794115445962457615,184086,186586,541,46
2166,6230753550624937356,203133,207633,464,13
2167,2131088197820651647,177886,180186,411,26
2168,7022441211928168760,217559,221059,548,40
2169,8660568337523921244,232179,235579,468,41
2170,3939665828486500313,204955,209355,526,31
2171,-4530870226756375205,166262,167162,396,32
2172,-7268657427853092738,234638,238838,639,64
2173,5090567145315506157,243246,256446,525,41
2174,-8370585768223572685,133064,135264,353,16
2175,6802177176848713094,267927,270727,596,34
2176,-177889849101943454,138003,139703,276,29
2177,-1711134136803478809,312248,326948,686,26
2178,3332168642747827027,244076,268676,588,35
2179,7982911300643102513,362176,393676,777,63
2180,295749979505954323,247252,252352,650,42
2181,4117939484017828524,210665,213165,499,35
2182,9184300686966970054,144772,147372,503,51
2183,-6508537055135437921,232091,234191,496,43
2184,-4341070085468992461,217616,221516,461,18
2185,-1585607038286628525,262616,276616,599,33
2186,7944901432830814081,333504,338404,755,43
2187,-9216274479044967029,219308,225608,555,20
2188,-6178792157397544417,186838,189138,446,38
2189,3929513193690852367,233494,236594,566,30
2190,6306354090194159861,201870,203870,405,23
2191,6618346171549532036,203564,206364,479,30
2192,-3878431569217065982,118276,120776,353,37
2193,-6965381010366108756,217170,219070,616,27
2194,-6867774778124941033,207689,210389,514,9
2195,-1592037236321867062,283138,296538,583,19
2196,-8995300702805840419,220881,257381,593,28
2197,3226199213333930836,250289,254889,587,15
2198,5397263562975985645,380793,391993,869,45
2199,-3392422028590501773,173050,175750,556,26
2200,3531591068172826599,164134,168434,448,51
2201,8811992459416127759,276961,290661,602,16
2202,-6804976455266932721,253190,257290,632,18
2203,8439030000692247998,283388,286988,602,22
2204,312469758474641511,261919,265019,689,40
2205,-3525766521559523791,302364,308564,773,11
2206,8205589893091088644,397820,443620,857,38
2207,-6564291405871151179,240049,242749,558,5
2208,3064383178871369084,205759,227959,469,27
2209,7881175371162404159,201154,202354,420,19
2210,-7973765176656864329,263207,267107,590,40
2211,-5173277780760161350,218616,222016,464,18
2212,6628797930654138370,198823,202823,486,31
2213,2016686202632622705,253870,257370,560,63
2214,2197073351552295098,230079,232479,551,45
2215,-1832171119904969327,290761,315161,604,40
2216,-2009621220660217828,166534,168434,458,14
2217,820166001770252251,186755,188955,478,46
2218,2505729733513490028,239510,242610,497,32
2219,3981711538117245977,229351,244351,651,33
2220,-7816718796222541390,201509,204309,515,15
2221,3004300948748436083,306412,310012,644,26
2222,6549375014166529226,200774,213474,533,22
2223,4176974196761768394,210405,213705,569,23
2224,6831446400922701112,227290,231090,561,44
2225,-8988703469750304111,203876,207176,671,29
2226,-5499345044492786287,236436,240136,561,67
2227,3219906345364277895,209759,211859,447,49
2228,-8152910935619797966,167019,169419,445,41
2229,8611752633963185202,184515,186715,442,58
2230,-4680800687470941225,207053,210453,502,26
2231,-6301874161649545695,213864,217064,484,49
2232,4026343860388666665,243146,246546,641,25
2233,2090482223067127787,160134,161734,408,23
2234,4544189320498867795,222487,225987,504,36
2235,-711905803483712537,183910,187410,440,61
2236,-6309350795430902576,207004,209904,522,30
2237,9238586566396671,342476,347876,771,11
2238,-3754744885820023780,285058,310158,614,21
2239,-5097644886202210081,231944,235644,535,24
2240,6315397443837964438,322584,326984,778,50
2241,-1144855404050989550,177204,180104,447,19
2242,-5026387062970871089,203497,206397,540,21
2243,-3941077052995151600,317929,324529,758,29
2244,-6166283013200011964,207664,212364,496,12
2245,1770326100893875992,277614,292114,691,19
2246,2808890541973341923,336262,364962,817,42
2247,-8665598001678750724,107776,108576,300,36
2248,-7026429735194772332,237833,241633,588,52
2249,-8502472381838304259,308615,373215,710,36
2250,822320007007884071,184379,186679,401,29
2251,8732513077521867131,231508,235408,530,46
2252,3923048430608051180,193244,196744,446,33
2253,2426311461281421110,301724,337524,708,23
2254,7025974270435445053,287112,291112,683,27
2255,-8398893510839658406,174534,176934,453,19
2256,4313475059623029179,89628,90128,280,47
2257,114632128846234682,281110,288010,685,39
2258,237064320166805967,328637,332637,677,53
2259,-7154496755761538603,166447,169347,381,52
2260,5311047641794873528,225138,226838,427,26
2261,2311831455689220408,248951,252551,616,38
2262,-7541706906855905982,316768,321368,781,31
2263,3821455019026580812,199451,201351,490,43
2264,7719276572008386392,269773,274373,736,25
2265,-4642982191976441255,212425,215825,545,39
2266,-3122912271306995921,275657,281857,662,37
2267,6247637906995762995,212266,214266,509,30
2268,-9137153983296220723,237435,251435,545,15
2269,-836822307422290435,209715,221415,440,56
2270,7904757099203764960,274206,278806,605,17
2271,1474100995112686623,248359,261659,609,74
2272,2648966448090082911,235854,238654,517,22
2273,4257935213167124281,179537,182537,516,24
2274,-2390867268242219647,244689,249789,544,66
2275,-8873520701463421739,202412,205012,544,35
2276,-1502629299914526393,230761,235361,569,23
2277,-3021004022570719039,224547,228747,633,35
2278,-3906226583717184251,268231,272331,592,45
2279,5189370465114282413,265826,290526,611,32
2280,4999632978110444667,250858,253658,621,49
2281,-7477900634128026486,188582,190882,476,28
2282,4320528934728650570,225644,229744,607,33
2283,-4726347237141678308,263994,269094,638,47
2284,-7355756087109630514,212948,216948,536,23
2285,-2647681229271419987,241668,244668,601,16
2286,2345537969414349493,270761,274161,534,22
2287,-3053300961468535240,234604,237004,509,19
2288,-7953399256140811293,281037,285137,771,30
2289,1558852726121866371,251807,254607,590,16
2290,995014266800608295,318498,322798,685,52
2291,-1388586914568672062,223843,237143,579,31
2292,8542972253163447179,277625,291625,584,8
2293,-1960200901186079849,229676,234976,580,46
2294,-6500575212420712200,265111,300511,621,46
2295,-3920749289152677476,138792,146392,512,32
2296,-6498604604426913815,391717,396617,853,37
2297,8967177796054552916,213364,216464,460,32
2298,-5190573214103027917,232937,236937,507,30
2299,6501746473529049861,170569,172469,451,36
2300,-3639617053693031719,223877,227277,478,39
2301,341534429254074963,197012,199012,438,22
2302,-5131674040090296644,247971,251771,552,6
2303,5205255664754237680,303716,309616,709,42
2304,-656493598093462041,190712,194912,467,33
2305,-4230323670512157861,174819,178019,456,35
2306,-7928907901859866226,221364,225064,481,4
2307,-5216864404165970930,213329,215929,557,37
2308,-6798863203198409001,181243,183043,445,21
2309,5329410881153901410,281246,286646,691,46
2310,-6810667149730287249,244947,247847,562,41
2311,7926689775449660722,195284,218284,459,52
2312,-7420440122297806332,187216,189916,399,17
2313,657782929327381751,248918,261418,522,44
2314,-2994256932992176382,232564,235664,538,30
2315,3633933284010640,203519,206819,634,48
2316,6486751007899061561,188966,192666,460,55
2317,2547165263457205607,300055,316355,717,37
2318,-4505791525530113544,155752,158252,449,47
2319,-7574978013677623386,229181,233581,570,11
2320,4103351722329747896,200553,203353,417,59
2321,1159583007781226036,316650,332550,717,28
2322,7853470759494887045,168908,170408,386,54
2323,-8936771647305663168,288028,293028,728,47
2324,-5149624966028952539,119083,119883,323,33
2325,-2386025246771322621,272495,276495,587,30
2326,152827521172810329,317553,321153,614,38
2327,3841789327957278137,309062,313962,760,55
2328,7885107220307265487,220140,222840,511,62
2329,-1412785871627101491,161177,163277,336,27
2330,-1848711569461219966,134179,135679,420,21
2331,6011281097987658126,283745,289145,768,16
2332,3195739182434232876,272219,277619,762,36
2333,6087412033620656042,209709,212409,538,17
2334,-2160868766797946109,194870,197570,469,47
2335,4612061032163826036,312141,317441,678,29
2336,-9137223859254450304,214138,218638,534,48
2337,-5711541215214201944,248217,253717,600,9
2338,-6201251007897900862,202363,205463,579,36
2339,2887789656939825217,165859,169559,410,29
2340,5142161407557495674,234745,238845,553,28
2341,-1371229401550285330,285742,290342,670,65
2342,-7266110035149433286,184879,188479,591,15
2343,6365531668282709260,200447,215547,661,55
2344,-106549129682532001,220179,223579,607,22
2345,-6176018609352586199,187661,191261,496,11
2346,-6680060838678505202,345174,371774,748,44
2347,8374315960001121761,170329,173229,429,32
2348,-164707784138867644,199228,211528,579,28
2349,6452663267983435572,191912,194312,476,31
2350,-1790167693001038043,296798,312598,649,46
2351,5642861155300737087,281644,284744,556,12
2352,-1318483025001276443,213691,216291,458,11
2353,-2317916963357200142,251224,254024,529,20
2354,781498662702195038,179981,182381,411,24
2355,5940279278917806703,355220,359520,826,30
2356,136293780608033061,228453,233053,544,16
2357,-2998038692009499744,131502,132502,336,19
2358,7705202398136754592,246589,249489,628,21
2359,-916376103551496553,158284,160684,458,38
2360,-7331807842937171722,209762,220762,679,43
2361,564344144830297744,159617,162417,383,17
2362,-949697590635451902,177028,180428,444,47
2363,5113642624527992223,184094,186794,426,40
2364,-5330675951807036292,168897,171497,464,25
2365,3415625048659807757,290006,295006,702,35
2366,2029613672437070364,188848,192148,551,33
2367,-7253167333515956592,267979,272379,586,26
2368,1130372406062072946,211877,215777,506,32
2369,-8509498051436853123,200901,204601,642,6
2370,7309672378144184345,222961,225961,463,41
2371,6872857010071977527,269626,276726,628,7
2372,1919193290387538876,236323,240423,657,51
2373,-5093572397648196358,160492,163792,433,23
2374,3363674165143202938,178117,190917,423,58
2375,-2109511230571890474,230134,234534,507,19
2376,-3781804814252316333,170022,171522,477,57
2377,5275836459050016742,282942,287542,672,20
2378,-240806491425923785,258447,262847,550,31
2379,-5508172760272956132,212018,215318,548,22
2380,3917336119483505157,307722,333222,719,33
2381,-7505172878359604930,215791,218091,530,38
2382,6029982020918195193,218079,220179,466,20
2383,-6089563999301169604,156543,159943,465,52
2384,-2672930117683706662,207974,211074,487,39
2385,3373382601174537430,250926,254326,550,12
2386,5036258493175771643,208463,211163,486,27
2387,-4635164805741963080,290041,294241,596,37
2388,9135172737930728294,221290,224590,536,21
2389,918543264471220360,195333,197633,469,16
2390,-5594322053927792206,184353,188153,540,13
2391,3527832163688662619,195357,208157,435,7
2392,5792628969152013697,175517,179017,424,49
2393,-8981740416630759096,218741,222041,529,38
2394,7672773122635554263,208307,211307,450,59
2395,2447072977607332921,198649,201149,531,54
2396,-8202880940444098513,206920,210720,476,37
2397,-1964265605809053065,276417,279717,651,35
2398,-688548434399895374,264680,268980,554,25
2399,-6144024680090533178,227057,230457,575,29
2400,-2344226435451386890,251770,255770,789,40
2401,-5875468617856994062,170869,172769,484,64
2402,-7449116070794382434,203009,205809,480,30
2403,419229770108433591,214295,216595,472,19
2404,145978212197783670,174343,176743,435,13
2405,1257399238261688006,191090,194890,519,37
2406,-5470005742010707479,189354,191854,466,50
2407,-1538348968520773168,255668,259468,651,42
2408,-5560888819064797368,176029,181129,444,9
2409,-2954598361641899518,306408,311208,642,33
2410,1557146262905734873,193656,197356,400,17
2411,6152266678544657507,312548,317348,757,57
2412,3077986597126642184,307856,313056,694,46
2413,5643299530977615113,186710,189610,463,57
2414,919656387690196060,216963,219363,457,19
2415,1422345549818401345,192162,195062,470,36
2416,7339628328155197182,267243,275043,682,24
2417,-1092527730607621429,360197,415897,753,28
2418,-3801213759731939998,256497,259497,513,28
2419,-7878975036060864805,270781,277981,719,56
2420,1017576422523445955,213330,216430,576,22
2421,6769924767010621183,263282,266282,548,22
2422,-5756690777154559303,243117,258117,604,41
2423,7224366495850106497,204950,207850,455,24
2424,-6562526914336239497,342385,350085,828,44
2425,9074135126147128804,226883,230183,490,71
2426,-7086275146343956743,194500,196500,417,33
2427,-4618505999810332074,140792,142692,344,20
2428,-776878220712258413,243944,248244,667,40
2429,843355484365334975,206595,208595,509,23
2430,-5034752513273605755,244342,249142,595,35
2431,-64206274420660113,279805,293405,594,34
2432,-3816294950641362783,169083,173483,453,15
2433,1967570646745936744,191755,193755,404,42
2434,-3498741670013154949,281406,285106,616,24
2435,-3051061920504402667,202295,205695,532,25
2436,-7638722761756749675,321738,331238,840,46
2437,-8018630744277470211,261382,274682,597,33
2438,6218349167372157929,221935,224235,520,46
2439,6702524761334949933,189032,190932,394,52
2440,-1880019274149397198,243943,248343,616,54
2441,705694324759454275,303626,308226,624,50
2442,-1923082874388563755,212889,216989,438,29
2443,-8558289118153286987,250990,254190,556,39
2444,2914547278077482635,231453,234453,506,31
2445,-9222479208895790519,318406,341106,637,27
2446,-8519166804800393664,151254,153254,361,69
2447,-9203104601123016201,222487,225487,480,38
2448,-3142190563197143475,221548,224548,477,41
2449,3777174769814814285,194876,198876,483,20
2450,-867965002889682795,118731,120231,335,70
2451,3018157907327472436,129183,129983,311,32
2452,7372499714828235442,258417,260717,578,27
2453,2351770337971674670,215289,218289,432,28
2454,884177228552984254,239882,243682,522,29
2455,-1663388291528147139,248190,251990,512,32
2456,-8708227507745191902,227828,231828,555,35
2457,2089701728213671194,200468,204068,468,22
2458,-1950975251036851762,229268,234168,642,16
2459,1167603528059904295,296290,300290,676,50
2460,8545967222347343667,209456,212356,453,36
2461,747219665432694431,174002,175302,449,10
2462,854843851379223449,245602,250202,629,32
2463,4419113319215885804,196260,198560,430,22
2464,2946671820754130670,136615,138915,419,21
2465,7023874330078675385,235403,249703,510,23
2466,8552238009482969171,195988,198888,448,12
2467,7590202542571069567,188305,200205,408,32
2468,-7939600095337722856,199559,202959,486,27
2469,8661486379747972925,258872,263572,620,24
2470,-4173650843110085340,258193,261493,574,48
2471,3897392241439201519,253366,276966,634,34
2472,-8922100508714059234,201084,203684,474,64
2473,-8215575555465075424,269177,273577,567,48
2474,-5238420635168743421,296647,301947,704,6
2475,-7300734266416782260,224281,226981,548,36
2476,-6565775575861675081,237213,240313,520,67
2477,2294686508238596436,306639,311039,724,19
2478,3038821096763584696,231728,236528,595,45
2479,1698531599906180404,232677,235277,452,32
2480,4763597359775901982,202938,208238,550,61
2481,6212500188120118105,222756,224556,507,15
2482,2073160195636222144,154502,156002,515,48
2483,-5823101529214994039,217258,220858,501,28
2484,-8971476130270697629,223637,236437,560,49
2485,-2767344775837791840,208622,212122,597,28
2486,7329949692999460444,205765,209265,488,16
2487,7485986983504996031,292935,298535,675,14
2488,8281686001160376222,252279,256379,630,39
2489,-8368740094134984968,257674,263974,629,35
2490,1401329823743100323,224545,227945,605,43
2491,3512097650586948409,267959,273459,711,31
2492,6294129742619349802,113026,114326,267,25
2493,187207826700177850,178963,181963,523,40
2494,-2387037046420340240,249216,252616,598,13
2495,-390079609816659335,186392,189792,397,35
2496,-6010219581143001538,134679,136779,314,38
2497,1506570089884361203,266817,270817,716,34
2498,-2038823991841839482,228434,230734,454,10
2499,-6575167682757691757,178142,180342,398,26
2500,3474218876895270883,252417,255817,578,25
2501,473831263717714873,147272,149572,394,37
2502,-5448998982380877694,259174,263474,651,20
2503,-3288114357651648097,276419,281519,642,39
2504,6571708751142728353,219284,222084,550,10
2505,-8870460687358422532,163816,167116,398,29
2506,-4080535637808335282,102066,102266,317,12
2507,-2873250503793020949,232811,236211,497,21
2508,-3496544766794811429,197684,200984,456,28
2509,-6301600545486117249,325181,339281,672,36
2510,8152746769502564188,218453,221653,469,14
2511,-4029224729306698008,241125,246125,719,74
2512,-8167386489301618507,263610,267510,547,34
2513,8592083957975103643,197247,200547,475,19
2514,5861190131391850636,281948,285348,753,1
2515,4930805259296546467,236494,240494,506,20
2516,-3474367581922630697,252015,254515,535,16
2517,-925025978457401706,192817,195617,474,53
2518,-996762986862694878,206319,208519,437,26
2519,1944452396664176986,199061,202461,441,29
2520,-3169965421057020975,176389,179789,508,18
2521,-7169834100340996430,267724,291324,630,17
2522,7267623232630206776,281572,305772,610,35
2523,-3318619528118723239,161940,165540,428,25
2524,-6961999971203169518,154888,156988,454,21
2525,5201006175697355562,198292,200092,455,11
2526,6630792105398149253,270509,274409,621,28
2527,8656907875976165628,325401,330201,686,35
2528,-5886522445157303434,193652,196552,590,42
2529,-2873204572050554017,234420,238820,604,32
2530,2555486697923091005,187999,190499,409,56
2531,-2354002098787361894,213018,216018,446,27
2532,-5910816044796591148,239193,242093,590,35
2533,6892898997188007496,219294,221894,516,22
2534,-9022538072689177020,159954,161654,343,49
2535,5814002080654175476,157232,158332,404,24
2536,-4184049196584381903,330670,337970,842,18
2537,-8266166247358813141,188305,190805,429,50
2538,-8677328086905390981,103240,104340,310,29
2539,1740201867144044017,204949,208049,565,21
2540,6890565574536023901,207464,212664,482,31
2541,2573934654450915999,170021,171721,468,34
2542,7558204134843529397,234777,237977,523,43
2543,6416198520081177842,270191,276291,628,49
2544,-3939511883854688560,214130,217930,517,39
2545,-3739177977267434083,186339,191539,477,17
2546,-734877656940046091,208461,210161,430,36
2547,5699247287844452017,261792,266192,607,35
2548,-137438053998044573,203952,207352,659,35
2549,-8060952196859293379,197391,199691,399,37
2550,2472637586462711024,244228,247228,584,18
2551,4805240775779826374,111540,113140,346,54
2552,3608866002524436972,160078,162078,350,12
2553,845403947025266176,240131,243231,547,56
2554,-4309363554339445517,268288,271888,554,51
2555,8803222912946094444,268515,272915,570,33
2556,-2417551252479978035,175898,177498,429,40
2557,1743805028342283219,272236,276636,611,40
2558,-3399183162126491592,333902,342902,751,38
2559,-8684667180893058720,240552,244852,586,43
2560,8735228608070313557,195613,199113,543,39
2561,5682759943508678311,213699,217399,501,14
2562,-5935555411714788556,214697,216797,460,22
2563,9166773153516625792,263764,267264,587,51
2564,-4604057098570159183,220637,222637,555,36
2565,-5142484538176775021,237706,241606,584,10
2566,5870352342026545937,334094,339094,820,19
2567,-3083780517636436093,230813,234013,510,45
2568,4617346722150701398,203174,206374,506,44
2569,-3150422703539003826,302165,309665,746,30
2570,-668223796686612027,266624,269124,515,25
2571,-1789728106910849290,297090,302990,694,50
2572,-6546090844800448573,255793,258993,591,17
2573,-5768738730093880599,229069,232369,571,35
2574,6041079280721698615,245389,249389,575,20
2575,933250630115930489,228253,232753,640,28
2576,-1166779575847988372,144554,147154,376,0
2577,3028160702450182201,206883,211483,616,32
2578,-4529525237992589131,258707,273007,610,41
2579,4581565582673372197,232831,247331,607,31
2580,-3278331274597455953,246218,249618,601,9
2581,-5328811152325341693,168112,170512,410,54
2582,1630820376594472973,173934,177334,515,38
2583,7315307405041365102,215060,218560,581,54
2584,-5194443735066739094,310150,317250,691,48
2585,-7353076157352608238,261873,276773,651,28
2586,2501854207615051487,234962,239862,582,55
2587,4407882425758592541,327306,334006,739,50
2588,-7144412383360795986,135758,138358,445,44
2589,-6151596811489407234,227734,230734,426,26
2590,5228861764828399215,216050,229250,487,40
2591,-4008329551838159287,253190,258690,622,8
2592,6763841668789829919,223894,226694,500,26
2593,8777991575528078031,203562,205762,479,18
2594,3494787627196514934,285563,297863,781,25
2595,739842177278854326,147984,150384,421,4
2596,-8749584622601376902,137766,149766,291,31
2597,-3611983253348718455,210453,213253,450,68
2598,-2206186003001917700,225558,228658,472,23
2599,-2251545404860407204,192046,194846,408,32
2600,5701178915846195977,279647,282547,622,7
2601,-1845146669685348756,209630,242730,455,17
2602,-6163272537643902042,293719,298319,633,33
2603,-509088207048091084,305363,309363,642,18
2604,-4114209920554524996,177870,180070,445,16
2605,4460579941758622254,239952,245752,595,11
2606,2517256493898940476,248025,252925,587,48
2607,4662829900589371675,307562,313062,815,32
2608,-3357476951332713492,146539,147839,306,66
2609,2774497669831352078,176301,177801,445,62
2610,-1795125611969376013,323038,327938,672,62
2611,-1487132495982337728,248193,255293,677,21
2612,487386722690219814,202580,205580,493,57
2613,-9194691426041855546,193749,196249,457,38
2614,-4241225057556618799,216645,220045,474,58
2615,8494823420619005238,271586,277786,693,21
2616,6824078561098719712,232926,236426,518,25
2617,7555179834139033424,207078,210278,464,54
2618,-7286567767733033081,201972,203972,467,39
2619,-861521832766670636,187882,192682,532,28
2620,5036132037549641057,187280,190480,548,25
2621,6683512226613504311,238177,251477,526,30
2622,-6768541497853878293,261842,266542,661,26
2623,-5775896770619193340,305646,312446,709,30
2624,-7958285092472379986,295535,299935,643,35
2625,5574298577107025804,201349,204249,481,29
2626,8979525339591310662,136976,169276,474,29
2627,-3245519679789271181,269701,271801,568,26
2628,8523151793947100072,250531,255531,638,50
2629,2771440216024712068,201755,204555,569,16
2630,3836098119392193988,169842,172042,359,62
2631,-3082784354626334569,201259,204059,496,27
2632,6618879192525174900,211157,214157,521,32
2633,7689400636255176887,294694,298994,766,20
2634,-3035437203582622152,334788,339888,661,25
2635,3509650736141027564,248070,252170,539,38
2636,-1282319708926785281,285766,291266,690,47
2637,-5273190497143040235,277739,291739,590,59
2638,4020714042981604167,275716,280516,691,43
2639,-863522013174892011,290909,295109,693,25
2640,3089530509824918221,245369,248569,638,55
2641,2029320462421112512,270426,274126,563,44
2642,2373979498438370895,233347,235647,544,54
2643,-1696481594712348822,175473,177673,532,29
2644,-8779705690482856011,221660,234760,458,32
2645,-3516016294880214794,293760,308960,614,31
2646,-4417745579034046424,210599,212699,454,40
2647,-3470041416293110656,222407,225507,558,35
2648,-5586048060166046596,154394,155494,446,35
2649,7963500359948468795,246638,259538,531,26
2650,-536827341324053182,202571,206971,623,25
2651,-6636722220370934260,272722,277422,654,33
2652,-3507610737348319076,253287,256787,523,28
2653,1192731878802732461,267319,270519,570,77
2654,-6669710218152343402,338075,354175,732,38
2655,-7761610894418608261,282260,294960,536,50
2656,-5704589247529037435,287390,291690,648,26
2657,-3835908375495603767,211173,215073,555,54
2658,-4482935066872577512,217630,231430,528,19
2659,4005997813208694804,262543,266043,584,34
2660,-1236502593095311856,231990,236190,579,59
2661,-8665890045631626202,187514,191214,477,33
2662,-6834158268655241021,216435,220435,701,30
2663,7639273059634667112,195330,197530,455,45
2664,2236720933124892624,185535,187435,525,25
2665,-1974947856820503773,284909,318509,783,29
2666,8545325253678772747,238575,242075,476,45
2667,5177206308084551569,225940,228540,521,47
2668,1794720586674998551,237692,252292,525,50
2669,-5585699635404026845,182511,184811,465,34
2670,-2020019525573796508,199279,201879,399,48
2671,-6210593020353527116,224156,227256,544,40
2672,8104591587758106146,148418,160418,309,16
2673,-782715498002825780,258066,261966,648,27
2674,6892594614098218680,379003,407203,943,42
2675,-5886634180687369004,202748,205648,484,63
2676,-242947560740931231,186406,189506,425,14
2677,2338319772019189395,276474,282374,676,57
2678,1551954967475920822,252028,256528,578,46
2679,8671863222858298900,213902,226502,471,22
2680,-4179798484668730362,242014,246214,538,31
2681,250241538082725020,170707,172607,456,28
2682,-2774289244788155736,319731,324431,685,46
2683,1198518955762369973,118911,120911,425,15
2684,-6234618397686162449,184502,188702,451,29
2685,3029264258334234351,191545,194045,401,25
2686,-7461175432848445572,252994,256094,571,1
2687,-2825943441096286578,148371,150271,344,33
2688,8158284211695580512,218181,221081,577,48
2689,4464641240852991579,247305,251805,562,62
2690,6052364644741018454,364684,382284,853,46
2691,-5513114539897341838,150643,152343,498,51
2692,-2682338656873887466,205245,207745,532,49
2693,4827085136754580543,268384,273084,579,67
2694,9039347859563972681,238250,252350,551,35
2695,7253240005879595065,173807,175907,489,43
2696,4850545915821296901,244128,247728,553,43
2697,-3611015452972838870,245034,249234,545,36
2698,2692296009229795159,256227,260027,574,27
2699,1872583170075880842,156993,158093,317,32
2700,5786026282664865629,268455,273055,706,22
2701,567113975903359310,198826,203126,486,27
2702,-544714158519544713,107022,109922,386,27
2703,5720266203736525433,255630,261730,684,44
2704,4149733080532047213,272775,276575,595,47
2705,66423527950424933,204296,207096,464,42
2706,736089560051262198,213042,227342,551,30
2707,4909869138311760845,164938,167038,396,42
2708,6392028873380457248,240256,242756,559,30
2709,-8897381702163023346,236786,240986,578,26
2710,-1931240703820211158,303608,308908,724,45
2711,1630381119648263282,220167,222867,481,20
2712,4127906580514432741,248084,253584,584,36
2713,-2420040669950412538,190549,193149,448,42
2714,2254927120534542805,283219,287519,633,26
2715,-6972203644959509246,178270,181570,491,47
2716,8110556293533988888,241325,255025,540,26
2717,4477121183433986025,80153,81653,258,22
2718,7479412574483687071,216512,220112,513,16
2719,1603616400240549259,189880,192480,421,22
2720,-5342976127338849289,286878,292478,681,49
2721,-7377615798574074305,111647,113047,283,50
2722,-7056487354823113369,145658,147058,322,28
2723,-7353026642717597465,331690,347690,751,49
2724,9216146453382483618,143087,144987,433,35
2725,-7831170483356695615,135916,138616,350,20
2726,-3789187850041590528,222435,224435,472,49
2727,6714562143999681916,240266,243966,511,32
2728,6664668105185740450,184103,185603,461,42
2729,-8227536665840612502,200804,208204,613,21
2730,-3665201553047897278,203352,205652,423,30
2731,-3487973763207739629,204671,209671,502,13
2732,-5380321698357111573,211965,213465,449,53
2733,4828958618336300773,284317,290717,640,36
2734,8558035639646042308,245881,259281,512,56
2735,-3868273808918665514,158231,160531,388,59
2736,2598480174011674108,193314,195414,417,18
2737,-450421388324440898,255270,270670,641,37
2738,1140381856191925313,111189,112489,306,20
2739,-192129242967715653,203299,206799,435,30
2740,-4917868514687433880,317689,324489,735,32
2741,7693238491127927598,264776,269076,578,22
2742,111126885304740733,148451,150751,427,33
2743,9122067012164289029,198011,221811,479,40
2744,8147802586478592946,175814,179214,470,22
2745,5859994514053543464,256163,259463,616,13
2746,46664849187960638,210495,213095,461,54
2747,7766069868632864304,226398,231298,633,20
2748,-916554961920423589,228493,231893,560,42
2749,-9063109536762059687,175403,177703,418,32
2750,-7558937356547615195,254348,267348,505,43
2751,-2243463210639064745,189459,193859,560,15
2752,-7398059317048944794,202246,216246,452,56
2753,-3889807854576542858,206616,211016,467,16
2754,-8858990316301951715,225520,227620,565,4
2755,3346949528993495127,189944,192344,415,19
2756,-6189518559258286156,116850,121450,380,51
2757,-3878880488682261028,288599,294499,747,11
2758,-4666057788168343483,278408,283608,669,63
2759,8821727286744789153,180036,183036,458,33
2760,-3689352109990206037,314130,321030,813,28
2761,1931066835990338577,291086,296186,745,26
2762,4124590500674298397,190169,192369,464,36
2763,7155995244494099835,281996,287696,863,61
2764,8917674094705166105,396085,409485,902,48
2765,-3547944531131624589,211695,215895,533,19
2766,-4327659422586671299,264378,269178,696,16
2767,-207089458864864616,223785,228785,655,18
2768,6628257718967896317,182989,186289,473,40
2769,-8811198733980372852,189294,191894,410,50
2770,-1979185524226968577,259260,263360,616,29
2771,1016214760091385724,363460,407760,741,29
2772,2045729556393560388,216390,222190,581,31
2773,4178617190544283306,195545,198645,415,44
2774,-4552624315272412259,168530,170930,458,29
2775,731464412777861928,187740,220440,401,5
2776,4472385300356036344,204285,208285,459,42
2777,3536373180774817045,235556,240156,557,15
2778,-635324053229383076,302769,306969,664,30
2779,8627147091567230112,137467,139267,454,16
2780,-1110797251327740673,341538,345938,695,46
2781,2088564635212428456,246494,250494,731,43
2782,4078321439841934232,171920,173920,419,29
2783,-6459495083677875415,203401,205701,450,15
2784,195264127429758873,338330,345330,845,64
2785,-2135145654102495441,317692,324392,780,49
2786,6846386685470011435,153091,155991,454,30
2787,585391610621680371,256546,263746,593,45
2788,-1917346843692196882,229545,232945,521,36
2789,422159053982960524,346715,351115,684,23
2790,-1142625050445768724,219336,223636,597,24
2791,-8514144175781952414,249647,253947,550,18
2792,-4937052303075858730,205924,209024,574,19
2793,-1107537178248317751,104822,107122,332,40
2794,4941385996429717707,187389,190089,683,37
2795,-8328694184691990969,232541,255841,605,32
2796,6109767867911455194,301917,309217,657,39
2797,6996537883193230497,157775,159975,373,27
2798,-20235904669838319,224809,226809,580,49
2799,1993826708372382404,324751,369951,772,70
2800,-4180409508250377551,294654,299054,660,31
2801,7332122807780730863,135363,137063,320,41
2802,-6977458336428099355,180459,183259,407,15
2803,2799004379510260522,257035,259335,579,26
2804,1140118234240592939,159197,161197,470,45
2805,-2172497594244909850,193689,197189,466,73
2806,5296769514441262844,227925,230725,558,26
2807,-5761716974723836755,186791,188491,388,21
2808,-5738234325670863567,180218,183418,470,10
2809,3065040028698321239,227822,233922,668,17
2810,-7582431957400559815,142315,147515,523,28
2811,6766000261310845681,171067,173467,436,37
2812,-1338485805742754430,200792,202992,474,40
2813,-1719726625323831251,154611,156011,332,44
2814,8427820319450676711,202287,204287,535,16
2815,-8585430013755737817,318029,324029,761,35
2816,2868844226854486952,177071,179771,460,26
2817,1720103636101056425,278228,281928,624,28
2818,7613363104793942958,203373,206773,481,61
2819,5911303304260252447,315814,321514,687,44
2820,4904658470202508576,238040,242440,533,37
2821,5788331264932893592,196527,199127,481,25
2822,-8570871570856829633,318448,324748,764,30
2823,-5763948046189132498,183285,187085,476,35
2824,-5523753703682817232,198766,211466,474,25
2825,-5335994655825165677,200822,205322,511,30
2826,9145782647064275697,299238,323138,650,19
2827,-8332750211525018475,215922,219522,542,27
2828,9201117667068589665,141835,143835,323,44
2829,2819122723360190654,260028,263928,587,37
2830,-3793519779243837047,223379,239979,556,62
2831,6810122171636230882,192188,195388,479,16
2832,1754649615112088565,205208,210808,599,13
2833,-4221312294842346859,282976,289076,672,51
2834,-6046445007807011098,263829,268929,707,29
2835,-5153151944792084015,249961,253161,531,19
2836,8278988125452061104,296562,300462,664,40
2837,3047522909237114106,198199,201299,472,32
2838,-1312344541039602096,226227,229727,429,38
2839,-7884124729540498076,196461,198661,553,31
2840,-2666870945405235597,214948,221148,546,22
2841,2709002561901919120,235485,238885,544,21
2842,2724960345430341042,170170,172670,425,21
2843,-2361761835527259204,229688,233188,527,22
2844,-3967719361078935050,194167,196767,525,15
2845,-4316100370600613871,293438,298238,645,53
2846,5596436511699711776,241321,264221,515,36
2847,8638728961496153327,211130,214830,485,35
2848,-858263792037988969,243930,247530,501,25
2849,2223981104219590467,308895,313895,609,33
2850,7456346770803381174,261990,267290,685,64
2851,-4087810916724037732,170717,173317,451,37
2852,5913634502140021211,244316,247216,602,14
2853,-1859321544932800729,225737,227837,522,17
2854,-9222791013794920438,205918,209118,577,37
2855,-2634960720385908376,138303,139703,307,61
2856,6331307097443269360,247894,252794,542,17
2857,-2215500521632904040,226018,228218,534,42
2858,-987041545484359658,180846,183846,441,27
2859,-4326651378147467018,178149,181049,454,29
2860,4730632492326542063,177347,179547,381,50
2861,-7455954885103937713,186735,218835,548,57
2862,-6055688241442921357,154699,157899,421,36
2863,-6152210039468209788,200565,203965,429,41
2864,-8717311813192465386,198390,200990,551,31
2865,4691979377987349372,174515,178915,460,35
2866,6914535014627913603,227410,231410,567,45
2867,780112536096156320,203601,206701,481,26
2868,-7901097012740872992,261419,265519,600,28
2869,-6530028967021178916,323831,328231,776,31
2870,-8905912201974758892,199556,202556,510,9
2871,-9058509927096886454,212302,214902,434,11
2872,-4721028007244776976,228617,231117,522,38
2873,-6372020136258686178,156356,159256,429,33
2874,703628550394454505,206629,210729,676,40
2875,8030757864872854191,200893,203493,450,72
2876,-5241248135226251519,156702,159202,469,34
2877,3534807491520004183,225388,228188,652,37
2878,-3792811251954943254,219762,233262,450,21
2879,5853172623268311846,239572,263572,601,33
2880,-5331190513390321933,108307,109707,269,29
2881,-5827057674297346602,171835,174935,410,31
2882,-2369129292155364833,213858,216758,541,41
2883,-6639919860911596843,282665,289065,661,9
2884,2306877023428705215,278140,284040,715,30
2885,1164607867886084398,193653,195453,450,8
2886,8425273431532743965,253962,258762,591,34
2887,-686724277917330795,160144,162044,418,13
2888,1678596881131298413,309840,313940,674,42
2889,1624839148485125219,262257,267557,667,33
2890,-3243964858112607825,265826,269426,586,34
2891,1449515555276324731,164503,166003,496,36
2892,8235375461253910769,283949,288349,723,28
2893,-8678807023605727753,342019,349419,768,48
2894,-2939706778564689232,223505,226205,478,22
2895,5410549642770214572,141616,143316,322,53
2896,-754273326347035275,195286,199286,493,17
2897,-829070477747032177,178943,181643,407,61
2898,-7657067908134485826,229811,233211,631,28
2899,-4622995846416001873,217484,219384,459,21
2900,6253968465261152844,186880,189380,412,24
2901,1304190053697023338,189588,191088,384,12
2902,1136548615943711524,213855,217455,501,53
2903,-3645107878140086706,237019,240119,558,41
2904,-873837486802659751,272096,276896,693,11
2905,7150752784835053241,291549,296649,695,31
2906,-3997607859335199900,322539,326139,742,31
2907,-3735589254314654885,197029,202729,595,38
2908,2800149310600182814,375575,380875,754,33
2909,-2339355917945871445,140062,141262,397,52
2910,-1325172307156137428,228821,232321,653,19
2911,-648510105439519156,232022,235622,572,64
2912,3389400599025088659,184873,196573,419,35
2913,-8530937291581773244,212081,214681,415,52
2914,1639563627265862362,371721,376621,875,12
2915,8423320626006554332,276892,279692,610,42
2916,4673226254136410127,193418,196418,401,50
2917,-551011482803078182,240659,245659,566,34
2918,1422912023473207510,186352,190552,539,46
2919,-2275240843614411808,347488,375588,781,60
2920,4240198824219642410,156835,158235,354,14
2921,-4154689522350991397,287279,291979,676,19
2922,-3775947763556994202,274143,278543,648,39
2923,8571202985660347023,156269,158369,451,27
2924,-8554428548301246601,363372,370972,914,25
2925,-4220679136452121265,191052,194952,415,40
2926,-2867308940138908559,200102,203502,408,34
2927,-7999993827152169559,258989,281689,622,51
2928,3880390348209954192,248911,254811,602,56
2929,7879193056395082253,235468,242868,572,31
2930,-7868782314703696721,344690,349990,716,41
2931,685720214290954671,203418,206718,495,13
2932,-3332339005513985330,172065,174765,435,20
2933,-6741086453592609421,236364,239564,551,26
2934,8983790565429340414,272986,277886,690,15
2935,-6145748740416598996,176374,180174,464,41
2936,-656583187351830989,216792,220492,589,16
2937,-5613866204095864015,176064,178364,521,30
2938,8349953033204666952,193488,196188,422,27
2939,-7749638179681411875,118771,120271,367,27
2940,2184634153581969736,218298,221598,459,22
2941,-2252863227014436916,141610,144110,379,34
2942,4438622336583720113,298667,303567,792,27
2943,-1626468912858295158,210735,216835,558,44
2944,-1984634945375978060,141736,143236,320,26
2945,-596552902818926391,336761,341061,694,31
2946,2811001509950570806,176535,182335,535,27
2947,-5775351582889383881,330631,336731,836,47
2948,-5165293286973460221,144605,146805,349,34
2949,487801969257791455,174904,177404,313,32
2950,3598802603766022743,234130,236830,466,49
2951,451266404341260920,303723,307323,626,35
2952,6243410281674315758,184789,186989,554,35
2953,-6317620545680683119,194026,195226,421,49
2954,8349249872559733299,271278,276378,663,30
2955,-4498482377614356269,253826,258226,605,31
2956,-48733780198077320,201360,202960,492,3
2957,2941476661785332004,195452,198652,481,14
2958,-1252456637400027379,189747,191847,371,50
2959,-4360443758206786445,326379,331179,753,20
2960,-831700606676274781,221376,224276,433,32
2961,-5103184076114174573,344432,349032,776,13
2962,5224819134837521892,214617,217817,504,34
2963,-2416825393879765814,209528,231628,420,16
2964,-6005047561531098700,275594,280294,628,41
2965,8907793865667916131,177793,180093,471,34
2966,6916589265579866724,252420,255620,593,53
2967,-8327042285726899569,276570,291770,659,31
2968,-4777065697077670876,258857,261457,518,48
2969,7175282504910493935,306518,330518,710,39
2970,-4824452373006595486,249628,253428,691,7
2971,6208397893213225629,225821,238421,522,47
2972,2581165177954629029,312454,317854,787,48
2973,-8659251445745554197,212444,215944,478,18
2974,3936084129906488789,166338,168438,391,32
2975,1411563740342657915,226741,230041,597,24
2976,2365489696226685378,122807,127207,420,37
2977,5424781332815927159,183553,186253,482,44
2978,-7051482097807466046,159262,161162,384,44
2979,-6544976550861617300,207238,209738,473,22
2980,7418951477151907502,319105,324305,700,48
2981,4788284624500808659,213764,216664,463,47
2982,-2280887547775605954,229228,231228,515,16
2983,-1227953720192248525,256776,279176,469,41
2984,9029500509976401092,252286,256086,593,24
2985,3877607507703720566,259166,262866,625,31
2986,-4969052644077361234,285386,298386,569,23
2987,-681182737308584704,164957,167157,381,24
2988,-2524733308219301418,169296,174696,513,15
2989,-4008418627658203122,169048,172248,510,65
2990,291477941714672046,257518,261118,642,43
2991,-547626689611682433,232373,235773,575,40
2992,-2790278339997480469,241385,244585,589,45
2993,-2675958356129963280,230999,235599,531,10
2994,5860008273720427698,172463,178163,624,33
2995,6844016957284890370,189948,191548,398,34
2996,8880753389715893804,236115,239215,525,50
2997,-50293403903010753,195322,198322,448,28
2998,-1555981820308282890,248995,263895,548,43
2999,6893593330501560610,312332,317032,729,35
3000,-3212149281457139076,206342,210442,506,39
3001,6466033570510756933,195917,198417,494,51
3002,1905835786670572539,184180,187380,487,29
3003,8837413104497241829,332096,336896,769,31
3004,-2843504759763409072,219622,222422,500,45
3005,-469191246069749424,242495,245395,537,38
3006,-609574064891274203,251160,254660,704,31
3007,-5133299738594439182,232545,236745,694,34
3008,4065668767319715348,388490,424090,917,20
3009,-8879855678621102328,209984,213584,491,67
3010,8387043129093277003,274423,288623,613,54
3011,-5110469191654056465,251530,255530,589,45
3012,4388341078623367441,156267,158767,422,37
3013,8688049655481079526,199681,204381,463,36
3014,1348476220191507418,245701,248801,599,28
3015,-4841266462194487347,240564,243964,530,17
3016,-3146333918824910663,238534,252734,647,0
3017,8821415511653989312,163342,165842,447,33
3018,5985826423839807198,254921,259621,608,67
3019,-8906661999064262097,255686,270286,622,22
3020,-1627952529636786077,291907,295807,678,23
3021,593830517639465041,261221,265021,600,20
3022,2516710535929865829,267448,271748,601,22
3023,6806955309627228796,207799,208799,470,20
3024,4058657413139464158,112782,114082,268,20
3025,8461558643943405960,288133,293033,670,7
3026,2429599612035446864,156314,161114,518,34
3027,-4780066208063959752,328049,335249,799,34
3028,6272081760254924542,234802,237902,643,18
3029,-8687587779505796325,203255,205455,504,43
3030,-3023249603356445911,192939,196939,531,22
3031,8132090463909078024,249981,264681,576,37
3032,975256062084002953,273702,279302,642,21
3033,-6139575668761271715,193716,196516,477,7
3034,2202378763665165488,187757,190057,449,30
3035,8270606780801650036,257354,261454,590,11
3036,4192137288900767184,346890,353190,755,29
3037,-5766576597959283082,274903,279803,615,44
3038,-4616748370085539063,164703,168403,423,53
3039,9096350603033190939,185594,217794,458,14
3040,2751508902300231407,273769,287969,589,21
3041,-3970131222338781698,170614,172514,375,30
3042,-5285195546178557878,263102,267902,718,50
3043,8900714286384223002,109372,113372,510,13
3044,5549475206069623022,235836,239636,668,33
3045,8745800218383550239,180341,184141,427,18
3046,2779342782011097729,258968,264468,597,70
3047,-5240521110181789671,290681,293881,555,20
3048,-8179152124819722569,179417,182517,494,45
3049,5470283257102004610,203259,206359,403,11
3050,2010961114202382768,206184,208884,498,23
3051,5180182070780762002,247214,251614,529,46
3052,8676536568943618996,153630,155830,401,38
3053,-199893827354934503,173098,177498,383,36
3054,-3563561338557584375,187362,189762,430,36
3055,3304197330054295373,228014,231914,554,11
3056,6061074732548164919,199255,202355,505,40
3057,-971219082088249235,189162,192262,466,53
3058,4254698928647471719,244626,249526,610,38
3059,-4411748366858225881,335886,340386,808,53
3060,-5857436690624829207,213135,215735,515,78
3061,-3122764730380382219,220797,224797,468,26
3062,-3631986061836937247,179832,181632,422,29
3063,8282443617190208668,194117,197317,552,27
3064,4661694818159966347,306718,315318,671,44
3065,553752828661969312,272656,277756,704,20
3066,-5961840366626966110,194014,196514,435,25
3067,-4539639452114371265,302355,306855,631,67
3068,2718287770224555021,230900,234100,509,26
3069,-2137644969709177522,235346,258646,595,26
3070,7485238222076161604,222073,225873,475,23
3071,-8104033876528158681,103972,104572,301,12
3072,5673832714439030667,151541,153241,432,21
3073,1788513890624629291,191139,194439,441,32
3074,2135768878154762939,230436,234836,565,24
3075,-1580535599473635212,215301,227701,478,61
3076,-3450243853591652627,193556,196156,455,36
3077,-3599947904674495748,219083,222083,479,43
3078,-5624016216658718707,229223,242223,534,43
3079,4568464878070713565,301055,306355,691,41
3080,1803662872295454030,118122,119822,292,28
3081,-4245943560430177999,240877,245177,575,36
3082,-8646242121297304296,264770,277570,572,31
3083,-4331643345793467615,223499,228199,757,32
3084,-5855100764487304560,283463,288563,654,45
3085,300046010646728230,159109,161209,454,28
3086,8978615062919977241,140595,142995,389,30
3087,8936940622881418095,194766,197566,481,49
3088,-4503024250825007564,253811,258211,583,25
3089,6900313741600362841,211140,216340,510,16
3090,4398236120836918185,172331,175831,490,31
3091,7698184373025715943,322362,326862,751,32
3092,-3559672506464497978,265740,270140,684,30
3093,-8788705353818905302,242363,265863,586,48
3094,-4734083109285945910,160150,161850,401,37
3095,-3362383272285963397,241593,247093,635,38
3096,-3569480297954617689,174515,178115,465,8
3097,222971080693750519,191581,194981,524,36
3098,-9088093347616579074,236051,241151,658,22
3099,-7874505408994281212,178483,182083,619,11
3100,3697773143867567618,195917,199117,452,17
3101,-7555302392563494431,118681,120081,295,16
3102,-5775156379237618726,248197,252397,500,34
3103,-8477830728465248229,243083,248783,629,47
3104,7242038778810320935,266288,270088,619,45
3105,9174834153459794115,133803,135903,442,15
3106,9120910941697746215,203891,207691,508,41
3107,7191974617247433782,198684,200584,438,33
3108,-2538625668600812375,244469,247969,596,50
3109,4743240248526528412,288751,291851,709,45
3110,4184759276899998169,158698,159798,349,52
3111,8374087179128194656,235547,240147,571,22
3112,7977167082102395026,224289,227289,559,42
3113,245000716761618352,178938,180538,446,49
3114,870876093932159298,180611,183111,410,24
3115,2906879938496020688,282260,286260,574,42
3116,136321497945572039,197791,201791,474,60
3117,-2948748297015577704,189648,192848,431,55
3118,-5170245360713439731,255463,262263,633,46
3119,6068874041774978575,190414,193814,468,60
3120,-5250991715513513399,193512,197312,476,38
3121,6991798759601725484,228498,231298,652,22
3122,5942708450207837313,299346,303046,698,37
3123,-2902998764218704860,320340,324840,791,26
3124,1027858691441743285,258006,261106,509,43
3125,9141054139029548368,296474,320074,607,27
3126,4392045871569419242,174869,177669,414,37
3127,-1061453953079168387,318890,323790,696,31
3128,5042916726015450531,203989,217789,487,23
3129,-5532045783591682396,164555,166155,502,41
3130,4084146612334079070,353652,360152,732,29
3131,-7578856835481676007,273656,277956,610,57
3132,-2351171250663197991,194657,197357,444,35
3133,-7868792371000557752,333670,340070,804,33
3134,-3001131758729170154,291504,327804,643,57
3135,-2958304433112426648,222519,225819,468,68
3136,8023726459624525218,270898,276098,662,36
3137,-4785910338728274825,359281,366381,783,44
3138,-6862020093213388651,201657,205057,436,26
3139,-4044992353756691983,270107,275407,567,65
3140,7701390153756963415,216086,219886,495,26
3141,-8728565442002681367,141898,142798,438,35
3142,-1481666472687684519,241920,275220,495,42
3143,-8157695378603107617,134463,138863,378,26
3144,3257788161180588650,300060,305260,665,29
3145,7198253109198535168,154716,155616,421,8
3146,8398998387210200088,233599,236899,555,28
3147,-5848190492423396258,303904,318704,642,28
3148,8937131851064764256,157823,160923,459,42
3149,-3212688035874480602,276762,281862,700,52
3150,-6796258289738360126,316005,321505,706,66
3151,3611987731643614350,211927,216527,517,50
3152,-3839139696761883418,310486,314786,613,69
3153,-4602909140050408363,247582,250982,545,13
3154,-8935587760356095389,202439,204939,453,38
3155,6627839235682960880,187740,189840,440,40
3156,-2022257218564707387,153933,157933,449,22
3157,454420180910168679,252136,257136,588,58
3158,7784237389196618700,188406,191106,499,18
3159,5116591140059895882,199865,203165,433,21
3160,-1129500494283297200,277015,281815,655,17
3161,-2493230267464242126,194873,199173,512,10
3162,-645863653772355689,159457,161057,353,41
3163,-370882518652631822,199231,207431,516,41
3164,9023381321880478072,174867,177267,411,32
3165,6660719556231505034,256412,260612,517,55
3166,-2358699725342467481,212597,216597,550,41
3167,-3402388298423458237,200533,203333,519,35
3168,9080301040905460887,234687,259587,547,31
3169,5004758205952379649,194436,198236,479,52
3170,301963874145006263,227433,231933,570,18
3171,460958225288689698,252837,266037,569,52
3172,7647891999386461371,249070,258670,751,42
3173,-8448201683122387656,169410,171310,456,45
3174,280299669033158342,246248,260148,500,18
3175,-1428094729391588300,267452,270952,628,52
3176,-4615151788603950369,212284,214984,454,52
3177,4217349966653382857,231073,234473,470,45
3178,521711486442055354,240478,243778,585,34
3179,7753025264020446020,222705,235405,525,40
3180,-2873613776305296531,90920,91820,332,20
3181,4281452321335703933,269736,274836,589,40
3182,3278660727727251064,246783,261383,481,29
3183,-7784418682277998706,258271,263171,631,37
3184,9013601759608198049,233235,235735,533,11
3185,-3914603789806777014,237429,240829,569,46
3186,-764784709645482594,217314,220014,474,40
3187,2808296110979132647,231911,237511,612,18
3188,1936106864215528001,201665,202865,432,7
3189,6739756813022477738,243838,247738,518,24
3190,2398747476617055252,183621,195621,412,31
3191,4542078252007851227,185249,187549,425,7
3192,154417160241727767,269260,274060,656,26
3193,-4278587586015049127,197400,200900,454,17
3194,-2610876056080899347,143206,145706,387,23
3195,7266398875584464077,297062,302962,678,48
3196,6358798575180877524,194689,198389,430,9
3197,-447945420774111674,237892,241892,715,44
3198,5082184332581271159,190685,193085,541,21
3199,-8512381256690112670,187628,192028,481,24
3200,-7323144104869092292,225395,229395,538,78
3201,-4996442913679110056,203589,206589,463,28
3202,-4904221836312702689,354218,358718,791,37
3203,-6629840612637567943,216357,219857,548,35
3204,5020669084156199974,187906,189906,393,52
3205,2039877065064663988,281451,285851,706,44
3206,-6015610620108147122,212188,215388,534,32
3207,8531108167896128967,287994,293594,643,33
3208,-6115774647958005535,288817,293117,663,40
3209,7081308542237163706,175175,188675,434,14
3210,8938860870369745617,229712,231712,492,14
3211,-1323309953225203381,155691,158591,566,44
3212,-5229974747818035148,225911,229111,532,30
3213,-8475629753331366172,258530,264630,625,27
3214,7172469961294379087,193480,195580,462,60
3215,5390828515426239925,206196,230096,434,32
3216,3125604470947639393,223028,225728,542,73
3217,7031073385395485320,251133,263633,529,44
3218,3709380102748955045,395387,412887,916,54
3219,-6731358658410769904,237387,240587,554,34
3220,-4029882767486989442,307028,311628,703,36
3221,8989091907285156958,192523,195223,452,10
3222,-2310486553636716856,157635,159235,403,39
3223,-8979742232653039806,270527,275427,797,30
3224,-3458424444037005026,193140,195440,453,32
3225,5526776877602192085,160954,162254,381,49
3226,8208131636287605844,314479,319879,739,45
3227,-4958275592283308673,258683,262683,621,18
3228,-6350397966965229882,194106,196206,412,28
3229,5579747819895191499,267547,273147,591,32
3230,-7420560802912855076,139490,141190,429,14
3231,-7412292763649468197,236480,240280,611,27
3232,305851765410081354,257092,260192,571,26
3233,7444984431312308244,248659,252659,632,26
3234,2453422128249348656,258712,264312,598,25
3235,5651032915609669013,192743,195043,433,29
3236,1198518690623404785,252690,256990,687,17
3237,-5812488453534825489,214435,217635,493,28
3238,-6096455612585304393,193081,194481,457,32
3239,-6875304393460890083,291331,295731,646,34
3240,6370526765449267752,215327,219527,522,42
3241,1966808359122422305,133647,135247,355,16
3242,-7722254777871690238,253995,257195,503,31
3243,-1340364084040896276,146841,149141,374,38
3244,-494774561618018062,208309,212009,420,16
3245,-328039120963853947,237488,241588,655,36
3246,4770687231013338689,294164,297764,647,42
3247,2355733168818842850,286182,311082,628,29
3248,-6916577337848385702,237220,241520,538,20
3249,-8785501850335308659,304321,310521,713,55
3250,2516333710528855432,218910,223010,500,21
3251,4718482659809833575,251555,255755,599,36
3252,6139024836951051014,290101,295201,629,12
3253,181837219813612243,312429,318629,777,44
3254,-3719910287315672720,359078,369678,866,83
3255,2631114646904789044,93149,96149,247,26
3256,5949496489420489906,281631,286431,663,34
3257,-6868000647894068703,166518,169618,432,45
3258,-8315405600358343276,245349,249149,577,37
3259,-6770760636212971476,191692,193192,438,46
3260,-5019976203651906627,260695,264795,597,47
3261,3718845505187826473,212635,215835,539,42
3262,-6130751009033133031,147637,150737,574,39
3263,-2533598478598875832,207861,211061,443,42
3264,953018730397435209,155281,157981,444,19
3265,-3328433061675251458,276548,281048,670,53
3266,7558056441535556370,212047,214847,454,39
3267,-4749202331427418681,157061,158761,414,36
3268,1422235401312377190,205596,218696,514,29
3269,-2633639827701142691,279226,283426,634,40
3270,8972458973186267884,203483,205783,487,19
3271,1542188647402087432,216204,219904,533,22
3272,2630054247078556027,387931,395631,877,40
3273,4132216135677224800,290824,295824,710,35
3274,-2181686226714392456,294633,298933,638,21
3275,-4886402200139073645,192601,194401,413,18
3276,5702641974845865806,146730,148230,379,42
3277,4027634900975383130,192266,196066,476,29
3278,-4286126992215500953,242413,246013,573,27
3279,-3886341569588136614,248279,251279,666,26
3280,-5156454164207473715,208910,211610,455,49
3281,2126996250909610466,196988,200388,528,41
3282,-7557988463890787515,237376,241076,489,10
3283,-4786635868463466255,254529,258929,561,25
3284,64039954535150820,264679,271979,678,52
3285,-1735140981221939488,284753,289653,665,26
3286,3861735385210681604,304870,308770,634,29
3287,-5547480258268023012,240061,244361,588,37
3288,-5704501453244803778,211543,214343,455,18
3289,-4188670651302778427,210872,214772,633,31
3290,5168640051396815922,144555,147655,399,51
3291,-3226093409999479417,216011,219711,514,48
3292,-324103918975724789,216622,221322,571,40
3293,5876617243315829449,227443,231243,640,16
3294,8477506061575301318,243849,247149,547,34
3295,7198309275894624381,336185,349885,689,52
3296,-3098099485271198900,301935,305135,693,38
3297,2533390611299749110,127255,127855,321,46
3298,4213614895819279737,222256,226756,594,4
3299,340276581849414833,267199,271399,583,47
3300,3547795566404586227,291564,296564,686,21
3301,-8802907058122565224,311239,317639,702,65
3302,-8240901952758053175,222928,226428,458,34
3303,4997577382427912717,299874,314774,675,30
3304,-5085004708802553836,269735,314635,641,37
3305,-8401435174976216831,302522,307122,703,30
3306,-7919583653930273513,300903,305903,757,13
3307,-4748550027081623857,230879,236679,805,41
3308,2306567900537362172,214768,217368,543,39
3309,8011827211047769597,106609,107409,342,12
3310,8762137214744779129,225120,228720,526,25
3311,3492438501081780082,182159,184859,500,34
3312,-8247174005320520728,230081,233281,564,15
3313,-4094450982385057897,196300,198900,485,55
3314,7672493892893938361,226933,240633,567,52
3315,7899210677719248634,215118,219318,510,42
3316,-8677695765931284646,188212,191412,431,21
3317,1106307861318518535,230510,234610,589,48
3318,-7558522534741357882,273339,278639,590,33
3319,1050427773682657152,209524,212524,468,41
3320,3867070604224336630,197579,199679,509,15
3321,6134797615081331959,234457,237457,504,37
3322,-476869640532530484,271815,275915,596,43
3323,7797023184756970740,236208,238808,582,28
3324,7309640204505244777,217268,220568,488,37
3325,-5833858876734651985,74007,75007,196,26
3326,-3637231591768492113,186161,188761,472,71
3327,4730713959897456418,318954,323254,711,16
3328,-1826749524833449707,268953,272553,584,45
3329,5012486471694954217,337275,342075,793,41
3330,5303163506322583353,161898,163098,436,32
3331,-6627094724125423375,165591,167291,446,38
3332,364375979111688945,304976,339976,659,55
3333,-1322052640036087211,194194,197094,466,39
3334,-7461930803813725862,157819,159919,331,32
3335,3394254305719805322,83603,84203,324,49
3336,5025753188348952233,332881,337881,737,17
3337,7868786538383628799,323272,328772,788,54
3338,6958419174693040319,165151,166651,410,25
3339,-329773696361499688,169309,171209,431,19
3340,6453243737842746230,168565,176165,478,32
3341,1493839396088931472,212710,217210,481,41
3342,3522764256095962181,321057,326557,758,56
3343,742501563295396188,189143,192643,466,8
3344,4754415993066432812,227358,231958,542,21
3345,112565912594881568,228493,231093,576,18
3346,-1716877384022378906,145558,147358,414,29
3347,2949453005726471908,217806,219106,497,57
3348,-5029356608751795948,319549,324549,851,22
3349,-5104030758150928987,200778,202878,517,54
3350,-8282171590110818180,174221,177121,489,24
3351,8519994664825387520,168979,171279,450,32
3352,-8153668408723771591,228504,232904,502,28
3353,-6430819572797771956,240761,242861,488,28
3354,-8615261133165584232,261163,275963,599,57
3355,8369326376877658523,205842,208742,565,52
3356,4949867094548519295,248491,252891,625,11
3357,-2612589772044257824,206424,208924,605,21
3358,-8564103402999521760,216154,218854,492,33
3359,8484676666183939272,145674,146974,428,14
3360,-3352845309430684265,230210,233910,521,53
3361,-6667492173978167671,283548,287548,632,33
3362,234570419586900245,231131,244131,546,42
3363,-4353041579372913216,184064,186964,421,52
3364,-2724909305076558353,304122,306822,629,33
3365,-8449103182366343458,219366,220666,492,39
3366,1543798065444477782,225535,228235,541,19
3367,8360906254342460303,243563,247463,577,32
3368,-8002510494492288409,244102,248502,602,9
3369,-4211010003025343777,232012,234212,425,42
3370,-6852515540089769518,110442,111942,248,11
3371,-8881613003801620398,168068,170068,370,45
3372,1288900217004680744,230352,233552,478,53
3373,8664197778776988769,215329,219229,456,39
3374,7105557934949018440,239534,243634,543,44
3375,-6543516803683233135,242273,245673,590,14
3376,-4769000031088140351,212361,216561,503,46
3377,-1442777558508199042,191915,196115,506,44
3378,6212199624254249894,236085,240285,564,19
3379,-7819867749089379867,304746,314046,834,42
3380,1320279118518264076,281625,287325,722,43
3381,-3695324010382564036,223733,227133,530,32
3382,2001101154328574532,201239,204639,480,12
3383,-6162437553880268049,185317,188517,473,52
3384,-3106602211409605664,339187,345687,789,19
3385,-734347297936985092,226672,231072,541,20
3386,-4362022567996666267,277725,281225,734,44
3387,9150449308209030436,252930,266530,624,30
3388,-6848979530616561953,173390,177090,479,22
3389,-2821734215160012587,190324,194024,575,52
3390,-2734004309936972956,191618,204418,440,68
3391,-7851924459437714869,219616,222616,476,35
3392,-5729765451830077373,225536,228136,521,31
3393,-7414255143250813574,233828,247028,486,29
3394,1071783659218771362,154063,157063,424,26
3395,-1021138781326562673,295554,301054,553,43
3396,5438438408571103431,250099,253699,528,60
3397,-4733840735724047119,228336,240836,519,34
3398,6299505350030712814,208787,212887,551,33
3399,-1388665726303464030,175338,177838,406,0
3400,-6725274900182477539,290521,304921,664,18
3401,-3727991155522639275,280800,284900,613,42
3402,2451056319503604628,377330,383830,838,34
3403,-502615760708975504,120545,122245,319,19
3404,1429548006290872263,138845,140245,304,20
3405,-6733423504390918911,228738,235338,675,39
3406,-4307352093203066710,238139,242239,580,31
3407,-8458393567974247042,226059,229159,565,37
3408,1932065958108653008,251716,262716,511,27
3409,1867290507206856021,238004,241804,550,57
3410,3371563460685945029,227090,230490,530,24
3411,-8545973607348814838,229422,234522,494,38
3412,7436590561512066542,170682,172982,382,15
3413,3826497995083455193,225074,229974,578,33
3414,4127681056872397352,175668,178868,452,17
3415,7402579838567319522,148230,150530,416,35
3416,-153468662750044427,238254,242154,741,64
3417,7852526686765112431,159756,162756,471,14
3418,-6425242247335785958,168035,170935,422,49
3419,8732585173394690110,246195,249895,563,44
3420,5439632324960630030,141016,143016,414,29
3421,-592268621702963425,218870,222270,510,32
3422,-8268506361555860821,310228,315528,714,35
3423,-6841083095924735735,261828,266428,725,54
3424,-860772915034203079,340361,346361,784,49
3425,783137823562223395,170844,174144,451,42
3426,2447230032706669321,244640,248040,604,38
3427,-6957120972832226418,223421,226221,450,24
3428,-2724539330298167295,197544,199844,430,25
3429,-6064421037540269496,211025,213625,457,22
3430,-2112861683407982238,288076,292876,636,34
3431,3254781836676737983,299268,303368,641,49
3432,4000471586214867347,149069,151269,302,31
3433,-5122352237018961722,287183,291383,675,9
3434,-5607441747971260121,196727,199427,488,38
3435,-7359926855159553531,149023,149623,384,25
3436,6488423495873882101,282152,286652,611,31
3437,-4792634449910745338,276786,292586,608,40
3438,-9074621672577190772,331420,336320,700,39
3439,6067498238734898375,261674,265574,610,25
3440,8998331766804353575,266371,280971,697,0
3441,4852671275572480917,284809,288809,675,22
3442,227317029766799347,227766,231666,575,14
3443,3482219295973099819,262242,266042,578,29
3444,-2949760587033192098,220551,223551,461,24
3445,-904904812123821677,191589,194989,502,36
3446,7563884458496286141,171611,183011,403,57
3447,-7130719854501248742,266163,280763,597,21
3448,-2719358342402235822,252576,257976,634,22
3449,-1423667767136848863,254989,258989,603,30
3450,-6457728294617281593,280683,289183,593,70
3451,4035195536868743670,273593,277193,625,39
3452,367087831947377223,219018,221418,598,14
3453,1634404805262983838,208407,241407,481,18
3454,-8905803245137062099,279465,284665,755,39
3455,976873253727292838,231843,235743,593,41
3456,-2780492065139885103,234445,238445,527,35
3457,-3489406695992125126,259630,265330,583,50
3458,1888854364816473497,319250,324950,837,28
3459,-6598895640121278312,244283,269083,639,33
3460,-4695177498068630694,236139,239739,547,44
3461,-8759288765166254574,161718,164718,479,14
3462,4570168367587775431,279353,282153,620,48
3463,1923646309163043596,86237,94537,496,34
3464,-6095725113243254523,272743,297343,600,49
3465,9085637026858361798,242795,245495,578,31
3466,6258228434750764358,256279,269479,571,25
3467,8993218198942870933,192396,195896,443,17
3468,-5016622905811621209,259444,262144,517,44
3469,8964135748480644292,303443,307543,693,26
3470,4499954245702606195,211058,213758,447,46
3471,-2316015159416240553,239196,243396,553,45
3472,-5725053319961845421,210776,212976,460,13
3473,6163009402149330046,206516,211816,524,46
3474,4055348479844527070,167910,171210,480,44
3475,8468345546643635361,281089,286989,651,29
3476,-6297253141860789679,192231,194531,446,30
3477,2558334483804975736,214916,239416,522,42
3478,-1592814607226704058,310248,315248,827,36
3479,-2129544664042276128,251529,254529,588,21
3480,-6468645143684678270,232203,237603,578,43
3481,6688979009467916295,189358,191758,419,36
3482,4124441110781470757,177220,180720,536,8
3483,7522762827592517266,344893,359993,719,28
3484,361716928348537196,213947,216147,468,21
3485,-6397680495993843281,227899,231099,663,35
3486,4980616640335611905,203174,204474,446,36
3487,216507281966651197,230011,232911,558,73
3488,6829847479942790701,219119,222719,470,20
3489,-7890951599750580726,118293,119393,280,17
3490,-8978453234594198290,182373,184673,435,9
3491,7325801165941400207,311665,328065,718,16
3492,-5014634483415050829,194008,197508,459,34
3493,-6575445560502431031,298609,304409,682,55
3494,-6975435629795594707,205207,208207,476,19
3495,-4204391564002377287,191253,193653,455,62
3496,5977764818904877274,244215,258315,526,35
3497,-8355716010406063171,140368,142768,416,43
3498,3444353736504761286,261434,265334,627,34
3499,-3802683443287038535,116177,117477,356,25
3500,-4871936849196103547,201039,203739,442,37
3501,-3165579187461814051,194157,197057,522,47
3502,8101080455196809034,264502,267802,599,14
3503,-8110330491329237724,242009,245409,502,15
3504,8966342299133668550,249316,253116,603,18
3505,4848254636351101601,265779,270479,644,37
3506,3825261366921477405,130263,132063,332,34
3507,-4549851202095737088,321740,325840,715,65
3508,-2638019577475851024,281463,306363,629,46
3509,8209408398296987346,192801,196201,431,40
3510,3591655680286854320,283799,287299,688,40
3511,-5293905484988680806,261141,264341,668,19
3512,3606330019078771387,111047,112647,285,25
3513,8759350173575052877,242042,247142,716,47
3514,-507285056821108864,218563,221363,569,39
3515,7172207594912537320,305836,313036,728,15
3516,-5649792353006685853,282699,316199,581,30
3517,-1689323529370593894,222610,227210,537,46
3518,3425963700494355117,112267,114367,413,37
3519,-4367431096005345248,310513,315513,663,28
3520,7755920667736688752,229846,233146,490,52
3521,3005976113309072241,156298,159298,357,50
3522,-7356385473022856367,214633,217333,552,15
3523,-8849741069706017298,202346,205846,441,30
3524,-5873812979561044719,232472,236372,567,16
3525,2622621997303835029,290824,296324,670,24
3526,-4127691572316635119,403562,420062,864,29
3527,-4902140199101594529,220358,224758,548,29
3528,58203208155349201,263980,266880,649,41
3529,-928289492273263781,139766,141466,353,24
3530,-7178702138671346163,365861,373661,870,32
3531,2417321176081665004,167369,170569,471,26
3532,7241665255038086336,331714,347814,714,40
3533,-2031706599394093752,317111,321811,701,28
3534,8399398765314897957,158430,160930,364,38
3535,6912368038423035576,284112,287412,657,51
3536,-2755267803823956688,258757,262157,533,49
3537,-5529011496789650647,200568,202668,456,17
3538,9221695188705102932,399703,405703,941,27
3539,6551890302790664679,345157,350457,719,22
3540,-794110156295655179,261851,275451,556,52
3541,165568364238878215,223876,226976,584,28
3542,1910733415886333625,206157,208557,456,69
3543,-4634027270215153668,163554,166054,349,29
3544,4555416098448644637,342701,347501,758,13
3545,6397437959812053058,211134,235434,451,31
3546,-3906476670752370444,268908,273608,670,35
3547,7477868542701247550,205395,207595,497,45
3548,5448616907397295283,158493,160193,351,29
3549,8435373494170496934,225192,258492,532,20
3550,-8179815632571560192,225224,228524,512,45
3551,971479435467842225,177926,179726,409,41
3552,4501554390796663842,274753,279453,734,42
3553,2485370801103193969,281185,286485,701,28
3554,-6853807152125336567,300315,305115,650,37
3555,-8798196075417047367,235751,239451,612,34
3556,-8782025177096321990,198601,221201,424,21
3557,7222986056762313373,121578,123978,297,48
3558,6802641531694802826,252215,256415,598,41
3559,-5244093018150693057,220562,223762,575,41
3560,2293937662061615275,191844,204244,444,50
3561,-4576199266629788131,271535,276335,675,33
3562,-1234103270848840225,218505,221605,423,21
3563,-374312406732014132,249553,253753,609,49
3564,-3165340364616093411,232244,236944,516,43
3565,487163522039828739,277960,281960,573,36
3566,1614871303559892415,310113,314513,669,13
3567,8458004924090144675,305199,310199,817,42
3568,3004004056894214702,276572,280572,677,20
3569,5070346492029828720,215118,217918,496,55
3570,-1640093798099202984,177293,180293,495,53
3571,-7743168261543175715,227479,230379,525,11
3572,-8058955638935272783,189866,192466,518,16
3573,-5321635601828082216,373752,380352,902,22
3574,-2853664101970267751,183136,186036,516,30
3575,-5440153437581916137,254491,261191,727,18
3576,328194721766791909,193181,195881,449,25
3577,-1488570245463802194,261363,265663,604,19
3578,3490384168236719422,271569,276469,880,12
3579,6902836966481923596,203977,206777,465,35
3580,-8702997506471331649,235507,250007,589,23
3581,-1646092560446378479,230114,233514,552,44
3582,-7752651441462833411,189785,193085,479,17
3583,3400829390303446808,327599,343399,779,22
3584,7768053177512534485,244986,257486,425,18
3585,9190231414048445127,321221,326821,874,39
3586,2339080604729317573,252520,265920,533,23
3587,2396134896491738131,225766,230066,517,47
3588,-560138753906248182,232217,234617,502,31
3589,5292352732138010673,180029,183029,471,33
3590,5343952212763169502,250093,283393,575,7
3591,5619519446985032065,183162,185662,460,46
3592,8357372446091264928,227837,231037,539,15
3593,-5657708631305369539,291708,295408,609,39
3594,4675307834581557855,225309,228309,456,18
3595,-1165930047956690018,182548,186248,536,21
3596,-763363088838978123,249433,262933,524,31
3597,-820270461621663899,200747,204647,496,53
3598,5933273908212459707,275263,281163,670,19
3599,5478758859526458075,128455,130555,431,17
3600,-2498091488726457474,203713,206913,579,35
3601,6342855336010186737,250504,254204,535,44
3602,2179626061778559317,282666,287966,656,69
3603,-2931175742140862746,202259,214859,428,41
3604,-7906362242824532206,303051,306751,644,21
3605,-2542513749955608246,241419,256119,545,19
3606,-4429362110794109976,205687,208487,458,17
3607,-4105177691180715764,362779,369079,805,37
3608,-8901562185213520511,175920,178620,402,40
3609,-3337959972921560791,261121,266521,677,38
3610,7514346148658170597,202330,204730,498,40
3611,5573843085723094295,154357,156457,361,17
3612,7844475737133983437,207774,210074,470,31
3613,8810157912741142884,308473,343073,695,18
3614,-5227804378823748657,218712,222212,547,15
3615,-7165725870037446960,364553,372153,917,40
3616,7154705981288980583,281733,286233,711,31
3617,-3872757846753151155,226601,248901,504,27
3618,-7435403879550927894,280436,285636,636,30
3619,8385788892227308515,364282,389782,733,42
3620,1393931035513374224,199128,212028,464,24
3621,4836782992301823011,244997,251297,558,47
3622,8295196616327228395,226424,230924,694,40
3623,-3367212767551257959,153168,154668,299,39
3624,-6885951729033910996,189198,192898,447,16
3625,-4936705943892640671,185552,187052,587,45
3626,4736844244632496041,177797,181397,474,36
3627,2296069860086760543,248294,254194,676,21
3628,-3667468961851417607,235566,238766,528,46
3629,747868273756802140,256828,260828,612,60
3630,-3813941625418105903,181237,183537,467,31
3631,-5430991620750581313,214226,217826,544,46
3632,-5681352193857441960,195721,198821,438,26
3633,4277632220837881534,251232,255232,569,41
3634,-7481110530807632266,208976,212076,618,19
3635,-5032394761372236186,412945,420945,906,37
3636,9185496468109490850,266568,270168,608,35
3637,6433957283452697007,206179,211179,552,11
3638,5775419442142305144,192926,195026,416,52
3639,-126009837424970109,237599,241599,567,46
3640,-932771879877142279,179533,182133,407,42
3641,-2581493105883230811,290377,294077,640,45
3642,-6830596903399648005,194002,197102,530,26
3643,8573302541217267161,231016,235016,543,12
3644,-138060649098504182,223351,226851,480,30
3645,1694779478100530809,196059,208559,437,37
3646,-7282209434092573712,187555,189555,403,44
3647,2628331077806259611,167404,170204,413,31
3648,-7276737259096438112,282740,288540,657,31
3649,381497617323043734,190905,194105,455,47
3650,-3343107597186260103,337606,342906,781,35
3651,8970586036269942623,173180,175080,429,32
3652,6036375735067181903,276758,279958,614,21
3653,4512890377797417562,255285,261085,630,37
3654,-7453822353512460080,199414,200814,375,26
3655,-3665980041685874392,260659,275059,556,32
3656,2357948436360065501,337894,343294,701,32
3657,-7904839361049487840,205210,210110,510,13
3658,8208022862648539159,147216,150316,455,25
3659,-8749514045437285720,159778,161878,342,73
3660,-7316471710440062671,156580,158780,420,20
3661,-321989391172658400,288446,292546,618,42
3662,4246504431627091138,245716,249116,657,40
3663,6457318081858391154,255959,260659,587,65
3664,7260788434057319540,226664,231264,519,33
3665,-844598308452034296,292022,298922,851,23
3666,-4124097280377935505,285924,290724,656,30
3667,-1027207416445396737,177297,179597,437,37
3668,7056903380476295499,185353,188453,429,31
3669,-2457710863938535773,173448,175848,538,40
3670,2711766605130261890,262817,266817,596,25
3671,-7552485541047273881,208783,212383,506,43
3672,-7557701398596537120,265910,272210,672,52
3673,389862907378369991,189912,191212,381,48
3674,-6480131008155490355,288617,291317,634,26
3675,1434985105935378529,291356,314756,584,45
3676,-7549312474085027905,230130,235630,567,33
3677,1043515865532723042,249150,262250,610,20
3678,-8815952066544241224,210421,215121,520,24
3679,967475343743055189,198105,201805,436,38
3680,679401084124590268,227502,231402,660,25
3681,3289514233402750066,186616,189016,614,9
3682,-1707648093251019175,287268,290668,626,19
3683,-5064463833622396472,193255,197155,475,38
3684,-7707176315392672893,213117,216717,475,61
3685,1807828612442658742,130872,132672,358,22
3686,2769762620152324578,197671,200271,493,31
3687,6535350612695531132,180188,182888,445,19
3688,2201671120056936740,224929,228929,549,46
3689,833725831162741889,182589,184189,414,19
3690,-4795585500502854014,283258,288358,696,39
3691,7215779342853919044,234414,238614,545,50
3692,-7293111026928664446,179358,181958,413,32
3693,8251306942420989719,213674,217774,599,35
3694,-2852372610345277383,157599,159999,473,19
3695,4971680386865417839,181126,184526,414,36
3696,-4361246949950728227,232100,235600,621,23
3697,3948013827141045500,262216,265816,594,18
3698,1072092536757329043,278605,282605,830,39
3699,-683541847653556935,224104,227304,531,39
3700,1961933052912572902,259434,263234,659,54
3701,289825310861241488,164319,166619,440,45
3702,275989963799587316,201061,202961,443,18
3703,1797060436153940968,148066,150766,411,33
3704,-629675375788061450,202338,206338,482,22
3705,5060594608952848849,231968,235468,510,30
3706,-222589751398847399,235256,238856,498,47
3707,121059376687431751,316354,321854,783,40
3708,-4340401835253459450,206256,209956,590,40
3709,-3932961613804047886,278215,281115,632,27
3710,-6727939743589372108,328876,335676,804,14
3711,-7944005064263457986,400738,406938,869,28
3712,-7515182337870163620,169030,171230,443,19
3713,-1198885289758922593,196770,202170,499,24
3714,6291712560583798169,181156,184556,495,25
3715,6883130029097952558,282014,286314,688,39
3716,6524127104321917867,193677,196377,447,40
3717,7156948930113407043,236235,240735,671,12
3718,-2409184141425653362,180477,182677,551,18
3719,-259017119758790676,250444,254344,549,50
3720,7003489016544046639,237940,241340,543,24
3721,5107114937369205768,219440,222940,447,22
3722,-8128061333179497323,279943,294143,671,19
3723,-959267400455316558,201408,203708,469,32
3724,-2037661848966033692,101653,102753,321,21
3725,3568099868196642384,332886,348486,786,50
3726,8970924306556790024,131408,133208,313,53
3727,4001217639517623795,294524,301924,748,13
3728,-444752442867271039,189279,192879,472,26
3729,3537991335481302577,199968,203868,436,35
3730,-5424358873866345527,281351,285651,601,29
3731,5049774175878361741,260508,284408,651,46
3732,817255620119716890,192182,195482,560,28
3733,-8154545347030292540,241393,246493,572,35
3734,1781453463946321579,250042,253942,567,22
3735,5792845457862808594,157307,159607,457,39
3736,8976499148740404676,215880,218980,498,46
3737,4523495465515545095,186211,188311,428,5
3738,6148112514089168581,220902,233102,480,21
3739,7609131128672426739,192244,195744,526,9
3740,3012588321363731699,180842,183842,417,26
3741,-1531181950004839396,208819,212119,473,48
3742,2847235046677486805,263833,287933,709,29
3743,1769968017334615534,270524,275224,581,38
3744,7433275420468268234,197953,200953,495,45
3745,-8210912691803951381,175627,177427,359,26
3746,193429726763987458,131433,133233,369,12
3747,-3895869088722666016,252276,256676,691,33
3748,-1886221276062665836,346790,351590,730,42
3749,8557430361784730422,240457,245557,582,47
3750,-7658712271812561675,220056,222356,533,47
3751,6081192571641609607,183649,185749,401,28
3752,2262141349243288936,131694,132994,320,44
3753,-6066274250225185364,263441,265641,541,72
3754,9084721832358204201,120610,122310,424,50
3755,-1115536817457586473,181365,184665,429,19
3756,-2937738249988914990,325543,333343,674,53
3757,-4842883392926076541,296551,321751,664,20
3758,-9095510330412601571,208186,212286,533,35
3759,7044852029611699192,272670,275570,532,31
3760,-7597085574079995915,187874,190874,517,25
3761,-6084266714524190151,311732,318332,742,18
3762,-2253908334780187798,295017,301317,739,36
3763,6511646151908337714,213160,216160,526,17
3764,-6669907589707961121,223797,227797,539,11
3765,-187052632474579399,238938,244038,608,33
3766,-3224620901311998419,284357,289457,692,19
3767,-3230635729414169127,164441,167141,498,26
3768,2357836863034999344,187793,210493,418,16
3769,-1480350718153758282,183987,186887,548,47
3770,3877745556511589950,178100,179600,412,24
3771,-5720294424823755470,297988,303688,759,29
3772,2490652978094549776,285596,289696,614,13
3773,5437036582503652007,155062,158862,451,30
3774,2320175873640405578,216419,220019,581,31
3775,-4608333312557960346,308559,312659,703,17
3776,3066807327019657244,214283,216683,453,50
3777,-5091133272663655990,242977,247877,579,39
3778,5626285941570772469,185580,187880,480,36
3779,-1040032985141277181,288050,292850,693,14
3780,-4663281058764361147,245518,248018,487,43
3781,-4406440502725498150,266752,271752,677,30
3782,8060463915295045388,203824,207524,481,27
3783,-7272704284656212956,159475,161875,425,5
3784,-3888639587159146824,284908,290308,775,24
3785,-2344084149356261614,315991,361191,704,39
3786,2668053269327165094,189536,192836,428,25
3787,3530174727522100265,214326,218026,608,36
3788,5704306721227111054,180880,183980,445,18
3789,7417421090835604577,219047,225047,710,53
3790,-7675076167619275450,220600,225900,622,23
3791,6860172829346062911,340512,347012,813,23
3792,8984857106726327654,267173,281573,600,38
3793,-4439172049382294807,175623,179523,476,64
3794,-54998592031181171,209385,211985,595,36
3795,6614300943928300110,163013,164613,319,27
3796,1494522192508513131,219326,221626,450,22
3797,6709430591402555616,298281,301981,620,34
3798,-5668915398768628607,219217,222117,489,23
3799,-3800073837229239778,211307,214807,458,33
3800,-3153151910834229483,286809,291909,662,58
3801,2699507142269700972,233492,237292,577,37
3802,8845704073014477644,193761,196361,424,21
3803,3559619797670488738,199020,201420,476,43
3804,-1456651372499349864,157169,159569,418,24
3805,-6008162930074529343,169959,171859,358,47
3806,-5291029871078266483,209481,212581,511,50
3807,-5447370461559103680,250510,255510,620,36
3808,-4032525738360526765,193952,196552,459,55
3809,6783761106246505651,201171,204371,451,36
3810,4541592012617936559,235016,239016,572,65
3811,2892427591063392589,193243,195443,506,33
3812,-9053731129445210312,230091,232991,570,55
3813,4196652964348698955,263055,267355,642,13
3814,5133738090100305088,282790,286390,600,46
3815,-8948702942046305545,186026,189526,442,15
3816,8043130020826991258,260647,304947,602,36
3817,3926582241254771906,298620,302320,650,21
3818,3808714127693362772,184358,187858,439,21
3819,3064619620233918014,253263,257363,598,55
3820,-2777319179189052180,247448,270448,560,64
3821,7772059921258865936,176073,177773,470,26
3822,7154916616040115076,190112,193912,447,45
3823,5366364894017710326,210064,213664,561,47
3824,7317634122376908476,184114,187614,506,45
3825,-2670426120357723085,235347,240147,562,39
3826,-9078260142539030560,314152,321452,801,19
3827,-8825427618546192505,147432,148832,349,26
3828,-1366070627931249349,193376,195176,532,33
3829,-3872543035664670183,233475,246275,482,16
3830,-6264095980010808751,219677,233277,502,32
3831,8890891866657098551,208947,211847,583,17
3832,-6342462131040703931,250936,253836,536,25
3833,-2299369761825290490,181222,184322,520,57
3834,-2626075681188690381,186938,188838,384,12
3835,2304775559154526405,240050,243750,578,41
3836,-370193864244803341,211372,214372,511,16
3837,-3248150717139504801,197192,200492,445,27
3838,-7705673087176422853,270977,274877,671,58
3839,-5739744351332857575,269767,275167,605,61
3840,-3741122093675972182,171426,174926,582,26
3841,83944119357309492,239386,241886,544,21
3842,1764574242742235414,344716,350216,827,21
3843,-3515798610502375093,194489,215789,419,38
3844,3313430193081072961,221756,230856,675,35
3845,-905904604412390577,187047,191647,559,26
3846,-4738178662814672682,297828,300728,623,37
3847,-877843949435329967,240128,244528,607,17
3848,-3300408781414104018,239590,243690,503,30
3849,-1327425382040360909,121916,123516,294,16
3850,1303940933401532498,269902,274002,729,44
3851,-1378858818594120419,295975,301875,703,12
3852,103004768780602964,231429,235829,482,43
3853,-4165508625455230495,277570,282070,619,29
3854,8504931171547827410,273359,277259,612,75
3855,-2130654158583883423,280738,285138,691,25
3856,-5483155793312030215,207471,249171,412,41
3857,-5462047681313066865,260301,264801,695,22
3858,-156115223456322036,281811,286111,632,28
3859,6054689992580027012,271732,294532,590,14
3860,4531070557543366114,189363,191563,452,31
3861,5627076474562690108,269156,273356,627,33
3862,863114916452936431,199150,203050,464,41
3863,3480816062494964777,258507,271307,555,31
3864,7865504310995806925,256074,259774,564,40
3865,6870981737031453127,131938,152738,405,26
3866,-72314256457557596,241392,244192,580,15
3867,7376202173192813374,190698,193998,463,20
3868,-7780442927796844065,318482,322182,673,60
3869,8650882851117970524,293556,297156,646,30
3870,2302109796717460942,205178,208878,496,30
3871,5657011326148816489,276766,281066,650,64
3872,-7772850531093508633,297628,306128,716,41
3873,7919783976144338644,250121,252421,594,41
3874,-1626195901765361697,201229,203829,450,54
3875,8079313491244655898,238548,240648,563,54
3876,4267470475372115704,176493,178993,477,38
3877,5817817336079312063,196903,199403,522,35
3878,-3225792871678625879,241243,244743,566,31
3879,-5829668740981360295,196347,199047,482,42
3880,-3496886606561780297,182632,184632,477,30
3881,-141225396120249026,277577,302577,626,18
3882,-4174741893718304596,305441,309841,745,3
3883,1434407268862317854,247670,270670,597,29
3884,-3791052087059223288,191993,195493,677,50
3885,3335913266162900906,225047,233747,687,27
3886,3664793239957349549,144133,165533,280,22
3887,1543035206712641881,339653,345553,784,40
3888,-8455082793899974755,210538,213238,675,28
3889,5501632506277944687,228186,231686,513,13
3890,8102430130587037392,183920,186420,517,58
3891,3741502193263292996,254877,258677,619,33
3892,-7634762072743737019,239310,243410,699,36
3893,8008349422670874342,258235,263435,665,47
3894,160067245862585788,160899,163499,371,20
3895,-5068450385516014486,219593,223593,477,25
3896,-48318853462411145,314268,318668,752,27
3897,-6005190065329505217,234280,237180,501,46
3898,6799748051879818441,245699,250199,677,57
3899,-6872958097824096543,230669,233169,550,13
3900,-1973021688442242780,326577,352077,690,38
3901,-7408673683512273647,293792,308092,638,37
3902,6333600118589936604,275707,309907,641,22
3903,4067071940181794465,222114,226714,569,18
3904,2267912913040266027,301324,306024,627,30
3905,7511578055393578655,250645,255545,587,31
3906,4945282500956046809,246394,269794,552,25
3907,-4850833187805356851,192778,196578,489,30
3908,-4608831345846160176,169870,172470,429,31
3909,3477760775456694173,223357,226557,544,8
3910,8971602026420481154,234796,238396,535,28
3911,8219502096921008428,336315,339915,681,40
3912,-905530275172166322,321252,331952,640,44
3913,-1940087555964916960,192023,194323,532,34
3914,-4554697075007721081,195765,220165,450,43
3915,-480267684682629049,212066,215566,494,52
3916,6957648697050243794,256819,259819,544,30
3917,-1001988390412085282,241888,246688,571,13
3918,-4814620266914045579,233730,236930,562,0
3919,-7874003837808761044,169591,173791,510,55
3920,-4153186066452613012,227611,231911,694,24
3921,-381361624324700343,160742,162142,378,22
3922,-1127739265288258960,220503,224403,525,29
3923,1845238876053660473,211958,215758,478,37
3924,2416831471721888318,183385,184985,399,32
3925,6767512015687616303,211161,214861,664,40
3926,1711682791365355177,188778,191878,457,28
3927,8547396598653985816,230100,233500,582,44
3928,-1616000457446094107,216522,220022,550,28
3929,-1046935272255856749,222954,224854,461,16
3930,-8046962329892974233,113238,114338,424,61
3931,-4262563530803669866,187992,190492,467,39
3932,-5373143575481982736,228827,251727,492,36
3933,-1952947308884034186,265760,269360,608,47
3934,7525279349212036909,190644,194044,486,44
3935,-7565756297558101029,163162,165162,472,21
3936,4146159464047304783,277538,292938,604,32
3937,3288884873508862500,243351,256251,476,32
3938,4369402354459936680,201024,204024,445,42
3939,5872341105163768370,164491,170291,448,31
3940,-6162854900415484875,141176,143876,406,15
3941,4924762458908936050,186452,188452,382,47
3942,-4324272425430573430,188791,190791,443,37
3943,-145071710390956070,157191,159591,341,37
3944,-9126564418199771528,206961,210261,451,46
3945,6873705698719829218,236109,239909,518,68
3946,-8395514613554329301,190700,193800,533,50
3947,-6227839519973975736,307907,313807,741,30
3948,-4734311679531719905,214569,217969,487,32
3949,-540855217117976952,162887,167087,550,20
3950,5491847716374159271,303225,327425,641,46
3951,-7261330861296043015,155073,162173,569,39
3952,7822901577019747062,302629,307029,663,27
3953,-8735451119250955018,207417,210017,479,23
3954,-403429510118540139,192885,195185,376,23
3955,4375524704954298911,254774,258874,569,36
3956,-5465949740271105672,342594,347394,767,34
3957,259622096663830875,299260,303660,758,11
3958,513552694194142625,147729,150129,373,17
3959,6508051118046203917,300995,305295,720,50
3960,-8482947920681137454,278505,282605,723,60
3961,4144849891755326878,189106,191806,449,44
3962,-242076681022299023,306431,309531,634,44
3963,-9041209158614139263,166561,167861,351,47
3964,-5985958127683714187,246841,249941,632,24
3965,3384990135452433426,227983,231383,540,62
3966,-6182805984486117147,275224,280224,676,39
3967,-2824612239311090369,222266,236266,473,26
3968,3073765299719811177,184139,188239,468,11
3969,1331700731680763215,318672,324072,713,21
3970,6469236021844041523,248574,253874,556,36
3971,740787383277105531,306936,312336,735,23
3972,-55857273808640699,154221,157121,457,5
3973,-5955099345120090408,304749,311649,746,35
3974,-7943911097927111853,221548,224948,540,22
3975,4152988722170823748,170982,172182,454,39
3976,2137042971862187509,183739,187439,423,59
3977,-4181010622588619040,228234,232434,547,0
3978,-859020615839056054,277182,280282,623,47
3979,-8474061970134804442,108681,109381,225,26
3980,-618245386933262535,215504,218504,580,35
3981,-5294245035426513153,181075,183675,424,15
3982,-9110026125722540734,244962,250662,619,49
3983,6925030608945901173,186361,188861,405,47
3984,-4104885954829886649,213210,216110,487,54
3985,7862568543242711567,229435,233235,613,45
3986,-9025045912105011046,173504,176304,403,28
3987,-2057108294524069718,238114,243214,648,62
3988,-8611119914296838999,169779,172979,449,23
3989,1608140071898096808,230535,234835,659,33
3990,2692289860113528201,205832,209032,503,35
3991,1693807393603210608,199170,203870,543,48
3992,6514179404872552683,303024,309824,769,42
3993,8699074027883820550,284999,309399,615,43
3994,-5400809035415132315,120129,122029,347,43
3995,-4690403492372472007,178470,181270,394,27
3996,-3362744140100731972,219496,222296,528,53
3997,-1764506815285580206,202375,206275,523,29
3998,-2676170448229575769,162845,165645,399,23
3999,-6619251713573802250,209680,212280,496,27
4000,-6205933924785693678,130334,132834,389,28
4001,2501959763171577711,168695,171995,514,32
4002,4658652742651520993,160013,161413,371,35
4003,-3372283962223398658,212364,216964,522,56
4004,2866585384833469571,405023,413123,1103,41
4005,7709394913390791559,209267,212567,511,25
4006,-743548147565408074,210839,214939,584,21
4007,4587212298343592696,251918,255618,595,22
4008,4330368073434598686,271477,276577,646,40
4009,-5801037046850522127,127962,128762,270,33
4010,-5150481687927613243,337800,344100,737,41
4011,-6382476419645296184,318285,354185,723,20
4012,5662646371490917615,138574,139474,367,25
4013,1364064356442294219,244676,248776,567,40
4014,468010407763025315,334089,340289,729,37
4015,808221428980520874,213419,217019,434,74
4016,6742796457096453476,149075,151775,446,59
4017,558160019155612834,188879,190579,430,36
4018,-2246158104348761200,321235,325135,687,30
4019,-4930895943336440156,229269,233769,534,47
4020,806021784036420741,196111,208211,461,24
4021,3994309395882893717,207619,210519,470,25
4022,-4250116396675570843,201666,205866,520,32
4023,-2326898508903852294,220139,222239,569,46
4024,-4575331424037435388,126221,129021,451,28
4025,7895973569378751759,226499,230499,461,41
4026,-3639835739818985359,278478,313678,641,42
4027,3995136748703447120,237498,242398,556,57
4028,2819765594422057498,223472,227672,532,23
4029,9052474012096766628,261178,264178,557,35
4030,4730096629756848526,203350,206050,515,30
4031,-5086126300716788741,196522,200722,506,16
4032,3803915314659698339,189646,192446,447,29
4033,-3739264009295896043,146162,148462,402,34
4034,7968008010444028836,251533,266633,538,58
4035,-3660133160668803341,180502,183702,458,17
4036,7372213262987449187,126654,128154,446,20
4037,-5143877619772500413,174867,178267,392,39
4038,-3456496684702537952,240363,244263,570,63
4039,3196699305880970806,181477,184077,434,43
4040,-5878866973491061570,291331,296531,558,29
4041,-4337834615989782613,181310,184610,475,26
4042,2852382251201408363,259144,263144,572,43
4043,-3632560424942579182,224030,237430,527,43
4044,-592066001435070210,208310,210810,541,58
4045,-7266160057663843506,308449,312349,660,35
4046,4895299727066351599,240707,245207,588,52
4047,6756223250257384228,247576,250876,490,44
4048,1744269946707182585,229544,233344,574,19
4049,-185024750555651296,219165,222465,486,41
4050,5383331687483838813,211259,214059,516,21
4051,328029446440755402,194801,198101,468,15
4052,-7111220077312419050,247324,252124,625,6
4053,-1729811250504226810,219671,223971,558,43
4054,3988208668322778817,214086,218486,525,49
4055,-9104020471980058181,234415,238815,627,18
4056,-3544298313828514696,255356,259456,621,21
4057,6371985325479653314,191934,196934,668,64
4058,-1921635336213575517,232314,235214,548,41
4059,-2665811922792921434,145594,147494,326,47
4060,5349318293697352543,284965,290165,681,11
4061,8257278535570511182,140503,143003,411,57
4062,-8923650809609925578,260716,284916,586,29
4063,8748232796518255518,304779,318779,619,31
4064,-5544887212113311905,264927,270827,699,45
4065,-8179910566298578631,337820,344120,821,32
4066,-5912501961510003175,180906,182306,467,17
4067,-4820374499924089119,184577,188277,456,28
4068,4425533900448577139,333063,338563,693,37
4069,-1465598359931494700,197712,201512,606,48
4070,8532865420282194903,270239,275339,621,25
4071,-3984867562498686805,226600,259500,497,38
4072,1785443498222880605,237757,242157,603,38
4073,5325676791519871676,279713,304313,671,37
4074,-2623633433470371228,182748,186148,469,58
4075,-4183068989859678683,215026,219726,568,39
4076,-2042767886761078218,196485,208285,398,36
4077,-7313598446705835209,209138,212738,506,25
4078,-7948950532281428060,207324,211224,540,53
4079,-4266970067576123840,119479,120079,296,29
4080,1222098508963065324,271229,275429,562,23
4081,299558048572196584,266953,272453,688,43
4082,6450647515806602854,229020,233920,544,14
4083,-7613422688861535707,187860,190160,462,33
4084,1775031546986609055,245279,249279,561,37
4085,9153672429602583960,186204,187204,450,23
4086,8549243566029173267,227345,230245,502,28
4087,6600153588846193666,237357,242457,684,28
4088,1413646315638851700,284761,310661,679,62
4089,5755478132316130513,184178,186678,382,39
4090,-8729827937330333110,229786,233286,522,42
4091,-7197004005789915060,252914,256714,503,28
4092,14127895158245751,262651,267151,554,56
4093,5359698430560506921,244360,247860,555,33
4094,-1784600479468537922,205442,208742,506,40
4095,9035560628380474115,286367,289867,650,0
4096,7819265556982283079,241985,245185,568,43
4097,2312727525642761722,174470,179470,451,15
4098,1343779799426240698,287425,291725,740,61
4099,-396061958764885995,208536,211036,400,28
4100,-361183887957769242,187036,190036,436,9
4101,3621218215600229049,301817,315817,653,48
4102,3531279793076318203,233566,236366,533,41
4103,-6614867386689197260,212880,216680,507,38
4104,-6875754500628105606,176602,181102,522,16
4105,-6999507625895273721,161476,164276,449,15
4106,-5758460889205014675,146842,149842,424,27
4107,-2775942788235154963,243720,246620,670,36
4108,-3702601654476941358,145990,148290,429,33
4109,-8426408788814655343,233347,237347,615,41
4110,-7016778038540531706,260704,274304,547,41
4111,-8999532431984772689,159043,160243,409,27
4112,868955665538458339,228062,231962,569,28
4113,3726144540180739187,324183,330183,716,33
4114,7195807383037814049,208660,221160,492,52
4115,6255410738752639400,180524,182524,422,54
4116,-8562015925978986830,309669,316769,714,54
4117,-6273680415233518852,143048,145148,352,27
4118,-2841315418268942151,221239,224139,528,17
4119,-9104113611834117654,251762,254162,552,33
4120,5006565654075010661,290803,306003,676,35
4121,675221311504836938,201109,202809,435,23
4122,-4825119632611937919,241253,244153,619,22
4123,-9000702419152220725,265521,269021,670,26
4124,-8544611987412220510,166927,172527,444,31
4125,-6343178323526327458,209066,211866,431,39
4126,4986299553158172221,317109,322009,724,32
4127,-4608064909051748849,239829,243029,587,36
4128,-820259276991064753,229867,233167,553,30
4129,4540677899615053134,252427,257727,560,32
4130,-5116169875091203503,372692,388792,884,12
4131,3630772751170113391,169212,171112,396,22
4132,6319202826190763026,274438,278838,695,17
4133,1160857194173777119,144796,146396,320,34
4134,7571483006180145689,130178,131078,294,43
4135,7214027631085679859,271107,276407,664,18
4136,-1431620940578614177,183463,186963,459,34
4137,6555468119549727577,320769,326169,702,55
4138,-8021596520773042579,201203,206703,548,60
4139,-2376136182741966982,218292,220992,455,12
4140,-4527258081778622313,229684,233084,482,34
4141,-2446741327233507833,122144,125344,331,33
4142,5465649273872118222,194799,198899,459,9
4143,4224514444590988728,217927,220627,508,46
4144,6590742939560543986,119281,121581,438,18
4145,7901933653039493492,292230,298830,709,28
4146,-2955785892466407224,247292,250192,550,27
4147,7206188309932900946,146439,151239,512,18
4148,-4398128996544512678,274373,281873,715,19
4149,-8465745174647633087,172784,175784,445,24
4150,3120167596070640536,194857,217657,441,31
4151,8440365177882853263,293701,309501,723,58
4152,896251373356611055,231396,235396,655,54
4153,-3241993420147246452,140684,142884,356,42
4154,-6645874397759969503,284562,289162,640,34
4155,-2255039329408298157,296761,301361,655,50
4156,-1162509858636318329,183255,187155,446,40
4157,-5318806699689158970,181191,182991,395,56
4158,2039642437797559814,290017,294017,590,26
4159,-5494037295351481502,334231,347231,721,60
4160,6371776151149641634,238594,242794,598,27
4161,8744565916343678896,265624,270524,598,81
4162,-2076471749268273344,285327,290127,771,28
4163,-8067415931748366504,212815,215815,475,77
4164,-1564687461359046645,215029,219829,610,33
4165,-6967670573558718242,205150,209350,516,24
4166,1378694351126463122,186325,189125,443,22
4167,640713277012841667,254176,258676,583,20
4168,-1664089373470834344,268923,282523,598,32
4169,875738211805288009,235205,259205,571,15
4170,3980987564750791729,230786,234286,536,40
4171,-1339977740739862437,201330,203630,437,24
4172,-4000901140804823563,164301,166701,406,21
4173,-3142688882547409545,181568,184268,425,32
4174,345139242221917775,270318,275018,595,36
4175,-6178962378377408887,172797,174697,527,36
4176,-6931307281873921230,195636,199536,551,13
4177,3028997458393476522,201705,208105,502,22
4178,8575771436738181071,281859,286859,654,66
4179,-3429893742685357139,259470,263170,617,27
4180,-3450614178419446114,212814,215714,530,56
4181,-8284354346504730776,59023,59523,243,30
4182,9172328778166393655,249786,253686,706,53
4183,9203202826263670339,203263,205763,492,51
4184,3012282931476077530,221322,234122,436,22
4185,3234416071391222796,267173,272273,619,28
4186,-8982567496677444058,283385,287085,650,14
4187,3062919691376926726,209658,213358,493,33
4188,-4727817442233105258,217896,221596,497,37
4189,4980635384237045377,217519,221319,571,29
4190,6951503004418421775,195849,202649,648,35
4191,-8511981904351048113,282252,287752,622,30
4192,8771376651776723864,183476,187476,438,13
4193,242191916763965068,161885,163785,485,27
4194,7417826416496059327,257266,261966,606,21
4195,-8633483872453754375,257255,261455,595,32
4196,-4947715290293598864,283634,287734,688,48
4197,-8103171788682142102,203056,204956,509,7
4198,1852660321552377490,226919,230119,568,29
4199,-2309084822018769971,198497,200597,431,53
4200,-1055102041948633138,272292,274492,527,33
4201,3408644149086173732,114178,115278,316,32
4202,2493456675438930113,242506,265506,586,21
4203,5424906901123349536,272727,277427,594,62
4204,-871189199853764721,333635,340835,761,20
4205,-9209533844092060796,124834,126034,290,37
4206,4310771834727668087,174804,186404,338,31
4207,9061809537228061005,273707,297107,618,51
4208,-1348738295077620945,259770,266470,649,35
4209,5320043364106531198,205805,208305,433,22
4210,-8261934903901944325,301965,306565,682,24
4211,8731433678741759139,251998,256598,557,13
4212,-2022518130815009269,193149,198249,621,7
4213,-8316418486529863865,238826,243226,534,43
4214,132476936365696393,269818,284618,756,24
4215,4961592456818804316,235956,238356,574,24
4216,-6446971769764671733,216424,218724,443,23
4217,-5816367641606925529,239217,242517,549,31
4218,5228392716405219390,394646,401446,931,60
4219,-6927728190636535407,193824,196924,470,38
4220,-1001475410143855173,246128,251428,624,23
4221,-5211180515280910446,192043,195343,468,51
4222,7419951003259817040,234603,239503,561,51
4223,8713518307022275428,307567,312867,658,31
4224,2370536398062898092,209264,212964,504,44
4225,-5599265882457323309,240400,243700,619,32
4226,7598501827111328603,257040,261640,682,56
4227,-2901953556659534181,184974,189174,483,37
4228,-2045038791943273134,189831,192531,464,34
4229,5689645574984283584,322173,328973,685,19
4230,-5377811714739955768,231575,233975,526,15
4231,7181110535020921144,144877,149977,471,31
4232,-6908243556823869238,202647,207547,452,24
4233,2501546339652640725,185396,188396,516,47
4234,9091800113382426485,173551,176251,493,60
4235,-545734202242639546,169335,172335,426,40
4236,7122747607886793403,150833,155233,416,8
4237,7034832081887220829,209623,212223,456,20
4238,4991333876303096045,341515,351115,712,28
4239,-7783672080700848367,206856,209456,647,15
4240,-1112457936349063108,208394,212394,459,36
4241,6387150369225310099,286880,301980,600,27
4242,-5050690484076258213,172928,175728,442,9
4243,5537708663913549546,301827,307227,686,55
4244,-2319861987695567890,206617,210717,530,22
4245,-182887965947289357,211860,214260,433,4
4246,-1952814623808140126,158525,160225,437,53
4247,-7407950563049811715,246328,248728,526,69
4248,-6821111419604668906,209617,242617,454,33
4249,2194331562806894358,228077,231077,552,34
4250,1078989635540497345,203771,207471,473,17
4251,3562131662540411298,275967,280467,641,37
4252,-7279021961773787047,263209,266209,542,47
4253,5475682144676373895,245610,248610,563,35
4254,-8745362847489984270,229169,232169,522,15
4255,-6534129287207231072,205831,208831,407,30
4256,-3643207232976598773,368160,377460,832,22
4257,-3506563109130341301,127218,129318,380,42
4258,-568452282554191644,231027,233427,576,31
4259,-223337353223560864,277599,283299,674,42
4260,-8260740676936427528,274088,277788,614,14
4261,5365364215697382938,193996,197696,458,41
4262,723588385017577567,196137,198837,487,42
4263,-2431674631705928599,136623,139823,386,31
4264,-3994431963307332721,175341,178141,396,23
4265,-3372213881536402337,221313,223813,437,32
4266,269766056467609099,192526,194526,431,43
4267,-3733078267564970695,242401,245501,528,21
4268,-4140225642241692651,226234,229734,689,33
4269,-4368743080128780616,231688,234188,529,57
4270,-1945558808868193184,177368,180868,454,39
4271,-5991688516270059570,348366,354566,844,47
4272,-538343582917488179,251279,255779,652,15
4273,4912001764129029362,194709,197709,491,54
4274,-1688501392413855937,198272,201372,532,20
4275,-8108050619108583282,261425,265225,589,11
4276,-8760991612067466775,207806,211706,492,26
4277,3640176695681723420,201434,205134,523,13
4278,8736942555030492833,271035,284835,611,22
4279,-2336222262319938657,264969,269169,631,25
4280,8685559254809296673,286499,289799,697,47
4281,-990454727944495686,242577,245077,532,30
4282,-5000115814625976664,315902,321302,642,44
4283,7191419285939498886,371843,398143,834,17
4284,-352487382938744195,233492,237492,586,22
4285,2266076312113491119,154510,156710,542,28
4286,-5969389683357309468,294897,309297,670,58
4287,4098536058251936801,186192,189192,409,24
4288,-8596991528736657658,94232,95432,414,13
4289,2684258901829186462,326184,332184,809,18
4290,4847384754076055368,296354,301854,710,64
4291,-8228555093853494424,211266,215166,679,27
4292,-471026868415449963,201583,204683,484,41
4293,-5842411522242602931,224660,228460,497,37
4294,4337776801926430499,302656,307256,731,86
4295,-4700282071659617750,259077,261977,634,28
4296,7791251941608459490,103392,105292,313,81
4297,-2323545773683464960,206106,209406,476,38
4298,-6209427714339943765,118360,123360,388,36
4299,9061298725257689609,237964,242164,579,29
4300,7436238765253076816,244632,257732,539,83
4301,-6991910046730055518,200333,202633,475,10
4302,-6631471050911460279,149465,153165,487,19
4303,6502341602896797407,229594,252294,484,31
4304,-7452870666051548886,175516,179716,476,26
4305,-3626761568334486751,223712,227412,550,32
4306,-829673640419830737,213373,225973,539,17
4307,685308184817357122,150841,152341,370,34
4308,-4070641630103719554,230914,234914,550,26
4309,8673089808388936676,218370,226170,635,46
4310,-976749692822309491,310829,315329,705,31
4311,-6459574108009537793,284151,297651,606,50
4312,-8659515438814754359,244759,247159,519,5
4313,-7918216026105339475,213159,216259,544,42
4314,3979858908293910207,196077,199777,463,27
4315,8112741123017608057,294542,309342,740,64
4316,-7103848923075783200,316372,342672,701,34
4317,-2557511322704222918,196283,199383,556,34
4318,-362573907106244422,177239,201539,456,33
4319,1672687765000701975,294714,299414,736,14
4320,-4510181052289659489,195804,198904,445,43
4321,-5779882419497361147,186847,189547,454,41
4322,-6399947806648602541,238442,241842,509,36
4323,-4779126600185360180,257362,261962,593,24
4324,-2967461554215111030,178867,181567,450,41
4325,6833350338655938123,390225,395225,817,12
4326,6123916765054995769,182089,185889,491,41
4327,9162999290316927850,209536,213436,612,32
4328,-7745068844604275563,232870,237570,554,30
4329,6531804350181427836,265590,279890,583,53
4330,-7112788018767560178,220560,223960,445,56
4331,1728518009787790891,271266,274566,594,72
4332,9094866807528286974,259960,264760,783,41
4333,1516258994965017021,160509,162609,418,20
4334,-5838975665516089042,331464,335264,709,20
4335,-2033445057724036057,139675,142075,353,23
4336,3704262498517215468,189927,193327,468,44
4337,-1827799865166534035,211067,214667,572,42
4338,-3244408448430388662,132720,133620,424,43
4339,-3287764699019891064,210442,233242,451,55
4340,-1414980683011760133,219908,223608,502,37
4341,-2976189063593501742,146772,148072,431,19
4342,5843783805291552539,272659,277759,654,16
4343,-5955419457414424954,174241,176141,355,41
4344,95210668437052370,223372,225372,477,24
4345,8106534783434568953,178379,181379,529,38
4346,-4596332894485477187,140083,141783,431,50
4347,4069234860170301518,249895,253595,659,36
4348,7623010677443625586,268876,272076,595,8
4349,-1808002868745180409,285119,289319,585,32
4350,-146765076233584607,294390,299290,695,37
4351,-4087762061910921921,207777,221077,447,35
4352,-8507212095698254779,152360,154460,449,39
4353,-2715068297945304179,260092,264392,587,38
4354,2087314803628548887,219677,222677,511,15
4355,7791574510397040624,246062,251362,604,30
4356,-2689347344665427168,266140,269540,753,31
4357,8662427970776452734,253969,258969,610,33
4358,3456879147039564580,208947,211147,461,26
4359,-130315981667366638,183435,185435,511,31
4360,4294475214181599591,263521,267321,674,63
4361,-6963572470790929514,235406,240906,583,37
4362,5547044614718458295,340227,346527,801,32
4363,-6984961364952528531,147226,150426,403,31
4364,-5381646060916677044,203704,205704,462,41
4365,-8802050194580970387,278789,283789,629,57
4366,-9072424810563339101,245532,247732,521,44
4367,-2947899176798333581,219222,222922,579,46
4368,-5889572116144062888,256140,262140,570,58
4369,8652238044418418369,215779,220079,536,47
4370,695212370893650667,200300,202700,528,20
4371,8811052426605906505,206110,209110,460,27
4372,-664214477683556915,164823,168323,455,27
4373,-6758468242565425291,253575,256975,666,35
4374,-9003513666668250339,200754,203554,469,42
4375,-1812243727868502746,176191,178491,375,38
4376,-779426563932942644,209466,222166,447,33
4377,8179401456705393601,238471,240871,481,25
4378,6480611940139346358,106067,106767,367,50
4379,-5742599040338202234,232672,236572,543,21
4380,3119373412351525462,74411,74611,272,21
4381,2470689967431413201,226245,230645,693,26
4382,-6420748050338639495,184785,187785,466,20
4383,6679723737764236315,245146,249346,570,58
4384,9207252860861729720,172710,175210,409,55
4385,9003505049421179683,186886,190086,443,16
4386,9130475413028519202,232725,235925,455,33
4387,-7046513754165025456,144597,146597,434,28
4388,3273826725961591492,310328,335028,674,23
4389,-7914080095892985459,219839,222339,508,51
4390,-8022225181110509747,259787,264787,574,4
4391,6965048478352001179,183950,185650,402,52
4392,2370262571693179107,242587,245087,559,7
4393,-1521499964371404329,238564,243664,683,20
4394,-9114942560632264824,245826,249826,643,46
4395,-954253906857597118,202285,205585,529,14
4396,9136675527823756426,177452,179052,416,36
4397,3814247482624787831,282783,287283,679,29
4398,6379894877472625309,195185,206585,427,22
4399,-5622113318364544019,190080,193580,455,27
4400,-6068173497279773398,276171,281671,656,28
4401,8244927614746055127,296418,301918,733,84
4402,6765675060281728155,327793,333893,820,47
4403,-2479968526895525868,252152,256652,629,41
4404,1138329473101865070,165603,168303,407,15
4405,8052850410589035722,270613,285113,705,7
4406,-7335787482586569154,194502,199602,420,23
4407,-7840340642842628117,181767,184467,472,22
4408,7954974205520950723,261685,264885,578,17
4409,-3213821899141510524,151954,153754,421,24
4410,-8293711983355157664,242294,245094,579,57
4411,16173201107587435,186112,189112,561,33
4412,8180863474552974774,185295,189695,530,40
4413,5043204963805719220,213299,215499,476,72
4414,-1038400678243331715,178779,179879,456,36
4415,3125337933442373701,223320,226020,521,32
4416,615833437261930994,175910,179610,578,55
4417,2332945109504424260,241289,245689,553,51
4418,-7371621357480124676,313435,318935,778,31
4419,-3130377799965227687,261598,266298,567,14
4420,-3327740537052352364,264139,267739,556,31
4421,-2295358420563359925,225835,228935,470,25
4422,-3997815755724138277,310156,315056,737,14
4423,2785582058997716649,141550,143150,384,24
4424,2040908320018152244,225522,229922,567,32
4425,2270922112597507284,251428,255328,573,47
4426,-3071880912790514180,229939,234239,529,29
4427,-6816501892343153187,318351,324551,694,28
4428,-3123629690121081445,218088,221888,514,55
4429,4957626914551587555,192646,195346,483,50
4430,762133746197526473,215210,217110,375,36
4431,6501436965934396329,193674,198074,541,31
4432,5540096226705877517,182000,184700,485,44
4433,2420341970656045606,244152,248752,589,28
4434,4712664072712909715,195154,198554,468,31
4435,8758686347553787042,268763,284763,703,50
4436,404592488531147190,187516,191816,566,28
4437,-1487516158696945150,209754,212054,475,29
4438,-7202214996464893297,201414,204314,481,39
4439,7366914807846346287,263255,267455,651,76
4440,768176209411652426,170213,175113,495,25
4441,1380401046347910355,228281,230781,508,27
4442,-2952797551344533948,153989,156689,506,32
4443,-2523316191820590281,263712,268412,634,53
4444,-5101184277796142936,210645,214745,574,31
4445,262808975810400514,221576,225676,490,54
4446,3049706430363242708,218730,233730,539,26
4447,-2267206568175111761,274448,280648,748,36
4448,-6575252764365787929,201611,205511,575,33
4449,7257780313731332771,298696,304296,660,18
4450,-597722500362913529,245772,250472,661,56
4451,8918079244848147420,255104,258004,597,44
4452,-4895268593312495399,167532,170332,529,28
4453,-7438261691670062015,160855,166655,532,36
4454,-5909563029032514988,249913,253513,611,38
4455,-6010314946050137604,129053,130653,414,42
4456,-1064773178364030805,227385,230485,528,36
4457,-4191123716249680497,216570,218670,505,27
4458,-3251504512213748902,177651,180251,409,40
4459,-3530807042766776751,222745,226745,517,27
4460,-7421190397865167018,251090,254490,561,5
4461,-3797721098866152314,119878,126478,437,12
4462,6197663248120959645,208834,231834,461,22
4463,-2503275536568840982,212445,215445,539,38
4464,-594167114492912031,182367,185867,466,22
4465,-64206456241757138,179880,182780,472,34
4466,6686062997265524833,317513,321513,680,27
4467,747695818566774452,264803,268203,608,21
4468,6707863240137786027,269412,293512,599,13
4469,-7322923740992114633,201531,204231,484,28
4470,4188531642478607248,193680,197480,555,26
4471,7569615751097765604,160363,163863,453,60
4472,5148016525845781660,237127,240627,543,63
4473,3040211042193800653,356452,362152,703,64
4474,9062178058423241380,245549,248449,516,22
4475,-6433847985158390363,208893,242693,440,21
4476,-3175760555891477038,239764,243164,534,19
4477,-7438671524749255573,126017,127317,445,9
4478,-8945956009441416714,221186,224586,517,48
4479,2270854513061762195,217379,231479,517,54
4480,8229963687083765522,283939,289039,693,35
4481,2918718957086605422,358518,363018,774,19
4482,-3546890101232938044,255087,259387,557,36
4483,-9173619912269844856,249821,253121,630,23
4484,-6418982919031654869,220553,233753,476,48
4485,-7562810677706534371,173723,176223,510,26
4486,-6965007396918947747,395021,400421,800,34
4487,-1698526993986952513,175582,177982,421,27
4488,1290762153630570236,163384,165784,420,43
4489,-7262163485734375625,120242,124942,417,44
4490,8604749955898551566,256059,261259,641,25
4491,246175866846967855,213537,216637,617,36
4492,5892697743859542656,306898,311598,649,46
4493,-4717239614182859422,314009,321009,678,36
4494,-2194136718725229316,238843,243243,571,31
4495,-8423167044431002390,267848,273248,600,65
4496,2460548683951331802,229812,234412,469,45
4497,638869689806807279,96847,100347,338,40
4498,4718588504155786181,213980,215880,584,23
4499,135118989691354543,177655,179055,415,32
4500,-6372723144055407541,206576,209476,457,30
4501,-4430477705766407893,272263,276863,663,59
4502,4980395029584212503,219232,221732,616,30
4503,-1703538562928839425,209423,213223,474,14
4504,3450475892731523071,202607,207407,640,34
4505,-6225275130354087590,152270,154170,482,22
4506,6047325691230113849,300984,307884,786,21
4507,6167426591239260601,165635,170235,554,36
4508,5597408567390941723,196089,199289,475,36
4509,-1521052067171423897,274071,278471,689,60
4510,5727066575175882039,236345,239245,582,37
4511,-6464672487676772139,192472,195072,513,43
4512,2328160218615853193,317576,323076,745,45
4513,7047966803594520509,195676,205076,550,39
4514,-9146849828202501853,185964,188264,465,28
4515,4583760417711555783,325227,333627,767,59
4516,1321211910441079968,233799,237299,554,32
4517,-6439581197722885868,204996,208596,541,16
4518,1747391005276285696,227267,229867,498,14
4519,-730628911175142384,269856,274556,646,73
4520,-6127118880752540010,233163,237463,644,48
4521,4747453858155767828,132694,134694,299,56
4522,-8358996674016659705,243408,247308,553,35
4523,-7063207580150009231,231162,244762,557,17
4524,1583550539140710658,263646,267346,610,27
4525,-4214332555850118640,196882,199682,457,44
4526,-153333001746229943,174218,177318,479,51
4527,2599915919234368940,177279,179179,384,53
4528,-6667109587703680610,195814,198214,479,41
4529,-3181483787040386305,240085,244885,598,23
4530,-4170810128860897648,167293,169193,367,29
4531,-3895368405638228671,199705,203205,596,42
4532,-4547048763837449103,219470,221570,497,38
4533,-5572141856212963644,226572,229972,658,28
4534,-925289608621637481,345475,370775,779,37
4535,-4996598386172983782,197809,230809,446,45
4536,5034477149109625848,183601,195601,432,37
4537,-8464950593781920823,184608,186608,392,21
4538,-7502982376257547283,210187,214187,450,15
4539,-1352958519185421706,290778,296778,735,46
4540,-8278216805118175129,279560,284760,639,32
4541,3266332397397036591,230146,232946,538,22
4542,-5805147571585157192,273803,278503,637,33
4543,2699768134810487682,270432,283932,643,27
4544,-6861122731778866228,141411,144811,463,29
4545,-2566494797714977239,233570,246570,486,17
4546,-4496621397591093360,228510,231810,545,21
4547,-5287476065876065466,265076,289076,615,29
4548,5796980121393407672,179870,182070,446,86
4549,8969602553575995409,271718,278818,834,31
4550,8604570651886762672,305694,310994,710,12
4551,8386672438169610712,209308,211908,575,30
4552,4568846456967932487,304607,310007,740,41
4553,6883207463211557209,178692,180892,428,33
4554,-8138725668136196961,213415,219315,628,21
4555,7730556691502442424,229439,252839,570,39
4556,-3684239322527393253,246573,250873,587,9
4557,-5592538215827240256,252881,278281,618,31
4558,4405499516984898574,175659,178059,516,29
4559,-9144615149644248016,165618,168018,433,29
4560,5414486888176844596,152922,155222,435,61
4561,-4969556715527531515,110863,112163,337,39
4562,2550954729116691967,241330,244530,545,16
4563,-2253110548219165124,277410,309810,532,28
4564,-7405234588998728858,281590,285690,621,41
4565,6820823106656525036,320327,326227,809,28
4566,-7635649734570411976,264620,269420,607,28
4567,583846828055097837,254182,257382,624,50
4568,-6686660789519633651,251837,257237,607,31
4569,-5503918903693002262,246548,259048,484,24
4570,-6386863863750692255,354461,360061,819,41
4571,5240248545490744335,294568,320368,691,51
4572,-5449694225645579014,247154,251154,657,34
4573,8375433103497103778,193435,216535,482,58
4574,4674842781354117138,181897,184697,447,56
4575,-2748023462528743650,221595,226995,515,23
4576,-7518153078237405644,164264,167364,421,15
4577,-9217280483613379599,195719,198619,496,45
4578,900721444035088146,308619,315519,798,23
4579,1711137211394452634,155418,156618,311,29
4580,5203436022410086569,213471,217171,476,35
4581,4685379095296257714,206913,210013,458,9
4582,-5176574964338884656,294938,303138,685,57
4583,-5843493915765648753,223082,227282,630,20
4584,-712802759367298721,247709,251109,537,7
4585,1439951221675711632,195302,199102,462,44
4586,4886319656321795261,190035,192135,494,34
4587,2600610181517505773,131098,134698,453,24
4588,3427141466475610436,300371,313871,646,17
4589,7330625229311860537,263296,268996,685,30
4590,1927163112518487559,243309,245909,574,50
4591,5957524166505920494,222621,226721,501,31
4592,-3054067471653285752,201536,204736,566,43
4593,-3400189536319565200,237284,240584,545,26
4594,-2410468469745384898,268886,282886,664,37
4595,7038804607739448527,268506,281706,559,0
4596,-2608898174814976168,110694,114694,425,28
4597,-7819591965242023773,217451,219051,530,15
4598,8144828478116593376,178078,180478,426,16
4599,-121559315432995736,141373,144173,429,35
4600,8129066517165026886,192152,193352,400,52
4601,1830048495065202321,214538,216838,472,29
4602,-8768502265967098600,296318,300718,782,17
4603,6379961242444631297,175958,177458,427,24
4604,1484037987524733282,245994,249694,592,36
4605,7374491463481052680,142247,144347,391,30
4606,8511221266088430880,174929,177129,442,43
4607,3089690032841302563,201545,204845,517,9
4608,-8102935653722066364,296460,301760,709,35
4609,6117706510103825486,285491,288591,607,39
4610,4692559314613674634,219280,221980,675,45
4611,5960004386019778847,150923,172923,401,5
4612,6439713402050739341,263067,265767,549,15
4613,-3707524708691823914,160979,163379,434,42
4614,-1271219719942980669,327820,341720,730,63
4615,2089879092513592459,169593,172093,391,42
4616,-9008038178037132669,165192,177392,413,22
4617,-2341794344024254270,176358,182258,605,41
4618,4325518667381332101,182065,183565,397,13
4619,-2416603876129640170,181292,184392,451,21
4620,-8827047953922741783,130047,131947,365,28
4621,-7987629806467086791,235026,238326,486,30
4622,4817337336209639593,222159,225859,511,17
4623,5339908815350367549,180256,182956,555,31
4624,511183964406905357,154276,156876,428,53
4625,-3537671560359418549,229231,232231,477,33
4626,-4710415449622216732,208550,211650,469,38
4627,-4895028414974447458,173313,175713,419,50
4628,-4171417110976857489,210257,213457,494,1
4629,7914515268861441886,199971,212271,476,25
4630,-1179108562831081156,164748,166248,329,31
4631,3437586635575259282,204274,207174,484,29
4632,-2382225712936286069,180556,182556,468,24
4633,-1563204197597359908,179317,182717,412,51
4634,-4080007020530728513,176700,178900,487,23
4635,3518449711555018473,236814,240214,562,34
4636,-5544213020051280798,246380,250380,566,31
4637,7140816077195714715,185305,187805,504,52
4638,-4135903696345533104,366580,413880,829,29
4639,-6347346102684718531,282887,286287,634,32
4640,5177148384437026463,159523,161123,424,36
4641,4457921128744452608,223976,228376,658,49
4642,5817182419859995188,289326,294226,637,28
4643,9209230917914830352,195748,199348,487,25
4644,-5185017074012912417,248694,253094,600,28
4645,7943710917025113894,283680,298180,595,52
4646,-637835449360921033,234136,236536,440,43
4647,8439133909783089544,295311,300111,674,41
4648,-6361275707932147144,231141,233941,525,7
4649,4788579611303516674,265361,269061,540,13
4650,8492753535505564681,101445,101845,223,29
4651,4576554500172168163,231045,244545,544,48
4652,2603733534136923898,182632,185232,447,29
4653,4136258503226257898,178125,180725,423,27
4654,5237132251649904224,234431,237931,553,2
4655,-9038596767111888600,151151,152351,497,22
4656,-1469457448578814716,127529,128729,332,47
4657,-6086736296437040845,298259,303159,662,29
4658,-5364074968511583593,155920,157620,342,27
4659,1659904257598081748,254368,257068,652,42
4660,7674079269451825256,240767,245267,530,26
4661,1744342144524283776,188386,189986,451,21
4662,4027688406627863406,165766,167566,382,69
4663,-4339892645663167045,341420,347720,837,24
4664,9147327615703451544,149991,151891,304,30
4665,-9021021140867223032,171088,174688,493,42
4666,-6866343013178081184,268600,283900,646,66
4667,5920541838593518727,201307,203507,444,54
4668,-8915359769922275862,167823,177023,581,37
4669,-3268083386558914287,159471,161371,423,49
4670,-549648446008693470,188419,192119,583,37
4671,3195081711830536038,232408,239408,519,35
4672,-4323960121450023887,134484,137584,424,28
4673,6890052241788158817,278878,285078,695,24
4674,8433340810560107435,163782,166182,379,33
4675,-9095449720258889809,293203,317303,708,15
4676,5072130589687251941,187192,189992,458,36
4677,5812662030944027121,263881,268681,567,34
4678,3952394423562000788,199309,202809,476,16
4679,486926485503994847,168792,171492,439,50
4680,-8911770503734387289,185317,187917,480,42
4681,-7594056863498527934,234165,236765,507,17
4682,-627941746650881676,268505,275205,733,46
4683,-6176668658583921082,247102,251502,643,70
4684,6391870052748935994,288944,295744,749,62
4685,7342707178918727706,233457,235857,556,34
4686,281906306949018213,281193,285393,675,2
4687,680241402892034394,257015,260615,598,7
4688,-3679920416590609050,144802,146502,410,57
4689,840594234431946744,218585,222185,515,26
4690,-4439447788086743147,150182,154082,429,30
4691,7829522419367241312,299861,314961,708,50
4692,-6404223260464225588,164707,167607,407,39
4693,4386367798781974604,189419,191819,401,40
4694,4478261488613601458,279813,288013,822,46
4695,6038920506812304083,189320,190620,436,23
4696,7835033086914825763,247583,251183,530,42
4697,-8573808636807710664,137642,139042,326,20
4698,8016638911726112123,135617,136817,327,66
4699,8708637624336883829,204050,207450,455,30
4700,5607638737079139026,224888,227988,517,32
4701,6997307119855866937,217823,222223,529,28
4702,-4914129645354992649,164201,167601,464,30
4703,244883067899072517,224754,249154,491,26
4704,586646009025691848,302302,305702,739,38
4705,-9007317316645064193,311207,317407,642,45
4706,7364516484946635066,248212,251212,519,56
4707,2127668860700894258,231823,244923,474,33
4708,-9050502280460528409,270657,274557,626,32
4709,-2822279947147384940,334231,341331,734,33
4710,-2192898339004122680,182676,185176,464,28
4711,2693367141284484163,263341,267241,690,51
4712,-1971424852952142692,198067,201867,474,32
4713,-2677806660432056345,241867,247067,596,50
4714,-1459133661818698252,327078,331678,695,29
4715,183310318876872894,172890,174890,410,44
4716,2106460426597127592,335012,339412,760,51
4717,3527942462156905789,202849,206049,460,39
4718,9062223592656430208,238161,239961,490,38
4719,1647535350968818581,297681,303781,751,34
4720,414707185559953562,199267,202367,452,65
4721,5794856405180100129,223250,227250,467,27
4722,-1992270522062386161,187521,192221,474,40
4723,5471095411414896583,292782,298182,828,31
4724,-6283151722077217744,244582,248382,620,27
4725,-8680331029789135475,161382,163882,445,51
4726,-3518234486693088417,230676,244876,508,35
4727,-7060725581351918001,331458,347558,790,32
4728,8796266540717889854,255950,259650,541,47
4729,-4277817702402111107,225521,229621,659,23
4730,-1713994932737681375,258335,261435,643,52
4731,1885918541644902650,176379,188779,501,20
4732,-4936951263790991641,219935,223035,495,30
4733,236287013349912162,110483,112183,324,22
4734,8340057853043283777,213048,215348,492,32
4735,7884654314690097518,261357,264957,616,35
4736,-6511558604051981881,176963,180763,493,28
4737,8658690030773532734,285701,289401,584,56
4738,1229431107825606021,84501,85601,181,18
4739,-5628287943864588498,233597,236497,530,22
4740,9199911329397844981,160676,162476,383,51
4741,1845228505951114974,157854,160254,403,28
4742,8548223900246408073,134601,135901,423,39
4743,-6512509205376517001,257390,259890,577,24
4744,4563000350601659212,359187,364687,839,52
4745,8775355034042203674,262175,265775,592,40
4746,-8282728442363005634,239896,273596,538,50
4747,6243396398275566680,338312,343812,682,34
4748,-8527399600349981936,276362,281362,648,56
4749,7814138022272177189,223044,226944,602,28
4750,-6038799410370079057,181939,183339,532,36
4751,-3023834116271577362,181519,185419,475,32
4752,9029572027873702959,186909,190709,482,53
4753,7732283184788526588,248875,252475,560,51
4754,-2177369128510073438,160634,161334,367,55
4755,-2929327252268989495,181915,195215,382,11
4756,2193235576266874977,224972,227072,491,33
4757,-2874342358935696086,166420,169620,443,20
4758,9082672442456551396,201475,204575,478,34
4759,-2727387681862145074,329546,335546,828,15
4760,9195400060875028962,125360,126760,313,25
4761,-3918596529307775823,264094,267194,584,40
4762,4361307879889666654,331581,335981,724,15
4763,1302074345023578580,242640,245640,568,48
4764,-6740412465703435393,254088,258688,585,58
4765,-680770952194084073,221819,227319,651,5
4766,8665036168758215004,245636,259536,545,37
4767,-1960049636438232972,276218,291318,714,53
4768,7302112662676405782,168875,191275,390,33
4769,-7514942058455319320,243610,247810,547,26
4770,-514034211709375613,299244,312444,560,12
4771,1905351008924052056,356918,363618,837,31
4772,7686287962484596405,261901,265801,670,29
4773,-5195800885697263239,296432,300632,730,80
4774,6128056095016045966,336266,342866,761,28
4775,7765762440618847947,252420,255520,571,53
4776,-6887166145385609059,182994,184694,432,9
4777,-3584466433940180016,238982,253982,543,40
4778,-7131988008507125073,177424,179424,419,40
4779,-5156186130108948395,176667,181567,517,35
4780,3112329875188282300,234881,238881,637,78
4781,2920876803472515735,266375,270575,593,29
4782,-2998594413346591688,211858,213958,440,41
4783,5017788722792581956,192881,196881,537,22
4784,-7566711776742532375,295803,300203,679,22
4785,9120152307448994030,251935,255335,540,52
4786,-8327941333785301105,164831,167831,445,33
4787,-6502436207473621457,315811,321511,740,38
4788,-7668960508830174575,229102,233602,580,30
4789,6917334218078391890,228515,233315,577,48
4790,-795422696701550970,202956,205156,520,20
4791,7550366248298232992,241303,244303,537,19
4792,4772664287079635067,225698,228698,512,27
4793,-3380408282276441385,226106,231406,571,15
4794,4924390999778332376,230159,233659,544,0
4795,8590106738017612695,214864,216664,496,55
4796,295733730752503778,276989,280789,569,48
4797,7649623868625142015,173286,175686,563,64
4798,6758755200767592263,226099,230799,594,18
4799,-4495698776672463181,234843,237043,531,12
4800,4805201601241551983,198716,201716,439,46
4801,3001697616872846545,264629,267429,588,66
4802,5247284886858365021,266059,269559,609,43
4803,6403484837971381357,312839,316739,728,33
4804,-1481987666963851051,218278,222178,514,21
4805,-3631783364402848899,240333,253533,511,39
4806,4141519542530654349,398953,405453,841,43
4807,1911768805287128763,155676,157376,485,38
4808,-7604226047951088851,284074,288174,718,24
4809,1111548815433577154,220997,222997,552,44
4810,-6680173213827451291,303753,308453,690,30
4811,-6752348226772634669,208993,212393,468,48
4812,5623679811840595622,215427,219527,478,27
4813,-8036131521644424027,201388,203988,419,29
4814,-6503613911183845262,172727,174427,447,24
4815,-3367250510553965633,219155,223255,551,36
4816,4082373309155564837,187454,190254,531,37
4817,4174622779861430368,175573,178373,424,21
4818,-2427102285495194068,239865,244765,565,34
4819,3712638056096989100,169479,172079,493,31
4820,3138735603798902636,213158,216658,538,65
4821,667542904177670044,159603,160903,357,14
4822,-8272434640042272788,238556,242956,503,28
4823,4337248566399470096,292139,295939,702,35
4824,-110597257489108858,132491,134891,433,29
4825,-8104683019752595562,175911,178111,379,22
4826,-5223979602792560211,261197,266097,608,33
4827,-5313060663585008870,235446,238046,509,52
4828,-5133742943564481753,243486,248486,629,36
4829,1479875626132381935,248539,251639,676,21
4830,-3268052617050344083,165975,168375,477,42
4831,-5785523264026492551,381738,390738,873,51
4832,-5343109543500499659,290762,295862,667,29
4833,7066734718434539955,273528,279828,711,27
4834,274676600834829676,187780,190180,503,26
4835,-8620397603984713031,178737,180837,488,13
4836,8914086445365360133,283574,286774,633,15
4837,9172838176894728722,224418,230418,569,42
4838,8303783704865985145,222348,225648,593,52
4839,-5061354238445093727,264813,269413,616,11
4840,5329306559783362979,248562,263162,560,32
4841,-3999879963132860623,168404,174304,530,24
4842,3511143578048840204,240618,243918,499,36
4843,9105684412873903587,238571,241171,514,23
4844,7870924982269967370,278904,283304,646,42
4845,7861576897193049427,220460,222660,486,21
4846,4550367686659023343,171118,174718,471,37
4847,4653910008240266920,103621,104321,252,20
4848,-6239205791704965080,260670,263970,549,53
4849,-6681881344922293733,272506,287106,724,51
4850,-8942507939349681674,260898,264698,570,55
4851,-5783110924659892265,233326,237126,688,16
4852,5084603731006520634,215430,220630,594,22
4853,-2622656945461711233,242188,245588,502,44
4854,-6515718333468724656,153814,156314,438,17
4855,1543100722388863172,225064,228764,494,37
4856,6112460681374543683,230569,253969,480,10
4857,2549292884972700103,216188,229388,463,65
4858,4745462933085730760,281713,286113,664,40
4859,2247189490341344310,224258,227458,617,53
4860,-7296650846496067735,325558,331858,740,34
4861,8716339044356070924,197645,198845,443,59
4862,-4323576928107609592,257120,261720,648,42
4863,-9100339748013051458,102727,103027,203,42
4864,-2264725579944624897,164381,167781,474,25
4865,-3651770324249640271,180042,182042,530,28
4866,469895963297296615,217457,219857,470,18
4867,-5551033244547850019,238015,240515,511,31
4868,-224238616423552611,297191,300991,615,59
4869,-8200154787269161391,175275,176875,419,35
4870,1250231772225081017,174123,176223,455,61
4871,4494116093352180333,201509,204509,459,54
4872,-4786350693073790023,305659,311159,655,11
4873,2523369273518384584,194199,196599,484,35
4874,-6244054632238854442,237138,260038,568,55
4875,2118213577329969919,274901,278401,581,49
4876,-7665701487158039250,294301,329801,662,20
4877,-1512816568530399679,260079,265179,647,31
4878,-5330551623327568785,190525,194925,455,0
4879,4149704166387691422,143518,145018,368,56
4880,1726756427192267937,248814,252514,541,46
4881,-5277039323381278396,337088,342688,736,27
4882,6366600512222842525,193322,196722,464,19
4883,-1872714969679526223,213289,216989,450,21
4884,7926785183850406357,327814,333314,786,28
4885,-3294360747503494473,179394,182194,411,36
4886,1298962046770332497,223819,226919,547,34
4887,3409492217705201273,196284,198584,419,46
4888,-2323921777759228856,265002,268702,592,32
4889,49389900477018740,86794,87894,232,50
4890,6316137108295911419,183959,185059,399,16
4891,9111316296341815133,224351,226751,431,33
4892,-4611475582305269933,275207,280007,672,28
4893,-3820625521509922072,286570,292170,715,49
4894,7141563078611000862,124405,125605,240,25
4895,-5542416813376069,232638,237238,646,17
4896,-7334320924460699655,252380,256180,519,44
4897,-4444600939234445647,230350,232550,590,31
4898,-6064083978746643331,198249,201149,471,4
4899,3098661768841213628,207870,210170,474,73
4900,-5397371084767434162,210626,213426,485,60
4901,-8490369109553777385,226383,230783,602,23
4902,-2068419869602620071,255348,258148,576,34
4903,-6032038830424051095,184829,187729,519,24
4904,-4664155334608303560,264599,268799,597,28
4905,3994033726946220354,238799,240399,532,47
4906,5297694552117477113,350456,364956,773,31
4907,7635532852036916547,176273,179073,453,25
4908,-1601380338277186184,238143,243643,572,46
4909,-5747079758818876145,309484,315284,737,32
4910,-4564482245668799723,334965,341265,782,23
4911,-5455935893159525270,302302,306002,725,34
4912,-6988351970581935080,172014,174814,472,45
4913,-2205656740020795175,212084,215884,521,29
4914,-6098969630308320782,118151,118651,308,44
4915,770287810947791744,269983,282383,610,22
4916,4011251294880891960,290599,295799,700,31
4917,-4551067464382379360,296979,300979,703,30
4918,6419758622520667165,227129,230929,599,42
4919,-1684371886064008060,332909,339109,733,21
4920,-9201152902148825697,239448,242748,587,40
4921,-2677183513725828084,281051,285051,677,30
4922,1259977170848858959,230485,233985,562,31
4923,-4460776005038975626,186332,189832,577,22
4924,1017924158155463350,232675,235775,526,19
4925,-1463599670688289495,196836,200236,555,44
4926,8935111472782698602,189259,191859,409,13
4927,-2303115119763740583,270752,276652,667,21
4928,-8392860902583788627,250187,255787,657,48
4929,8985355983399244644,176345,178545,477,6
4930,4521143108081589848,275757,282657,825,49
4931,2337993307651164488,208409,213109,643,50
4932,-2034552946469339683,282604,297604,658,17
4933,2541838588313380115,216648,219248,459,62
4934,862813662220730939,197422,200722,463,33
4935,-915313211415463853,209733,215533,605,15
4936,8716898422321004674,104197,104397,212,52
4937,-5010503079133027163,235301,280101,531,35
4938,-8863588988694548065,178523,182223,533,22
4939,-1534148458842502995,338256,343656,817,46
4940,-627847934176839083,148164,150764,501,73
4941,-1926206034019543733,210841,214041,470,46
4942,-6877583910833608881,234570,237470,457,30
4943,-6053622980713012375,256234,260134,595,61
4944,889426185124213425,245604,250704,622,30
4945,-1639454809165622070,135238,136838,291,39
4946,-2178679154228137848,313877,317877,628,69
4947,4365710772830440600,241951,246351,593,26
4948,3194834630476886343,196684,199384,425,40
4949,-7575500045089881252,307010,321710,725,44
4950,5963689949594203154,237357,241157,577,21
4951,1027757020259471236,293124,299024,696,4
4952,6326732438928704100,250014,264114,557,40
4953,-539184563169697781,267822,273322,683,31
4954,1064488624581575380,241144,254244,525,52
4955,3315644075136705254,182645,184445,476,30
4956,4467123536736321112,235628,251428,709,56
4957,8710855766672624543,232527,236327,546,32
4958,6412239757470569621,270737,294337,691,53
4959,8982036318659725944,209182,221282,421,37
4960,-3315828926789112453,268681,273881,689,51
4961,-4789073381973647949,172108,174608,497,52
4962,-6818668444098281167,192458,195458,446,37
4963,557844477306020638,270900,275300,737,45
4964,-7346230108776891780,271119,276819,674,36
4965,-6463034163141838153,294540,299440,677,40
4966,5187138064888820477,145212,147512,407,6
4967,5234978174507197201,270859,275559,598,31
4968,-5371897128787375337,278750,282550,648,30
4969,-6244031697397568166,210744,213444,465,16
4970,-1661531947162788335,285605,290205,710,37
4971,-7223662059641239407,325431,330631,707,43
4972,-1791202097771796173,178311,180511,393,20
4973,-8179899997092283300,208344,210644,537,22
4974,-3892491339766084045,237084,239184,470,20
4975,-7812681672436328971,138285,140885,428,38
4976,-360982331276140451,225397,229297,503,36
4977,-6000565521071067315,355611,359811,781,38
4978,7031829629668581319,194037,196237,420,22
4979,8061454446217534049,196715,198915,433,27
4980,-5984932588701840143,260836,273936,529,22
4981,509065093867777051,247123,270123,503,29
4982,5502358172728994452,217551,222151,518,25
4983,-1097815078642626936,182494,183694,421,44
4984,-1469788207492439483,202236,204936,549,15
4985,-2707904001140572311,218646,221246,479,40
4986,-6068229576042498277,168575,171875,442,37
4987,-5978176489737811268,242275,245375,653,37
4988,-7975878593885745473,191786,194486,518,16
4989,6057610388143971304,166206,187406,374,19
4990,266517595724456295,206290,210690,515,20
4991,2971696199779129866,200242,203542,378,25
4992,7596516574343283574,350420,360320,764,15
4993,-4171060682272106652,186667,187867,420,26
4994,-1028645669169567560,248024,252724,560,22
4995,2569319555006672427,236625,238725,544,50
4996,-4057949320989622681,221612,224012,438,34
4997,8097864129563638646,263495,278495,612,11
4998,5586662193278265900,209019,211219,389,49
4999,-3112906940021291555,352861,357361,770,0
