-7269948338495788698
-1297854885530077460
-8952052010658893278
-8607522308064511141
-6244135143557849758
-9107171013753322724
-1497857703099570772
-8168323205341578169
-6270331762397506834
5640528374229792510
9010894773932737588
754300914653007805
1261249498889444331
-4311632008425961176
1787392483651679624
-495428158958937458
-5820542125100895415
-914688528032605673
8092628878559311603
-5407451111107001215
8456817873093103234
4455632528278503565
-597980941263995677
6804657220102240981
5159601364152385871
8196260700682203748
7613136794550514930
-3176475612376243145
1504291569863501922
8883663155339257787
7117132976299143060
-2322095815670481316
3306128649649680565
8373619616442976960
-6154538817930243779
5601653643474540034
5350238216294834844
6405758488660130830
5259604390155278211
-3496510879150283121
7444558455070544544
7663188517877758211
2333585222180129931
5850767037279563413
-1797990193677610238
-3602937312285331951
3663420069957137088
-644490098508578870
-2546394943965234052
-74324147406730800
8030454184186469161
-6701391002807803687
-5906397841852343037
-4011577008245302542
-7448908059998482089
-6292213143640744246
788014305712227817
8714553887829585232
5212781571973842902
680539380339649850
4214085290240202253
732230160924941311
-5287293862430284723
5823218153178521498
1737259525841610519
5858590157572911211
3951769169156140164
3314854442072479693
6448274471135530858
5878993889623039718
-7686485693264266319
3804623792610097511
-1972647520068515518
5412473539828096254
-8960299649260243161
-2022754044532931355
-7153859833546089334
6240799579810630379
-4153068366576178603
655064134189255629
-7064285392796666182
-474638338742046264
285177397708394246
8297201904528156298
2688972955963926994
-3217731124618795592
495433077778118046
-8373525884409599037
-4088467415918199481
6148788026504017399
261155990197320239
5620706467660691899
-8524451810853066663
-3949290805694769950
-7862515935299450322
6064432735849280340
-6163690810841001478
1940420392431506719
-3392267406352736498
-7294175169196124925
-6001888998722035261
5582612400605574182
689344253720297598
7745852455080121625
5500753681344949088
4285530576563446348
-5340200000148485986
-1300106650177289136
6048431522048881558
7658544736247922340
3195692259833349294
256369372454805884
-1509389850005109348
-325307767382249088
7786582259307954826
3699161998134186788
-7149309133898418017
-3624873911473993630
-6431750182088421440
-5541735730898168002
-8860234317645515314
-8543091754907664306
8002651900864404071
-4419269862279042744
3942818169849001194
6412896627487852412
-6339301469504249055
-4809290705918278173
6674333379024655786
1323168966991257467
-2416327044745720365
-7520678860554111465
6752152435220503205
-7705520911619183178
-6592504071702890834
-5520360001203992922
6686637332686593057
-3863441263289898761
-7709266056241297161
-3859335779709032137
1038081509803397483
8895137686714375090
2649194352519170987
2580538297611502239
1810772002009867884
-3075926331461636223
-8338074314017196330
-6244982014669452573
-8341263649988075134
-6493315996495903156
-5266907925927335185
7801891653700453153
3930072483011035653
-571316366110861875
8209841099198493566
-6729028238316190940
8610296679873199560
3479622610382875222
2898688911236100507
-5977725217163139622
7517371785474774195
-6450397982706471624
-4122886743425098427
-7079616507214998973
-8733677300148219125
-2788566337576089895
-1567459991116629460
464042961168090828
8731265722851397586
-574600071698042187
-4626772470859445924
7046446963382256806
-7660750360110907226
-2475510801116841449
-1365684047854136276
958750493312619688
-5368394790663658321
5871140676522204635
-7943157672280497240
-1906926954913869871
6228997515574739202
2501925362106911169
556260957638945779
-1079358153481742449
-9013771088102795570
3598404248420083538
6071950236300684760
1131952453945195535
7994262852961565817
1891316048315218460
-2844180957345148180
-8980941948616090467
8082308188670403714
-2181465520011593465
-9165960130239709207
-660796222014212773
1851166702047633895
6036795814294750186
-37951548283699683
-1094730214538171905
8125375455299197936
-30082442579790411
4643917502000067859
-4698228901916997004
-3777940295200368476
7004483517878153613
-3875020655423380880
-7668120945458828336
-182629780356254804
-3939194529848753707
8897649203603212327
-6437875976606841588
-2131670039804977373
-5509591735660387661
9063316080223141184
9009655222045066160
-1116624548939610718
6888746736632846136
6571649966301764923
-4480755484152077137
1207688043114843546
-6251209974452910898
8363952582389519752
-3655742317065204664
-165786413344869808
6464943259654698286
4249175668006870476
3047455613863135584
1821647922715242261
-4466885385027645717
-597651819135377310
9014955239981834473
2102578351822055290
-4336183734958056413
-2101169712940199759
7629380388868947114
5720754306202350177
-5557463082472935273
7558491013019287054
-3567522033721949625
-781591991533862317
9120157967860240182
-6715348607117435763
-8803676976114226316
6264282864854071239
4122878962352118912
9007207778632666569
4194271204394651594
-2841038891619916497
3908783501388247331
1926614274123195339
1174918713984931276
-4066803288923760737
-8720488242518222849
-4225079668911300224
3092935194054882310
-6460017863623487653
914487702035615181
-547290234184403109
-3020909563634256473
-7375784548623274647
-1824953287039567726
-8297079294739762191
7535291874385478307
-1970481795852293649
-8728347801884774756
7783577982060087466
-7479800917168059446
-4596554924521179730
-5791315254590791918
-7947893222989729032
-6395847347509512060
-6620385191162503789
-4544428699262653975
1282032645626128334
3915377868455941284
-3124071781666211405
-640674810192077229
-5776021433746333398
7179924076330574973
1796769411010687957
8856408271881350906
8714345786146225622
-7682268495317154338
-2649594633781201959
-1671679601082913739
-6241510188456511856
4491487889729444277
2171571780127430264
-7613281370548451997
-1844685853791117599
-5055047286087555829
4255397482170201309
7635729199307266454
-5452619293147168908
-7632379754393708747
8275520758355695777
2845558462154822429
-3297321946577177321
-651040497863243249
5101345016979582844
-2265967761693613119
-8428990839840458990
-3932039353176693107
-7195424472397199589
-4369519833891104257
-5725858648744583325
6981400250922397986
973395506425797522
-4226679087023230115
-2755132778094684164
278834493044865437
-5143682260380533486
6561380866715350948
1493846006997135344
646785208576434330
6634983952853911399
-7220576008406642078
-5315270912964269875
-4216810357273452931
1375472318939500259
3490292644833175940
5900702093809457839
2851623587952276918
-6651897925981577454
3353918695567719548
-7131725788847836385
-7015935514871596205
1737837044162757245
4870020375421139451
-6055338289877033406
-7413628197001761530
-2176664945230567260
8250015194472102141
4006619626148613194
-7474454720590020054
-4481000923260946295
-4293055035201894298
-4271099438365810427
-8448988289284612634
8587873783162784226
-1582571907206479973
8437138325620354093
-77652949055382273
-7516763541848906714
4604402547140285149
-7081785649890661198
-8365617307358851400
2300700668178633024
-8803658471091230923
-5044395764170504228
-466089849551711314
1235476685272484445
397792341524452183
-4584791134669946970
-7304781882372525245
-486513488405044188
-2462985981100824764
-743534768873610520
-5341824651613420831
5583960389185735137
-1717693433143146114
8238013658036526245
-272029763800809378
-236185992118148838
-1586560131802573187
-5255738765914181221
110034301769610495
-802606208520587798
-2780748163539955821
-6218241598618345464
4581756585625775784
779041838759669365
5467369920519169525
-4847280206347135268
-716045117797809871
-8611253615333919674
2270198004356301571
5984988881366373162
8777398446982193615
8598374698293722394
-2356195131749568253
9220378829111805264
-2478299851373522899
3787876821579963151
502438636973716882
7286129269615175747
-4380758470033163025
-4952053520656245231
636393598862728218
8561441651194263205
-3956671098022714051
5710455083253751101
-3682927140480692011
-5623087503596742554
3379977486592427495
-6955742773560504603
-2264666020741443318
1818418092751547755
-9170527222779395133
6155886671942994271
8477936017395693121
7456741912570793192
7056155960668598018
-60365700275116461
-3869750850567161277
3418566383224933848
5049626323994599427
6606539819075557062
-6935149824850964163
7631618547714207539
-6164046546522255336
9118023923997086470
-2491783896697021655
767350405489498727
8688268297601721288
-2299972297151685417
6866551665087905921
-5251689848393177951
-6326208633314603108
-6818006813372293130
1247060668246405584
-4228137451673659609
-710732834754552477
3449067884195720343
-8882729220790201284
3734230665257509695
-2447112213689774916
1970061870165226627
2958093956623994107
7585829747612045430
-5293647718492440466
1913827480679891155
-673691612753771220
-6672385842410106281
9192289658619063368
-4872988798471243047
4866214742316550746
-7121486830158985227
-1572082345225200124
2809151579662337177
198288676152062956
8561259492692374214
8181146761213915842
-9042047459360589023
-7354337050574746190
3794064388519368254
-6492848905888447538
-6950498930819311413
-4411068420080163642
4619149715806695700
-5151786115015393786
8802562916618715982
-583414853302687382
-4041647005599669609
6838305476477327409
-6551318301989295827
4052661401146233386
-1371666278129680985
3925054497749321482
5398268649527118055
-7354694461543874332
-8591371452984638474
8243724955398364562
-7671822476484553228
-4320867591495479393
764584904107702594
7313690415567933383
3633981193640648562
-2122671987525688608
-2477268004078652984
5696237463753612616
-447170720084944497
-5095724202038003936
3027391631672079411
-5511973295410518948
7113707522805059677
3815733870379705971
387545526616195670
9000207817443291097
-2211732602537265459
-4503536747029416634
-3549148911716523822
-7437499005870471734
-4555514980055527029
1413618537625641991
-3263310319268296581
468160372259714572
-1631737221429331554
-18999956329238835
2224391147686218008
-5600352540835546256
127649274285756575
974346715961728277
8007792041570197909
-5005908839273588350
2608104924968462404
5801362643379677696
2559582749794458534
-7616026354201571692
-4673309370917796735
-9085860070165468315
4001834601454525972
-2933614115406133508
1008218787806410075
-8017546631810844788
2263357701865458503
-7633000064650861774
1903694537773237028
137966244716948903
1215600585033686323
-2397574253518979024
1748225733458308353
5398051884592484558
-7481374672132547440
-1159176223843619289
4812005082026087596
356667854728266952
-4751163043688002459
-7268193223403254166
8226783244592779171
-2542004929154397472
7799344630415124346
-288035543697021390
-1588889096743759391
7383334336873872165
-699126802042520759
-8203979631780636258
-2004162344277257047
-4255909027429838757
6560356215363702483
6510793487024295338
711493522689825085
5467757811126178815
1462359252020006938
9035178755799400913
-1546505427546558290
-7635100663712487904
1317575883152984834
-6267489132480455138
2208344785964556165
-2716547795134617098
-2305430306779623901
-7924102118990465724
-7676940025345325776
7160665285853187764
-337509292241491580
-3520501736427465766
1270897109016716044
-3686233301186146228
-4196860788162579213
-1685372205911025926
-7813800046436766198
-923436768276287668
-726926166959185149
-1503091676449050578
-8074644116018799359
-7998349981357976170
5326987746135119760
5892607471856370331
-1657431401691902924
-2140341188844227545
-3673474900923902197
8359272836971342588
-8122764116575497806
1043199931809677233
3314711151236191254
3690265431658885889
639266241019557773
-8569455282437883514
3541073365820127762
-5889265990422054672
-4285316668355288221
6531836029688226878
2393161021850797777
8654849684826840862
-4571012569369799830
8885162179229113783
-5859010817012720323
5552698132908153137
4945517376668363756
-1008404990835634401
-2537937619473366631
6881276284414773685
-6295746519905772452
7934744552691160420
3832853459937481677
-4108925598728813471
6204889000287088428
-556578883118587606
-7371808726477456426
-4788512411646948209
5996812906695407092
-1435964754891497815
3141831323780127875
-4304465754426199911
4330327090820668138
-3109294731848846971
4675620872561633668
7421043957800029251
-7003862438358818412
3358821280072637626
-7944638778354235312
-486277801658565405
7674025184061889736
609020901254044228
-1245469488693789749
-6836085078020828721
-4291912730910646882
-4422869049821973346
9133211364204196534
4999232378770641654
-540208617330122895
-6629736519393035517
8366242203466760476
8924263473046333647
-4820166646493145643
-6484683177985937389
-5729010210509917689
-7475190311912305241
-6506420528417253853
-6224914639970043533
2512236644208097142
-5409934528853620340
-2962661190264964637
-192525222497942184
7204405115293309379
3536179015462432218
-3260400320633666251
2787399634534117882
-415907891738205602
-1033498668278699857
296144390276503424
7947511626846780681
6777858120705187252
-527926623720560433
6768231826679131339
-8175420023803257054
-5460520602769133115
-8601995849335319445
-5101665156988575849
-2694510686250728263
-8274104938401288924
1855420444111340406
-5391812756222667312
3948713828979093965
1735313345493885944
1071013493903703943
7791466174221728923
-7879995596532786695
1843276038298041546
3730604565595583351
3258443988651270945
5283394623641144668
3018859950343686879
-2957076505394949131
-5902142228716918142
3143268739616393057
2124450596545576723
-7150026396841679340
6456413328786055718
-2613424508013521878
7582853345632952007
1339966297189670341
-5899673889266741347
-4857607300723661507
-2419254855649401096
7836201294136227631
5267398636424743245
-6650531916754134506
615733624724129224
2239861917256540750
6440285732594040927
-1548843957536337818
-1222026659615105967
-5194100488673117431
7416753304735527242
-6184105744052394548
-4157802869907139297
3359993207473975650
4228510975691034146
7341630823842643677
-8076549297981692826
1622129667443913448
-8709249694953812001
-4180710576074675640
-6388600395068040338
4289995650263468722
2836887913070634430
4785386090137102067
-4144411290780648413
-3639731563739473955
4556175605159299035
-1345046782436995520
-2197267649856125206
9182232873984341887
-764431245137400017
2865244138158707350
-1505459094403036901
8649344203918980315
-6328898847163738030
1392586770579495683
-9060161860695564870
-2129178755335728261
4940059290638458603
6744453835912836327
-5283095164979109434
7257267978438869405
8887376907815907526
-5521292936138760651
-4818802395528937527
-8969647323018319691
-3727225263301214311
-4580079327380446718
1575430668637323732
-4413045364928130831
2459754470377572901
-3141534511877214075
-7090773107616491033
1214738958423109007
-3861194322084213911
-839615220315967216
-4381843319125339998
1577982060397429427
5098453565140056864
2205349372206223745
4172366960595978315
554513757157083784
-2843858534441823095
8938019445951663549
338410943758909335
-1445272957948284379
-5065398476208500378
2642301426858826671
4030786694815999438
-2196340668344671053
4453970253642473909
1115962183420911327
-1456951711744870919
-2884368202465056292
-3557005176553904594
9219527670276466943
-8413731286332412887
-8458724839526384791
1373822546158253918
-2395735321016796187
-7549086917494942826
7004247103845010726
-3964740628126543175
1248303524193853517
9057004961415755673
4195212766142732378
4679798563418462888
8753826099688135794
7176594254135007971
-7092793307931740843
3401858795983660929
4767388832202311256
-8872377533275650236
6334206766410333585
6149701742378560637
-5385560935373570160
-1474019416721626049
103958914735779675
-1429162573405762953
-8667692649553219087
-1825547659408556592
1985413944306782990
-2262243390428810783
-7351429509317947369
-820220154827153428
5157269558904543900
-5027169471954415739
8954564507059443928
-3685328028948348943
3889052304042398113
-2574505100790470209
2891568681038389004
5343606402640424324
-2046427039352781217
-4012971416871291609
8773651303570915687
8224106789844695118
2467888280183490494
-5694498070786731832
4004890051691467880
-7270060355895872631
1071038637287987359
-38070323797312284
7501877895895521950
4668402833682709898
-4847175701603694752
2226125327426414887
3670401590821429424
1669677194953228414
6446021445754275422
6518145670315492270
-7102212091358660671
5388594535110654379
5942634406059156458
-3563309642792314364
8749507264736270599
9117886663196157437
-1697937652670094488
6510469195685157844
-6778883905524664207
6998855543813497815
-3024571185851384076
-8972864073771085929
-650322865082707916
8443563757000946645
3194999502180196245
22161774746067233
-8634333476611155926
670053451083109391
8198345900423888725
-1273654751482546137
1345674375582657900
-709373401454010453
8555798182311662973
8399168387589006952
4032207986019817306
-6684440792346272941
-6978441582124070782
8876991425286420692
3469471153701708425
-8859907072051049154
-7174715309631760732
5996686763172603179
-9027416544975247197
-3200534406186645009
-4550986516390165207
-7270146432487540924
8483146963415065736
-5088000829730999076
-478120256395507511
-4638882075902374318
-5756349547666379192
-557641487171026744
2121788437692990218
-1786995262458015214
6960886717917939145
-8671488818484955977
-5274802367223658996
-6337526672570979620
-6376082580683739588
-1186533247190873920
229372800988493619
8404849149921362298
8621176712779204507
4835888150032816513
2026015647415238209
-1462819550177736203
7904470682838505547
-3214554919626597684
2959333600894897261
-6001315473706087583
-4593894958104697501
6362668746337744330
-6577662978629601987
5223993885828787071
-6625953909709620300
-7713039043806448959
-3031987834733084583
5783579773283680150
-7852989834915313737
561440934830860874
-953584103139904652
4754259450765054881
7272346361714622643
-3681850915007966748
2211445081190366546
5199215740870992310
-91537950101147276
4078027551461423131
-4432287161403818712
-1951657789807926789
1743035169563486103
3944174179858857368
-8008674326613735357
4590878034966395671
5709582801464677856
-4567305217354086373
-4884275594263734418
7899576128021441484
9176218187872243489
-4678836301016509778
786866335278602218
3393963936292644458
-9199824237125367080
6559641242584056915
-815065541431559077
7677428885626207624
-4825011981223283305
-7792720014905940470
-6066607783342285233
-106479333869231143
-6678250411398651566
-5896838265061074297
7193010544124238080
-2251229250967524280
951135978454168141
-1904649533524657036
7370790530002911758
2399874309244865969
2691679275795038363
6095094154222038783
-1188910301151596507
-4100236433701284412
66378209834662760
-7024221881484400480
236676199522552446
-5032312233978963921
-5249042496731256895
-3341341366365306738
-3077915492964000254
4869303081729172325
-943610773019485954
4864159814092406556
6943277345709038325
5498346890322727915
-2295958699328351622
6955900022494004663
-8135651712722069632
-4587568863094276870
1264995001427389746
-7084474548898777845
5197424769362370437
2949850485112303357
-8600010053484582336
-6982476331287008226
-4766994750988187302
-8832187419008477180
-8957781754960257144
474849165951758909
-918804224352612950
3303850081599181067
-8138999011286158120
-3176787942984907748
8908135178642360840
8220301630636798747
-3258036505830018040
7851870875491168923
5413311673063118926
6856348200075805590
8451502716905797213
-20928081047321080
3481103854917142509
7609402649867420337
-2331015757114748012
2096525933182997053
4302492598137750274
-5064468008895360666
-6448727154944217730
-3907496046009140404
-2283335028412812407
-1791519938817278075
-5211255774374972009
7997544711936483108
495718655550304956
-8959165412957891941
-4854655878347557070
-2221606029275229584
-67237776099826092
2791607139631396481
8734047344526771795
4865171951834365455
8337948950625193370
-3727292412458129623
-9114956226631490252
-1703823420014103017
3399059702748116145
9216485943254047795
-2343512099296392894
5480908978818011431
1736443828401045528
-3535906049763314910
-1881740987435779500
-5081321145724533203
2676145743153678653
-2675469959731876551
5421418902028577330
3987503635597312013
-2830533740763611103
6540729319300718492
-6707620603396490003
-5434289511261955663
-2750512537793747111
-5514193363578902033
-4203798077135698015
7077303953747901032
-7500405333684561848
-5922507663044038925
-96307593089039312
7335020887334849631
468208150712895416
-8137279399857551923
-2846418059257647330
-8325265656265810267
7424720077060227749
2546152849975250926
5053279037061423471
699271997975494827
-7091935597798964846
-7295604581849829040
7986870049771880452
-203235442994597049
6824920087136725010
8410836848436076837
-7756894283494180299
-5290088159799907839
-7814267455025938440
3643442088171883550
2092736656441220390
5211512831073596314
-7714997763816968887
6011173784655231147
2679873248125320040
-5459253607663479917
8974618695667153693
-4441649636753205593
-6173139844129651528
2722472523905534322
7832492083054439527
5267695752958400799
-2212114388210753306
8771280340916116953
2005509785683128571
2420201931336591809
6634415386108974695
1437690676081366300
7377980553938888033
-1889860220201466084
-2655115133130475091
3806048315548476021
-1891079388043825717
-7282366239664942694
288240978709580974
5318695838642119993
1883914527271414776
-4289381737430439782
-8943797063701701039
4998525115680588980
-7819126333722224349
-8173697661656975979
-4112292852618849049
-4457918574863713143
-4754521468571107594
-4442603718843002850
-6745577227255054781
5678109577053097029
-5589735041271220771
5914496300360063129
1112174314302326395
5267495767526539202
-5369922603506305523
896827026654620199
1499695758887903105
-3695829603407517142
5987062022291368431
5444639652744603323
-9152202474955032323
858261167740018839
3868904798820382424
7803793575098121041
3813079294708387350
-607806908651034249
1802537165135306590
-1412104398007789782
-347692056286678530
-7177791824657747266
-8519342298589493196
9112556469676621556
-5949401082851691047
-44306904330428843
-8257818946756909893
-7294515574110204188
4422552666504968910
4019875818558504003
-4072993519656771746
-3833105866416960423
-4182313241332603732
-6713401976295567009
1433440930041827658
5336457437615612476
-7513040365039072490
-8263371893311130472
-6289798947810324046
477484852100135682
8169516011859448864
-4907036286865289954
1138489505464894814
3663967751824367455
-4485323404494447736
-2389309802209784207
8496540008783803569
6540354858609081643
2568615998573021153
-1188044723542117237
5893629874011691212
8854263935838307298
-4079822333596740707
6546473888256985534
6380333373979785735
8219021175387309036
2861664958522196711
7328894931536998891
5213891086776753368
2105720583566821513
-2817024359760826298
2343401516205108892
-8362852559608365914
-6274279105338837123
-6225800888119446815
-490188558807318247
-175207221689662639
-4335526719074650935
-8942705562034603393
-6683175002522036631
-7399303328893245894
-4477146653989122584
5762639430819272341
9163336607308842801
-5472098603296976952
7711596277218829129
-13403172334600520
-740518757036823216
-324410800029033665
-8641950301291173299
5666648289421829392
3066972843323335154
4777757888479040318
-4995788854711037820
4635748783658304620
-7347778434895246733
-1750509163867875532
3460066989271054397
9073473851350188445
4093603110425465579
2403440601382409161
-4648282880319320993
4260840445744635742
1361674262013278642
-8006527158796977253
-6136514889838630687
3628564577394419655
1523987487970296327
1033882432896583601
8502265300048129020
7740103221319898113
-1836727535583129708
8152121890467269271
-7547137259192170570
-7828672008131728305
7531598754929301200
8991720546477733020
6665825806543063651
-2640907450855434566
-5669917361448272648
-3763615021122371991
5337540586914928384
-3681338892861347239
4909342297620029767
3864875751812469214
-3627918035078388925
-2238287589935809333
8285424911433729476
3511930369400971211
8329313969093631523
7677180319719790431
-5728170751587651515
3753390255060948742
-5170399602046309952
2086071215369160241
-812418502388147457
1986496488127000851
-1916538211849153589
4504246205781319444
-4343785052810037717
9193276936844491644
1588768886527927685
-3653597062931346546
-7898314114998271604
4662889734972848835
-6069153277157011010
-7619865742863955920
1260635991915197032
2434430253643873532
2618320890250881668
-8330430026900611199
-3770356083590105369
6132007935113763448
2625254968007622114
8921523127698564190
-8425675032621483899
5612844428157681053
-1941741061662379883
2990808763118546543
8423615652978860148
3237501265759283798
536503164900870357
7674885310900924418
-4058397433224690928
9073369508543223152
9080536399149555248
6200666455097838681
-1906580296989966277
5142602393762636956
-2674463787713916763
3774499218296128575
7571767845635472181
8581117192897545059
1984319788759571243
5433727448951762666
-5587334593361594087
-6603305338189258912
-5749951000662995177
-6926857087148793012
-3557928490412355230
2888143670858156104
2037960257957354617
-8604181233110006566
8515554748271918933
1633252618638381840
6034386039880197656
-6915762027179227939
6710405581695638735
-4643133837902392057
-5356931714620031734
2563619112617114360
-2870503466342541396
-8063872872618716349
-8181743561513584928
7905220645785592415
-1380865537334656050
9123498515857358123
5511514739238338639
-398391585578283900
-6837470421063608409
8323652568440913755
-5201734007247774227
-5252972210153581355
-8072229919896454366
7474093116899468030
2087065664543492974
5205374049709663639
6199992311044078829
-8561557168774408207
-2674834793861337070
-5770067601184265180
256778648326867567
3004955700246476674
87663615087782094
-859924298477559010
6050740222230783141
7692883948001594165
5854102889394572169
2956918909209783956
-8147185880728715908
-4391593254662392214
-7068499714828207577
40191165213744474
2615912078019055944
2704741406406108399
-1896810725165988523
-3772925380230086193
6104467881072354375
5420346657158779509
-4523492176928151459
-9099275422790992626
-4851505920803144305
-89144438951524942
-6020225538245517032
1923270425390809850
-4421929440342187742
-4421761605496532625
8425601591474807326
954669359847748428
4008603239014433313
8386712851478940949
-7225159489187902260
-7897279808675900094
-5262390413004136817
-8869093464709884234
2059450999225023360
1311627270808717603
-1820428324643871228
2275372312678867597
6081811836012719699
-2654294311627021733
4214311489860231183
6477394795939285663
-5506834090607204291
-3433632759825227692
-4135815202634379160
-5877513037554237919
7988121552971556885
1122294586802772624
4573811699336629448
776144191661560882
7598387382697684989
1464890262288446713
-6190310402927286754
7099346030417804865
-238116246893309965
-129605728133826898
-2736936504739293691
-4996324013188161000
4815980156195483324
7254741417944678127
-2404793169655271445
2977314777336673619
-6004834594535391944
-7860034113253670900
-6072787111328074725
-2385402058248867861
-6981684795158044056
-7960021640990390793
-1246864871288208993
-7769655544918503305
-8268189386169976118
-650540460440751688
3634891260085403327
3569883923843373875
54282729926939246
-8249787312875656416
-1457432978694362899
-4433866426097111204
2749647539236823942
-6665687357535448913
6582441074053579423
-3854397190800389420
-4565583269444771825
-7805985424300757070
7332903187716948939
-3607246021972645435
7420975898718148425
691077440747435724
5276293208902908443
6919722655087656133
1189715798862128573
2569815079568760803
4919573795318691829
-5696695162513810154
6525242660124262357
-2345834301069774738
-3375962766717758004
1768513927179918343
5717389556477641170
3829590929025934483
-6080513708893432916
6908590577148546213
6867874091515280157
-2634887813111710063
-1445739459954279674
-2082980178334832333
-6217148143023693396
-5693258423769915335
688930803323457270
7573850640952636251
-240831847830465018
111657225122479858
8223078856836866
-1596542802671986588
-4042747637863391337
7822253298760769770
-5032594572723082660
2381760046536587241
642673134201764433
7089986190007374153
5934876985766409054
-656434661865592413
-7366334107447792310
-6658551349559537026
-8229586694722178315
-5961423909812224127
-8023483062108390815
-4736266111634735582
-5691272305014160531
142271809915598455
-2591632836701546082
-5730677850864810618
3245253387667930804
4444381836097221680
1683878061102659609
4383696299111078964
8908148609045191761
3509981435870579565
-4016836977379093219
-3537206997200000482
5763460954236863909
-3093983882632857187
7058817123079725749
-2568839141620626810
-2735007063499167219
-2142758089001165153
2660604095639441018
-1235328295312658998
-1861894822959962797
-6298861171576226452
-1740804388602869842
6211188621763265564
-2464177968380472085
5056965278517894245
3963255504376424513
4286378812909421664
-188655148949337757
-6951081935009938855
3341500337784727849
-8696625335428788230
169152737161444776
-532013099948745704
-7748365828175509265
2737313225148292981
-2763401860565599701
9073791588611480919
-6334959098033298324
8038022651389317031
4390506070467323973
-7198604344275552482
-893668188570308537
-5939788925791506555
-622630720240673128
5145177087209312427
1704316426997997329
-2290491366500591355
-4328054685014227752
8256431405617080871
7331948437148211784
-3599422605430615907
675604653070040558
1081627434283871782
-5712217748746609108
-6112148833910931818
2888291808260018038
6377210642669600568
630178281532712170
-3901084887075138907
-1307251468914250685
-8125947367329480107
-4226163478558099948
8072014657970239797
6456259949297335644
6218933104609276290
5943256468983519480
4181758952466622257
7451095227463603721
-6555232248332221074
4836078629619772602
-5313548427134330787
914367623117414476
7956398860979767420
-2445450853460557367
125030549876751554
1827003895214586409
7164307012115095501
4010620881007563101
-1253661129441526710
-6610970796720447907
4253013920488612179
-3564942000483912709
-1170913377871408596
-3999256148983885816
-9089415826254710911
1610127297756747871
3092742027860918997
-1056761164808769401
-2807335850126343387
-799078883875846760
-8295270948205755826
5622991798614450175
547375936816927936
-4716634649378435803
1132075116852355450
596150793738676386
1567666638146015049
-8350153021019498754
667658575307295643
3416642691755375737
5179561197338321661
-6151643451243066222
-6828791171928103450
-7334146380389208927
-8890994137353968826
-4472703313708624851
-8338692556109517910
-8359317830334893566
-8456656726691114738
8605657406927424618
8306581496252371634
652874611863841277
-5154781112528758829
-3811566045843079197
5632703212018857005
-837112884638457417
4174107744278083426
2969759262938094758
-2176241386463935368
-711816454225165099
302927662065386420
58167767754374065
-2949622916219711496
-7571130533867780725
4236343491877101312
-7026320067852335968
9151042149838159314
3978266246477663246
2527731387147397376
-5148206679794522956
-3283993604959764593
5742502476848310338
-4880009540448596406
-9180638797353673048
-7231753961240930984
69099682782741299
-3826472308528898949
1201882868426328159
-2148319518331722636
-2822783396382210238
-6207600004274483812
7860398412144870961
-2033972327291157872
8941544757196977103
1730469222863458563
-1180835325249519663
-6077720589225954814
3489064970319533096
4282540432056825672
881569644285115675
-7281053195637200684
-3118459952164567080
-2211322359877273180
-5037363950487511294
3145112932209759423
868405088317304842
-4418143307766622793
5157602196564089454
6676902701439501596
4258734566694108984
-7792760677246487520
-5015682224578035526
-8022529294732653614
8161138399188646854
6955013434501027640
-5388826495827342736
-486249047579845104
3094329918905991762
-2482043392475012031
-4880814945177229446
7177904807785412793
-1651381813844514526
-7576785829839578560
5758712146371017222
-1912836819531527186
6628179762508616632
-5393627665159636296
2584834471308732593
-2748044084540907181
6245194461110708065
5853866716354285005
-5465595955476542830
-8145956425966824411
5261493816632262689
4830888520681069821
2849354834381398812
-8384421783266949277
7610637753477081544
-6162129026777678197
2228903765755009461
-6543579168025031181
701081429766358324
2160470602121119808
-5232178690453690808
3086811337885379449
4392757744600385860
-572855271699294176
-7845300151890285037
-2640795359728761554
6297466041606540588
-4623740051903409342
5735029166776159372
1562716818260000063
-5534709070162885600
5610738801464255184
1124129123731859004
-7262646218724357580
5351531218399005368
5929243428720483344
3779606394505098784
-1848266009362706965
5871739152079855681
6226962643839971949
105310599779796264
7135012705447484584
-8113800864133610428
-3240285756820390321
7388635704172631923
7935691490445310994
8341659866912270715
4924699555583349795
-801173041826377268
7546813456445119132
4581867336516113465
-2711268683045272325
7936038995530338166
-6516492482295271746
-169453661645975961
6264859983259762889
3522535457432832403
3894770563472049348
-1886742130674961875
3991994575170716169
-1122900688858067400
-4793836354830209956
1958413896888953625
4359330636011648504
-4703944142171252382
6329635332385723212
-6173253624569102614
-4363523904993247061
9059067637502220824
-4604189684837829693
-8122284878085604715
1365076686746487915
-6590149928643490581
-3006610087229767670
594282312153779293
-1949123543217871719
-1587609376872332260
-459976281166757258
2570940354091409713
1161457760103171933
-1670267905414211220
2810889119996039914
-7827387361238804382
-5970476676255231110
1391386961186606596
-8472805564292665556
-1960737069361085028
2554770798094109244
-7389574948747009328
6146075534815458733
-4374200496148031462
-5830007926293439321
-5482489357476553237
6635275670567028954
5817633502441777793
7355382919648583255
-849133695760201097
-533644029252570669
-4599969163803488991
4605816070942995157
1829440846121159458
399391347843260867
1453073147894229456
140652516809076828
-6424989006843167186
5492164472596499977
4592911480777714046
-1394745584597725220
4389175194352249384
-8207386421071105703
-2946657644889698596
4830834226044228790
1980925041888130119
-4440216994117729353
506315038130731872
9073583122965134895
3323400516146693027
8242825283987698516
8231586429689970772
-2718722838013504524
1334674270434875053
-1360918785806031210
-6130185003645151654
-2509788485099870730
-8638123354838644721
7065398972292844444
-2344702948075755467
4009940701735382657
3681568047040868984
-8144654692070718755
5519693387963207211
3403752921993453966
-9095397879938527487
-8422851276015353858
8371956598076249926
-3506075380494282777
8443711752891826986
-6387461784288867860
-866084283979599299
-9042838803388116556
-6091417701971701842
-7983008479717653590
5480732651990011943
1957978386261013598
-7709740291628707735
30050149700480970
-6313829980081175343
-813369450481666410
7456029378852547021
-1871525298383368852
-4723736952009574398
-4445458085092325407
-3663598226917270958
-7987710162670772957
-3765463244719391081
-152547780417156837
2949559212001393120
1843066031146947945
-7907259991963485508
8197110102269842236
1631436543336574762
2272183025209881535
1776707807107954384
8973050581936859292
-8197768379411064076
-6039578096032903103
-2144515905816259212
7634574933543122075
-1747342128803558423
-2608029123485895642
4951471134931252070
-866883548234899986
-4930077658698784107
-5261711979948070003
-3643604855906010812
4944702506831554972
-3513179567619859001
4080756915484684464
2045555791821707635
6008317838133940003
1534644360393577817
4257800239610487573
3423254044585957057
1452791715827281925
3878916414755249304
-466060828395107492
-1720793149800890356
3914734827481848690
2092073783699367760
-4267756459030605577
8000223248600688753
-1809887390062543993
5563777266122493856
-1269222707141951887
-6795743812961990721
7105902008914296754
4461826666944573931
-4833384815425701981
-2703801001904113048
-534406141618169358
5234804802520173538
-5157884430920279862
-8919230667923366238
3233787110846278244
5562355231719498158
2610580917867727767
-7593148136006458129
-3387607159925850377
7478843016861795154
-2733370178699350252
-6103393654854641220
9093542349887583154
3265651873822653443
-4438644644093952322
-7901890430790665729
952212724910523597
34685950851257297
3205143039798117157
-7188015111143704323
-3992651302707568051
1217761716251415433
8418911351302288537
-451550346644436673
6774946212178449759
-801821383996155642
-4345632145051196626
-7245368154468375306
4109743341285162866
-3254681744577348462
-440508482591503801
-4829547151110539085
-2464327623676585949
-2319103909208184239
-4571555820977616507
8533671507772967633
-425366896644452874
1750718271099404900
5311557820508142891
-5585991611775938636
-4396591363877056631
-3438733562954691377
-142190806992838811
-1617631247558674543
6850031982548824152
8912408308225346683
131046870675500668
7000717249951780631
4988071062129841375
-3906407024017648199
3877041542896036014
-2613546295152623896
-2063916786616816353
-1433138998091279990
-8512780139987674626
1211224766609139676
-4471906111567182508
3559613948622480456
3434490046322534545
7391729611870405260
-8457466358970837883
2606331816339756569
8210543134275654694
6719064144473130270
-2327015354401368702
-255265189434733240
1796791389972363326
-6454284784186017754
-1103818027300810963
8418832040607878583
-5920463422482235347
6849946069664315855
8763205265492438041
-7047367772285727327
-8209535183518249177
-460294468547497226
-340911832128283184
-8040536974936579963
-5994947623157123823
-6921830708233267609
-9047375624167362520
-5355364794599976236
-2959088775153339001
-7115831757701085356
-2015615591011274514
2325862512095718496
-3983268801287265421
668072157699587224
2422253355333495364
5911914302010542625
-5003878340699652089
-7936625524608652397
-372901922167526455
6611664617715434071
-3977604142266472037
-2827078948563618784
-8305150792791271235
147500637268365686
-3225397575003657672
-1596013514570568414
4606587717695702334
7773337697762382894
-5785695009821170516
-159353568021214233
3822200760585291688
5808031130845212414
-5299204325904373558
-1760988221780982030
2684787418791634747
5120652550459950631
1533044825727405202
4965463700539631913
3426115647205112260
783588305746322414
-1702375269261937551
-5412850807015395394
-5431049740961440140
1952988561156503339
4484811052520101771
-163698363734026693
-6045866497859961044
8674944409917035459
-7176331054391621472
73160179344124733
-8196517888821302774
-7540798193302553938
8227287324586952453
3339295233654582503
-2099830556999598297
1573202125354693616
3786275327640047552
-6721558259902105687
6139962724715305358
7735533007012686398
294116063187046259
-171616948391198811
-5520478915687345673
-5652236464496409764
-8147545349410537475
-1738219807259810064
3157287994948915998
-1033556805212811081
-666798048934947526
2434850262747127620
-4408299541060543893
-2733128164049163958
6331699107373885885
6212082120133278558
-6005768206367232284
2293680305176557681
-371931259585116350
-6975841919482206291
-5294693925109547379
-2286592325656919749
-7876256612091012910
5690531730535465682
-2208773019656805428
-8173683240761901002
-8403111000849670994
2122456397387704235
2399770423857004437
6609362232463702901
348108596597110677
6490269158561664037
-3545948919484541274
-7809406231002749516
6848661723862096339
-8729587002139280419
2863569640160991059
5633897140340065156
8596778525892551058
2860060712430972528
-7022251248160151356
5119289104234626938
3721549387671043184
-7462275121304254449
-8279556290228492862
-666758624720188584
5275128703873153240
-685879817013295954
-2610218906395430680
4681564278891502039
6983255273300143728
8233459242141558824
6937518717830540210
3534977044522820033
4036695994339207894
-8215596903730053502
-5110120914352992590
7764332464997979926
-7380482714628972235
7919388580959052376
2924894630706481380
-8368619573585214882
-1772654309650992975
3654352889208039937
-5285105759446190336
3610474138052898241
-6062103764620824871
614091827366942017
-4416709876294064758
-4527279682168812184
-4107528624217901593
3877908545821135289
-1889658757257418942
5236115512276651031
1104083364916311242
2097018157928707075
7320966684049570816
-7259984565046196729
940581596650434762
-883901563013112397
3345632941629589254
-3667659954923868891
-5393064115507221082
-2550419787034010240
-1287750441184137998
744485021595092698
-4843272630580770606
3409297389295138592
8480074422170307458
6544073564366958256
-2998481208776616590
-5151621121212869277
-6603818974519692036
3027555766915815287
-185322649196259063
7920324664058626220
9032417595432291096
-3966257033739172300
-3555467317044595248
1226533065815776047
4654379638620434789
2027746235547792328
-474727979596600421
5195959132476784579
-1711409297884350508
7439082214055954223
6507898270411762463
-7454649491658150681
-1264155217100946485
-6442277414391076399
104568517889229023
-1940209060862355343
-3080829800721019921
957196565817792595
7942542876478784185
-2044730870898760260
-7387208133461340441
8895078399301600931
-6732621312357286700
-1081910699721930789
6577883823257712840
2777570763504647862
1392239456692619705
7219203799236956960
-7240233400350793649
-5393292405960867699
-4799052020905412097
-1151293677162395580
9867099143859349
-4592328579825330281
2823154188475077458
-3469258610328494500
2096813681101676920
-3356324138200166565
7721120034650657975
-3256602336605903453
-4201300665861366108
-1389258072178451209
4590012113917828447
6632336473147448064
-6771703615940470462
1111803680373930241
-6161510356768596654
-4034896550518835706
-2013112901399024220
5425180958256926063
-5114833752296393639
-359217943747504860
1795962664874036778
-672059833826501650
-5002676521653960258
1052101588824845828
-3340153282842136100
4683849911981657027
7890374002719647331
-171782881330104037
4845095859905191491
280638398716907889
4943595145292692212
-353920922273712846
-7492690549652892883
3350471926423682466
1573236740668458248
-57020037000947123
7223440748718689448
4170841152590020607
2330140711477170478
2547506568200962398
8035563837087069628
6980993314062035002
6964767747273557340
-3424581816320179897
3473225870563841347
8850495423462312062
-715159764587688430
-8472526696876978890
-6198538196246730470
-8341554009612497530
4227511755256427997
3104672608630304483
7529288339985230072
6274149825922140417
3647893286668678598
-8519927941302569139
-5428702430873655151
-3457706607340026771
1154161959207115666
-576550539472332340
6407438330636639056
3286321492297335315
7750507887681866987
1966592845687680138
74273794955771872
5309716484245296997
736357770547402094
-5062847655297987978
6975611636925395866
9007761592339290941
-4339480021454810471
9092076616872546954
-4663335996388253945
-720113120632628435
-5221400113462532246
8487724566156964370
8492932103375210233
-4915334746927040047
3673358571397845049
5730362437543365956
4100834605054663661
5948769317073133840
6535906977643076653
5982075914853440053
-8060840462190358
8690826650472479798
5038730922685682671
6270110623847298254
-3226851914901798165
6891211462474545349
6959164576605777643
-8124277487148810510
-2033560185631540146
5442443661023790910
-6817031076016343417
1599816756089126695
615966845530104094
-2435958387148229158
-1099128968660756428
2837101057534207952
-6820065129733836072
-3523033660613251619
4303933753580379801
-9200674995582751258
-8486379112699880495
-574603011492954283
1644040588878790344
-3790731595894256416
-2954676138086499904
-1569612819440471575
-6129854666228045275
9216473327736575584
-2477818458305566920
-5881422678566660426
-8481616552859751818
-6926592399620549967
-4529849442734734361
-7354894948055042249
7087272849722166743
-3483122365305078910
-6785296848358754675
-6395802260314773169
3395376393716508525
5240677030462781796
-8387236423260085157
7339923345112770050
6913427716490860884
3085123235062366380
6534745190350229456
-3666363398976976719
6710029020944383463
1333115373180526371
6680665032826504147
851521981871311272
-434108499620372769
-7454537090536196844
-6769959530133458023
-8818913130541863955
-591268363878013015
2086496406213109274
-5438507070987903467
-129873826945878456
-7010094822389706013
-8250033507120039173
-9022248102678047898
-2992340866726331785
9054475333400334415
4324272226064380678
8677032590941782424
-1151891016118042038
-61535665713318016
-3277421555097660940
713537777759962306
-2902415797646206498
1794115445962457615
6230753550624937356
2131088197820651647
7022441211928168760
8660568337523921244
3939665828486500313
-4530870226756375205
-7268657427853092738
5090567145315506157
-8370585768223572685
6802177176848713094
-177889849101943454
-1711134136803478809
3332168642747827027
7982911300643102513
295749979505954323
4117939484017828524
9184300686966970054
-6508537055135437921
-4341070085468992461
-1585607038286628525
7944901432830814081
-9216274479044967029
-6178792157397544417
3929513193690852367
6306354090194159861
6618346171549532036
-3878431569217065982
-6965381010366108756
-6867774778124941033
-1592037236321867062
-8995300702805840419
3226199213333930836
5397263562975985645
-3392422028590501773
3531591068172826599
8811992459416127759
-6804976455266932721
8439030000692247998
312469758474641511
-3525766521559523791
8205589893091088644
-6564291405871151179
3064383178871369084
7881175371162404159
-7973765176656864329
-5173277780760161350
6628797930654138370
2016686202632622705
2197073351552295098
-1832171119904969327
-2009621220660217828
820166001770252251
2505729733513490028
3981711538117245977
-7816718796222541390
3004300948748436083
6549375014166529226
4176974196761768394
6831446400922701112
-8988703469750304111
-5499345044492786287
3219906345364277895
-8152910935619797966
8611752633963185202
-4680800687470941225
-6301874161649545695
4026343860388666665
2090482223067127787
4544189320498867795
-711905803483712537
-6309350795430902576
9238586566396671
-3754744885820023780
-5097644886202210081
6315397443837964438
-1144855404050989550
-5026387062970871089
-3941077052995151600
-6166283013200011964
1770326100893875992
2808890541973341923
-8665598001678750724
-7026429735194772332
-8502472381838304259
822320007007884071
8732513077521867131
3923048430608051180
2426311461281421110
7025974270435445053
-8398893510839658406
4313475059623029179
114632128846234682
237064320166805967
-7154496755761538603
5311047641794873528
2311831455689220408
-7541706906855905982
3821455019026580812
7719276572008386392
-4642982191976441255
-3122912271306995921
6247637906995762995
-9137153983296220723
-836822307422290435
7904757099203764960
1474100995112686623
2648966448090082911
4257935213167124281
-2390867268242219647
-8873520701463421739
-1502629299914526393
-3021004022570719039
-3906226583717184251
5189370465114282413
4999632978110444667
-7477900634128026486
4320528934728650570
-4726347237141678308
-7355756087109630514
-2647681229271419987
2345537969414349493
-3053300961468535240
-7953399256140811293
1558852726121866371
995014266800608295
-1388586914568672062
8542972253163447179
-1960200901186079849
-6500575212420712200
-3920749289152677476
-6498604604426913815
8967177796054552916
-5190573214103027917
6501746473529049861
-3639617053693031719
341534429254074963
-5131674040090296644
5205255664754237680
-656493598093462041
-4230323670512157861
-7928907901859866226
-5216864404165970930
-6798863203198409001
5329410881153901410
-6810667149730287249
7926689775449660722
-7420440122297806332
657782929327381751
-2994256932992176382
3633933284010640
6486751007899061561
2547165263457205607
-4505791525530113544
-7574978013677623386
4103351722329747896
1159583007781226036
7853470759494887045
-8936771647305663168
-5149624966028952539
-2386025246771322621
152827521172810329
3841789327957278137
7885107220307265487
-1412785871627101491
-1848711569461219966
6011281097987658126
3195739182434232876
6087412033620656042
-2160868766797946109
4612061032163826036
-9137223859254450304
-5711541215214201944
-6201251007897900862
2887789656939825217
5142161407557495674
-1371229401550285330
-7266110035149433286
6365531668282709260
-106549129682532001
-6176018609352586199
-6680060838678505202
8374315960001121761
-164707784138867644
6452663267983435572
-1790167693001038043
5642861155300737087
-1318483025001276443
-2317916963357200142
781498662702195038
5940279278917806703
136293780608033061
-2998038692009499744
7705202398136754592
-916376103551496553
-7331807842937171722
564344144830297744
-949697590635451902
5113642624527992223
-5330675951807036292
3415625048659807757
2029613672437070364
-7253167333515956592
1130372406062072946
-8509498051436853123
7309672378144184345
6872857010071977527
1919193290387538876
-5093572397648196358
3363674165143202938
-2109511230571890474
-3781804814252316333
5275836459050016742
-240806491425923785
-5508172760272956132
3917336119483505157
-7505172878359604930
6029982020918195193
-6089563999301169604
-2672930117683706662
3373382601174537430
5036258493175771643
-4635164805741963080
9135172737930728294
918543264471220360
-5594322053927792206
3527832163688662619
5792628969152013697
-8981740416630759096
7672773122635554263
2447072977607332921
-8202880940444098513
-1964265605809053065
-688548434399895374
-6144024680090533178
-2344226435451386890
-5875468617856994062
-7449116070794382434
419229770108433591
145978212197783670
1257399238261688006
-5470005742010707479
-1538348968520773168
-5560888819064797368
-2954598361641899518
1557146262905734873
6152266678544657507
3077986597126642184
5643299530977615113
919656387690196060
1422345549818401345
7339628328155197182
-1092527730607621429
-3801213759731939998
-7878975036060864805
1017576422523445955
6769924767010621183
-5756690777154559303
7224366495850106497
-6562526914336239497
9074135126147128804
-7086275146343956743
-4618505999810332074
-776878220712258413
843355484365334975
-5034752513273605755
-64206274420660113
-3816294950641362783
1967570646745936744
-3498741670013154949
-3051061920504402667
-7638722761756749675
-8018630744277470211
6218349167372157929
6702524761334949933
-1880019274149397198
705694324759454275
-1923082874388563755
-8558289118153286987
2914547278077482635
-9222479208895790519
-8519166804800393664
-9203104601123016201
-3142190563197143475
3777174769814814285
-867965002889682795
3018157907327472436
7372499714828235442
2351770337971674670
884177228552984254
-1663388291528147139
-8708227507745191902
2089701728213671194
-1950975251036851762
1167603528059904295
8545967222347343667
747219665432694431
854843851379223449
4419113319215885804
2946671820754130670
7023874330078675385
8552238009482969171
7590202542571069567
-7939600095337722856
8661486379747972925
-4173650843110085340
3897392241439201519
-8922100508714059234
-8215575555465075424
-5238420635168743421
-7300734266416782260
-6565775575861675081
2294686508238596436
3038821096763584696
1698531599906180404
4763597359775901982
6212500188120118105
2073160195636222144
-5823101529214994039
-8971476130270697629
-2767344775837791840
7329949692999460444
7485986983504996031
8281686001160376222
-8368740094134984968
1401329823743100323
3512097650586948409
6294129742619349802
187207826700177850
-2387037046420340240
-390079609816659335
-6010219581143001538
1506570089884361203
-2038823991841839482
-6575167682757691757
3474218876895270883
473831263717714873
-5448998982380877694
-3288114357651648097
6571708751142728353
-8870460687358422532
-4080535637808335282
-2873250503793020949
-3496544766794811429
-6301600545486117249
8152746769502564188
-4029224729306698008
-8167386489301618507
8592083957975103643
5861190131391850636
4930805259296546467
-3474367581922630697
-925025978457401706
-996762986862694878
1944452396664176986
-3169965421057020975
-7169834100340996430
7267623232630206776
-3318619528118723239
-6961999971203169518
5201006175697355562
6630792105398149253
8656907875976165628
-5886522445157303434
-2873204572050554017
2555486697923091005
-2354002098787361894
-5910816044796591148
6892898997188007496
-9022538072689177020
5814002080654175476
-4184049196584381903
-8266166247358813141
-8677328086905390981
1740201867144044017
6890565574536023901
2573934654450915999
7558204134843529397
6416198520081177842
-3939511883854688560
-3739177977267434083
-734877656940046091
5699247287844452017
-137438053998044573
-8060952196859293379
2472637586462711024
4805240775779826374
3608866002524436972
845403947025266176
-4309363554339445517
8803222912946094444
-2417551252479978035
1743805028342283219
-3399183162126491592
-8684667180893058720
8735228608070313557
5682759943508678311
-5935555411714788556
9166773153516625792
-4604057098570159183
-5142484538176775021
5870352342026545937
-3083780517636436093
4617346722150701398
-3150422703539003826
-668223796686612027
-1789728106910849290
-6546090844800448573
-5768738730093880599
6041079280721698615
933250630115930489
-1166779575847988372
3028160702450182201
-4529525237992589131
4581565582673372197
-3278331274597455953
-5328811152325341693
1630820376594472973
7315307405041365102
-5194443735066739094
-7353076157352608238
2501854207615051487
4407882425758592541
-7144412383360795986
-6151596811489407234
5228861764828399215
-4008329551838159287
6763841668789829919
8777991575528078031
3494787627196514934
739842177278854326
-8749584622601376902
-3611983253348718455
-2206186003001917700
-2251545404860407204
5701178915846195977
-1845146669685348756
-6163272537643902042
-509088207048091084
-4114209920554524996
4460579941758622254
2517256493898940476
4662829900589371675
-3357476951332713492
2774497669831352078
-1795125611969376013
-1487132495982337728
487386722690219814
-9194691426041855546
-4241225057556618799
8494823420619005238
6824078561098719712
7555179834139033424
-7286567767733033081
-861521832766670636
5036132037549641057
6683512226613504311
-6768541497853878293
-5775896770619193340
-7958285092472379986
5574298577107025804
8979525339591310662
-3245519679789271181
8523151793947100072
2771440216024712068
3836098119392193988
-3082784354626334569
6618879192525174900
7689400636255176887
-3035437203582622152
3509650736141027564
-1282319708926785281
-5273190497143040235
4020714042981604167
-863522013174892011
3089530509824918221
2029320462421112512
2373979498438370895
-1696481594712348822
-8779705690482856011
-3516016294880214794
-4417745579034046424
-3470041416293110656
-5586048060166046596
7963500359948468795
-536827341324053182
-6636722220370934260
-3507610737348319076
1192731878802732461
-6669710218152343402
-7761610894418608261
-5704589247529037435
-3835908375495603767
-4482935066872577512
4005997813208694804
-1236502593095311856
-8665890045631626202
-6834158268655241021
7639273059634667112
2236720933124892624
-1974947856820503773
8545325253678772747
5177206308084551569
1794720586674998551
-5585699635404026845
-2020019525573796508
-6210593020353527116
8104591587758106146
-782715498002825780
6892594614098218680
-5886634180687369004
-242947560740931231
2338319772019189395
1551954967475920822
8671863222858298900
-4179798484668730362
250241538082725020
-2774289244788155736
1198518955762369973
-6234618397686162449
3029264258334234351
-7461175432848445572
-2825943441096286578
8158284211695580512
4464641240852991579
6052364644741018454
-5513114539897341838
-2682338656873887466
4827085136754580543
9039347859563972681
7253240005879595065
4850545915821296901
-3611015452972838870
2692296009229795159
1872583170075880842
5786026282664865629
567113975903359310
-544714158519544713
5720266203736525433
4149733080532047213
66423527950424933
736089560051262198
4909869138311760845
6392028873380457248
-8897381702163023346
-1931240703820211158
1630381119648263282
4127906580514432741
-2420040669950412538
2254927120534542805
-6972203644959509246
8110556293533988888
4477121183433986025
7479412574483687071
1603616400240549259
-5342976127338849289
-7377615798574074305
-7056487354823113369
-7353026642717597465
9216146453382483618
-7831170483356695615
-3789187850041590528
6714562143999681916
6664668105185740450
-8227536665840612502
-3665201553047897278
-3487973763207739629
-5380321698357111573
4828958618336300773
8558035639646042308
-3868273808918665514
2598480174011674108
-450421388324440898
1140381856191925313
-192129242967715653
-4917868514687433880
7693238491127927598
111126885304740733
9122067012164289029
8147802586478592946
5859994514053543464
46664849187960638
7766069868632864304
-916554961920423589
-9063109536762059687
-7558937356547615195
-2243463210639064745
-7398059317048944794
-3889807854576542858
-8858990316301951715
3346949528993495127
-6189518559258286156
-3878880488682261028
-4666057788168343483
8821727286744789153
-3689352109990206037
1931066835990338577
4124590500674298397
7155995244494099835
8917674094705166105
-3547944531131624589
-4327659422586671299
-207089458864864616
6628257718967896317
-8811198733980372852
-1979185524226968577
1016214760091385724
2045729556393560388
4178617190544283306
-4552624315272412259
731464412777861928
4472385300356036344
3536373180774817045
-635324053229383076
8627147091567230112
-1110797251327740673
2088564635212428456
4078321439841934232
-6459495083677875415
195264127429758873
-2135145654102495441
6846386685470011435
585391610621680371
-1917346843692196882
422159053982960524
-1142625050445768724
-8514144175781952414
-4937052303075858730
-1107537178248317751
4941385996429717707
-8328694184691990969
6109767867911455194
6996537883193230497
-20235904669838319
1993826708372382404
-4180409508250377551
7332122807780730863
-6977458336428099355
2799004379510260522
1140118234240592939
-2172497594244909850
5296769514441262844
-5761716974723836755
-5738234325670863567
3065040028698321239
-7582431957400559815
6766000261310845681
-1338485805742754430
-1719726625323831251
8427820319450676711
-8585430013755737817
2868844226854486952
1720103636101056425
7613363104793942958
5911303304260252447
4904658470202508576
5788331264932893592
-8570871570856829633
-5763948046189132498
-5523753703682817232
-5335994655825165677
9145782647064275697
-8332750211525018475
9201117667068589665
2819122723360190654
-3793519779243837047
6810122171636230882
1754649615112088565
-4221312294842346859
-6046445007807011098
-5153151944792084015
8278988125452061104
3047522909237114106
-1312344541039602096
-7884124729540498076
-2666870945405235597
2709002561901919120
2724960345430341042
-2361761835527259204
-3967719361078935050
-4316100370600613871
5596436511699711776
8638728961496153327
-858263792037988969
2223981104219590467
7456346770803381174
-4087810916724037732
5913634502140021211
-1859321544932800729
-9222791013794920438
-2634960720385908376
6331307097443269360
-2215500521632904040
-987041545484359658
-4326651378147467018
4730632492326542063
-7455954885103937713
-6055688241442921357
-6152210039468209788
-8717311813192465386
4691979377987349372
6914535014627913603
780112536096156320
-7901097012740872992
-6530028967021178916
-8905912201974758892
-9058509927096886454
-4721028007244776976
-6372020136258686178
703628550394454505
8030757864872854191
-5241248135226251519
3534807491520004183
-3792811251954943254
5853172623268311846
-5331190513390321933
-5827057674297346602
-2369129292155364833
-6639919860911596843
2306877023428705215
1164607867886084398
8425273431532743965
-686724277917330795
1678596881131298413
1624839148485125219
-3243964858112607825
1449515555276324731
8235375461253910769
-8678807023605727753
-2939706778564689232
5410549642770214572
-754273326347035275
-829070477747032177
-7657067908134485826
-4622995846416001873
6253968465261152844
1304190053697023338
1136548615943711524
-3645107878140086706
-873837486802659751
7150752784835053241
-3997607859335199900
-3735589254314654885
2800149310600182814
-2339355917945871445
-1325172307156137428
-648510105439519156
3389400599025088659
-8530937291581773244
1639563627265862362
8423320626006554332
4673226254136410127
-551011482803078182
1422912023473207510
-2275240843614411808
4240198824219642410
-4154689522350991397
-3775947763556994202
8571202985660347023
-8554428548301246601
-4220679136452121265
-2867308940138908559
-7999993827152169559
3880390348209954192
7879193056395082253
-7868782314703696721
685720214290954671
-3332339005513985330
-6741086453592609421
8983790565429340414
-6145748740416598996
-656583187351830989
-5613866204095864015
8349953033204666952
-7749638179681411875
2184634153581969736
-2252863227014436916
4438622336583720113
-1626468912858295158
-1984634945375978060
-596552902818926391
2811001509950570806
-5775351582889383881
-5165293286973460221
487801969257791455
3598802603766022743
451266404341260920
6243410281674315758
-6317620545680683119
8349249872559733299
-4498482377614356269
-48733780198077320
2941476661785332004
-1252456637400027379
-4360443758206786445
-831700606676274781
-5103184076114174573
5224819134837521892
-2416825393879765814
-6005047561531098700
8907793865667916131
6916589265579866724
-8327042285726899569
-4777065697077670876
7175282504910493935
-4824452373006595486
6208397893213225629
2581165177954629029
-8659251445745554197
3936084129906488789
1411563740342657915
2365489696226685378
5424781332815927159
-7051482097807466046
-6544976550861617300
7418951477151907502
4788284624500808659
-2280887547775605954
-1227953720192248525
9029500509976401092
3877607507703720566
-4969052644077361234
-681182737308584704
-2524733308219301418
-4008418627658203122
291477941714672046
-547626689611682433
-2790278339997480469
-2675958356129963280
5860008273720427698
6844016957284890370
8880753389715893804
-50293403903010753
-1555981820308282890
6893593330501560610
-3212149281457139076
6466033570510756933
1905835786670572539
8837413104497241829
-2843504759763409072
-469191246069749424
-609574064891274203
-5133299738594439182
4065668767319715348
-8879855678621102328
8387043129093277003
-5110469191654056465
4388341078623367441
8688049655481079526
1348476220191507418
-4841266462194487347
-3146333918824910663
8821415511653989312
5985826423839807198
-8906661999064262097
-1627952529636786077
593830517639465041
2516710535929865829
6806955309627228796
4058657413139464158
8461558643943405960
2429599612035446864
-4780066208063959752
6272081760254924542
-8687587779505796325
-3023249603356445911
8132090463909078024
975256062084002953
-6139575668761271715
2202378763665165488
8270606780801650036
4192137288900767184
-5766576597959283082
-4616748370085539063
9096350603033190939
2751508902300231407
-3970131222338781698
-5285195546178557878
8900714286384223002
5549475206069623022
8745800218383550239
2779342782011097729
-5240521110181789671
-8179152124819722569
5470283257102004610
2010961114202382768
5180182070780762002
8676536568943618996
-199893827354934503
-3563561338557584375
3304197330054295373
6061074732548164919
-971219082088249235
4254698928647471719
-4411748366858225881
-5857436690624829207
-3122764730380382219
-3631986061836937247
8282443617190208668
4661694818159966347
553752828661969312
-5961840366626966110
-4539639452114371265
2718287770224555021
-2137644969709177522
7485238222076161604
-8104033876528158681
5673832714439030667
1788513890624629291
2135768878154762939
-1580535599473635212
-3450243853591652627
-3599947904674495748
-5624016216658718707
4568464878070713565
1803662872295454030
-4245943560430177999
-8646242121297304296
-4331643345793467615
-5855100764487304560
300046010646728230
8978615062919977241
8936940622881418095
-4503024250825007564
6900313741600362841
4398236120836918185
7698184373025715943
-3559672506464497978
-8788705353818905302
-4734083109285945910
-3362383272285963397
-3569480297954617689
222971080693750519
-9088093347616579074
-7874505408994281212
3697773143867567618
-7555302392563494431
-5775156379237618726
-8477830728465248229
7242038778810320935
9174834153459794115
9120910941697746215
7191974617247433782
-2538625668600812375
4743240248526528412
4184759276899998169
8374087179128194656
7977167082102395026
245000716761618352
870876093932159298
2906879938496020688
136321497945572039
-2948748297015577704
-5170245360713439731
6068874041774978575
-5250991715513513399
6991798759601725484
5942708450207837313
-2902998764218704860
1027858691441743285
9141054139029548368
4392045871569419242
-1061453953079168387
5042916726015450531
-5532045783591682396
4084146612334079070
-7578856835481676007
-2351171250663197991
-7868792371000557752
-3001131758729170154
-2958304433112426648
8023726459624525218
-4785910338728274825
-6862020093213388651
-4044992353756691983
7701390153756963415
-8728565442002681367
-1481666472687684519
-8157695378603107617
3257788161180588650
7198253109198535168
8398998387210200088
-5848190492423396258
8937131851064764256
-3212688035874480602
-6796258289738360126
3611987731643614350
-3839139696761883418
-4602909140050408363
-8935587760356095389
6627839235682960880
-2022257218564707387
454420180910168679
7784237389196618700
5116591140059895882
-1129500494283297200
-2493230267464242126
-645863653772355689
-370882518652631822
9023381321880478072
6660719556231505034
-2358699725342467481
-3402388298423458237
9080301040905460887
5004758205952379649
301963874145006263
460958225288689698
7647891999386461371
-8448201683122387656
280299669033158342
-1428094729391588300
-4615151788603950369
4217349966653382857
521711486442055354
7753025264020446020
-2873613776305296531
4281452321335703933
3278660727727251064
-7784418682277998706
9013601759608198049
-3914603789806777014
-764784709645482594
2808296110979132647
1936106864215528001
6739756813022477738
2398747476617055252
4542078252007851227
154417160241727767
-4278587586015049127
-2610876056080899347
7266398875584464077
6358798575180877524
-447945420774111674
5082184332581271159
-8512381256690112670
-7323144104869092292
-4996442913679110056
-4904221836312702689
-6629840612637567943
5020669084156199974
2039877065064663988
-6015610620108147122
8531108167896128967
-6115774647958005535
7081308542237163706
8938860870369745617
-1323309953225203381
-5229974747818035148
-8475629753331366172
7172469961294379087
5390828515426239925
3125604470947639393
7031073385395485320
3709380102748955045
-6731358658410769904
-4029882767486989442
8989091907285156958
-2310486553636716856
-8979742232653039806
-3458424444037005026
5526776877602192085
8208131636287605844
-4958275592283308673
-6350397966965229882
5579747819895191499
-7420560802912855076
-7412292763649468197
305851765410081354
7444984431312308244
2453422128249348656
5651032915609669013
1198518690623404785
-5812488453534825489
-6096455612585304393
-6875304393460890083
6370526765449267752
1966808359122422305
-7722254777871690238
-1340364084040896276
-494774561618018062
-328039120963853947
4770687231013338689
2355733168818842850
-6916577337848385702
-8785501850335308659
2516333710528855432
4718482659809833575
6139024836951051014
181837219813612243
-3719910287315672720
2631114646904789044
5949496489420489906
-6868000647894068703
-8315405600358343276
-6770760636212971476
-5019976203651906627
3718845505187826473
-6130751009033133031
-2533598478598875832
953018730397435209
-3328433061675251458
7558056441535556370
-4749202331427418681
1422235401312377190
-2633639827701142691
8972458973186267884
1542188647402087432
2630054247078556027
4132216135677224800
-2181686226714392456
-4886402200139073645
5702641974845865806
4027634900975383130
-4286126992215500953
-3886341569588136614
-5156454164207473715
2126996250909610466
-7557988463890787515
-4786635868463466255
64039954535150820
-1735140981221939488
3861735385210681604
-5547480258268023012
-5704501453244803778
-4188670651302778427
5168640051396815922
-3226093409999479417
-324103918975724789
5876617243315829449
8477506061575301318
7198309275894624381
-3098099485271198900
2533390611299749110
4213614895819279737
340276581849414833
3547795566404586227
-8802907058122565224
-8240901952758053175
4997577382427912717
-5085004708802553836
-8401435174976216831
-7919583653930273513
-4748550027081623857
2306567900537362172
8011827211047769597
8762137214744779129
3492438501081780082
-8247174005320520728
-4094450982385057897
7672493892893938361
7899210677719248634
-8677695765931284646
1106307861318518535
-7558522534741357882
1050427773682657152
3867070604224336630
6134797615081331959
-476869640532530484
7797023184756970740
7309640204505244777
-5833858876734651985
-3637231591768492113
4730713959897456418
-1826749524833449707
5012486471694954217
5303163506322583353
-6627094724125423375
364375979111688945
-1322052640036087211
-7461930803813725862
3394254305719805322
5025753188348952233
7868786538383628799
6958419174693040319
-329773696361499688
6453243737842746230
1493839396088931472
3522764256095962181
742501563295396188
4754415993066432812
112565912594881568
-1716877384022378906
2949453005726471908
-5029356608751795948
-5104030758150928987
-8282171590110818180
8519994664825387520
-8153668408723771591
-6430819572797771956
-8615261133165584232
8369326376877658523
4949867094548519295
-2612589772044257824
-8564103402999521760
8484676666183939272
-3352845309430684265
-6667492173978167671
234570419586900245
-4353041579372913216
-2724909305076558353
-8449103182366343458
1543798065444477782
8360906254342460303
-8002510494492288409
-4211010003025343777
-6852515540089769518
-8881613003801620398
1288900217004680744
8664197778776988769
7105557934949018440
-6543516803683233135
-4769000031088140351
-1442777558508199042
6212199624254249894
-7819867749089379867
1320279118518264076
-3695324010382564036
2001101154328574532
-6162437553880268049
-3106602211409605664
-734347297936985092
-4362022567996666267
9150449308209030436
-6848979530616561953
-2821734215160012587
-2734004309936972956
-7851924459437714869
-5729765451830077373
-7414255143250813574
1071783659218771362
-1021138781326562673
5438438408571103431
-4733840735724047119
6299505350030712814
-1388665726303464030
-6725274900182477539
-3727991155522639275
2451056319503604628
-502615760708975504
1429548006290872263
-6733423504390918911
-4307352093203066710
-8458393567974247042
1932065958108653008
1867290507206856021
3371563460685945029
-8545973607348814838
7436590561512066542
3826497995083455193
4127681056872397352
7402579838567319522
-153468662750044427
7852526686765112431
-6425242247335785958
8732585173394690110
5439632324960630030
-592268621702963425
-8268506361555860821
-6841083095924735735
-860772915034203079
783137823562223395
2447230032706669321
-6957120972832226418
-2724539330298167295
-6064421037540269496
-2112861683407982238
3254781836676737983
4000471586214867347
-5122352237018961722
-5607441747971260121
-7359926855159553531
6488423495873882101
-4792634449910745338
-9074621672577190772
6067498238734898375
8998331766804353575
4852671275572480917
227317029766799347
3482219295973099819
-2949760587033192098
-904904812123821677
7563884458496286141
-7130719854501248742
-2719358342402235822
-1423667767136848863
-6457728294617281593
4035195536868743670
367087831947377223
1634404805262983838
-8905803245137062099
976873253727292838
-2780492065139885103
-3489406695992125126
1888854364816473497
-6598895640121278312
-4695177498068630694
-8759288765166254574
4570168367587775431
1923646309163043596
-6095725113243254523
9085637026858361798
6258228434750764358
8993218198942870933
-5016622905811621209
8964135748480644292
4499954245702606195
-2316015159416240553
-5725053319961845421
6163009402149330046
4055348479844527070
8468345546643635361
-6297253141860789679
2558334483804975736
-1592814607226704058
-2129544664042276128
-6468645143684678270
6688979009467916295
4124441110781470757
7522762827592517266
361716928348537196
-6397680495993843281
4980616640335611905
216507281966651197
6829847479942790701
-7890951599750580726
-8978453234594198290
7325801165941400207
-5014634483415050829
-6575445560502431031
-6975435629795594707
-4204391564002377287
5977764818904877274
-8355716010406063171
3444353736504761286
-3802683443287038535
-4871936849196103547
-3165579187461814051
8101080455196809034
-8110330491329237724
8966342299133668550
4848254636351101601
3825261366921477405
-4549851202095737088
-2638019577475851024
8209408398296987346
3591655680286854320
-5293905484988680806
3606330019078771387
8759350173575052877
-507285056821108864
7172207594912537320
-5649792353006685853
-1689323529370593894
3425963700494355117
-4367431096005345248
7755920667736688752
3005976113309072241
-7356385473022856367
-8849741069706017298
-5873812979561044719
2622621997303835029
-4127691572316635119
-4902140199101594529
58203208155349201
-928289492273263781
-7178702138671346163
2417321176081665004
7241665255038086336
-2031706599394093752
8399398765314897957
6912368038423035576
-2755267803823956688
-5529011496789650647
9221695188705102932
6551890302790664679
-794110156295655179
165568364238878215
1910733415886333625
-4634027270215153668
4555416098448644637
6397437959812053058
-3906476670752370444
7477868542701247550
5448616907397295283
8435373494170496934
-8179815632571560192
971479435467842225
4501554390796663842
2485370801103193969
-6853807152125336567
-8798196075417047367
-8782025177096321990
7222986056762313373
6802641531694802826
-5244093018150693057
2293937662061615275
-4576199266629788131
-1234103270848840225
-374312406732014132
-3165340364616093411
487163522039828739
1614871303559892415
8458004924090144675
3004004056894214702
5070346492029828720
-1640093798099202984
-7743168261543175715
-8058955638935272783
-5321635601828082216
-2853664101970267751
-5440153437581916137
328194721766791909
-1488570245463802194
3490384168236719422
6902836966481923596
-8702997506471331649
-1646092560446378479
-7752651441462833411
3400829390303446808
7768053177512534485
9190231414048445127
2339080604729317573
2396134896491738131
-560138753906248182
5292352732138010673
5343952212763169502
5619519446985032065
8357372446091264928
-5657708631305369539
4675307834581557855
-1165930047956690018
-763363088838978123
-820270461621663899
5933273908212459707
5478758859526458075
-2498091488726457474
6342855336010186737
2179626061778559317
-2931175742140862746
-7906362242824532206
-2542513749955608246
-4429362110794109976
-4105177691180715764
-8901562185213520511
-3337959972921560791
7514346148658170597
5573843085723094295
7844475737133983437
8810157912741142884
-5227804378823748657
-7165725870037446960
7154705981288980583
-3872757846753151155
-7435403879550927894
8385788892227308515
1393931035513374224
4836782992301823011
8295196616327228395
-3367212767551257959
-6885951729033910996
-4936705943892640671
4736844244632496041
2296069860086760543
-3667468961851417607
747868273756802140
-3813941625418105903
-5430991620750581313
-5681352193857441960
4277632220837881534
-7481110530807632266
-5032394761372236186
9185496468109490850
6433957283452697007
5775419442142305144
-126009837424970109
-932771879877142279
-2581493105883230811
-6830596903399648005
8573302541217267161
-138060649098504182
1694779478100530809
-7282209434092573712
2628331077806259611
-7276737259096438112
381497617323043734
-3343107597186260103
8970586036269942623
6036375735067181903
4512890377797417562
-7453822353512460080
-3665980041685874392
2357948436360065501
-7904839361049487840
8208022862648539159
-8749514045437285720
-7316471710440062671
-321989391172658400
4246504431627091138
6457318081858391154
7260788434057319540
-844598308452034296
-4124097280377935505
-1027207416445396737
7056903380476295499
-2457710863938535773
2711766605130261890
-7552485541047273881
-7557701398596537120
389862907378369991
-6480131008155490355
1434985105935378529
-7549312474085027905
1043515865532723042
-8815952066544241224
967475343743055189
679401084124590268
3289514233402750066
-1707648093251019175
-5064463833622396472
-7707176315392672893
1807828612442658742
2769762620152324578
6535350612695531132
2201671120056936740
833725831162741889
-4795585500502854014
7215779342853919044
-7293111026928664446
8251306942420989719
-2852372610345277383
4971680386865417839
-4361246949950728227
3948013827141045500
1072092536757329043
-683541847653556935
1961933052912572902
289825310861241488
275989963799587316
1797060436153940968
-629675375788061450
5060594608952848849
-222589751398847399
121059376687431751
-4340401835253459450
-3932961613804047886
-6727939743589372108
-7944005064263457986
-7515182337870163620
-1198885289758922593
6291712560583798169
6883130029097952558
6524127104321917867
7156948930113407043
-2409184141425653362
-259017119758790676
7003489016544046639
5107114937369205768
-8128061333179497323
-959267400455316558
-2037661848966033692
3568099868196642384
8970924306556790024
4001217639517623795
-444752442867271039
3537991335481302577
-5424358873866345527
5049774175878361741
817255620119716890
-8154545347030292540
1781453463946321579
5792845457862808594
8976499148740404676
4523495465515545095
6148112514089168581
7609131128672426739
3012588321363731699
-1531181950004839396
2847235046677486805
1769968017334615534
7433275420468268234
-8210912691803951381
193429726763987458
-3895869088722666016
-1886221276062665836
8557430361784730422
-7658712271812561675
6081192571641609607
2262141349243288936
-6066274250225185364
9084721832358204201
-1115536817457586473
-2937738249988914990
-4842883392926076541
-9095510330412601571
7044852029611699192
-7597085574079995915
-6084266714524190151
-2253908334780187798
6511646151908337714
-6669907589707961121
-187052632474579399
-3224620901311998419
-3230635729414169127
2357836863034999344
-1480350718153758282
3877745556511589950
-5720294424823755470
2490652978094549776
5437036582503652007
2320175873640405578
-4608333312557960346
3066807327019657244
-5091133272663655990
5626285941570772469
-1040032985141277181
-4663281058764361147
-4406440502725498150
8060463915295045388
-7272704284656212956
-3888639587159146824
-2344084149356261614
2668053269327165094
3530174727522100265
5704306721227111054
7417421090835604577
-7675076167619275450
6860172829346062911
8984857106726327654
-4439172049382294807
-54998592031181171
6614300943928300110
1494522192508513131
6709430591402555616
-5668915398768628607
-3800073837229239778
-3153151910834229483
2699507142269700972
8845704073014477644
3559619797670488738
-1456651372499349864
-6008162930074529343
-5291029871078266483
-5447370461559103680
-4032525738360526765
6783761106246505651
4541592012617936559
2892427591063392589
-9053731129445210312
4196652964348698955
5133738090100305088
-8948702942046305545
8043130020826991258
3926582241254771906
3808714127693362772
3064619620233918014
-2777319179189052180
7772059921258865936
7154916616040115076
5366364894017710326
7317634122376908476
-2670426120357723085
-9078260142539030560
-8825427618546192505
-1366070627931249349
-3872543035664670183
-6264095980010808751
8890891866657098551
-6342462131040703931
-2299369761825290490
-2626075681188690381
2304775559154526405
-370193864244803341
-3248150717139504801
-7705673087176422853
-5739744351332857575
-3741122093675972182
83944119357309492
1764574242742235414
-3515798610502375093
3313430193081072961
-905904604412390577
-4738178662814672682
-877843949435329967
-3300408781414104018
-1327425382040360909
1303940933401532498
-1378858818594120419
103004768780602964
-4165508625455230495
8504931171547827410
-2130654158583883423
-5483155793312030215
-5462047681313066865
-156115223456322036
6054689992580027012
4531070557543366114
5627076474562690108
863114916452936431
3480816062494964777
7865504310995806925
6870981737031453127
-72314256457557596
7376202173192813374
-7780442927796844065
8650882851117970524
2302109796717460942
5657011326148816489
-7772850531093508633
7919783976144338644
-1626195901765361697
8079313491244655898
4267470475372115704
5817817336079312063
-3225792871678625879
-5829668740981360295
-3496886606561780297
-141225396120249026
-4174741893718304596
1434407268862317854
-3791052087059223288
3335913266162900906
3664793239957349549
1543035206712641881
-8455082793899974755
5501632506277944687
8102430130587037392
3741502193263292996
-7634762072743737019
8008349422670874342
160067245862585788
-5068450385516014486
-48318853462411145
-6005190065329505217
6799748051879818441
-6872958097824096543
-1973021688442242780
-7408673683512273647
6333600118589936604
4067071940181794465
2267912913040266027
7511578055393578655
4945282500956046809
-4850833187805356851
-4608831345846160176
3477760775456694173
8971602026420481154
8219502096921008428
-905530275172166322
-1940087555964916960
-4554697075007721081
-480267684682629049
6957648697050243794
-1001988390412085282
-4814620266914045579
-7874003837808761044
-4153186066452613012
-381361624324700343
-1127739265288258960
1845238876053660473
2416831471721888318
6767512015687616303
1711682791365355177
8547396598653985816
-1616000457446094107
-1046935272255856749
-8046962329892974233
-4262563530803669866
-5373143575481982736
-1952947308884034186
7525279349212036909
-7565756297558101029
4146159464047304783
3288884873508862500
4369402354459936680
5872341105163768370
-6162854900415484875
4924762458908936050
-4324272425430573430
-145071710390956070
-9126564418199771528
6873705698719829218
-8395514613554329301
-6227839519973975736
-4734311679531719905
-540855217117976952
5491847716374159271
-7261330861296043015
7822901577019747062
-8735451119250955018
-403429510118540139
4375524704954298911
-5465949740271105672
259622096663830875
513552694194142625
6508051118046203917
-8482947920681137454
4144849891755326878
-242076681022299023
-9041209158614139263
-5985958127683714187
3384990135452433426
-6182805984486117147
-2824612239311090369
3073765299719811177
1331700731680763215
6469236021844041523
740787383277105531
-55857273808640699
-5955099345120090408
-7943911097927111853
4152988722170823748
2137042971862187509
-4181010622588619040
-859020615839056054
-8474061970134804442
-618245386933262535
-5294245035426513153
-9110026125722540734
6925030608945901173
-4104885954829886649
7862568543242711567
-9025045912105011046
-2057108294524069718
-8611119914296838999
1608140071898096808
2692289860113528201
1693807393603210608
6514179404872552683
8699074027883820550
-5400809035415132315
-4690403492372472007
-3362744140100731972
-1764506815285580206
-2676170448229575769
-6619251713573802250
-6205933924785693678
2501959763171577711
4658652742651520993
-3372283962223398658
2866585384833469571
7709394913390791559
-743548147565408074
4587212298343592696
4330368073434598686
-5801037046850522127
-5150481687927613243
-6382476419645296184
5662646371490917615
1364064356442294219
468010407763025315
808221428980520874
6742796457096453476
558160019155612834
-2246158104348761200
-4930895943336440156
806021784036420741
3994309395882893717
-4250116396675570843
-2326898508903852294
-4575331424037435388
7895973569378751759
-3639835739818985359
3995136748703447120
2819765594422057498
9052474012096766628
4730096629756848526
-5086126300716788741
3803915314659698339
-3739264009295896043
7968008010444028836
-3660133160668803341
7372213262987449187
-5143877619772500413
-3456496684702537952
3196699305880970806
-5878866973491061570
-4337834615989782613
2852382251201408363
-3632560424942579182
-592066001435070210
-7266160057663843506
4895299727066351599
6756223250257384228
1744269946707182585
-185024750555651296
5383331687483838813
328029446440755402
-7111220077312419050
-1729811250504226810
3988208668322778817
-9104020471980058181
-3544298313828514696
6371985325479653314
-1921635336213575517
-2665811922792921434
5349318293697352543
8257278535570511182
-8923650809609925578
8748232796518255518
-5544887212113311905
-8179910566298578631
-5912501961510003175
-4820374499924089119
4425533900448577139
-1465598359931494700
8532865420282194903
-3984867562498686805
1785443498222880605
5325676791519871676
-2623633433470371228
-4183068989859678683
-2042767886761078218
-7313598446705835209
-7948950532281428060
-4266970067576123840
1222098508963065324
299558048572196584
6450647515806602854
-7613422688861535707
1775031546986609055
9153672429602583960
8549243566029173267
6600153588846193666
1413646315638851700
5755478132316130513
-8729827937330333110
-7197004005789915060
14127895158245751
5359698430560506921
-1784600479468537922
9035560628380474115
7819265556982283079
2312727525642761722
1343779799426240698
-396061958764885995
-361183887957769242
3621218215600229049
3531279793076318203
-6614867386689197260
-6875754500628105606
-6999507625895273721
-5758460889205014675
-2775942788235154963
-3702601654476941358
-8426408788814655343
-7016778038540531706
-8999532431984772689
868955665538458339
3726144540180739187
7195807383037814049
6255410738752639400
-8562015925978986830
-6273680415233518852
-2841315418268942151
-9104113611834117654
5006565654075010661
675221311504836938
-4825119632611937919
-9000702419152220725
-8544611987412220510
-6343178323526327458
4986299553158172221
-4608064909051748849
-820259276991064753
4540677899615053134
-5116169875091203503
3630772751170113391
6319202826190763026
1160857194173777119
7571483006180145689
7214027631085679859
-1431620940578614177
6555468119549727577
-8021596520773042579
-2376136182741966982
-4527258081778622313
-2446741327233507833
5465649273872118222
4224514444590988728
6590742939560543986
7901933653039493492
-2955785892466407224
7206188309932900946
-4398128996544512678
-8465745174647633087
3120167596070640536
8440365177882853263
896251373356611055
-3241993420147246452
-6645874397759969503
-2255039329408298157
-1162509858636318329
-5318806699689158970
2039642437797559814
-5494037295351481502
6371776151149641634
8744565916343678896
-2076471749268273344
-8067415931748366504
-1564687461359046645
-6967670573558718242
1378694351126463122
640713277012841667
-1664089373470834344
875738211805288009
3980987564750791729
-1339977740739862437
-4000901140804823563
-3142688882547409545
345139242221917775
-6178962378377408887
-6931307281873921230
3028997458393476522
8575771436738181071
-3429893742685357139
-3450614178419446114
-8284354346504730776
9172328778166393655
9203202826263670339
3012282931476077530
3234416071391222796
-8982567496677444058
3062919691376926726
-4727817442233105258
4980635384237045377
6951503004418421775
-8511981904351048113
8771376651776723864
242191916763965068
7417826416496059327
-8633483872453754375
-4947715290293598864
-8103171788682142102
1852660321552377490
-2309084822018769971
-1055102041948633138
3408644149086173732
2493456675438930113
5424906901123349536
-871189199853764721
-9209533844092060796
4310771834727668087
9061809537228061005
-1348738295077620945
5320043364106531198
-8261934903901944325
8731433678741759139
-2022518130815009269
-8316418486529863865
132476936365696393
4961592456818804316
-6446971769764671733
-5816367641606925529
5228392716405219390
-6927728190636535407
-1001475410143855173
-5211180515280910446
7419951003259817040
8713518307022275428
2370536398062898092
-5599265882457323309
7598501827111328603
-2901953556659534181
-2045038791943273134
5689645574984283584
-5377811714739955768
7181110535020921144
-6908243556823869238
2501546339652640725
9091800113382426485
-545734202242639546
7122747607886793403
7034832081887220829
4991333876303096045
-7783672080700848367
-1112457936349063108
6387150369225310099
-5050690484076258213
5537708663913549546
-2319861987695567890
-182887965947289357
-1952814623808140126
-7407950563049811715
-6821111419604668906
2194331562806894358
1078989635540497345
3562131662540411298
-7279021961773787047
5475682144676373895
-8745362847489984270
-6534129287207231072
-3643207232976598773
-3506563109130341301
-568452282554191644
-223337353223560864
-8260740676936427528
5365364215697382938
723588385017577567
-2431674631705928599
-3994431963307332721
-3372213881536402337
269766056467609099
-3733078267564970695
-4140225642241692651
-4368743080128780616
-1945558808868193184
-5991688516270059570
-538343582917488179
4912001764129029362
-1688501392413855937
-8108050619108583282
-8760991612067466775
3640176695681723420
8736942555030492833
-2336222262319938657
8685559254809296673
-990454727944495686
-5000115814625976664
7191419285939498886
-352487382938744195
2266076312113491119
-5969389683357309468
4098536058251936801
-8596991528736657658
2684258901829186462
4847384754076055368
-8228555093853494424
-471026868415449963
-5842411522242602931
4337776801926430499
-4700282071659617750
7791251941608459490
-2323545773683464960
-6209427714339943765
9061298725257689609
7436238765253076816
-6991910046730055518
-6631471050911460279
6502341602896797407
-7452870666051548886
-3626761568334486751
-829673640419830737
685308184817357122
-4070641630103719554
8673089808388936676
-976749692822309491
-6459574108009537793
-8659515438814754359
-7918216026105339475
3979858908293910207
8112741123017608057
-7103848923075783200
-2557511322704222918
-362573907106244422
1672687765000701975
-4510181052289659489
-5779882419497361147
-6399947806648602541
-4779126600185360180
-2967461554215111030
6833350338655938123
6123916765054995769
9162999290316927850
-7745068844604275563
6531804350181427836
-7112788018767560178
1728518009787790891
9094866807528286974
1516258994965017021
-5838975665516089042
-2033445057724036057
3704262498517215468
-1827799865166534035
-3244408448430388662
-3287764699019891064
-1414980683011760133
-2976189063593501742
5843783805291552539
-5955419457414424954
95210668437052370
8106534783434568953
-4596332894485477187
4069234860170301518
7623010677443625586
-1808002868745180409
-146765076233584607
-4087762061910921921
-8507212095698254779
-2715068297945304179
2087314803628548887
7791574510397040624
-2689347344665427168
8662427970776452734
3456879147039564580
-130315981667366638
4294475214181599591
-6963572470790929514
5547044614718458295
-6984961364952528531
-5381646060916677044
-8802050194580970387
-9072424810563339101
-2947899176798333581
-5889572116144062888
8652238044418418369
695212370893650667
8811052426605906505
-664214477683556915
-6758468242565425291
-9003513666668250339
-1812243727868502746
-779426563932942644
8179401456705393601
6480611940139346358
-5742599040338202234
3119373412351525462
2470689967431413201
-6420748050338639495
6679723737764236315
9207252860861729720
9003505049421179683
9130475413028519202
-7046513754165025456
3273826725961591492
-7914080095892985459
-8022225181110509747
6965048478352001179
2370262571693179107
-1521499964371404329
-9114942560632264824
-954253906857597118
9136675527823756426
3814247482624787831
6379894877472625309
-5622113318364544019
-6068173497279773398
8244927614746055127
6765675060281728155
-2479968526895525868
1138329473101865070
8052850410589035722
-7335787482586569154
-7840340642842628117
7954974205520950723
-3213821899141510524
-8293711983355157664
16173201107587435
8180863474552974774
5043204963805719220
-1038400678243331715
3125337933442373701
615833437261930994
2332945109504424260
-7371621357480124676
-3130377799965227687
-3327740537052352364
-2295358420563359925
-3997815755724138277
2785582058997716649
2040908320018152244
2270922112597507284
-3071880912790514180
-6816501892343153187
-3123629690121081445
4957626914551587555
762133746197526473
6501436965934396329
5540096226705877517
2420341970656045606
4712664072712909715
8758686347553787042
404592488531147190
-1487516158696945150
-7202214996464893297
7366914807846346287
768176209411652426
1380401046347910355
-2952797551344533948
-2523316191820590281
-5101184277796142936
262808975810400514
3049706430363242708
-2267206568175111761
-6575252764365787929
7257780313731332771
-597722500362913529
8918079244848147420
-4895268593312495399
-7438261691670062015
-5909563029032514988
-6010314946050137604
-1064773178364030805
-4191123716249680497
-3251504512213748902
-3530807042766776751
-7421190397865167018
-3797721098866152314
6197663248120959645
-2503275536568840982
-594167114492912031
-64206456241757138
6686062997265524833
747695818566774452
6707863240137786027
-7322923740992114633
4188531642478607248
7569615751097765604
5148016525845781660
3040211042193800653
9062178058423241380
-6433847985158390363
-3175760555891477038
-7438671524749255573
-8945956009441416714
2270854513061762195
8229963687083765522
2918718957086605422
-3546890101232938044
-9173619912269844856
-6418982919031654869
-7562810677706534371
-6965007396918947747
-1698526993986952513
1290762153630570236
-7262163485734375625
8604749955898551566
246175866846967855
5892697743859542656
-4717239614182859422
-2194136718725229316
-8423167044431002390
2460548683951331802
638869689806807279
4718588504155786181
135118989691354543
-6372723144055407541
-4430477705766407893
4980395029584212503
-1703538562928839425
3450475892731523071
-6225275130354087590
6047325691230113849
6167426591239260601
5597408567390941723
-1521052067171423897
5727066575175882039
-6464672487676772139
2328160218615853193
7047966803594520509
-9146849828202501853
4583760417711555783
1321211910441079968
-6439581197722885868
1747391005276285696
-730628911175142384
-6127118880752540010
4747453858155767828
-8358996674016659705
-7063207580150009231
1583550539140710658
-4214332555850118640
-153333001746229943
2599915919234368940
-6667109587703680610
-3181483787040386305
-4170810128860897648
-3895368405638228671
-4547048763837449103
-5572141856212963644
-925289608621637481
-4996598386172983782
5034477149109625848
-8464950593781920823
-7502982376257547283
-1352958519185421706
-8278216805118175129
3266332397397036591
-5805147571585157192
2699768134810487682
-6861122731778866228
-2566494797714977239
-4496621397591093360
-5287476065876065466
5796980121393407672
8969602553575995409
8604570651886762672
8386672438169610712
4568846456967932487
6883207463211557209
-8138725668136196961
7730556691502442424
-3684239322527393253
-5592538215827240256
4405499516984898574
-9144615149644248016
5414486888176844596
-4969556715527531515
2550954729116691967
-2253110548219165124
-7405234588998728858
6820823106656525036
-7635649734570411976
583846828055097837
-6686660789519633651
-5503918903693002262
-6386863863750692255
5240248545490744335
-5449694225645579014
8375433103497103778
4674842781354117138
-2748023462528743650
-7518153078237405644
-9217280483613379599
900721444035088146
1711137211394452634
5203436022410086569
4685379095296257714
-5176574964338884656
-5843493915765648753
-712802759367298721
1439951221675711632
4886319656321795261
2600610181517505773
3427141466475610436
7330625229311860537
1927163112518487559
5957524166505920494
-3054067471653285752
-3400189536319565200
-2410468469745384898
7038804607739448527
-2608898174814976168
-7819591965242023773
8144828478116593376
-121559315432995736
8129066517165026886
1830048495065202321
-8768502265967098600
6379961242444631297
1484037987524733282
7374491463481052680
8511221266088430880
3089690032841302563
-8102935653722066364
6117706510103825486
4692559314613674634
5960004386019778847
6439713402050739341
-3707524708691823914
-1271219719942980669
2089879092513592459
-9008038178037132669
-2341794344024254270
4325518667381332101
-2416603876129640170
-8827047953922741783
-7987629806467086791
4817337336209639593
5339908815350367549
511183964406905357
-3537671560359418549
-4710415449622216732
-4895028414974447458
-4171417110976857489
7914515268861441886
-1179108562831081156
3437586635575259282
-2382225712936286069
-1563204197597359908
-4080007020530728513
3518449711555018473
-5544213020051280798
7140816077195714715
-4135903696345533104
-6347346102684718531
5177148384437026463
4457921128744452608
5817182419859995188
9209230917914830352
-5185017074012912417
7943710917025113894
-637835449360921033
8439133909783089544
-6361275707932147144
4788579611303516674
8492753535505564681
4576554500172168163
2603733534136923898
4136258503226257898
5237132251649904224
-9038596767111888600
-1469457448578814716
-6086736296437040845
-5364074968511583593
1659904257598081748
7674079269451825256
1744342144524283776
4027688406627863406
-4339892645663167045
9147327615703451544
-9021021140867223032
-6866343013178081184
5920541838593518727
-8915359769922275862
-3268083386558914287
-549648446008693470
3195081711830536038
-4323960121450023887
6890052241788158817
8433340810560107435
-9095449720258889809
5072130589687251941
5812662030944027121
3952394423562000788
486926485503994847
-8911770503734387289
-7594056863498527934
-627941746650881676
-6176668658583921082
6391870052748935994
7342707178918727706
281906306949018213
680241402892034394
-3679920416590609050
840594234431946744
-4439447788086743147
7829522419367241312
-6404223260464225588
4386367798781974604
4478261488613601458
6038920506812304083
7835033086914825763
-8573808636807710664
8016638911726112123
8708637624336883829
5607638737079139026
6997307119855866937
-4914129645354992649
244883067899072517
586646009025691848
-9007317316645064193
7364516484946635066
2127668860700894258
-9050502280460528409
-2822279947147384940
-2192898339004122680
2693367141284484163
-1971424852952142692
-2677806660432056345
-1459133661818698252
183310318876872894
2106460426597127592
3527942462156905789
9062223592656430208
1647535350968818581
414707185559953562
5794856405180100129
-1992270522062386161
5471095411414896583
-6283151722077217744
-8680331029789135475
-3518234486693088417
-7060725581351918001
8796266540717889854
-4277817702402111107
-1713994932737681375
1885918541644902650
-4936951263790991641
236287013349912162
8340057853043283777
7884654314690097518
-6511558604051981881
8658690030773532734
1229431107825606021
-5628287943864588498
9199911329397844981
1845228505951114974
8548223900246408073
-6512509205376517001
4563000350601659212
8775355034042203674
-8282728442363005634
6243396398275566680
-8527399600349981936
7814138022272177189
-6038799410370079057
-3023834116271577362
9029572027873702959
7732283184788526588
-2177369128510073438
-2929327252268989495
2193235576266874977
-2874342358935696086
9082672442456551396
-2727387681862145074
9195400060875028962
-3918596529307775823
4361307879889666654
1302074345023578580
-6740412465703435393
-680770952194084073
8665036168758215004
-1960049636438232972
7302112662676405782
-7514942058455319320
-514034211709375613
1905351008924052056
7686287962484596405
-5195800885697263239
6128056095016045966
7765762440618847947
-6887166145385609059
-3584466433940180016
-7131988008507125073
-5156186130108948395
3112329875188282300
2920876803472515735
-2998594413346591688
5017788722792581956
-7566711776742532375
9120152307448994030
-8327941333785301105
-6502436207473621457
-7668960508830174575
6917334218078391890
-795422696701550970
7550366248298232992
4772664287079635067
-3380408282276441385
4924390999778332376
8590106738017612695
295733730752503778
7649623868625142015
6758755200767592263
-4495698776672463181
4805201601241551983
3001697616872846545
5247284886858365021
6403484837971381357
-1481987666963851051
-3631783364402848899
4141519542530654349
1911768805287128763
-7604226047951088851
1111548815433577154
-6680173213827451291
-6752348226772634669
5623679811840595622
-8036131521644424027
-6503613911183845262
-3367250510553965633
4082373309155564837
4174622779861430368
-2427102285495194068
3712638056096989100
3138735603798902636
667542904177670044
-8272434640042272788
4337248566399470096
-110597257489108858
-8104683019752595562
-5223979602792560211
-5313060663585008870
-5133742943564481753
1479875626132381935
-3268052617050344083
-5785523264026492551
-5343109543500499659
7066734718434539955
274676600834829676
-8620397603984713031
8914086445365360133
9172838176894728722
8303783704865985145
-5061354238445093727
5329306559783362979
-3999879963132860623
3511143578048840204
9105684412873903587
7870924982269967370
7861576897193049427
4550367686659023343
4653910008240266920
-6239205791704965080
-6681881344922293733
-8942507939349681674
-5783110924659892265
5084603731006520634
-2622656945461711233
-6515718333468724656
1543100722388863172
6112460681374543683
2549292884972700103
4745462933085730760
2247189490341344310
-7296650846496067735
8716339044356070924
-4323576928107609592
-9100339748013051458
-2264725579944624897
-3651770324249640271
469895963297296615
-5551033244547850019
-224238616423552611
-8200154787269161391
1250231772225081017
4494116093352180333
-4786350693073790023
2523369273518384584
-6244054632238854442
2118213577329969919
-7665701487158039250
-1512816568530399679
-5330551623327568785
4149704166387691422
1726756427192267937
-5277039323381278396
6366600512222842525
-1872714969679526223
7926785183850406357
-3294360747503494473
1298962046770332497
3409492217705201273
-2323921777759228856
49389900477018740
6316137108295911419
9111316296341815133
-4611475582305269933
-3820625521509922072
7141563078611000862
-5542416813376069
-7334320924460699655
-4444600939234445647
-6064083978746643331
3098661768841213628
-5397371084767434162
-8490369109553777385
-2068419869602620071
-6032038830424051095
-4664155334608303560
3994033726946220354
5297694552117477113
7635532852036916547
-1601380338277186184
-5747079758818876145
-4564482245668799723
-5455935893159525270
-6988351970581935080
-2205656740020795175
-6098969630308320782
770287810947791744
4011251294880891960
-4551067464382379360
6419758622520667165
-1684371886064008060
-9201152902148825697
-2677183513725828084
1259977170848858959
-4460776005038975626
1017924158155463350
-1463599670688289495
8935111472782698602
-2303115119763740583
-8392860902583788627
8985355983399244644
4521143108081589848
2337993307651164488
-2034552946469339683
2541838588313380115
862813662220730939
-915313211415463853
8716898422321004674
-5010503079133027163
-8863588988694548065
-1534148458842502995
-627847934176839083
-1926206034019543733
-6877583910833608881
-6053622980713012375
889426185124213425
-1639454809165622070
-2178679154228137848
4365710772830440600
3194834630476886343
-7575500045089881252
5963689949594203154
1027757020259471236
6326732438928704100
-539184563169697781
1064488624581575380
3315644075136705254
4467123536736321112
8710855766672624543
6412239757470569621
8982036318659725944
-3315828926789112453
-4789073381973647949
-6818668444098281167
557844477306020638
-7346230108776891780
-6463034163141838153
5187138064888820477
5234978174507197201
-5371897128787375337
-6244031697397568166
-1661531947162788335
-7223662059641239407
-1791202097771796173
-8179899997092283300
-3892491339766084045
-7812681672436328971
-360982331276140451
-6000565521071067315
7031829629668581319
8061454446217534049
-5984932588701840143
509065093867777051
5502358172728994452
-1097815078642626936
-1469788207492439483
-2707904001140572311
-6068229576042498277
-5978176489737811268
-7975878593885745473
6057610388143971304
266517595724456295
2971696199779129866
7596516574343283574
-4171060682272106652
-1028645669169567560
2569319555006672427
-4057949320989622681
8097864129563638646
5586662193278265900
-3112906940021291555
