group_meta_id,group_name,rarity,min_items,max_items,registry_name,meta,display_name,amount,random_amount,chance_percent,item_group,limited_drop_count,nbt
"0","dreamcraft.lootbag.group.trash","0","1","1","minecraft:experience_bottle",0,"Bottle o' Enchanting","16","true","20","","0",""
"0","dreamcraft.lootbag.group.trash","0","1","1","minecraft:leather_leggings",0,"Leather Pants","1","false","35","","0",""
"0","dreamcraft.lootbag.group.trash","0","1","1","minecraft:lever",0,"Lever","6","false","65","","0",""
"0","dreamcraft.lootbag.group.trash","0","1","1","minecraft:string",0,"String","8","false","65","","0",""
"0","dreamcraft.lootbag.group.trash","0","1","1","minecraft:arrow",0,"Arrow","16","false","50","","0",""
"0","dreamcraft.lootbag.group.trash","0","1","1","minecraft:bow",0,"Bow","1","false","40","","0",""
"0","dreamcraft.lootbag.group.trash","0","1","1","minecraft:glass",0,"Glass","64","true","20","","0",""
"0","dreamcraft.lootbag.group.trash","0","1","1","Natura:Rare Sapling",1,"Silverbell Sapling","1","false","12","saplings_nether","0",""
"0","dreamcraft.lootbag.group.trash","0","1","1","minecraft:fish",2,"Clownfish","1","false","10","","0","{display:{Name:""Nemo"",Lore:[0:""Looks like you found him""]}}"
"0","dreamcraft.lootbag.group.trash","0","1","1","minecraft:ender_pearl",0,"Ender Pearl","1","false","10","","0",""
"0","dreamcraft.lootbag.group.trash","0","1","1","minecraft:heavy_weighted_pressure_plate",0,"Weighted Pressure Plate (Heavy)","1","false","15","","0",""
"0","dreamcraft.lootbag.group.trash","0","1","1","minecraft:cactus",0,"Cactus","1","false","15","","0",""
"0","dreamcraft.lootbag.group.trash","0","1","1","Natura:florasapling",2,"Hopseed Sapling","1","false","12","saplings_natura","0",""
"0","dreamcraft.lootbag.group.trash","0","1","1","minecraft:leather_helmet",0,"Leather Cap","1","false","35","","0",""
"0","dreamcraft.lootbag.group.trash","0","1","1","minecraft:apple",0,"Apple","8","false","50","","0",""
"0","dreamcraft.lootbag.group.trash","0","1","1","Ztones:tile.bittBlock",0,"Bitt ⓪","32","false","6","ztonebuilding","0",""
"0","dreamcraft.lootbag.group.trash","0","1","1","minecraft:coal",0,"Coal","8","false","45","","0",""
"0","dreamcraft.lootbag.group.trash","0","1","1","minecraft:fence",0,"Fence","8","false","10","","0",""
"0","dreamcraft.lootbag.group.trash","0","1","1","Ztones:tile.agonBlock",0,"Agon ⓪","32","false","6","ztonebuilding","0",""
"0","dreamcraft.lootbag.group.trash","0","1","1","Natura:Rare Sapling",2,"Amaranth Sapling","1","false","12","saplings_nether","0",""
"0","dreamcraft.lootbag.group.trash","0","1","1","minecraft:rail",0,"Track","8","false","35","","0",""
"0","dreamcraft.lootbag.group.trash","0","1","1","minecraft:gold_block",0,"Block of Gold","1","false","10","","0",""
"0","dreamcraft.lootbag.group.trash","0","1","1","minecraft:sugar",0,"Sugar","16","true","20","","0",""
"0","dreamcraft.lootbag.group.trash","0","1","1","minecraft:torch",0,"Torch","32","true","20","","0",""
"0","dreamcraft.lootbag.group.trash","0","1","1","minecraft:sapling",5,"Dark Oak Sapling","1","false","12","saplings_normal","0",""
"0","dreamcraft.lootbag.group.trash","0","1","1","minecraft:paper",0,"Paper","1","false","20","","0",""
"0","dreamcraft.lootbag.group.trash","0","1","1","minecraft:sapling",2,"Birch Sapling","1","false","12","saplings_normal","0",""
"0","dreamcraft.lootbag.group.trash","0","1","1","TConstruct:heartCanister",2,"Red Heart Canister","1","false","5","","10",""
"0","dreamcraft.lootbag.group.trash","0","1","1","Natura:Rare Sapling",4,"Willow Sapling","1","false","12","saplings_nether","0",""
"0","dreamcraft.lootbag.group.trash","0","1","1","minecraft:diamond_block",0,"Block of Diamond","1","false","5","","0",""
"0","dreamcraft.lootbag.group.trash","0","1","1","minecraft:wooden_sword",0,"Wooden Sword","1","false","7","","0","{ench:[0:{lvl:5s,id:19s}],RepairCost:5,display:{Name:""Drobac's portable piston"",Lore:[0:""Begone from my sight!""]}}"
"0","dreamcraft.lootbag.group.trash","0","1","1","minecraft:melon",0,"Melon","8","true","20","","0",""
"0","dreamcraft.lootbag.group.trash","0","1","1","minecraft:redstone_torch",0,"Redstone Torch","16","false","45","","0",""
"0","dreamcraft.lootbag.group.trash","0","1","1","minecraft:wheat",0,"Wheat","8","false","65","","0",""
"0","dreamcraft.lootbag.group.trash","0","1","1","minecraft:sapling",3,"Jungle Sapling","1","false","12","saplings_normal","0",""
"0","dreamcraft.lootbag.group.trash","0","1","1","Natura:florasapling",6,"Darkwood Sapling","1","false","12","saplings_natura","0",""
"0","dreamcraft.lootbag.group.trash","0","1","1","minecraft:sapling",4,"Acacia Sapling","1","false","12","saplings_normal","0",""
"0","dreamcraft.lootbag.group.trash","0","1","1","minecraft:lapis_block",0,"Lapis Lazuli Block","1","false","20","","0",""
"0","dreamcraft.lootbag.group.trash","0","1","1","Natura:florasapling",0,"Redwood Sapling","1","false","12","saplings_natura","0",""
"0","dreamcraft.lootbag.group.trash","0","1","1","TConstruct:slime.sapling",0,"Slimy Sapling","1","false","14","","0",""
"0","dreamcraft.lootbag.group.trash","0","1","1","minecraft:diamond",0,"Diamond","1","false","5","","0",""
"0","dreamcraft.lootbag.group.trash","0","1","1","minecraft:leather_boots",0,"Leather Boots","1","false","35","","0",""
"0","dreamcraft.lootbag.group.trash","0","1","1","IguanaTweaksTConstruct:clayBucketFired",0,"Fired Clay Bucket","2","false","45","","0",""
"0","dreamcraft.lootbag.group.trash","0","1","1","minecraft:stone_pressure_plate",0,"Pressure Plate","4","false","55","","0",""
"0","dreamcraft.lootbag.group.trash","0","1","1","minecraft:feather",0,"Feather","16","true","22","","0",""
"0","dreamcraft.lootbag.group.trash","0","1","1","minecraft:mushroom_stew",0,"Mushroom Stew","4","false","65","","0",""
"0","dreamcraft.lootbag.group.trash","0","1","1","minecraft:bucket",0,"Bucket","1","false","20","","0",""
"0","dreamcraft.lootbag.group.trash","0","1","1","minecraft:sapling",0,"Oak Sapling","1","false","12","saplings_normal","0",""
"0","dreamcraft.lootbag.group.trash","0","1","1","Natura:Rare Sapling",3,"Tigerwood Sapling","1","false","12","saplings_nether","0",""
"0","dreamcraft.lootbag.group.trash","0","1","1","minecraft:leather",0,"Leather","4","false","50","","0",""
"0","dreamcraft.lootbag.group.trash","0","1","1","minecraft:dye",15,"Bone Meal","8","true","20","","0",""
"0","dreamcraft.lootbag.group.trash","0","1","1","minecraft:bone",0,"Bone","8","true","20","","0",""
"0","dreamcraft.lootbag.group.trash","0","1","1","Natura:florasapling",4,"Ghostwood Sapling","1","false","12","saplings_natura","0",""
"0","dreamcraft.lootbag.group.trash","0","1","1","minecraft:coal",1,"Charcoal","8","false","55","","0",""
"0","dreamcraft.lootbag.group.trash","0","1","1","minecraft:baked_potato",0,"Baked Potato","16","true","20","","0",""
"0","dreamcraft.lootbag.group.trash","0","1","1","minecraft:wheat_seeds",0,"Seeds","8","false","65","","0",""
"0","dreamcraft.lootbag.group.trash","0","1","1","Natura:redwoodDoorItem",5,"Bloodwood Door","1","false","20","","0",""
"0","dreamcraft.lootbag.group.trash","0","1","1","minecraft:light_weighted_pressure_plate",0,"Weighted Pressure Plate (Light)","1","false","15","","0",""
"0","dreamcraft.lootbag.group.trash","0","1","1","Natura:Rare Sapling",0,"Maple Sapling","1","false","12","saplings_nether","0",""
"0","dreamcraft.lootbag.group.trash","0","1","1","minecraft:redstone_block",0,"Block of Redstone","1","false","20","","0",""
"0","dreamcraft.lootbag.group.trash","0","1","1","minecraft:slime_ball",0,"Slimeball","8","true","20","","0",""
"0","dreamcraft.lootbag.group.trash","0","1","1","minecraft:golden_apple",0,"Golden Apple","1","false","5","","0",""
"0","dreamcraft.lootbag.group.trash","0","1","1","minecraft:glass_pane",0,"Glass Pane","16","false","40","","0",""
"0","dreamcraft.lootbag.group.trash","0","1","1","minecraft:torch",0,"Torch","16","false","65","","0",""
"0","dreamcraft.lootbag.group.trash","0","1","1","minecraft:fence_gate",0,"Oak Fence Gate","8","false","25","","0",""
"0","dreamcraft.lootbag.group.trash","0","1","1","minecraft:glowstone",0,"Glowstone","1","false","8","","0",""
"0","dreamcraft.lootbag.group.trash","0","1","1","gregtech:gt.metaitem.01",32764,"BrainTech Aerospace Advanced Reinforced Duct Tape FAL-84","1","false","5","","0",""
"0","dreamcraft.lootbag.group.trash","0","1","1","minecraft:sapling",1,"Spruce Sapling","1","false","12","saplings_normal","0",""
"0","dreamcraft.lootbag.group.trash","0","1","1","minecraft:chest",0,"Chest","4","false","20","","0",""
"0","dreamcraft.lootbag.group.trash","0","1","1","minecraft:wooden_pressure_plate",0,"tile.etfuturum.oak_pressure_plate.name","4","false","65","","0",""
"0","dreamcraft.lootbag.group.trash","0","1","1","Ztones:tile.krypBlock",0,"Kryp ⓪","32","false","6","ztonebuilding","0",""
"0","dreamcraft.lootbag.group.trash","0","1","1","Natura:florasapling",7,"Fusewood Sapling","1","false","12","saplings_normal","0",""
"0","dreamcraft.lootbag.group.trash","0","1","1","Natura:florasapling",3,"Sakura Sapling","1","false","12","saplings_natura","0",""
"0","dreamcraft.lootbag.group.trash","0","1","1","minecraft:gunpowder",0,"Gunpowder","4","false","35","","0",""
"0","dreamcraft.lootbag.group.trash","0","1","1","minecraft:spider_eye",0,"Spider Eye","4","false","6","","0",""
"0","dreamcraft.lootbag.group.trash","0","1","1","minecraft:bowl",0,"Bowl","8","false","65","","0",""
"0","dreamcraft.lootbag.group.trash","0","1","1","minecraft:emerald",0,"Emerald","2","false","20","","0",""
"0","dreamcraft.lootbag.group.trash","0","1","1","minecraft:sponge",0,"Inert Sponge","1","false","15","","0",""
"0","dreamcraft.lootbag.group.trash","0","1","1","minecraft:book",0,"Book","1","false","15","","0",""
"0","dreamcraft.lootbag.group.trash","0","1","1","minecraft:dye",15,"Bone Meal","8","false","45","","0",""
"0","dreamcraft.lootbag.group.trash","0","1","1","TConstruct:materials",8,"Necrotic Bone","1","false","5","","0",""
"0","dreamcraft.lootbag.group.trash","0","1","1","Natura:florasapling",1,"Eucalyptus Sapling","1","false","12","saplings_natura","0",""
"0","dreamcraft.lootbag.group.trash","0","1","1","IC2:blockRubSapling",0,"Rubber Tree Sapling","1","false","12","","0",""
"0","dreamcraft.lootbag.group.trash","0","1","1","Ztones:tile.iszmBlock",0,"Iszm ⓪","32","false","6","ztonebuilding","0",""
"0","dreamcraft.lootbag.group.trash","0","1","1","Ztones:tile.fortBlock",0,"Fort ⓪","32","false","6","ztonebuilding","0",""
"0","dreamcraft.lootbag.group.trash","0","1","1","minecraft:obsidian",0,"Obsidian","10","false","35","","0",""
"0","dreamcraft.lootbag.group.trash","0","1","1","Ztones:tile.korpBlock",0,"Korp ⓪","32","false","6","ztonebuilding","0",""
"0","dreamcraft.lootbag.group.trash","0","1","1","minecraft:iron_bars",0,"Iron Bars","4","false","25","","0",""
"0","dreamcraft.lootbag.group.trash","0","1","1","minecraft:ladder",0,"Ladder","16","false","45","","0",""
"0","dreamcraft.lootbag.group.trash","0","1","1","Ztones:tile.jeltBlock",0,"Jelt ⓪","32","false","6","ztonebuilding","0",""
"0","dreamcraft.lootbag.group.trash","0","1","1","minecraft:glowstone_dust",0,"Glowstone Dust","1","false","6","","0",""
"0","dreamcraft.lootbag.group.trash","0","1","1","BiomesOPlenty:colorizedSaplings",0,"Sacred Oak Sapling","1","false","10","","1","{display:{Lore:[0:""Caution is advised while planting this...""]}}"
"0","dreamcraft.lootbag.group.trash","0","1","1","minecraft:map",0,"Empty Map","1","false","20","","0",""
"0","dreamcraft.lootbag.group.trash","0","1","1","Forestry:beeswax",0,"Beeswax","1","false","16","","0",""
"0","dreamcraft.lootbag.group.trash","0","1","1","minecraft:leather_chestplate",0,"Leather Tunic","1","false","35","","0",""
"0","dreamcraft.lootbag.group.trash","0","1","1","Natura:florasapling",5,"Blood Sapling","1","false","12","saplings_natura","0",""
"0","dreamcraft.lootbag.group.trash","0","1","1","Ztones:tile.crayBlock",0,"Cray ⓪","32","false","6","ztonebuilding","0",""
"0","dreamcraft.lootbag.group.trash","0","1","1","minecraft:golden_apple",1,"Golden Apple","1","false","5","","0",""
"0","dreamcraft.lootbag.group.trash","0","1","1","minecraft:bread",0,"Bread","4","false","55","","0",""
"0","dreamcraft.lootbag.group.trash","0","1","1","minecraft:cooked_chicken",0,"Cooked Chicken","16","true","20","","0",""
"0","dreamcraft.lootbag.group.trash","0","1","1","minecraft:cooked_beef",0,"Steak","16","true","20","","0",""
"0","dreamcraft.lootbag.group.trash","0","1","1","minecraft:egg",0,"Egg","16","true","20","","0",""
"0","dreamcraft.lootbag.group.trash","0","1","1","gregtech:gt.metaitem.01",27809,"Wood Screw","64","false","75","","0",""
"0","dreamcraft.lootbag.group.trash","0","1","1","harvestcraft:applepieItem",0,"Apple Pie","2","false","55","","0",""
"0","dreamcraft.lootbag.group.trash","0","1","1","gregtech:gt.metaitem.01",2817,"Salt","64","false","66","","0",""
"0","dreamcraft.lootbag.group.trash","0","1","1","harvestcraft:pbandjItem",0,"PB&J","2","false","85","","0",""
"0","dreamcraft.lootbag.group.trash","0","1","1","minecraft:skull",2,"Zombie Head","1","false","66","","0",""
"0","dreamcraft.lootbag.group.trash","0","1","1","minecraft:skull",4,"Creeper Head","1","false","66","","0",""
"1","dreamcraft.lootbag.group.basic_stone_age","0","1","2","minecraft:potato",0,"Potato","8","true","80","","0",""
"1","dreamcraft.lootbag.group.basic_stone_age","0","1","2","harvestcraft:bananamilkshakeItem",0,"Banana Milkshake","6","true","70","","0",""
"1","dreamcraft.lootbag.group.basic_stone_age","0","1","2","harvestcraft:beefjerkyItem",0,"Beef Jerky","6","true","70","","0",""
"1","dreamcraft.lootbag.group.basic_stone_age","0","1","2","harvestcraft:beetsaladItem",0,"Beet Salad","6","true","70","","0",""
"1","dreamcraft.lootbag.group.basic_stone_age","0","1","2","harvestcraft:batteredsausageItem",0,"Battered Sausage","6","true","70","","0",""
"1","dreamcraft.lootbag.group.basic_stone_age","0","1","2","minecraft:poisonous_potato",0,"Poisonous Potato","8","true","40","","0",""
"1","dreamcraft.lootbag.group.basic_stone_age","0","1","2","harvestcraft:cashewbutterItem",0,"Cashew Butter","6","true","70","","0",""
"1","dreamcraft.lootbag.group.basic_stone_age","0","1","2","harvestcraft:celeryandpeanutbutterItem",0,"Celery and Peanut Butter","6","true","70","","0",""
"1","dreamcraft.lootbag.group.basic_stone_age","0","1","2","harvestcraft:chocolatemilkshakeItem",0,"Chocolate Milkshake","6","true","70","","0",""
"1","dreamcraft.lootbag.group.basic_stone_age","0","1","2","harvestcraft:cinnamonsugardonutItem",0,"Cinnamon Sugar Donut","6","true","70","","0",""
"1","dreamcraft.lootbag.group.basic_stone_age","0","1","2","harvestcraft:damperItem",0,"Damper","6","true","70","","0",""
"1","dreamcraft.lootbag.group.basic_stone_age","0","1","2","harvestcraft:fairybreadItem",0,"Fairy Bread","6","true","70","","0",""
"1","dreamcraft.lootbag.group.basic_stone_age","0","1","2","harvestcraft:gingeredrhubarbtartItem",0,"Gingered Rhubarb Tart","6","true","70","","0",""
"1","dreamcraft.lootbag.group.basic_stone_age","0","1","2","harvestcraft:gooseberryyogurtItem",0,"Gooseberry Yogurt","6","true","70","","0",""
"1","dreamcraft.lootbag.group.basic_stone_age","0","1","2","harvestcraft:cucumbersoupItem",0,"Cucumber Soup","6","true","70","","0",""
"1","dreamcraft.lootbag.group.basic_stone_age","0","1","2","minecraft:clay_ball",0,"Clay","16","true","70","","0",""
"1","dreamcraft.lootbag.group.basic_stone_age","0","1","2","minecraft:reeds",0,"Sugar Canes","16","true","70","","0",""
"1","dreamcraft.lootbag.group.basic_stone_age","0","1","2","gregtech:gt.metaitem.02",32414,"Black Dye","16","false","20","gregdyes","0",""
"1","dreamcraft.lootbag.group.basic_stone_age","0","1","2","gregtech:gt.metaitem.02",32415,"Red Dye","16","false","20","gregdyes","0",""
"1","dreamcraft.lootbag.group.basic_stone_age","0","1","2","gregtech:gt.metaitem.02",32416,"Green Dye","16","false","20","gregdyes","0",""
"1","dreamcraft.lootbag.group.basic_stone_age","0","1","2","gregtech:gt.metaitem.02",32417,"Brown Dye","16","false","20","gregdyes","0",""
"1","dreamcraft.lootbag.group.basic_stone_age","0","1","2","gregtech:gt.metaitem.02",32418,"Blue Dye","16","false","20","gregdyes","0",""
"1","dreamcraft.lootbag.group.basic_stone_age","0","1","2","gregtech:gt.metaitem.02",32419,"Purple Dye","16","false","20","gregdyes","0",""
"1","dreamcraft.lootbag.group.basic_stone_age","0","1","2","gregtech:gt.metaitem.02",32420,"Cyan Dye","16","false","20","gregdyes","0",""
"1","dreamcraft.lootbag.group.basic_stone_age","0","1","2","gregtech:gt.metaitem.02",32421,"Light Gray Dye","16","false","20","gregdyes","0",""
"1","dreamcraft.lootbag.group.basic_stone_age","0","1","2","gregtech:gt.metaitem.02",32422,"Gray Dye","16","false","20","gregdyes","0",""
"1","dreamcraft.lootbag.group.basic_stone_age","0","1","2","gregtech:gt.metaitem.02",32423,"Pink Dye","16","false","20","gregdyes","0",""
"1","dreamcraft.lootbag.group.basic_stone_age","0","1","2","gregtech:gt.metaitem.02",32424,"Lime Dye","16","false","20","gregdyes","0",""
"1","dreamcraft.lootbag.group.basic_stone_age","0","1","2","gregtech:gt.metaitem.02",32425,"Yellow Dye","16","false","20","gregdyes","0",""
"1","dreamcraft.lootbag.group.basic_stone_age","0","1","2","gregtech:gt.metaitem.02",32426,"Light Blue Dye","16","false","20","gregdyes","0",""
"1","dreamcraft.lootbag.group.basic_stone_age","0","1","2","gregtech:gt.metaitem.02",32427,"Magenta Dye","16","false","20","gregdyes","0",""
"1","dreamcraft.lootbag.group.basic_stone_age","0","1","2","gregtech:gt.metaitem.02",32428,"Orange Dye","16","false","20","gregdyes","0",""
"1","dreamcraft.lootbag.group.basic_stone_age","0","1","2","gregtech:gt.metaitem.02",32429,"White Dye","16","false","20","gregdyes","0",""
"1","dreamcraft.lootbag.group.basic_stone_age","0","1","2","minecraft:carrot",0,"Carrot","16","true","70","","0",""
"1","dreamcraft.lootbag.group.basic_stone_age","0","1","2","minecraft:golden_carrot",0,"Golden Carrot","1","true","30","","0",""
"1","dreamcraft.lootbag.group.basic_stone_age","0","1","2","harvestcraft:vindalooItem",0,"Vindaloo","6","true","70","","0",""
"1","dreamcraft.lootbag.group.basic_stone_age","0","1","2","harvestcraft:asparagussoupItem",0,"Asparagus Soup","6","true","70","","0",""
"1","dreamcraft.lootbag.group.basic_stone_age","0","1","2","harvestcraft:hotwingsItem",0,"Hot Wings","6","true","70","","0",""
"1","dreamcraft.lootbag.group.basic_stone_age","0","1","2","harvestcraft:jamrollItem",0,"Jam Roll","6","true","70","","0",""
"1","dreamcraft.lootbag.group.basic_stone_age","0","1","2","harvestcraft:kimchiItem",0,"Kimchi","6","true","70","","0",""
"1","dreamcraft.lootbag.group.basic_stone_age","0","1","2","harvestcraft:onionsoupItem",0,"Onion Soup","6","true","70","","0",""
"1","dreamcraft.lootbag.group.basic_stone_age","0","1","2","harvestcraft:splitpeasoupItem",0,"Split Pea Soup","6","true","70","","0",""
"1","dreamcraft.lootbag.group.basic_stone_age","0","1","2","harvestcraft:stuffedpepperItem",0,"Stuffed Pepper","6","true","70","","0",""
"1","dreamcraft.lootbag.group.basic_stone_age","0","1","2","harvestcraft:summerradishsaladItem",0,"Summer Radish Salad","6","true","70","","0",""
"1","dreamcraft.lootbag.group.basic_stone_age","0","1","2","harvestcraft:sunflowerbroccolisaladItem",0,"Sunflower Broccoli Salad","6","true","70","","0",""
"1","dreamcraft.lootbag.group.basic_stone_age","0","1","2","harvestcraft:sweetpotatosouffleItem",0,"Sweet Potato Souffle","6","true","70","","0",""
"1","dreamcraft.lootbag.group.basic_stone_age","0","1","2","harvestcraft:vegetarianlettucewrapItem",0,"Vegetarian Lettuce Wrap","6","true","70","","0",""
"1","dreamcraft.lootbag.group.basic_stone_age","0","1","2","harvestcraft:veggiestripsItem",0,"Veggie Strips","6","true","70","","0",""
"1","dreamcraft.lootbag.group.basic_stone_age","0","1","2","harvestcraft:wafflesItem",0,"Waffles","6","true","70","","0",""
"1","dreamcraft.lootbag.group.basic_stone_age","0","1","2","harvestcraft:walnutraisinbreadItem",0,"Walnut Raisin Bread","6","true","70","","0",""
"1","dreamcraft.lootbag.group.basic_stone_age","0","1","2","harvestcraft:zeppoleItem",0,"Zeppole","6","true","70","","0",""
"1","dreamcraft.lootbag.group.basic_stone_age","0","1","2","harvestcraft:pumpkinoatsconesItem",0,"Pumpkin Oat Scones","6","true","70","","0",""
"1","dreamcraft.lootbag.group.basic_stone_age","0","1","2","IronChest:BlockIronChest",3,"Copper Chest","1","false","10","","0",""
"1","dreamcraft.lootbag.group.basic_stone_age","0","1","2","IronChest:woodCopperUpgrade",0,"Wood to Copper Chest Upgrade","1","false","20","","0",""
"1","dreamcraft.lootbag.group.basic_stone_age","0","1","2","minecraft:chest",0,"Chest","8","false","40","","0",""
"1","dreamcraft.lootbag.group.basic_stone_age","0","1","2","minecraft:flint",0,"Flint","32","false","55","","0",""
"1","dreamcraft.lootbag.group.basic_stone_age","0","1","2","minecraft:log",0,"Oak Wood","64","false","55","","0",""
"1","dreamcraft.lootbag.group.basic_stone_age","0","1","2","minecraft:potion",8205,"Potion of Water Breathing","4","false","50","","4",""
"1","dreamcraft.lootbag.group.basic_stone_age","0","1","2","minecraft:potion",8198,"Potion of Night Vision","4","false","50","","4",""
"1","dreamcraft.lootbag.group.basic_stone_age","0","1","2","Natura:natura.armor.imphelmet",0,"Impskin Helmet","1","false","25","","2","{ench:[0:{lvl:1s,id:0s},1:{lvl:1s,id:1s}]}"
"1","dreamcraft.lootbag.group.basic_stone_age","0","1","2","Natura:natura.armor.impjerkin",0,"Impskin Jerkin","1","false","25","","2","{ench:[0:{lvl:1s,id:3s},1:{lvl:1s,id:1s}]}"
"1","dreamcraft.lootbag.group.basic_stone_age","0","1","2","Natura:natura.armor.impleggings",0,"Impskin Leggings","1","false","25","","2","{ench:[0:{lvl:1s,id:4s},1:{lvl:1s,id:1s}]}"
"1","dreamcraft.lootbag.group.basic_stone_age","0","1","2","Natura:natura.armor.impboots",0,"Impskin Boots","1","false","25","","2","{ench:[0:{lvl:1s,id:2s},1:{lvl:1s,id:1s}]}"
"2","dreamcraft.lootbag.group.steam_age","0","1","2","gregtech:gt.blockmachines",1,"Bronze Hull","1","false","50","","8",""
"2","dreamcraft.lootbag.group.steam_age","0","1","2","IC2:itemHarz",0,"Sticky Resin","16","true","60","","0",""
"2","dreamcraft.lootbag.group.steam_age","0","1","2","gregtech:gt.blockores2",817,"Salt Ore","16","true","65","","0",""
"2","dreamcraft.lootbag.group.steam_age","0","1","2","gregtech:gt.blockores2",57,"Tin Ore","16","true","65","","0",""
"2","dreamcraft.lootbag.group.steam_age","0","1","2","gregtech:gt.blockores2",32,"Iron Ore","16","true","65","","0",""
"2","dreamcraft.lootbag.group.steam_age","0","1","2","gregtech:gt.blockores2",35,"Copper Ore","16","true","65","","0",""
"2","dreamcraft.lootbag.group.steam_age","0","1","2","minecraft:sticky_piston",0,"Sticky Piston","1","false","50","","0",""
"2","dreamcraft.lootbag.group.steam_age","0","1","2","minecraft:piston",0,"Piston","1","false","50","","0",""
"2","dreamcraft.lootbag.group.steam_age","0","1","2","minecraft:brick_block",0,"Bricks","8","true","60","","0",""
"2","dreamcraft.lootbag.group.steam_age","0","1","2","gregtech:gt.metaitem.01",11300,"Bronze Ingot","16","true","40","steamageingots","0",""
"2","dreamcraft.lootbag.group.steam_age","0","1","2","gregtech:gt.metaitem.01",11308,"Red Alloy Ingot","16","true","40","steamageingots","0",""
"2","dreamcraft.lootbag.group.steam_age","0","1","2","minecraft:iron_ingot",0,"Iron Ingot","16","true","40","steamageingots","0",""
"2","dreamcraft.lootbag.group.steam_age","0","1","2","minecraft:furnace",0,"Furnace","1","false","60","","0",""
"2","dreamcraft.lootbag.group.steam_age","0","1","2","BiblioCraft:BiblioFancySign",0,"Oak Fancy Sign","1","false","65","","0",""
"2","dreamcraft.lootbag.group.steam_age","0","1","2","Railcraft:machine.beta",11,"Void Chest","1","false","25","","0",""
"2","dreamcraft.lootbag.group.steam_age","0","1","2","gregtech:gt.metaitem.01",11335,"Damascus Steel Ingot","4","true","15","","5",""
"2","dreamcraft.lootbag.group.steam_age","0","1","2","harvestcraft:delightedmealItem",0,"Delighted Meal","4","true","50","","0",""
"2","dreamcraft.lootbag.group.steam_age","0","1","2","harvestcraft:heartybreakfastItem",0,"Hearty Breakfast","4","true","60","","0",""
"2","dreamcraft.lootbag.group.steam_age","0","1","2","harvestcraft:rainbowcurryItem",0,"Rainbow Curry","4","true","50","","0",""
"2","dreamcraft.lootbag.group.steam_age","0","1","2","harvestcraft:supremepizzaItem",0,"Supreme Pizza","4","true","50","","0",""
"2","dreamcraft.lootbag.group.steam_age","0","1","2","harvestcraft:sausageinbreadItem",0,"Sausage in Bread","4","true","50","","0",""
"2","dreamcraft.lootbag.group.steam_age","0","1","2","harvestcraft:beefwellingtonItem",0,"Beef Wellington","4","true","50","","0",""
"2","dreamcraft.lootbag.group.steam_age","0","1","2","harvestcraft:meatfeastpizzaItem",0,"Meat Feast Pizza","4","true","50","","0",""
"2","dreamcraft.lootbag.group.steam_age","0","1","2","harvestcraft:epicbaconItem",0,"Epic Bacon","4","true","40","","0",""
"2","dreamcraft.lootbag.group.steam_age","0","1","2","IronChest:BlockIronChest",0,"Iron Chest","1","false","10","","0",""
"2","dreamcraft.lootbag.group.steam_age","0","1","2","IronChest:woodIronUpgrade",0,"Wood to Iron Chest Upgrade","1","false","20","","0",""
"2","dreamcraft.lootbag.group.steam_age","0","1","2","IronChest:copperIronUpgrade",0,"Copper to Iron Chest Upgrade","1","false","20","","0",""
"2","dreamcraft.lootbag.group.steam_age","0","1","2","minecraft:spawn_egg",91,"Spawn Sheep","1","false","75","","8",""
"2","dreamcraft.lootbag.group.steam_age","0","1","2","minecraft:spawn_egg",93,"Spawn Chicken","1","false","75","","8",""
"2","dreamcraft.lootbag.group.steam_age","0","1","2","minecraft:spawn_egg",95,"Spawn Wolf","1","false","75","","8",""
"2","dreamcraft.lootbag.group.steam_age","0","1","2","minecraft:spawn_egg",96,"Spawn Mooshroom","1","false","75","","8",""
"2","dreamcraft.lootbag.group.steam_age","0","1","2","minecraft:spawn_egg",98,"Spawn Ocelot","1","false","75","","8",""
"2","dreamcraft.lootbag.group.steam_age","0","1","2","minecraft:spawn_egg",90,"Spawn Pig","1","false","75","","8",""
"2","dreamcraft.lootbag.group.steam_age","0","1","2","minecraft:spawn_egg",92,"Spawn Cow","1","false","75","","8",""
"2","dreamcraft.lootbag.group.steam_age","0","1","2","Railcraft:machine.beta",7,"Hobbyist's Steam Engine","1","false","50","","4",""
"2","dreamcraft.lootbag.group.steam_age","0","1","2","gregtech:gt.blockmachines",2,"Bricked Bronze Hull","1","false","50","","0",""
"2","dreamcraft.lootbag.group.steam_age","0","1","2","gregtech:gt.metaitem.01",23305,"Steel Rod","16","true","60","","0",""
"2","dreamcraft.lootbag.group.steam_age","0","1","2","gregtech:gt.metatool.01",12,"Hammer","1","false","20","","0","{ench:[0:{lvl:5s,id:16s}],GT.ToolStats:{PrimaryMaterial:""DamascusSteel"",MaxDamage:128000L,SecondaryMaterial:""Wood""}}"
"2","dreamcraft.lootbag.group.steam_age","0","1","2","gregtech:gt.metatool.01",14,"Soft Mallet","1","false","20","","0","{ench:[0:{lvl:1s,id:19s}],GT.ToolStats:{PrimaryMaterial:""Plastic"",MaxDamage:25600L,SecondaryMaterial:""Wood""}}"
"2","dreamcraft.lootbag.group.steam_age","0","1","2","gregtech:gt.metatool.01",16,"Wrench","1","false","20","","0","{GT.ToolStats:{PrimaryMaterial:""DamascusSteel"",MaxDamage:128000L,SecondaryMaterial:""DamascusSteel""}}"
"2","dreamcraft.lootbag.group.steam_age","0","1","2","minecraft:chainmail_helmet",0,"Chain Helmet","1","false","10","chainarmor","0","{ench:[0:{lvl:3s,id:0s},1:{lvl:3s,id:34s},2:{lvl:2s,id:6s}],RepairCost:2,display:{Name:""Namikon's Chain Helmet"",Lore:[0:""I knew he was cheating""]}}"
"2","dreamcraft.lootbag.group.steam_age","0","1","2","minecraft:chainmail_chestplate",0,"Chain Chestplate","1","false","10","chainarmor","0","{ench:[0:{lvl:3s,id:0s},1:{lvl:3s,id:34s}],RepairCost:2,display:{Name:""Namikon's Chain Chestplate"",Lore:[0:""I knew he was cheating""]}}"
"2","dreamcraft.lootbag.group.steam_age","0","1","2","minecraft:chainmail_leggings",0,"Chain Leggings","1","false","10","chainarmor","0","{ench:[0:{lvl:3s,id:0s},1:{lvl:3s,id:34s}],RepairCost:2,display:{Name:""Namikon's Chain Leggings"",Lore:[0:""I knew he was cheating""]}}"
"2","dreamcraft.lootbag.group.steam_age","0","1","2","minecraft:chainmail_boots",0,"Chain Boots","1","false","10","chainarmor","0","{ench:[0:{lvl:3s,id:0s},1:{lvl:2s,id:2s},2:{lvl:3s,id:34s}],RepairCost:2,display:{Name:""Namikon's Chain Boots"",Lore:[0:""I knew he was cheating""]}}"
"2","dreamcraft.lootbag.group.steam_age","0","1","2","TConstruct:frypan",0,"Frying Pan","1","false","15","","2","{InfiTool:{BaseDurability:525,BaseAttack:5,ToolEXP:0L,Effect2:8,ModifierTip3:""§fQuartz (144/144)"",Effect1:6,ModifierTip2:""§8Necrotic II"",HarvestLevel:5,ModifierTip1:""§4Lava"",Effect3:11,RenderHead:16,ModDurability:0.0f,Shoddy:0.0f,RenderHandle:10,MiningSpeed:700,Unbreaking:2,Damage:0,BonusDurability:0,TotalDurability:525,Necrotic:2,ModAttack:[144,144,3,],Head:16,Lava:1b,Tooltip1:""§4Auto-Smelt"",Tooltip2:""§8Life Steal II"",Attack:12,Handle:10,Broken:0b,ToolLevel:1,Tooltip3:""§fSharpness"",Modifiers:2},display:{Name:""§fThe Pan of Doooom""}}"
"2","dreamcraft.lootbag.group.steam_age","0","1","2","TConstruct:battlesign",0,"Battlesign","1","false","15","","2","{InfiTool:{BaseDurability:525,BaseAttack:4,ToolEXP:0L,Effect2:1,ModifierTip3:""§bDiamond"",Effect1:11,ModifierTip2:""§2Emerald"",HarvestLevel:5,ModifierTip1:""§fQuartz (144/144)"",Effect3:0,RenderHead:16,ModDurability:0.5f,Shoddy:0.0f,RenderHandle:10,MiningSpeed:700,Emerald:1b,Unbreaking:2,Damage:0,BonusDurability:500,TotalDurability:1537,ModAttack:[144,144,1,],Head:16,Tooltip1:""§fSharpness"",Tooltip2:""§2Durability +50%"",Diamond:1b,Attack:11,Handle:10,Broken:0b,ToolLevel:1,Tooltip3:""§bDurability +500"",Modifiers:2},display:{Name:""§fRead Carefully""}}"
"2","dreamcraft.lootbag.group.steam_age","0","1","2","gregtech:gt.metatool.01",24,"Mortar","1","false","35","","0","{GT.ToolStats:{PrimaryMaterial:""BlueSteel"",MaxDamage:102400L,SecondaryMaterial:""Stone""}}"
"2","dreamcraft.lootbag.group.steam_age","0","1","2","minecraft:water_bucket",0,"Water Bucket","1","false","60","","0",""
"2","dreamcraft.lootbag.group.steam_age","0","1","2","dreamcraft:CompressedCharcoal",0,"Block of Compressed Charcoal","16","false","35","","0",""
"2","dreamcraft.lootbag.group.steam_age","0","1","2","Railcraft:fuel.coke",0,"Coal Coke","32","false","35","","0",""
"2","dreamcraft.lootbag.group.steam_age","0","1","2","minecraft:torch",0,"Torch","128","false","45","","0",""
"2","dreamcraft.lootbag.group.steam_age","0","1","2","gregtech:gt.blockmachines",100,"Small Coal Boiler","2","false","10","","0",""
"2","dreamcraft.lootbag.group.steam_age","0","1","2","gregtech:gt.blockmachines",101,"Large Coal Boiler","1","false","5","","0",""
"2","dreamcraft.lootbag.group.steam_age","0","1","2","gregtech:gt.blockmachines",106,"Steam Macerator","1","false","10","","0",""
"2","dreamcraft.lootbag.group.steam_age","0","1","2","dreamcraft:CokeOvenBrick",0,"Coke Oven Brick","16","false","55","","0",""
"2","dreamcraft.lootbag.group.steam_age","0","1","2","minecraft:hopper",0,"Hopper","4","false","30","","0",""
"2","dreamcraft.lootbag.group.steam_age","0","1","2","gregtech:gt.metaitem.01",32111,"Firebrick","16","false","35","","0",""
"2","dreamcraft.lootbag.group.steam_age","0","1","2","harvestcraft:jellybeansItem",0,"Jellybeans","2","false","50","","0",""
"2","dreamcraft.lootbag.group.steam_age","0","1","2","gregtech:gt.metaitem.02",32231,"Veggie Sandwich","4","false","45","","0",""
"2","dreamcraft.lootbag.group.steam_age","0","1","2","gregtech:gt.metaitem.02",32232,"Cheese Sandwich","4","false","45","","0",""
"2","dreamcraft.lootbag.group.steam_age","0","1","2","gregtech:gt.metaitem.02",32233,"Bacon Sandwich","4","false","45","","0",""
"2","dreamcraft.lootbag.group.steam_age","0","1","2","gregtech:gt.metaitem.02",32234,"Steak Sandwich","4","false","45","","0",""
"2","dreamcraft.lootbag.group.steam_age","0","1","2","gregtech:gt.metaitem.02",32241,"Large Veggie Sandwich","2","false","25","","0",""
"2","dreamcraft.lootbag.group.steam_age","0","1","2","gregtech:gt.metaitem.02",32242,"Large Cheese Sandwich","2","false","25","","0",""
"2","dreamcraft.lootbag.group.steam_age","0","1","2","gregtech:gt.metaitem.02",32244,"Large Steak Sandwich","2","false","25","","0",""
"2","dreamcraft.lootbag.group.steam_age","0","1","2","gregtech:gt.metaitem.02",32243,"Large Bacon Sandwich","2","false","25","","0",""
"2","dreamcraft.lootbag.group.steam_age","0","1","2","harvestcraft:hushpuppiesItem",0,"Hushpuppies","4","false","45","","0",""
"2","dreamcraft.lootbag.group.steam_age","0","1","2","harvestcraft:shrimpokrahushpuppiesItem",0,"Shrimp Pork Okra Hushpuppies","4","false","45","","0",""
"2","dreamcraft.lootbag.group.steam_age","0","1","2","gregtech:gt.blockores2",526,"Lapis Ore","1","false","25","","0",""
"2","dreamcraft.lootbag.group.steam_age","0","1","2","gregtech:gt.blockores2",810,"Redstone Ore","1","false","25","","0",""
"2","dreamcraft.lootbag.group.steam_age","0","1","2","gregtech:gt.blockores2",935,"Basaltic Mineral Sand","1","false","25","","0",""
"2","dreamcraft.lootbag.group.steam_age","0","1","2","gregtech:gt.blockores2",500,"Diamond Ore","1","false","25","","0",""
"2","dreamcraft.lootbag.group.steam_age","0","1","2","gregtech:gt.blockores2",57,"Tin Ore","1","false","25","","0",""
"2","dreamcraft.lootbag.group.steam_age","0","1","2","gregtech:gt.blockores2",35,"Copper Ore","1","false","25","","0",""
"2","dreamcraft.lootbag.group.steam_age","0","1","2","gregtech:gt.blockores2",32,"Iron Ore","1","false","25","","0",""
"2","dreamcraft.lootbag.group.steam_age","0","1","2","minecraft:spawn_egg",94,"Spawn Squid","1","false","75","","0",""
"2","dreamcraft.lootbag.group.steam_age","0","1","2","minecraft:spawn_egg",100,"Spawn Horse","1","false","75","","0",""
"2","dreamcraft.lootbag.group.steam_age","0","1","2","TConstruct:SpeedBlock",0,"Rough Brownstone","32","false","55","","0",""
"2","dreamcraft.lootbag.group.steam_age","0","1","2","minecraft:potion",8262,"Potion of Night Vision","4","false","50","","0",""
"2","dreamcraft.lootbag.group.steam_age","0","1","2","minecraft:potion",8269,"Potion of Water Breathing","4","false","50","","0",""
"2","dreamcraft.lootbag.group.steam_age","0","1","2","Natura:natura.armor.imphelmet",0,"Impskin Helmet","1","false","100","","0","{ench:[0:{lvl:2s,id:0s},1:{lvl:2s,id:1s}],RepairCost:2,display:{Name:""Impskin 2.0""}}"
"2","dreamcraft.lootbag.group.steam_age","0","1","2","Natura:natura.armor.impjerkin",0,"Impskin Jerkin","1","false","100","","0","{ench:[0:{lvl:2s,id:1s},1:{lvl:2s,id:3s}],RepairCost:2,display:{Name:""Impskin 2.0""}}"
"2","dreamcraft.lootbag.group.steam_age","0","1","2","Natura:natura.armor.impleggings",0,"Impskin Leggings","1","false","100","","0","{ench:[0:{lvl:2s,id:1s},1:{lvl:2s,id:4s}],RepairCost:2,display:{Name:""Impskin 2.0""}}"
"2","dreamcraft.lootbag.group.steam_age","0","1","2","Natura:natura.armor.impboots",0,"Impskin Boots","1","false","100","","0","{ench:[0:{lvl:2s,id:2s},1:{lvl:2s,id:1s}],RepairCost:2,display:{Name:""Impskin 2.0""}}"
"2","dreamcraft.lootbag.group.steam_age","0","1","2","IC2:itemArmorHazmatHelmet",0,"Scuba Helmet","1","false","33","","0",""
"2","dreamcraft.lootbag.group.steam_age","0","1","2","IC2:itemCellEmpty",5,"Compressed Air Cell","8","false","60","","0",""
"2","dreamcraft.lootbag.group.steam_age","0","1","2","gregtech:gt.metatool.01",22,"Screwdriver","1","false","66","","0","{GT.ToolStats:{PrimaryMaterial:""Iron"",MaxDamage:25600L,SecondaryMaterial:""Wood""}}"
"2","dreamcraft.lootbag.group.steam_age","0","1","2","gregtech:gt.metatool.01",12,"Hammer","1","false","66","","0","{ench:[0:{lvl:1s,id:16s}],GT.ToolStats:{PrimaryMaterial:""Iron"",MaxDamage:25600L,SecondaryMaterial:""Wood""}}"
"2","dreamcraft.lootbag.group.steam_age","0","1","2","gregtech:gt.metatool.01",16,"Wrench","1","false","66","","0","{GT.ToolStats:{PrimaryMaterial:""Iron"",MaxDamage:25600L,SecondaryMaterial:""Iron""}}"
"2","dreamcraft.lootbag.group.steam_age","0","1","2","gregtech:gt.metatool.01",18,"File","1","false","66","","0","{GT.ToolStats:{PrimaryMaterial:""Iron"",MaxDamage:25600L,SecondaryMaterial:""Wood""}}"
"2","dreamcraft.lootbag.group.steam_age","0","1","2","minecraft:potion",8193,"Potion of Regeneration","2","false","55","","0",""
"2","dreamcraft.lootbag.group.steam_age","0","1","2","minecraft:potion",8194,"Potion of Swiftness","2","false","55","","0",""
"2","dreamcraft.lootbag.group.steam_age","0","1","2","minecraft:potion",8195,"Potion of Fire Resistance","2","false","55","","0",""
"2","dreamcraft.lootbag.group.steam_age","0","1","2","minecraft:potion",8201,"Potion of Strength","2","false","55","","0",""
"2","dreamcraft.lootbag.group.steam_age","0","1","2","minecraft:potion",8206,"Potion of Invisibility","2","false","55","","0",""
"4","dreamcraft.lootbag.group.tier_1_lv","1","1","2","StevesCarts:ModuleComponents",9,"Simple PCB","1","false","40","","0",""
"4","dreamcraft.lootbag.group.tier_1_lv","1","1","2","StevesCarts:CartModule",18,"Fertilizer","1","false","40","","0",""
"4","dreamcraft.lootbag.group.tier_1_lv","1","1","2","StevesCarts:CartModule",44,"Tiny Coal Engine","1","false","40","","0",""
"4","dreamcraft.lootbag.group.tier_1_lv","1","1","2","Forestry:apiculture",0,"Apiary","1","false","55","","0",""
"4","dreamcraft.lootbag.group.tier_1_lv","1","1","2","StevesCarts:CartModule",16,"Hydrator","1","false","40","","0",""
"4","dreamcraft.lootbag.group.tier_1_lv","1","1","2","IC2:itemPartCircuit",0,"Electronic Circuit","8","true","55","","0",""
"4","dreamcraft.lootbag.group.tier_1_lv","1","1","2","gregtech:gt.metaitem.01",32700,"Vacuum Tube","8","true","65","","0",""
"4","dreamcraft.lootbag.group.tier_1_lv","1","1","2","gregtech:gt.blockmachines",2000,"1x Red Alloy Wire","8","true","75","","0",""
"4","dreamcraft.lootbag.group.tier_1_lv","1","1","2","gregtech:gt.metaitem.01",32600,"Electric Motor (LV)","8","true","75","","0",""
"4","dreamcraft.lootbag.group.tier_1_lv","1","1","2","gregtech:gt.metaitem.01",32710,"Coated Circuit Board","8","true","65","","0",""
"4","dreamcraft.lootbag.group.tier_1_lv","1","1","2","JABBA:mover",0,"Dolly","1","false","80","","0",""
"4","dreamcraft.lootbag.group.tier_1_lv","1","1","2","BuildCraft|Factory:tankBlock",0,"Tank","1","false","80","","0",""
"4","dreamcraft.lootbag.group.tier_1_lv","1","1","2","minecraft:writable_book",0,"Book and Quill","4","true","85","","0",""
"4","dreamcraft.lootbag.group.tier_1_lv","1","1","2","minecraft:book",0,"Book","8","true","75","","0",""
"4","dreamcraft.lootbag.group.tier_1_lv","1","1","2","IronChest:BlockIronChest",4,"Steel Chest","1","false","10","","0",""
"4","dreamcraft.lootbag.group.tier_1_lv","1","1","2","IronChest:copperSteelUpgrade",0,"Copper to Steel Chest Upgrade","1","false","20","","0",""
"4","dreamcraft.lootbag.group.tier_1_lv","1","1","2","minecraft:glass",0,"Glass","64","true","75","","0",""
"4","dreamcraft.lootbag.group.tier_1_lv","1","1","2","gregtech:gt.metaitem.01",32500,"Small Battery Hull","1","false","15","","0",""
"4","dreamcraft.lootbag.group.tier_1_lv","1","1","2","minecraft:hopper",0,"Hopper","1","false","65","","0",""
"4","dreamcraft.lootbag.group.tier_1_lv","1","1","2","minecraft:torch",0,"Torch","64","true","85","","0",""
"4","dreamcraft.lootbag.group.tier_1_lv","1","1","2","JABBA:barrel",0,"Better Barrel","8","true","55","","0",""
"4","dreamcraft.lootbag.group.tier_1_lv","1","1","2","ExtraUtilities:golden_lasso",0,"Golden Lasso","1","false","75","","0",""
"4","dreamcraft.lootbag.group.tier_1_lv","1","1","2","gregtech:gt.metaitem.01",30708,"Diesel Cell","4","true","65","","0",""
"4","dreamcraft.lootbag.group.tier_1_lv","1","1","2","Natura:florasapling",6,"Darkwood Sapling","1","false","75","","0",""
"4","dreamcraft.lootbag.group.tier_1_lv","1","1","2","dreamcraft:ZincGravelOre",0,"Zinc Gravel Ore","16","false","85","","0",""
"4","dreamcraft.lootbag.group.tier_1_lv","1","1","2","fether:glow_flower_seeds",0,"Glow Flower Seeds","1","false","85","","0",""
"4","dreamcraft.lootbag.group.tier_1_lv","1","1","2","minecraft:rail",0,"Track","16","true","85","","0",""
"4","dreamcraft.lootbag.group.tier_1_lv","1","1","2","minecraft:golden_rail",0,"Booster Track","4","false","65","","0",""
"4","dreamcraft.lootbag.group.tier_1_lv","1","1","2","minecraft:fence",0,"Fence","16","false","75","","0",""
"4","dreamcraft.lootbag.group.tier_1_lv","1","1","2","OpenBlocks:fan",0,"Fan","1","false","65","","0",""
"4","dreamcraft.lootbag.group.tier_1_lv","1","1","2","StevesCarts:CartModule",2,"Side Chests","1","false","55","","0",""
"4","dreamcraft.lootbag.group.tier_1_lv","1","1","2","StevesCarts:CartModule",38,"Standard Hull","1","false","60","","0",""
"4","dreamcraft.lootbag.group.tier_1_lv","1","1","2","TConstruct:hatchet",0,"Hatchet","1","false","15","","2","{InfiTool:{BaseDurability:750,BaseAttack:6,ToolEXP:0L,Moss:3,Effect2:11,Effect1:4,ModifierTip2:""§fQuartz (216/216)"",HarvestLevel:5,ModifierTip1:""§2Moss"",RenderHead:16,ModDurability:0.0f,Shoddy:0.0f,RenderHandle:12,MiningSpeed:700,Unbreaking:2,Damage:0,BonusDurability:0,TotalDurability:750,ModAttack:[216,216,2,],Head:16,Tooltip1:""§2Auto-Repair"",Tooltip2:""§fSharpness"",Attack:16,Handle:12,Broken:0b,ToolLevel:1,Modifiers:2},display:{Name:""§fTomahawk""}}"
"4","dreamcraft.lootbag.group.tier_1_lv","1","1","2","TConstruct:battleaxe",0,"Battleaxe","1","false","15","","2","{InfiTool:{RenderExtra:31,BaseDurability:5534,BaseAttack:8,ToolEXP:0L,Effect2:2,Effect1:11,ModifierTip2:""§4Redstone (50/50)"",HarvestLevel:8,ModifierTip1:""§fQuartz (72/72)"",ExtraColor:9856200,RenderHead:10,ModDurability:0.0f,Shoddy:0.5f,RenderHandle:11,Accessory:10,MiningSpeed:1600,Unbreaking:2,Damage:0,HarvestLevel2:8,BonusDurability:0,TotalDurability:5534,MiningSpeed2:1600,ModAttack:[72,72,1,],Head:10,Tooltip1:""§fSharpness"",Tooltip2:""§4Haste"",Attack:12,Handle:11,Broken:0b,Redstone:[50,50,2,],Extra:31,RenderAccessory:10,ToolLevel:1,Modifiers:2},display:{Name:""§fDesolation""}}"
"4","dreamcraft.lootbag.group.tier_1_lv","1","1","2","TConstruct:ShortBow",0,"Tool / Weapon","1","false","15","tconbow","2","{InfiTool:{BaseDurability:1620,BaseAttack:2,DrawSpeed:20,ToolEXP:0L,Moss:3,Effect2:4,Effect1:3,ModifierTip2:""§2Moss"",HarvestLevel:0,ModifierTip1:""§7Knockback (10/10)"",RenderHead:17,ModDurability:0.0f,Shoddy:0.0f,RenderHandle:2,Accessory:17,MiningSpeed:150,Piston:[10,10,1,],Unbreaking:1,Damage:0,HarvestLevel2:0,BonusDurability:0,TotalDurability:1620,MiningSpeed2:150,BaseDrawSpeed:20,Head:17,Tooltip1:""§7Knockback"",Tooltip2:""§2Auto-Repair"",Attack:2,Handle:2,Broken:0b,RenderAccessory:17,FlightSpeed:4.8f,ToolLevel:1,Knockback:1.0f,Modifiers:2},display:{Name:""§fCyclone""}}"
"4","dreamcraft.lootbag.group.tier_1_lv","1","1","2","TConstruct:ArrowAmmo",0,"Tool / Weapon","1","false","15","","2","{InfiTool:{BreakChance:0.32000002f,BaseDurability:840,BaseAttack:4,ToolEXP:0L,Moss:3,Effect2:0,ModifierTip3:""§2Moss"",Effect1:1,ModifierTip2:""§bDiamond"",HarvestLevel:8,ModifierTip1:""§2Emerald"",Effect4:11,Effect3:4,RenderHead:10,ModDurability:0.5f,Shoddy:0.0f,RenderHandle:0,Accuracy:98.0f,Accessory:4,MiningSpeed:1100,Emerald:1b,ModifierTip4:""§fQuartz (48/48)"",Unbreaking:2,Damage:0,BonusDurability:500,TotalDurability:2010,ModAttack:[48,48,4,],Head:10,Tooltip1:""§2Durability +50%"",Tooltip2:""§bDurability +500"",Diamond:1b,Attack:7,Handle:0,Broken:0b,Mass:4.0f,Ammo:201,RenderAccessory:4,ToolLevel:1,Tooltip3:""§2Auto-Repair"",Tooltip4:""§fSharpness"",RepairCount:4,Modifiers:0},display:{Name:""§fTyphoon""}}"
"4","dreamcraft.lootbag.group.tier_1_lv","1","1","2","dreamcraft:SawBladeDiamond",0,"Diamond Saw Blade","1","false","35","","0",""
"4","dreamcraft.lootbag.group.tier_1_lv","1","1","2","OpenBlocks:hangglider",0,"Hang Glider","1","false","25","","0",""
"4","dreamcraft.lootbag.group.tier_1_lv","1","1","2","gregtech:gt.blockmachines",1246,"1x Tin Cable","16","false","45","","0",""
"4","dreamcraft.lootbag.group.tier_1_lv","1","1","2","gregtech:gt.metaitem.01",32610,"Electric Pump (LV)","16","false","45","","0",""
"4","dreamcraft.lootbag.group.tier_1_lv","1","1","2","gregtech:gt.blockmachines",5131,"Small Steel Fluid Pipe","16","false","45","","0",""
"4","dreamcraft.lootbag.group.tier_1_lv","1","1","2","gregtech:gt.metaitem.01",11019,"Aluminium Ingot","4","false","5","","0",""
"4","dreamcraft.lootbag.group.tier_1_lv","1","1","2","gregtech:gt.metaitem.03",32100,"Circuit Board","4","false","50","","0",""
"4","dreamcraft.lootbag.group.tier_1_lv","1","1","2","gregtech:gt.metaitem.01",32716,"Resistor","8","false","65","","0",""
"4","dreamcraft.lootbag.group.tier_1_lv","1","1","2","gregtech:gt.metaitem.03",32012,"Glass Tube","8","false","75","","0",""
"4","dreamcraft.lootbag.group.tier_1_lv","1","1","2","minecraft:coal",0,"Coal","64","false","55","","0",""
"4","dreamcraft.lootbag.group.tier_1_lv","1","1","2","gregtech:gt.metaitem.01",30707,"Oil Cell","32","false","35","","0",""
"4","dreamcraft.lootbag.group.tier_1_lv","1","1","2","Ztones:lampf",0,"Flat Lamp","128","false","45","","0",""
"4","dreamcraft.lootbag.group.tier_1_lv","1","1","2","gregtech:gt.metaitem.01",11308,"Red Alloy Ingot","32","false","35","","0",""
"4","dreamcraft.lootbag.group.tier_1_lv","1","1","2","gregtech:gt.blockmachines",1115,"Basic Gas Turbine","1","false","10","","0",""
"4","dreamcraft.lootbag.group.tier_1_lv","1","1","2","gregtech:gt.blockmachines",1120,"Basic Steam Turbine","1","false","10","","0",""
"4","dreamcraft.lootbag.group.tier_1_lv","1","1","2","gregtech:gt.blockmachines",1110,"Basic Combustion Generator","1","false","10","","0",""
"4","dreamcraft.lootbag.group.tier_1_lv","1","1","2","gregtech:gt.blockmachines",301,"Basic Macerator","1","false","7","","0",""
"4","dreamcraft.lootbag.group.tier_1_lv","1","1","2","gregtech:gt.blockmachines",361,"Basic Centrifuge","1","false","7","","0",""
"4","dreamcraft.lootbag.group.tier_1_lv","1","1","2","IC2:blockMiningPipe",0,"Mining Pipe","64","false","45","","0",""
"4","dreamcraft.lootbag.group.tier_1_lv","1","1","2","IC2:itemCellEmpty",0,"Empty Cell","32","false","55","","0",""
"4","dreamcraft.lootbag.group.tier_1_lv","1","1","2","gregtech:gt.metaitem.01",32405,"Large Steel Fluid Cell","8","false","35","","0",""
"4","dreamcraft.lootbag.group.tier_1_lv","1","1","2","harvestcraft:pizzaItem",0,"Pizza","2","false","55","","0",""
"4","dreamcraft.lootbag.group.tier_1_lv","1","1","2","harvestcraft:supremepizzaItem",0,"Supreme Pizza","2","false","55","","0",""
"4","dreamcraft.lootbag.group.tier_1_lv","1","1","2","harvestcraft:meatfeastpizzaItem",0,"Meat Feast Pizza","2","false","55","","0",""
"4","dreamcraft.lootbag.group.tier_1_lv","1","1","2","gregtech:gt.metaitem.02",32221,"Veggieburger","2","false","55","","0",""
"4","dreamcraft.lootbag.group.tier_1_lv","1","1","2","gregtech:gt.metaitem.02",32222,"Cheeseburger","2","false","55","","0",""
"4","dreamcraft.lootbag.group.tier_1_lv","1","1","2","gregtech:gt.metaitem.02",32223,"Hamburger","2","false","55","","0",""
"4","dreamcraft.lootbag.group.tier_1_lv","1","1","2","gregtech:gt.metaitem.02",32224,"Chumburger","2","false","55","","0",""
"4","dreamcraft.lootbag.group.tier_1_lv","1","1","2","harvestcraft:hamburgerItem",0,"Hamburger","2","false","55","","0",""
"4","dreamcraft.lootbag.group.tier_1_lv","1","1","2","harvestcraft:cheeseburgerItem",0,"Cheeseburger","2","false","55","","0",""
"4","dreamcraft.lootbag.group.tier_1_lv","1","1","2","harvestcraft:baconcheeseburgerItem",0,"Bacon Cheeseburger","2","false","55","","0",""
"4","dreamcraft.lootbag.group.tier_1_lv","1","1","2","harvestcraft:deluxecheeseburgerItem",0,"Deluxe Cheeseburger","2","false","55","","0",""
"4","dreamcraft.lootbag.group.tier_1_lv","1","1","2","harvestcraft:baconmushroomburgerItem",0,"Bacon Mushroom Burger","2","false","55","","0",""
"4","dreamcraft.lootbag.group.tier_1_lv","1","1","2","harvestcraft:beetburgerItem",0,"Beet Burger","2","false","55","","0",""
"4","dreamcraft.lootbag.group.tier_1_lv","1","1","2","harvestcraft:onionhamburgerItem",0,"Onion Hamburger","2","false","55","","0",""
"4","dreamcraft.lootbag.group.tier_1_lv","1","1","2","harvestcraft:coleslawburgerItem",0,"Coleslaw Burger","2","false","55","","0",""
"4","dreamcraft.lootbag.group.tier_1_lv","1","1","2","Forestry:ffarm",0,"Farm Block","4","false","40","","0","{FarmBlock:0}"
"4","dreamcraft.lootbag.group.tier_1_lv","1","1","2","Forestry:ffarm",2,"Farm Gearbox","2","false","25","","0","{FarmBlock:0}"
"4","dreamcraft.lootbag.group.tier_1_lv","1","1","2","Forestry:ffarm",3,"Farm Hatch","2","false","25","","0","{FarmBlock:0}"
"4","dreamcraft.lootbag.group.tier_1_lv","1","1","2","Forestry:ffarm",4,"Farm Valve","2","false","25","","0","{FarmBlock:0}"
"4","dreamcraft.lootbag.group.tier_1_lv","1","1","2","Forestry:ffarm",5,"Farm Control","2","false","25","","0","{FarmBlock:0}"
"4","dreamcraft.lootbag.group.tier_1_lv","1","1","2","StevesCarts:CartModule",14,"Basic Farmer","1","false","40","","0","{Data:100b}"
"4","dreamcraft.lootbag.group.tier_1_lv","1","1","2","StevesCarts:CartModule",15,"Basic Wood Cutter","1","false","40","","0","{Data:100b}"
"4","dreamcraft.lootbag.group.tier_1_lv","1","1","2","StevesCarts:CartModule",4,"Front Chest","1","false","40","","0",""
"4","dreamcraft.lootbag.group.tier_1_lv","1","1","2","gregtech:gt.metaitem.01",11880,"Rubber Bar","32","false","35","","0",""
"4","dreamcraft.lootbag.group.tier_1_lv","1","1","2","cropsnh:materialLeaf",2,"Coppon Fiber","16","false","30","","0",""
"4","dreamcraft.lootbag.group.tier_1_lv","1","1","2","cropsnh:materialLeaf",27,"Ferrofern Leaf","16","false","30","","0",""
"4","dreamcraft.lootbag.group.tier_1_lv","1","1","2","StevesCarts:CartModule",45,"Basic Solar Engine","1","false","34","","0",""
"4","dreamcraft.lootbag.group.tier_1_lv","1","1","2","StevesCarts:CartModule",37,"Wooden Hull","1","false","45","","0",""
"4","dreamcraft.lootbag.group.tier_1_lv","1","1","2","StevesCarts:CartModule",42,"Iron Drill","1","false","35","","0","{Data:100b}"
"4","dreamcraft.lootbag.group.tier_1_lv","1","1","2","StevesCarts:CartModule",3,"Top Chest","1","false","55","","0",""
"4","dreamcraft.lootbag.group.tier_1_lv","1","1","2","StevesCarts:CartModule",2,"Side Chests","1","false","55","","0",""
"4","dreamcraft.lootbag.group.tier_1_lv","1","1","2","StevesCarts:CartModule",5,"Internal Storage","1","false","55","","0",""
"4","dreamcraft.lootbag.group.tier_1_lv","1","1","2","StevesCarts:ModuleComponents",9,"Simple PCB","2","false","25","","0",""
"4","dreamcraft.lootbag.group.tier_1_lv","1","1","2","StevesCarts:ModuleComponents",16,"Advanced PCB","2","false","15","","0",""
"4","dreamcraft.lootbag.group.tier_1_lv","1","1","2","gregtech:gt.metatool.01",22,"Screwdriver","1","false","44","","0","{GT.ToolStats:{PrimaryMaterial:""VanadiumSteel"",MaxDamage:192000L,SecondaryMaterial:""Wood""}}"
"4","dreamcraft.lootbag.group.tier_1_lv","1","1","2","gregtech:gt.metatool.01",18,"File","1","false","66","","0","{GT.ToolStats:{PrimaryMaterial:""Steel"",MaxDamage:51200L,SecondaryMaterial:""Wood""}}"
"4","dreamcraft.lootbag.group.tier_1_lv","1","1","2","gregtech:gt.metatool.01",12,"Hammer","1","false","44","","0","{GT.ToolStats:{PrimaryMaterial:""VanadiumSteel"",MaxDamage:192000L,SecondaryMaterial:""Wood""}}"
"4","dreamcraft.lootbag.group.tier_1_lv","1","1","2","gregtech:gt.metatool.01",12,"Hammer","1","false","66","","0","{ench:[0:{lvl:2s,id:16s}],GT.ToolStats:{PrimaryMaterial:""Steel"",MaxDamage:51200L,SecondaryMaterial:""Wood""}}"
"4","dreamcraft.lootbag.group.tier_1_lv","1","1","2","gregtech:gt.metatool.01",16,"Wrench","1","false","44","","0","{GT.ToolStats:{PrimaryMaterial:""VanadiumSteel"",MaxDamage:192000L,SecondaryMaterial:""VanadiumSteel""}}"
"4","dreamcraft.lootbag.group.tier_1_lv","1","1","2","gregtech:gt.metatool.01",16,"Wrench","1","false","66","","0","{GT.ToolStats:{PrimaryMaterial:""Steel"",MaxDamage:51200L,SecondaryMaterial:""Steel""}}"
"4","dreamcraft.lootbag.group.tier_1_lv","1","1","2","gregtech:gt.metatool.01",18,"File","1","false","44","","0","{GT.ToolStats:{PrimaryMaterial:""VanadiumSteel"",MaxDamage:192000L,SecondaryMaterial:""Wood""}}"
"4","dreamcraft.lootbag.group.tier_1_lv","1","1","2","gregtech:gt.metatool.01",22,"Screwdriver","1","false","66","","0","{GT.ToolStats:{PrimaryMaterial:""Steel"",MaxDamage:51200L,SecondaryMaterial:""Wood""}}"
"4","dreamcraft.lootbag.group.tier_1_lv","1","1","2","minecraft:potion",8257,"Potion of Regeneration","2","false","55","","0",""
"4","dreamcraft.lootbag.group.tier_1_lv","1","1","2","minecraft:potion",8258,"Potion of Swiftness","2","false","55","","0",""
"4","dreamcraft.lootbag.group.tier_1_lv","1","1","2","minecraft:potion",8259,"Potion of Fire Resistance","2","false","55","","0",""
"4","dreamcraft.lootbag.group.tier_1_lv","1","1","2","minecraft:potion",8265,"Potion of Strength","2","false","55","","0",""
"5","dreamcraft.lootbag.group.tier_2_mv","1","1","2","EnderIO:itemMachinePart",0,"Machine Chassis","1","false","60","","0",""
"5","dreamcraft.lootbag.group.tier_2_mv","1","1","2","Forestry:ffarm",0,"Farm Block","16","false","20","","0","{FarmBlock:0}"
"5","dreamcraft.lootbag.group.tier_2_mv","1","1","2","TConstruct:materials",17,"Slime Crystal","1","false","40","","0",""
"5","dreamcraft.lootbag.group.tier_2_mv","1","1","2","Forestry:beealyzer",0,"Beealyzer","1","false","40","","1",""
"5","dreamcraft.lootbag.group.tier_2_mv","1","1","2","Forestry:diggerBag",0,"Digger's Backpack","1","false","35","","0",""
"5","dreamcraft.lootbag.group.tier_2_mv","1","1","2","Forestry:minerBag",0,"Miner's Backpack","1","false","35","","0",""
"5","dreamcraft.lootbag.group.tier_2_mv","1","1","2","OpenBlocks:elevator",0,"Elevator","1","false","55","","0",""
"5","dreamcraft.lootbag.group.tier_2_mv","1","1","2","ExtraUtilities:etherealglass",0,"Ethereal Glass","1","false","50","","0",""
"5","dreamcraft.lootbag.group.tier_2_mv","1","1","2","gregtech:gt.metaitem.01",32601,"Electric Motor (MV)","8","false","75","","0",""
"5","dreamcraft.lootbag.group.tier_2_mv","1","1","2","gregtech:gt.metaitem.01",11314,"Soldering Alloy Ingot","1","false","60","","0",""
"5","dreamcraft.lootbag.group.tier_2_mv","1","1","2","gregtech:gt.metaitem.01",32700,"Vacuum Tube","32","false","65","","0",""
"5","dreamcraft.lootbag.group.tier_2_mv","1","1","2","gregtech:gt.metaitem.01",32702,"Good Electronic Circuit","4","false","65","","0",""
"5","dreamcraft.lootbag.group.tier_2_mv","1","1","2","IC2:itemPartCircuit",0,"Electronic Circuit","8","false","55","","0",""
"5","dreamcraft.lootbag.group.tier_2_mv","1","1","2","gregtech:gt.metaitem.01",2006,"Lithium Dust","8","false","75","","0",""
"5","dreamcraft.lootbag.group.tier_2_mv","1","1","2","IC2:itemPartIndustrialDiamond",0,"Industrial Diamond","1","false","65","","0",""
"5","dreamcraft.lootbag.group.tier_2_mv","1","1","2","TConstruct:materials",6,"Ball of Moss","1","false","20","","4",""
"5","dreamcraft.lootbag.group.tier_2_mv","1","1","2","TConstruct:materials",26,"Silky Jewel","1","false","20","","4",""
"5","dreamcraft.lootbag.group.tier_2_mv","1","1","2","IC2:blockITNT",0,"Industrial TNT","16","false","65","","0",""
"5","dreamcraft.lootbag.group.tier_2_mv","1","1","2","TConstruct:creativeModifier",0,"Creative Tool Modifier","1","false","60","","2",""
"5","dreamcraft.lootbag.group.tier_2_mv","1","1","2","gregtech:gt.metaitem.01",32710,"Coated Circuit Board","4","false","65","","0",""
"5","dreamcraft.lootbag.group.tier_2_mv","1","1","2","IronChest:steelGoldUpgrade",0,"Steel to Gold Chest Upgrade","1","false","20","","0",""
"5","dreamcraft.lootbag.group.tier_2_mv","1","1","2","IronChest:BlockIronChest",1,"Gold Chest","1","false","10","","0",""
"5","dreamcraft.lootbag.group.tier_2_mv","1","1","2","IronChest:ironGoldUpgrade",0,"Iron to Gold Chest Upgrade","1","false","20","","0",""
"5","dreamcraft.lootbag.group.tier_2_mv","1","1","2","gregtech:gt.metaitem.01",11019,"Aluminium Ingot","16","true","55","","0",""
"5","dreamcraft.lootbag.group.tier_2_mv","1","1","2","gregtech:gt.metaitem.01",32501,"Medium Battery Hull","1","false","45","","0",""
"5","dreamcraft.lootbag.group.tier_2_mv","1","1","2","ExtraBees:hiveFrame.cocoa",0,"Chocolate Frame","4","false","65","","0",""
"5","dreamcraft.lootbag.group.tier_2_mv","1","1","2","ExtraBees:hiveFrame.soul",0,"Soul Frame","4","false","65","","0",""
"5","dreamcraft.lootbag.group.tier_2_mv","1","1","2","StevesCarts:CartModule",45,"Basic Solar Engine","1","false","55","","0",""
"5","dreamcraft.lootbag.group.tier_2_mv","1","1","2","StevesCarts:ModuleComponents",22,"Reinforced Metal","4","false","40","","0",""
"5","dreamcraft.lootbag.group.tier_2_mv","1","1","2","malisisdoors:door_factory",0,"Door Factory","1","false","65","","2",""
"5","dreamcraft.lootbag.group.tier_2_mv","1","1","2","malisisdoors:vanishing_block",1,"Iron Vanishing Frame","1","false","45","","0",""
"5","dreamcraft.lootbag.group.tier_2_mv","1","1","2","EnderIO:itemBasicCapacitor",0,"Basic Capacitor","16","false","20","","0",""
"5","dreamcraft.lootbag.group.tier_2_mv","1","1","2","EnderIO:blockCapBank",1,"Basic Capacitor Bank","1","false","65","","0","{type:""SIMPLE"",storedEnergyRF:1000000}"
"5","dreamcraft.lootbag.group.tier_2_mv","1","1","2","EnderIO:itemPowerConduit",0,"Energy Conduit","8","true","70","","0",""
"5","dreamcraft.lootbag.group.tier_2_mv","1","1","2","TConstruct:cutlass",0,"Cutlass","1","false","15","","2","{InfiTool:{BaseDurability:1655,BaseAttack:8,ToolEXP:0L,Effect2:8,ModifierTip3:""§4Lava"",Effect1:11,ModifierTip2:""§8Necrotic IV"",HarvestLevel:8,ModifierTip1:""§fQuartz (216/216)"",Effect3:6,RenderHead:10,ModDurability:0.0f,Shoddy:0.0f,RenderHandle:12,Accessory:31,MiningSpeed:1100,Unbreaking:2,Damage:0,BonusDurability:0,TotalDurability:1655,Necrotic:4,ModAttack:[216,216,1,],Head:10,Lava:1b,Tooltip1:""§fSharpness"",Tooltip2:""§8Life Steal IV"",Attack:18,Handle:12,Broken:0b,RenderAccessory:31,ToolLevel:1,Tooltip3:""§4Auto-Smelt"",AccessoryColor:9856200,Modifiers:2},display:{Name:""§fYaaaarghh!""}}"
"5","dreamcraft.lootbag.group.tier_2_mv","1","1","2","TConstruct:hammer",0,"Hammer","1","false","15","","2","{InfiTool:{RenderExtra:12,BaseDurability:18000,BaseAttack:6,ToolEXP:0L,Effect2:2,Effect1:1,ModifierTip2:""§4Redstone (200/200)"",HarvestLevel:7,ModifierTip1:""§2Emerald"",HarvestLevelExtra:9,RenderHead:10,ModDurability:0.5f,MiningSpeedExtra:3900,Shoddy:0.0f,RenderHandle:12,Accessory:12,MiningSpeed:4100,Emerald:1b,Unbreaking:2,Damage:0,HarvestLevel2:9,BonusDurability:0,TotalDurability:27000,MiningSpeed2:3900,Head:10,HeadEXP:0L,Tooltip1:""§2Durability +50%"",Tooltip2:""§4Haste"",Attack:6,Handle:12,Broken:0b,Redstone:[200,200,2,],Extra:12,RenderAccessory:12,ToolLevel:1,HarvestLevelModified:0b,Modifiers:2},display:{Name:""§fTunneler""}}"
"5","dreamcraft.lootbag.group.tier_2_mv","1","1","2","TConstruct:Crossbow",0,"Tool / Weapon","1","false","15","","2","{InfiTool:{RenderExtra:31,BaseDurability:2250,BaseAttack:1,DrawSpeed:28,ToolEXP:0L,Moss:3,Effect2:4,ModifierTip3:""§7Knockback (20/20)"",Effect1:2,ModifierTip2:""§2Moss"",HarvestLevel:0,ModifierTip1:""§4Redstone (100/100)"",ExtraColor:9856200,Effect3:3,RenderHead:17,ModDurability:0.0f,Shoddy:0.0f,RenderHandle:12,Accessory:2,MiningSpeed:150,Piston:[20,20,3,],Unbreaking:1,Damage:0,BonusDurability:0,TotalDurability:2250,BaseDrawSpeed:42,Head:17,Tooltip1:""§4Haste"",Tooltip2:""§2Auto-Repair"",Attack:1,Handle:12,Broken:0b,Redstone:[100,100,1,],Extra:31,RenderAccessory:2,FlightSpeed:7.2000003f,ToolLevel:1,Tooltip3:""§7Knockback"",Knockback:2.0000002f,Modifiers:1},display:{Name:""§fHeartseeker""}}"
"5","dreamcraft.lootbag.group.tier_2_mv","1","1","2","TConstruct:BoltAmmo",0,"Tool / Weapon","1","false","15","","2","{InfiTool:{BreakChance:0.02f,BaseDurability:1890,BaseAttack:5,ToolEXP:0L,Moss:3,Effect2:1,ModifierTip3:""§fQuartz (144/144)"",Effect1:0,ModifierTip2:""§2Emerald"",HarvestLevel:9,ModifierTip1:""§bDiamond"",Effect4:4,Effect3:11,RenderHead:12,ModDurability:0.5f,Shoddy:0.0f,RenderHandle:17,Accuracy:99.0f,Accessory:4,MiningSpeed:900,Emerald:1b,ModifierTip4:""§2Moss"",Unbreaking:0,Damage:0,BonusDurability:500,TotalDurability:3585,ModAttack:[144,144,3,],Head:12,Tooltip1:""§bDurability +500"",Tooltip2:""§2Durability +50%"",Diamond:1b,Attack:12,Handle:17,Broken:0b,Mass:2.58f,Ammo:359,RenderAccessory:4,ToolLevel:1,Tooltip3:""§fSharpness"",Tooltip4:""§2Auto-Repair"",RepairCount:3,Modifiers:1},display:{Name:""§fPierce""}}"
"5","dreamcraft.lootbag.group.tier_2_mv","1","1","2","Forestry:apiculture",0,"Apiary","1","false","50","","0",""
"5","dreamcraft.lootbag.group.tier_2_mv","1","1","2","Forestry:apiculture",2,"Bee House","1","false","50","","0",""
"5","dreamcraft.lootbag.group.tier_2_mv","1","1","2","gregtech:gt.metaitem.01",32764,"BrainTech Aerospace Advanced Reinforced Duct Tape FAL-84","1","false","60","","0",""
"5","dreamcraft.lootbag.group.tier_2_mv","1","1","2","minecraft:brewing_stand",0,"Brewing Stand","1","false","25","","0",""
"5","dreamcraft.lootbag.group.tier_2_mv","1","1","2","gregtech:gt.blockmachines",1366,"1x Copper Cable","16","false","45","","0",""
"5","dreamcraft.lootbag.group.tier_2_mv","1","1","2","gregtech:gt.metaitem.01",32611,"Electric Pump (MV)","4","false","45","","0",""
"5","dreamcraft.lootbag.group.tier_2_mv","1","1","2","gregtech:gt.metaitem.01",32715,"Diode","8","false","65","","0",""
"5","dreamcraft.lootbag.group.tier_2_mv","1","1","2","gregtech:gt.metaitem.03",32101,"Good Circuit Board","4","false","55","","0",""
"5","dreamcraft.lootbag.group.tier_2_mv","1","1","2","gregtech:gt.metaitem.01",17874,"Polyethylene (PE) Sheet","8","false","75","","0",""
"5","dreamcraft.lootbag.group.tier_2_mv","1","1","2","gregtech:gt.metaitem.03",32079,"Good Integrated Circuit","1","false","45","","0",""
"5","dreamcraft.lootbag.group.tier_2_mv","1","1","2","gregtech:gt.blockmachines",362,"Advanced Centrifuge","1","false","10","","0",""
"5","dreamcraft.lootbag.group.tier_2_mv","1","1","2","gregtech:gt.blockmachines",302,"Advanced Macerator","1","false","10","","0",""
"5","dreamcraft.lootbag.group.tier_2_mv","1","1","2","gregtech:gt.metaitem.01",11371,"Vanadiumsteel Ingot","8","false","45","","0",""
"5","dreamcraft.lootbag.group.tier_2_mv","1","1","2","gregtech:gt.metaitem.01",11335,"Damascus Steel Ingot","8","false","45","","0",""
"5","dreamcraft.lootbag.group.tier_2_mv","1","1","2","gregtech:gt.metaitem.01",11031,"Manganese Ingot","8","false","45","","0",""
"5","dreamcraft.lootbag.group.tier_2_mv","1","1","2","gregtech:gt.metaitem.01",11030,"Chrome Ingot","8","false","35","","0",""
"5","dreamcraft.lootbag.group.tier_2_mv","1","1","2","gregtech:gt.blockmachines",130,"Super Tank I","1","false","5","","0",""
"5","dreamcraft.lootbag.group.tier_2_mv","1","1","2","Forestry:ffarm",0,"Farm Block","8","false","45","","0","{FarmBlock:0}"
"5","dreamcraft.lootbag.group.tier_2_mv","1","1","2","Forestry:ffarm",2,"Farm Gearbox","4","false","40","","0","{FarmBlock:0}"
"5","dreamcraft.lootbag.group.tier_2_mv","1","1","2","Forestry:ffarm",3,"Farm Hatch","4","false","40","","0","{FarmBlock:0}"
"5","dreamcraft.lootbag.group.tier_2_mv","1","1","2","Forestry:ffarm",4,"Farm Valve","4","false","40","","0","{FarmBlock:0}"
"5","dreamcraft.lootbag.group.tier_2_mv","1","1","2","Forestry:ffarm",5,"Farm Control","4","false","40","","0","{FarmBlock:0}"
"5","dreamcraft.lootbag.group.tier_2_mv","1","1","2","cropsnh:materialLeaf",9,"Nickelback","16","false","35","","0",""
"5","dreamcraft.lootbag.group.tier_2_mv","1","1","2","cropsnh:materialLeaf",25,"Plumbilia Leaf","16","false","35","","0",""
"5","dreamcraft.lootbag.group.tier_2_mv","1","1","2","cropsnh:materialLeaf",26,"Argentia Leaf","16","false","35","","0",""
"5","dreamcraft.lootbag.group.tier_2_mv","1","1","2","gregtech:gt.metaitem.01",11874,"Polyethylene (PE) Bar","32","false","45","","0",""
"5","dreamcraft.lootbag.group.tier_2_mv","1","1","2","gregtech:gt.metaitem.01",32700,"Vacuum Tube","8","false","40","","0",""
"5","dreamcraft.lootbag.group.tier_2_mv","1","1","2","gregtech:gt.metaitem.01",32715,"Diode","4","false","25","","0",""
"5","dreamcraft.lootbag.group.tier_2_mv","1","1","2","gregtech:gt.metaitem.01",32716,"Resistor","4","false","35","","0",""
"5","dreamcraft.lootbag.group.tier_2_mv","1","1","2","gregtech:gt.metaitem.03",32100,"Circuit Board","4","false","55","","0",""
"5","dreamcraft.lootbag.group.tier_2_mv","1","1","2","minecraft:potion",8197,"Potion of Healing","2","false","55","","0",""
"5","dreamcraft.lootbag.group.tier_2_mv","1","1","2","minecraft:potion",8233,"Potion of Strength","2","false","55","","0",""
"5","dreamcraft.lootbag.group.tier_2_mv","1","1","2","minecraft:potion",8225,"Potion of Regeneration","2","false","55","","0",""
"5","dreamcraft.lootbag.group.tier_2_mv","1","1","2","minecraft:potion",8270,"Potion of Invisibility","2","false","55","","0",""
"5","dreamcraft.lootbag.group.tier_2_mv","1","1","2","gregtech:gt.blockmachines",28001,"Basic Crop Manager","1","false","15","","0",""
"6","dreamcraft.lootbag.group.tier_3_hv","2","1","2","IC2:blockMachine2",1,"Tesla Coil","1","false","30","","0",""
"6","dreamcraft.lootbag.group.tier_3_hv","2","1","2","ExtraUtilities:nodeUpgrade",2,"World Interaction Upgrade","1","false","45","","0",""
"6","dreamcraft.lootbag.group.tier_3_hv","2","1","2","ExtraUtilities:extractor_base",0,"Transfer Node (Items)","4","false","50","","0",""
"6","dreamcraft.lootbag.group.tier_3_hv","2","1","2","ExtraUtilities:extractor_base",6,"Transfer Node (Liquids)","4","false","50","","0",""
"6","dreamcraft.lootbag.group.tier_3_hv","2","1","2","ExtraUtilities:spike_base",0,"Iron Spike","4","false","65","","0",""
"6","dreamcraft.lootbag.group.tier_3_hv","2","1","2","EnderIO:itemMagnet",0,"Electromagnet","1","false","45","","2","{Energy:100000}"
"6","dreamcraft.lootbag.group.tier_3_hv","2","1","2","GalacticraftCore:item.oxygenGear",0,"Oxygen Gear","1","false","65","","0",""
"6","dreamcraft.lootbag.group.tier_3_hv","2","1","2","gregtech:gt.metaitem.01",11314,"Soldering Alloy Ingot","16","true","65","","0",""
"6","dreamcraft.lootbag.group.tier_3_hv","2","1","2","gregtech:gt.metaitem.01",32711,"Epoxy Circuit Board","4","true","65","","0",""
"6","dreamcraft.lootbag.group.tier_3_hv","2","1","2","gregtech:gt.metaitem.01",32715,"Diode","4","true","65","","0",""
"6","dreamcraft.lootbag.group.tier_3_hv","2","1","2","IC2:itemPartCircuitAdv",0,"Advanced Circuit","4","false","65","","0",""
"6","dreamcraft.lootbag.group.tier_3_hv","2","1","2","IC2:itemPartCarbonPlate",0,"Carbon Plate","8","false","75","","0",""
"6","dreamcraft.lootbag.group.tier_3_hv","2","1","2","IC2:itemDust2",2,"Energium Dust","9","false","65","","0",""
"6","dreamcraft.lootbag.group.tier_3_hv","2","1","2","dreamcraft:CarbonPartBoots",0,"Carbon Parts ""Boots""","1","false","10","carbonarmor","0",""
"6","dreamcraft.lootbag.group.tier_3_hv","2","1","2","dreamcraft:CarbonPartChestplate",0,"Carbon Parts ""Chestplate""","1","false","10","carbonarmor","0",""
"6","dreamcraft.lootbag.group.tier_3_hv","2","1","2","dreamcraft:CarbonPartHelmet",0,"Carbon Parts ""Helmet""","1","false","10","carbonarmor","0",""
"6","dreamcraft.lootbag.group.tier_3_hv","2","1","2","dreamcraft:CarbonPartLeggings",0,"Carbon Parts ""Leggings""","1","false","10","carbonarmor","0",""
"6","dreamcraft.lootbag.group.tier_3_hv","2","1","2","TConstruct:creativeModifier",0,"Creative Tool Modifier","1","false","15","","6",""
"6","dreamcraft.lootbag.group.tier_3_hv","2","1","2","minecraft:enchanting_table",0,"Enchantment Table","1","false","5","","1",""
"6","dreamcraft.lootbag.group.tier_3_hv","2","1","2","EnderIO:itemBasicFilterUpgrade",0,"Basic Item Filter","2","false","35","itemconduit","0",""
"6","dreamcraft.lootbag.group.tier_3_hv","2","1","2","EnderIO:itemItemConduit",0,"Item Conduit","8","false","35","itemconduit","0",""
"6","dreamcraft.lootbag.group.tier_3_hv","2","1","2","IC2:itemArmorJetpackElectric",1,"Electric Jetpack","1","false","35","","0","{charge:30000.0d}"
"6","dreamcraft.lootbag.group.tier_3_hv","2","1","2","IC2NuclearControl:blockNuclearControlMain",4,"Industrial Information Panel","1","false","65","","0",""
"6","dreamcraft.lootbag.group.tier_3_hv","2","1","2","GalacticraftCore:item.airVent",0,"Oxygen Vent","1","false","35","","0",""
"6","dreamcraft.lootbag.group.tier_3_hv","2","1","2","GalacticraftCore:item.oxygenMask",0,"Oxygen Mask","1","false","35","","0",""
"6","dreamcraft.lootbag.group.tier_3_hv","2","1","2","GalacticraftCore:item.oxygenTankLightFull",0,"Light Oxygen Tank","1","false","35","","0",""
"6","dreamcraft.lootbag.group.tier_3_hv","2","1","2","GalacticraftCore:tile.oxygenPipe",0,"Oxygen Pipe","8","false","35","","0",""
"6","dreamcraft.lootbag.group.tier_3_hv","2","1","2","minecraft:enchanted_book",0,"Enchanted Book","1","false","45","","4","{StoredEnchantments:[0:{lvl:2s,id:78s}]}"
"6","dreamcraft.lootbag.group.tier_3_hv","2","1","2","gregtech:gt.metaitem.01",32602,"Electric Motor (HV)","8","false","65","","0",""
"6","dreamcraft.lootbag.group.tier_3_hv","2","1","2","IC2:itemBatCrystal",1,"Energy Crystal","1","false","45","","0","{charge:1000000.0d}"
"6","dreamcraft.lootbag.group.tier_3_hv","2","1","2","IronChest:goldDiamondUpgrade",0,"Gold to Diamond Chest Upgrade","1","false","20","","0",""
"6","dreamcraft.lootbag.group.tier_3_hv","2","1","2","IronChest:BlockIronChest",2,"Diamond Chest","1","false","10","","0",""
"6","dreamcraft.lootbag.group.tier_3_hv","2","1","2","gregtech:gt.metaitem.01",11306,"Stainless Steel Ingot","16","true","75","","0",""
"6","dreamcraft.lootbag.group.tier_3_hv","2","1","2","gregtech:gt.metaitem.01",32502,"Large Battery Hull","1","false","45","","0",""
"6","dreamcraft.lootbag.group.tier_3_hv","2","1","2","GalacticraftCore:item.heavyPlating",0,"Heavy Duty Plate","8","true","25","","0",""
"6","dreamcraft.lootbag.group.tier_3_hv","2","1","2","gregtech:gt.metaitem.01",32612,"Electric Pump (HV)","4","false","45","","0",""
"6","dreamcraft.lootbag.group.tier_3_hv","2","1","2","IC2:itemNightvisionGoggles",1,"Nightvision Goggles","1","false","15","","0","{charge:200000.0d}"
"6","dreamcraft.lootbag.group.tier_3_hv","2","1","2","gregtech:gt.blockmachines",1486,"1x Blue Alloy Cable","32","false","45","","0",""
"6","dreamcraft.lootbag.group.tier_3_hv","2","1","2","gregtech:gt.metaitem.01",32722,"Diamond Grinding Head","1","false","35","","0",""
"6","dreamcraft.lootbag.group.tier_3_hv","2","1","2","minecraft:bookshelf",0,"Bookshelf","16","false","65","","0",""
"6","dreamcraft.lootbag.group.tier_3_hv","2","1","2","gregtech:gt.blockmachines",5141,"Small Stainless Steel Fluid Pipe","32","false","45","","0",""
"6","dreamcraft.lootbag.group.tier_3_hv","2","1","2","IC2:itemArmorJetpack",1,"Jetpack","1","false","5","","1","{Fluid:{FluidName:""ic2biogas"",Amount:30000}}"
"6","dreamcraft.lootbag.group.tier_3_hv","2","1","2","gregtech:gt.metaitem.03",32036,"Integrated Logic Circuit (Wafer)","2","false","45","","0",""
"6","dreamcraft.lootbag.group.tier_3_hv","2","1","2","gregtech:gt.metaitem.03",32037,"Integrated Logic Circuit","2","false","45","","0",""
"6","dreamcraft.lootbag.group.tier_3_hv","2","1","2","gregtech:gt.metaitem.03",32038,"Random Access Memory Chip (Wafer)","2","false","45","","0",""
"6","dreamcraft.lootbag.group.tier_3_hv","2","1","2","gregtech:gt.metaitem.03",32039,"Random Access Memory Chip","2","false","45","","0",""
"6","dreamcraft.lootbag.group.tier_3_hv","2","1","2","gregtech:gt.metaitem.03",32079,"Good Integrated Circuit","2","false","35","","0",""
"6","dreamcraft.lootbag.group.tier_3_hv","2","1","2","gregtech:gt.metaitem.01",32717,"Transistor","8","false","65","","0",""
"6","dreamcraft.lootbag.group.tier_3_hv","2","1","2","gregtech:gt.metaitem.03",32018,"SMD Transistor","8","false","65","","0",""
"6","dreamcraft.lootbag.group.tier_3_hv","2","1","2","gregtech:gt.metaitem.01",11020,"Raw Silicon Ingot","16","true","55","","0",""
"6","dreamcraft.lootbag.group.tier_3_hv","2","1","2","gregtech:gt.metaitem.01",11349,"Blue Steel Ingot","16","true","55","","0",""
"6","dreamcraft.lootbag.group.tier_3_hv","2","1","2","cropsnh:materialLeaf",0,"Bauxia Leaf","16","false","100","","0",""
"6","dreamcraft.lootbag.group.tier_3_hv","2","1","2","cropsnh:materialLeaf",28,"Auronia Leaf","16","false","100","","0",""
"6","dreamcraft.lootbag.group.tier_3_hv","2","1","2","IC2:blockITNT",0,"Industrial TNT","32","false","55","","0",""
"6","dreamcraft.lootbag.group.tier_3_hv","2","1","2","gregtech:gt.metaitem.01",30653,"Nitric Acid Cell","16","false","45","","0",""
"6","dreamcraft.lootbag.group.tier_3_hv","2","1","2","gregtech:gt.metaitem.01",11473,"Polytetrafluoroethylene (PTFE) Bar","32","false","35","","0",""
"6","dreamcraft.lootbag.group.tier_3_hv","2","1","2","gregtech:gt.metaitem.01",32462,"Heavy Duty Alloy Ingot T1","2","false","10","","0",""
"6","dreamcraft.lootbag.group.tier_3_hv","2","1","2","GalacticraftCore:item.basicItem",10,"Compressed Bronze","2","false","45","","0",""
"6","dreamcraft.lootbag.group.tier_3_hv","2","1","2","GalacticraftCore:item.basicItem",9,"Compressed Steel","2","false","45","","0",""
"6","dreamcraft.lootbag.group.tier_3_hv","2","1","2","GalacticraftCore:item.basicItem",8,"Compressed Aluminum","2","false","45","","0",""
"6","dreamcraft.lootbag.group.tier_3_hv","2","1","2","GalacticraftCore:item.basicItem",7,"Compressed Tin","2","false","45","","0",""
"6","dreamcraft.lootbag.group.tier_3_hv","2","1","2","GalacticraftCore:item.basicItem",6,"Compressed Copper","2","false","45","","0",""
"6","dreamcraft.lootbag.group.tier_3_hv","2","1","2","GalacticraftCore:item.basicItem",11,"Compressed Iron","2","false","45","","0",""
"6","dreamcraft.lootbag.group.tier_3_hv","2","1","2","GalacticraftCore:item.basicItem",10,"Compressed Bronze","2","false","45","","0",""
"6","dreamcraft.lootbag.group.tier_3_hv","2","1","2","GalacticraftCore:item.basicItem",13,"Basic Wafer","2","false","45","","0",""
"6","dreamcraft.lootbag.group.tier_3_hv","2","1","2","GalacticraftCore:item.basicItem",14,"Advanced Wafer","2","false","45","","0",""
"6","dreamcraft.lootbag.group.tier_3_hv","2","1","2","dreamcraft:ReinforcedGlassPlate",0,"Reinforced Glass Plate","2","false","55","","0",""
"6","dreamcraft.lootbag.group.tier_3_hv","2","1","2","dreamcraft:ReinforcedGlassLense",0,"Reinforced Glass Lens","2","false","55","","0",""
"6","dreamcraft.lootbag.group.tier_3_hv","2","1","2","ProjRed|Illumination:projectred.illumination.cagelamp2.inv",14,"Inverted Red Cage Lamp","1","false","35","","0",""
"6","dreamcraft.lootbag.group.tier_3_hv","2","1","2","GalacticraftCore:item.oilCanisterPartial",1001,"Empty Canister","8","false","45","","0",""
"6","dreamcraft.lootbag.group.tier_3_hv","2","1","2","GalacticraftCore:tile.landingPad",0,"Rocket Launch Pad","3","false","25","","0",""
"6","dreamcraft.lootbag.group.tier_3_hv","2","1","2","GalacticraftCore:tile.oxygenPipe",0,"Oxygen Pipe","16","false","45","","0",""
"6","dreamcraft.lootbag.group.tier_3_hv","2","1","2","GalacticraftCore:item.airFan",0,"Oxygen Fan","1","false","35","","0",""
"6","dreamcraft.lootbag.group.tier_3_hv","2","1","2","GalacticraftCore:item.steelPole",0,"Steel Pole","4","false","45","","0",""
"6","dreamcraft.lootbag.group.tier_3_hv","2","1","2","GalacticraftCore:tile.glowstoneTorch",0,"Glowstone Torch","16","false","45","","0",""
"6","dreamcraft.lootbag.group.tier_3_hv","2","1","2","gregtech:gt.metaitem.03",32011,"SMD Resistor","8","false","65","","0",""
"6","dreamcraft.lootbag.group.tier_3_hv","2","1","2","gregtech:gt.metaitem.03",32016,"SMD Diode","8","false","65","","0",""
"6","dreamcraft.lootbag.group.tier_3_hv","2","1","2","gregtech:gt.metaitem.03",32020,"SMD Capacitor","8","false","65","","0",""
"6","dreamcraft.lootbag.group.tier_3_hv","2","1","2","gregtech:gt.metaitem.03",32101,"Good Circuit Board","4","false","65","","0",""
"6","dreamcraft.lootbag.group.tier_3_hv","2","1","2","gregtech:gt.metaitem.03",32102,"Advanced Circuit Board","4","false","45","","0",""
"6","dreamcraft.lootbag.group.tier_3_hv","2","1","2","gregtech:gt.metaitem.01",32718,"Capacitor","8","false","45","","0",""
"6","dreamcraft.lootbag.group.tier_3_hv","2","1","2","gregtech:gt.metaitem.01",32717,"Transistor","8","false","45","","0",""
"6","dreamcraft.lootbag.group.tier_3_hv","2","1","2","gregtech:gt.blockmachines",28001,"Basic Crop Manager","1","false","25","","0",""
"7","dreamcraft.lootbag.group.tier_4_ev","2","1","2","TConstruct:heartCanister",2,"Red Heart Canister","1","false","2","","10",""
"7","dreamcraft.lootbag.group.tier_4_ev","2","1","2","TConstruct:heartCanister",4,"Yellow Heart Canister","1","false","2","","10",""
"7","dreamcraft.lootbag.group.tier_4_ev","2","1","2","TConstruct:heartCanister",6,"Green Heart Canister","1","false","1","","10",""
"7","dreamcraft.lootbag.group.tier_4_ev","2","1","2","dreamcraft:RawLapotronCrystal",0,"Raw Lapotron Crystal","1","false","200","","0",""
"7","dreamcraft.lootbag.group.tier_4_ev","2","1","2","dreamcraft:QuantumPartChestplate",0,"Quantum Parts ""Chestplate""","1","false","15","","1",""
"7","dreamcraft.lootbag.group.tier_4_ev","2","1","2","dreamcraft:QuantumPartHelmetEmpty",0,"Quantum Parts ""Helmet Empty""","1","false","15","","1",""
"7","dreamcraft.lootbag.group.tier_4_ev","2","1","2","dreamcraft:QuantumPartLeggings",0,"Quantum Parts ""Leggings""","1","false","15","","1",""
"7","dreamcraft.lootbag.group.tier_4_ev","2","1","2","dreamcraft:QuantumPartBoots",0,"Quantum Parts ""Boots""","1","false","15","","1",""
"7","dreamcraft.lootbag.group.tier_4_ev","2","1","2","IronChest:BlockIronChest",6,"Obsidian Chest","1","false","40","","0",""
"7","dreamcraft.lootbag.group.tier_4_ev","2","1","2","IronChest:BlockIronChest",5,"Crystal Chest","1","false","40","","0",""
"7","dreamcraft.lootbag.group.tier_4_ev","2","1","2","EnderIO:itemTravelStaff",16,"Staff of Traveling","1","false","50","","0","{Energy:0}"
"7","dreamcraft.lootbag.group.tier_4_ev","2","1","2","gregtech:gt.metaitem.01",32540,"Small Sunnarium Battery","4","true","60","","0",""
"7","dreamcraft.lootbag.group.tier_4_ev","2","1","2","gregtech:gt.metaitem.01",32603,"Electric Motor (EV)","4","false","100","","0",""
"7","dreamcraft.lootbag.group.tier_4_ev","2","1","2","gregtech:gt.metaitem.01",32643,"Electric Piston (EV)","4","false","100","","0",""
"7","dreamcraft.lootbag.group.tier_4_ev","2","1","2","gregtech:gt.metaitem.01",32613,"Electric Pump (EV)","4","false","60","","0",""
"7","dreamcraft.lootbag.group.tier_4_ev","2","1","2","gregtech:gt.metaitem.01",32633,"Conveyor Module (EV)","4","false","60","","0",""
"7","dreamcraft.lootbag.group.tier_4_ev","2","1","2","gregtech:gt.metaitem.01",32653,"Robot Arm (EV)","2","false","40","","0",""
"7","dreamcraft.lootbag.group.tier_4_ev","2","1","2","ExtraUtilities:drum",0,"Drum","4","true","100","","0",""
"7","dreamcraft.lootbag.group.tier_4_ev","2","1","2","ThaumicTinkerer:cleansingTalisman",0,"Talisman of Remedium","1","false","60","","0","{}"
"7","dreamcraft.lootbag.group.tier_4_ev","2","1","2","gregtech:gt.blockmachines",5151,"Small Titanium Fluid Pipe","24","false","40","","0",""
"7","dreamcraft.lootbag.group.tier_4_ev","2","1","2","gregtech:gt.blockmachines",5152,"Titanium Fluid Pipe","8","false","40","","0",""
"7","dreamcraft.lootbag.group.tier_4_ev","2","1","2","gregtech:gt.blockmachines",5153,"Large Titanium Fluid Pipe","4","false","40","","0",""
"7","dreamcraft.lootbag.group.tier_4_ev","2","1","2","gregtech:gt.blockmachines",5154,"Huge Titanium Fluid Pipe","2","false","40","","0",""
"7","dreamcraft.lootbag.group.tier_4_ev","2","1","2","gregtech:gt.blockmachines",1506,"1x Nichrome Cable","32","false","40","","0",""
"7","dreamcraft.lootbag.group.tier_4_ev","2","1","2","gregtech:gt.blockmachines",1507,"2x Nichrome Cable","16","false","40","","0",""
"7","dreamcraft.lootbag.group.tier_4_ev","2","1","2","gregtech:gt.blockmachines",1508,"4x Nichrome Cable","8","false","40","","0",""
"7","dreamcraft.lootbag.group.tier_4_ev","2","1","2","gregtech:gt.blockmachines",1509,"8x Nichrome Cable","4","false","40","","0",""
"7","dreamcraft.lootbag.group.tier_4_ev","2","1","2","gregtech:gt.blockmachines",1511,"16x Nichrome Cable","2","false","40","","0",""
"7","dreamcraft.lootbag.group.tier_4_ev","2","1","2","gregtech:gt.metaitem.01",32409,"Large Titanium Fluid Cell","4","false","40","","0",""
"7","dreamcraft.lootbag.group.tier_4_ev","2","1","2","gregtech:gt.metaitem.03",32007,"Plastic Circuit Board","32","false","40","","0",""
"7","dreamcraft.lootbag.group.tier_4_ev","2","1","2","gregtech:gt.metaitem.03",32106,"Plastic Circuit Board","16","false","40","","0",""
"7","dreamcraft.lootbag.group.tier_4_ev","2","1","2","gregtech:gt.metaitem.03",32080,"Integrated Processor","16","false","40","","0",""
"7","dreamcraft.lootbag.group.tier_4_ev","2","1","2","gregtech:gt.metaitem.01",32703,"Processor Assembly","8","false","40","","0",""
"7","dreamcraft.lootbag.group.tier_4_ev","2","1","2","gregtech:gt.metaitem.01",32704,"Workstation","4","false","40","","0",""
"7","dreamcraft.lootbag.group.tier_4_ev","2","1","2","gregtech:gt.metaitem.01",32705,"Mainframe","2","false","40","","0",""
"7","dreamcraft.lootbag.group.tier_4_ev","2","1","2","gregtech:gt.detrav.metatool.01",8,"Prospector's Scanner (EV)","1","false","15","","0","{GT.ToolStats:{PrimaryMaterial:""HSSE"",MaxDamage:61300L,SecondaryMaterial:""Steel""}}"
"7","dreamcraft.lootbag.group.tier_4_ev","2","1","2","gregtech:gt.metaitem.01",32462,"Heavy Duty Alloy Ingot T1","8","false","40","","0",""
"7","dreamcraft.lootbag.group.tier_4_ev","2","1","2","gregtech:gt.metaitem.01",32463,"Heavy Duty Alloy Ingot T2","8","false","40","","0",""
"7","dreamcraft.lootbag.group.tier_4_ev","2","1","2","GalacticraftCore:item.basicItem",6,"Compressed Copper","8","false","40","","0",""
"7","dreamcraft.lootbag.group.tier_4_ev","2","1","2","GalacticraftCore:item.basicItem",7,"Compressed Tin","8","false","40","","0",""
"7","dreamcraft.lootbag.group.tier_4_ev","2","1","2","GalacticraftCore:item.basicItem",8,"Compressed Aluminum","8","false","40","","0",""
"7","dreamcraft.lootbag.group.tier_4_ev","2","1","2","GalacticraftCore:item.basicItem",9,"Compressed Steel","8","false","40","","0",""
"7","dreamcraft.lootbag.group.tier_4_ev","2","1","2","GalacticraftCore:item.basicItem",10,"Compressed Bronze","8","false","40","","0",""
"7","dreamcraft.lootbag.group.tier_4_ev","2","1","2","GalacticraftCore:item.basicItem",11,"Compressed Iron","8","false","40","","0",""
"7","dreamcraft.lootbag.group.tier_4_ev","2","1","2","gregtech:gt.blockglass1",10,"Reinforced Glass","16","false","40","","0",""
"7","dreamcraft.lootbag.group.tier_4_ev","2","1","2","gregtech:gt.metaitem.01",32729,"Item Filter","30","true","40","","0",""
"7","dreamcraft.lootbag.group.tier_4_ev","2","1","2","IC2:itemFuelRod",0,"Fuel Rod (Empty)","64","false","100","","0",""
"7","dreamcraft.lootbag.group.tier_4_ev","2","1","2","ExtraUtilities:decorativeBlock1",1,"Ender-infused Obsidian","4","false","60","","0",""
"7","dreamcraft.lootbag.group.tier_4_ev","2","1","2","gregtech:gt.metaitem.01",32732,"Fluid Detector Cover","4","false","50","","0",""
"7","dreamcraft.lootbag.group.tier_4_ev","2","1","2","gregtech:gt.metaitem.01",32733,"Item Detector Cover","2","false","30","","0",""
"7","dreamcraft.lootbag.group.tier_4_ev","2","1","2","gregtech:gt.metaitem.01",32734,"Energy Detector Cover","1","false","20","","0",""
"7","dreamcraft.lootbag.group.tier_4_ev","2","1","2","EnderIO:itemItemConduit",0,"Item Conduit","8","false","100","","0",""
"7","dreamcraft.lootbag.group.tier_4_ev","2","1","2","EnderIO:itemLiquidConduit",2,"Ender Fluid Conduit","8","false","100","","0",""
"7","dreamcraft.lootbag.group.tier_4_ev","2","1","2","EnderIO:itemMagnet",0,"Electromagnet","1","false","60","","0","{Energy:100000}"
"7","dreamcraft.lootbag.group.tier_4_ev","2","1","2","EnderIO:itemExtractSpeedUpgrade",0,"Item Conduit Speed Upgrade","4","false","80","","0",""
"7","dreamcraft.lootbag.group.tier_4_ev","2","1","2","gregtech:gt.blockmachines",15239,"HV 4A Dynamo Hatch","1","false","30","","0",""
"7","dreamcraft.lootbag.group.tier_4_ev","2","1","2","gregtech:gt.blockmachines",43,"HV Energy Hatch","2","false","30","","0",""
"7","dreamcraft.lootbag.group.tier_4_ev","2","1","2","GalacticraftMars:item.canisterPartialLOX",1,"Filled Canister of Liquid Oxygen","1","false","75","","0",""
"7","dreamcraft.lootbag.group.tier_4_ev","2","1","2","gregtech:gt.metaitem.01",30493,"Liquid Oxygen Cell","8","false","40","","0",""
"7","dreamcraft.lootbag.group.tier_4_ev","2","1","2","IronChest:diamondCrystalUpgrade",0,"Diamond to Crystal Chest Upgrade","1","false","40","","0",""
"7","dreamcraft.lootbag.group.tier_4_ev","2","1","2","IronChest:diamondObsidianUpgrade",0,"Diamond to Obsidian Chest Upgrade","1","false","40","","0",""
"7","dreamcraft.lootbag.group.tier_4_ev","2","1","2","gregtech:gt.metaitem.01",11635,"Styrene-Butadiene Rubber (SBR) Bar","32","false","25","","0",""
"7","dreamcraft.lootbag.group.tier_4_ev","2","1","2","gregtech:gt.metaitem.01",11471,"Silicone Rubber Bar","64","false","25","","0",""
"7","dreamcraft.lootbag.group.tier_4_ev","2","1","2","gregtech:gt.metaitem.01",11874,"Polyethylene (PE) Bar","128","false","25","","0",""
"7","dreamcraft.lootbag.group.tier_4_ev","2","1","2","gregtech:gt.blockores2",817,"Salt Ore","64","true","25","","0",""
"7","dreamcraft.lootbag.group.tier_4_ev","2","1","2","gregtech:gt.blockores2",1839,"Sphalerite Ore","64","true","25","","0",""
"7","dreamcraft.lootbag.group.tier_4_ev","2","1","2","gregtech:gt.blockores2",907,"Lepidolite Ore","48","true","25","","0",""
"7","dreamcraft.lootbag.group.tier_4_ev","2","1","2","gregtech:gt.blockores2",901,"Mica Ore","32","true","25","","0",""
"8","dreamcraft.lootbag.group.tier_5_iv","2","1","2","TConstruct:heartCanister",2,"Red Heart Canister","1","false","2","","10",""
"8","dreamcraft.lootbag.group.tier_5_iv","2","1","2","TConstruct:heartCanister",4,"Yellow Heart Canister","1","false","2","","10",""
"8","dreamcraft.lootbag.group.tier_5_iv","2","1","2","TConstruct:heartCanister",6,"Green Heart Canister","1","false","1","","10",""
"8","dreamcraft.lootbag.group.tier_5_iv","2","1","2","gregtech:gt.metaitem.01",32714,"Engraved Lapotron Chip","3","false","100","","0",""
"8","dreamcraft.lootbag.group.tier_5_iv","2","1","2","gregtech:gt.blockores2",324,"Naquadah Ore","32","true","80","","0",""
"8","dreamcraft.lootbag.group.tier_5_iv","2","1","2","EnderIO:blockTransceiver",0,"Dimensional Transceiver","2","false","50","","0",""
"8","dreamcraft.lootbag.group.tier_5_iv","2","1","2","EnderStorage:enderChest",0,"Ender Chest","2","false","50","","0",""
"8","dreamcraft.lootbag.group.tier_5_iv","2","1","2","EnderStorage:enderChest",4096,"Ender Tank","2","false","50","","0",""
"8","dreamcraft.lootbag.group.tier_5_iv","2","1","2","EnderStorage:enderPouch",0,"Ender Pouch","1","false","50","","0",""
"8","dreamcraft.lootbag.group.tier_5_iv","2","1","2","EnderIO:item.darkSteel_sword",0,"The Ender","1","false","10","","1","{enderio.darksteel.upgrade.travel:{upgradeItem:{id:6461s,Count:1b,Damage:8s},level_cost:30,unlocalized_name:""enderio.darksteel.upgrade.travel""},enderio.darksteel.upgrade.energyUpgrade:{upgradeItem:{id:6459s,Count:1b,Damage:2s},maxOuput:10000,level_cost:20,unlocalized_name:""enderio.darksteel.upgrade.empowered_four"",maxInput:10000,capacity:1000000,energy:1000000}}"
"8","dreamcraft.lootbag.group.tier_5_iv","2","1","2","gregtech:gt.metaitem.01",32545,"Medium Sunnarium Battery","4","true","30","","0",""
"8","dreamcraft.lootbag.group.tier_5_iv","2","1","2","gregtech:gt.metaitem.01",32604,"Electric Motor (IV)","4","false","50","","0",""
"8","dreamcraft.lootbag.group.tier_5_iv","2","1","2","gregtech:gt.metaitem.01",32644,"Electric Piston (IV)","4","false","50","","0",""
"8","dreamcraft.lootbag.group.tier_5_iv","2","1","2","gregtech:gt.metaitem.01",32614,"Electric Pump (IV)","4","false","30","","0",""
"8","dreamcraft.lootbag.group.tier_5_iv","2","1","2","gregtech:gt.metaitem.01",32634,"Conveyor Module (IV)","4","false","30","","0",""
"8","dreamcraft.lootbag.group.tier_5_iv","2","1","2","gregtech:gt.metaitem.01",32654,"Robot Arm (IV)","2","false","20","","0",""
"8","dreamcraft.lootbag.group.tier_5_iv","2","1","2","gregtech:gt.metaitem.01",32694,"Sensor (IV)","1","false","10","","0",""
"8","dreamcraft.lootbag.group.tier_5_iv","2","1","2","gregtech:gt.metaitem.01",32684,"Emitter (IV)","1","false","10","","0",""
"8","dreamcraft.lootbag.group.tier_5_iv","2","1","2","gregtech:gt.blockmachines",5161,"Small Tungstensteel Fluid Pipe","64","false","20","","0",""
"8","dreamcraft.lootbag.group.tier_5_iv","2","1","2","gregtech:gt.blockmachines",5162,"Tungstensteel Fluid Pipe","24","false","20","","0",""
"8","dreamcraft.lootbag.group.tier_5_iv","2","1","2","gregtech:gt.blockmachines",5163,"Large Tungstensteel Fluid Pipe","12","false","20","","0",""
"8","dreamcraft.lootbag.group.tier_5_iv","2","1","2","gregtech:gt.blockmachines",5164,"Huge Tungstensteel Fluid Pipe","6","false","20","","0",""
"8","dreamcraft.lootbag.group.tier_5_iv","2","1","2","gregtech:gt.blockmachines",1646,"1x Platinum Cable","64","false","20","","0",""
"8","dreamcraft.lootbag.group.tier_5_iv","2","1","2","gregtech:gt.blockmachines",1647,"2x Platinum Cable","32","false","20","","0",""
"8","dreamcraft.lootbag.group.tier_5_iv","2","1","2","gregtech:gt.blockmachines",1648,"4x Platinum Cable","16","false","20","","0",""
"8","dreamcraft.lootbag.group.tier_5_iv","2","1","2","gregtech:gt.blockmachines",1649,"8x Platinum Cable","8","false","20","","0",""
"8","dreamcraft.lootbag.group.tier_5_iv","2","1","2","gregtech:gt.blockmachines",1651,"16x Platinum Cable","4","false","20","","0",""
"8","dreamcraft.lootbag.group.tier_5_iv","2","1","2","gregtech:gt.metaitem.01",32406,"Large Tungstensteel Fluid Cell","8","false","20","","0",""
"8","dreamcraft.lootbag.group.tier_5_iv","2","1","2","gregtech:gt.metaitem.01",32711,"Epoxy Circuit Board","64","false","20","","0",""
"8","dreamcraft.lootbag.group.tier_5_iv","2","1","2","gregtech:gt.metaitem.03",32102,"Advanced Circuit Board","32","false","20","","0",""
"8","dreamcraft.lootbag.group.tier_5_iv","2","1","2","gregtech:gt.metaitem.03",32082,"Nano Processor","32","false","20","","0",""
"8","dreamcraft.lootbag.group.tier_5_iv","2","1","2","gregtech:gt.metaitem.03",32083,"Nano Assembly","16","false","20","","0",""
"8","dreamcraft.lootbag.group.tier_5_iv","2","1","2","gregtech:gt.metaitem.03",32084,"Nano Supercomputer","8","false","20","","0",""
"8","dreamcraft.lootbag.group.tier_5_iv","2","1","2","gregtech:gt.metaitem.01",32706,"Nano Mainframe","4","false","20","","0",""
"8","dreamcraft.lootbag.group.tier_5_iv","2","1","2","gregtech:gt.detrav.metatool.01",10,"Prospector's Scanner (IV)","1","false","15","","0","{GT.ToolStats:{PrimaryMaterial:""HSSE"",MaxDamage:100500L,SecondaryMaterial:""Steel""}}"
"8","dreamcraft.lootbag.group.tier_5_iv","2","1","2","gregtech:gt.metaitem.01",32462,"Heavy Duty Alloy Ingot T1","8","false","40","","0",""
"8","dreamcraft.lootbag.group.tier_5_iv","2","1","2","gregtech:gt.metaitem.01",32463,"Heavy Duty Alloy Ingot T2","8","false","40","","0",""
"8","dreamcraft.lootbag.group.tier_5_iv","2","1","2","gregtech:gt.metaitem.01",32464,"Heavy Duty Alloy Ingot T3","8","false","15","","0",""
"8","dreamcraft.lootbag.group.tier_5_iv","2","1","2","bartworks:BW_TieredGlass",0,"Borosilicate Glass Block","32","false","40","","0",""
"8","dreamcraft.lootbag.group.tier_5_iv","2","1","2","bartworks:BW_ExtraGlass",0,"Thorium Yttrium Glass Block","4","false","15","","0",""
"8","dreamcraft.lootbag.group.tier_5_iv","2","1","2","gregtech:gt.metaitem.01",32707,"Data Orb","1","false","50","","0",""
"8","dreamcraft.lootbag.group.tier_5_iv","2","1","2","gregtech:gt.metaitem.01",32708,"Data Stick","4","false","50","","0",""
"8","dreamcraft.lootbag.group.tier_5_iv","2","1","2","gregtech:gt.blockmachines",1686,"1x Tungsten Cable","16","false","15","","0",""
"8","dreamcraft.lootbag.group.tier_5_iv","2","1","2","gregtech:gt.blockmachines",1687,"2x Tungsten Cable","8","false","15","","0",""
"8","dreamcraft.lootbag.group.tier_5_iv","2","1","2","gregtech:gt.blockmachines",1688,"4x Tungsten Cable","4","false","15","","0",""
"8","dreamcraft.lootbag.group.tier_5_iv","2","1","2","gregtech:gt.blockmachines",1689,"8x Tungsten Cable","2","false","15","","0",""
"8","dreamcraft.lootbag.group.tier_5_iv","2","1","2","gregtech:gt.blockmachines",1691,"16x Tungsten Cable","1","false","15","","0",""
"8","dreamcraft.lootbag.group.tier_5_iv","2","1","2","gregtech:gt.blockmachines",15209,"EV 4A Dynamo Hatch","1","false","15","","0",""
"8","dreamcraft.lootbag.group.tier_5_iv","2","1","2","gregtech:gt.blockmachines",44,"EV Energy Hatch","2","false","15","","0",""
"8","dreamcraft.lootbag.group.tier_5_iv","2","1","2","miscutils:oreRareEarthI",0,"Rare Earth (I) Ore","64","true","15","","0",""
"8","dreamcraft.lootbag.group.tier_5_iv","2","1","2","miscutils:oreRareEarthII",0,"Rare Earth (II) Ore","48","true","15","","0",""
"8","dreamcraft.lootbag.group.tier_5_iv","2","1","2","miscutils:oreRareEarthIII",0,"Rare Earth (III) Ore","32","true","15","","0",""
"8","dreamcraft.lootbag.group.tier_5_iv","2","1","2","bartworks:bw.blockores.01",13,"Roquesite Ore","24","true","15","","0",""
"8","dreamcraft.lootbag.group.tier_5_iv","2","1","2","gregtech:gt.metaitem.01",11631,"Polyphenylene Sulfide (PPS) Bar","64","false","15","","0",""
"8","dreamcraft.lootbag.group.tier_5_iv","2","1","2","gregtech:gt.metaitem.01",11471,"Silicone Rubber Bar","128","false","15","","0",""
"8","dreamcraft.lootbag.group.tier_5_iv","2","1","2","gregtech:gt.metaitem.01",11635,"Styrene-Butadiene Rubber (SBR) Bar","184","false","15","","0",""
"8","dreamcraft.lootbag.group.tier_5_iv","2","1","2","gregtech:gt.metaitem.03",32038,"Random Access Memory Chip (Wafer)","32","false","50","","0",""
"8","dreamcraft.lootbag.group.tier_5_iv","2","1","2","gregtech:gt.metaitem.01",32724,"Quantum Eye","8","false","50","","0",""
"8","dreamcraft.lootbag.group.tier_5_iv","2","1","2","gregtech:gt.metaitem.03",32050,"PIC Wafer","4","false","50","","0",""
"8","dreamcraft.lootbag.group.tier_5_iv","2","1","2","StevesFactoryManager:BlockMachineManagerName",0,"Machine Inventory Manager","1","false","15","","0",""
"8","dreamcraft.lootbag.group.tier_5_iv","2","1","2","StevesFactoryManager:BlockCableName",0,"Inventory Cable","32","false","15","","0",""
"41","dreamcraft.lootbag.group.tier_6_luv","3","1","2","TConstruct:heartCanister",2,"Red Heart Canister","1","false","2","","10",""
"41","dreamcraft.lootbag.group.tier_6_luv","3","1","2","TConstruct:heartCanister",4,"Yellow Heart Canister","1","false","2","","10",""
"41","dreamcraft.lootbag.group.tier_6_luv","3","1","2","TConstruct:heartCanister",6,"Green Heart Canister","1","false","1","","10",""
"41","dreamcraft.lootbag.group.tier_6_luv","3","1","2","gregtech:gt.metaitem.01",32714,"Engraved Lapotron Chip","6","false","100","","0",""
"41","dreamcraft.lootbag.group.tier_6_luv","3","1","2","gregtech:gt.blockores2",326,"Enriched Naquadah Ore","32","true","80","","0",""
"41","dreamcraft.lootbag.group.tier_6_luv","3","1","2","gregtech:gt.blockmachines",1135,"Advanced Monster Repellator V","1","false","25","","0",""
"41","dreamcraft.lootbag.group.tier_6_luv","3","1","2","EnderIO:blockTransceiver",0,"Dimensional Transceiver","2","false","25","","0",""
"41","dreamcraft.lootbag.group.tier_6_luv","3","1","2","EnderStorage:enderChest",0,"Ender Chest","2","false","25","","0",""
"41","dreamcraft.lootbag.group.tier_6_luv","3","1","2","EnderStorage:enderChest",4096,"Ender Tank","2","false","25","","0",""
"41","dreamcraft.lootbag.group.tier_6_luv","3","1","2","EnderStorage:enderPouch",0,"Ender Pouch","1","false","25","","0",""
"41","dreamcraft.lootbag.group.tier_6_luv","3","1","2","EnderIO:item.endSteel_sword",0,"The Ender MKII","1","false","10","","1","{enderio.darksteel.upgrade.travel:{upgradeItem:{id:5557s,Count:1b,registryName:""EnderIO:itemMaterial"",Damage:8s},level_cost:30,unlocalized_name:""enderio.darksteel.upgrade.travel""},enderio.darksteel.upgrade.energyUpgrade:{upgradeItem:{id:5555s,Count:1b,registryName:""EnderIO:itemBasicCapacitor"",Damage:3s},maxOuput:25000,level_cost:25,unlocalized_name:""enderio.darksteel.upgrade.empowered_five"",maxInput:25000,capacity:2500000,energy:2500000}}"
"41","dreamcraft.lootbag.group.tier_6_luv","3","1","2","gregtech:gt.metaitem.01",32550,"Large Sunnarium Battery","4","true","50","","0",""
"41","dreamcraft.lootbag.group.tier_6_luv","3","1","2","gregtech:gt.metaitem.01",32606,"Electric Motor (LuV)","4","false","25","","0",""
"41","dreamcraft.lootbag.group.tier_6_luv","3","1","2","gregtech:gt.metaitem.01",32645,"Electric Piston (LuV)","4","false","25","","0",""
"41","dreamcraft.lootbag.group.tier_6_luv","3","1","2","gregtech:gt.metaitem.01",32615,"Electric Pump (LuV)","4","false","15","","0",""
"41","dreamcraft.lootbag.group.tier_6_luv","3","1","2","gregtech:gt.metaitem.01",32635,"Conveyor Module (LuV)","4","false","15","","0",""
"41","dreamcraft.lootbag.group.tier_6_luv","3","1","2","gregtech:gt.metaitem.01",32655,"Robot Arm (LuV)","2","false","10","","0",""
"41","dreamcraft.lootbag.group.tier_6_luv","3","1","2","gregtech:gt.metaitem.01",32695,"Sensor (LuV)","1","false","5","","0",""
"41","dreamcraft.lootbag.group.tier_6_luv","3","1","2","gregtech:gt.metaitem.01",32685,"Emitter (LuV)","1","false","5","","0",""
"41","dreamcraft.lootbag.group.tier_6_luv","3","1","2","gregtech:gt.blockmachines",5191,"Small Enderium Fluid Pipe","64","false","20","","0",""
"41","dreamcraft.lootbag.group.tier_6_luv","3","1","2","gregtech:gt.blockmachines",5192,"Enderium Fluid Pipe","24","false","20","","0",""
"41","dreamcraft.lootbag.group.tier_6_luv","3","1","2","gregtech:gt.blockmachines",5193,"Large Enderium Fluid Pipe","12","false","20","","0",""
"41","dreamcraft.lootbag.group.tier_6_luv","3","1","2","gregtech:gt.blockmachines",5194,"Huge Enderium Fluid Pipe","6","false","20","","0",""
"41","dreamcraft.lootbag.group.tier_6_luv","3","1","2","gregtech:gt.blockmachines",1726,"1x Niobium-Titanium Cable","64","false","20","","0",""
"41","dreamcraft.lootbag.group.tier_6_luv","3","1","2","gregtech:gt.blockmachines",1727,"2x Niobium-Titanium Cable","32","false","20","","0",""
"41","dreamcraft.lootbag.group.tier_6_luv","3","1","2","gregtech:gt.blockmachines",1728,"4x Niobium-Titanium Cable","16","false","20","","0",""
"41","dreamcraft.lootbag.group.tier_6_luv","3","1","2","gregtech:gt.blockmachines",1729,"8x Niobium-Titanium Cable","8","false","20","","0",""
"41","dreamcraft.lootbag.group.tier_6_luv","3","1","2","gregtech:gt.blockmachines",1731,"16x Niobium-Titanium Cable","4","false","20","","0",""
"41","dreamcraft.lootbag.group.tier_6_luv","3","1","2","gregtech:gt.metaitem.01",32406,"Large Tungstensteel Fluid Cell","8","false","20","","0",""
"41","dreamcraft.lootbag.group.tier_6_luv","3","1","2","gregtech:gt.metaitem.01",32720,"Fiber-Reinforced Circuit Board","64","false","20","","0",""
"41","dreamcraft.lootbag.group.tier_6_luv","3","1","2","gregtech:gt.metaitem.03",32103,"More Advanced Circuit Board","32","false","20","","0",""
"41","dreamcraft.lootbag.group.tier_6_luv","3","1","2","gregtech:gt.metaitem.03",32085,"Quantum Processor","32","false","20","","0",""
"41","dreamcraft.lootbag.group.tier_6_luv","3","1","2","gregtech:gt.metaitem.03",32086,"Quantum Assembly","16","false","20","","0",""
"41","dreamcraft.lootbag.group.tier_6_luv","3","1","2","gregtech:gt.metaitem.03",32087,"Quantum Supercomputer","8","false","20","","0",""
"41","dreamcraft.lootbag.group.tier_6_luv","3","1","2","gregtech:gt.metaitem.03",32088,"Quantum Mainframe","4","false","20","","0",""
"41","dreamcraft.lootbag.group.tier_6_luv","3","1","2","gregtech:gt.detrav.metatool.01",12,"Prospector's Scanner (LuV)","1","false","5","","0","{GT.ToolStats:{PrimaryMaterial:""HSSE"",MaxDamage:164500L,SecondaryMaterial:""Steel""}}"
"41","dreamcraft.lootbag.group.tier_6_luv","3","1","2","gregtech:gt.metaitem.01",32462,"Heavy Duty Alloy Ingot T1","10","false","40","","0",""
"41","dreamcraft.lootbag.group.tier_6_luv","3","1","2","gregtech:gt.metaitem.01",32463,"Heavy Duty Alloy Ingot T2","10","false","40","","0",""
"41","dreamcraft.lootbag.group.tier_6_luv","3","1","2","gregtech:gt.metaitem.01",32464,"Heavy Duty Alloy Ingot T3","10","false","25","","0",""
"41","dreamcraft.lootbag.group.tier_6_luv","3","1","2","gregtech:gt.metaitem.01",19389,"Triple Callisto Ice Plate","21","false","25","","0",""
"41","dreamcraft.lootbag.group.tier_6_luv","3","1","2","gregtech:gt.metaitem.01",19390,"Triple Ledox Plate","21","false","25","","0",""
"41","dreamcraft.lootbag.group.tier_6_luv","3","1","2","bartworks:BW_TieredGlass",1,"Titanium Reinforced Borosilicate Glass Block","16","false","20","","0",""
"41","dreamcraft.lootbag.group.tier_6_luv","3","1","2","bartworks:BW_TieredGlass",2,"Tungstensteel Reinforced Borosilicate Glass Block","4","false","15","","0",""
"41","dreamcraft.lootbag.group.tier_6_luv","3","1","2","gregtech:gt.blockmachines",1706,"1x HSS-G Cable","16","false","15","","0",""
"41","dreamcraft.lootbag.group.tier_6_luv","3","1","2","gregtech:gt.blockmachines",1707,"2x HSS-G Cable","8","false","15","","0",""
"41","dreamcraft.lootbag.group.tier_6_luv","3","1","2","gregtech:gt.blockmachines",1708,"4x HSS-G Cable","4","false","15","","0",""
"41","dreamcraft.lootbag.group.tier_6_luv","3","1","2","gregtech:gt.blockmachines",1709,"8x HSS-G Cable","2","false","15","","0",""
"41","dreamcraft.lootbag.group.tier_6_luv","3","1","2","gregtech:gt.blockmachines",1711,"16x HSS-G Cable","1","false","15","","0",""
"41","dreamcraft.lootbag.group.tier_6_luv","3","1","2","gregtech:gt.blockmachines",15200,"IV 4A Dynamo Hatch","1","false","15","","0",""
"41","dreamcraft.lootbag.group.tier_6_luv","3","1","2","gregtech:gt.blockmachines",45,"IV Energy Hatch","2","false","15","","0",""
"41","dreamcraft.lootbag.group.tier_6_luv","3","1","2","miscutils:oreRareEarthI",0,"Rare Earth (I) Ore","64","true","15","","0",""
"41","dreamcraft.lootbag.group.tier_6_luv","3","1","2","miscutils:oreRareEarthII",0,"Rare Earth (II) Ore","48","true","15","","0",""
"41","dreamcraft.lootbag.group.tier_6_luv","3","1","2","miscutils:oreRareEarthIII",0,"Rare Earth (III) Ore","32","true","15","","0",""
"41","dreamcraft.lootbag.group.tier_6_luv","3","1","2","bartworks:bw.blockores.01",13,"Roquesite Ore","24","true","15","","0",""
"41","dreamcraft.lootbag.group.tier_6_luv","3","1","2","gregtech:gt.metaitem.01",11599,"Polybenzimidazole (PBI) Bar","64","false","15","","0",""
"41","dreamcraft.lootbag.group.tier_6_luv","3","1","2","gregtech:gt.metaitem.01",11631,"Polyphenylene Sulfide (PPS) Bar","128","false","15","","0",""
"41","dreamcraft.lootbag.group.tier_6_luv","3","1","2","gregtech:gt.metaitem.01",11471,"Silicone Rubber Bar","184","false","15","","0",""
"41","dreamcraft.lootbag.group.tier_6_luv","3","1","2","gregtech:gt.metaitem.03",32054,"NanoCPU Wafer","16","false","50","","0",""
"41","dreamcraft.lootbag.group.tier_6_luv","3","1","2","minecraft:nether_star",0,"Nether Star","8","false","50","","0",""
"41","dreamcraft.lootbag.group.tier_6_luv","3","1","2","gregtech:gt.metaitem.03",32052,"HPIC Wafer","4","false","50","","0",""
"41","dreamcraft.lootbag.group.tier_6_luv","3","1","2","StevesFactoryManager:BlockMachineManagerName",0,"Machine Inventory Manager","1","false","15","","0",""
"41","dreamcraft.lootbag.group.tier_6_luv","3","1","2","StevesFactoryManager:BlockCableName",0,"Inventory Cable","32","false","15","","0",""
"42","dreamcraft.lootbag.group.tier_7_zpm","3","1","2","TConstruct:heartCanister",2,"Red Heart Canister","1","false","2","","10",""
"42","dreamcraft.lootbag.group.tier_7_zpm","3","1","2","TConstruct:heartCanister",4,"Yellow Heart Canister","1","false","2","","10",""
"42","dreamcraft.lootbag.group.tier_7_zpm","3","1","2","TConstruct:heartCanister",6,"Green Heart Canister","1","false","1","","10",""
"42","dreamcraft.lootbag.group.tier_7_zpm","3","1","2","gregtech:gt.metaitem.01",32713,"Engraved Crystal Chip","24","false","150","","0",""
"42","dreamcraft.lootbag.group.tier_7_zpm","3","1","2","gregtech:gt.blockores2",327,"Naquadria Ore","32","true","60","","0",""
"42","dreamcraft.lootbag.group.tier_7_zpm","3","1","2","gregtech:gt.blockmachines",1136,"Advanced Monster Repellator VI","1","false","25","","0",""
"42","dreamcraft.lootbag.group.tier_7_zpm","3","1","2","EnderIO:blockTransceiver",0,"Dimensional Transceiver","2","false","25","","0",""
"42","dreamcraft.lootbag.group.tier_7_zpm","3","1","2","EnderStorage:enderChest",0,"Ender Chest","2","false","25","","0",""
"42","dreamcraft.lootbag.group.tier_7_zpm","3","1","2","EnderStorage:enderChest",4096,"Ender Tank","2","false","25","","0",""
"42","dreamcraft.lootbag.group.tier_7_zpm","3","1","2","EnderStorage:enderPouch",0,"Ender Pouch","1","false","25","","0",""
"42","dreamcraft.lootbag.group.tier_7_zpm","3","1","2","EnderIO:item.stellar_sword",0,"The Ender MKIV","1","false","10","","1","{enderio.darksteel.upgrade.travel:{upgradeItem:{id:5557s,Count:1b,registryName:""EnderIO:itemMaterial"",Damage:8s},level_cost:30,unlocalized_name:""enderio.darksteel.upgrade.travel""},enderio.darksteel.upgrade.energyUpgrade:{upgradeItem:{id:5555s,Count:1b,registryName:""EnderIO:itemBasicCapacitor"",Damage:3s},maxOuput:25000,level_cost:25,unlocalized_name:""enderio.darksteel.upgrade.empowered_five"",maxInput:25000,capacity:2500000,energy:2500000}}"
"42","dreamcraft.lootbag.group.tier_7_zpm","3","1","2","gregtech:gt.metaitem.01",32555,"Medium Naquadria Battery","4","true","50","","0",""
"42","dreamcraft.lootbag.group.tier_7_zpm","3","1","2","gregtech:gt.metaitem.01",32607,"Electric Motor (ZPM)","4","false","25","","0",""
"42","dreamcraft.lootbag.group.tier_7_zpm","3","1","2","gregtech:gt.metaitem.01",32646,"Electric Piston (ZPM)","4","false","25","","0",""
"42","dreamcraft.lootbag.group.tier_7_zpm","3","1","2","gregtech:gt.metaitem.01",32616,"Electric Pump (ZPM)","4","false","15","","0",""
"42","dreamcraft.lootbag.group.tier_7_zpm","3","1","2","gregtech:gt.metaitem.01",32636,"Conveyor Module (ZPM)","4","false","15","","0",""
"42","dreamcraft.lootbag.group.tier_7_zpm","3","1","2","gregtech:gt.metaitem.01",32656,"Robot Arm (ZPM)","2","false","10","","0",""
"42","dreamcraft.lootbag.group.tier_7_zpm","3","1","2","gregtech:gt.metaitem.01",32696,"Sensor (ZPM)","1","false","5","","0",""
"42","dreamcraft.lootbag.group.tier_7_zpm","3","1","2","gregtech:gt.metaitem.01",32686,"Emitter (ZPM)","1","false","5","","0",""
"42","dreamcraft.lootbag.group.tier_7_zpm","3","1","2","gregtech:gt.blockmachines",5201,"Small Naquadah Fluid Pipe","64","false","20","","0",""
"42","dreamcraft.lootbag.group.tier_7_zpm","3","1","2","gregtech:gt.blockmachines",5202,"Naquadah Fluid Pipe","24","false","20","","0",""
"42","dreamcraft.lootbag.group.tier_7_zpm","3","1","2","gregtech:gt.blockmachines",5203,"Large Naquadah Fluid Pipe","12","false","20","","0",""
"42","dreamcraft.lootbag.group.tier_7_zpm","3","1","2","gregtech:gt.blockmachines",5204,"Huge Naquadah Fluid Pipe","6","false","20","","0",""
"42","dreamcraft.lootbag.group.tier_7_zpm","3","1","2","gregtech:gt.blockmachines",1786,"1x Naquadah Cable","64","false","20","","0",""
"42","dreamcraft.lootbag.group.tier_7_zpm","3","1","2","gregtech:gt.blockmachines",1787,"2x Naquadah Cable","32","false","20","","0",""
"42","dreamcraft.lootbag.group.tier_7_zpm","3","1","2","gregtech:gt.blockmachines",1788,"4x Naquadah Cable","16","false","20","","0",""
"42","dreamcraft.lootbag.group.tier_7_zpm","3","1","2","gregtech:gt.blockmachines",1789,"8x Naquadah Cable","8","false","20","","0",""
"42","dreamcraft.lootbag.group.tier_7_zpm","3","1","2","gregtech:gt.blockmachines",1791,"16x Naquadah Cable","4","false","20","","0",""
"42","dreamcraft.lootbag.group.tier_7_zpm","3","1","2","gregtech:gt.metaitem.01",32410,"Large Rhodium-Plated Palladium Fluid Cell","8","false","20","","0",""
"42","dreamcraft.lootbag.group.tier_7_zpm","3","1","2","gregtech:gt.metaitem.01",32712,"Multilayer Fiber-Reinforced Circuit Board","64","false","20","","0",""
"42","dreamcraft.lootbag.group.tier_7_zpm","3","1","2","gregtech:gt.metaitem.03",32104,"Elite Circuit Board","32","false","20","","0",""
"42","dreamcraft.lootbag.group.tier_7_zpm","3","1","2","gregtech:gt.metaitem.03",32089,"Crystal Processor","16","false","20","","0",""
"42","dreamcraft.lootbag.group.tier_7_zpm","3","1","2","gregtech:gt.metaitem.03",32096,"Crystal Assembly","16","false","20","","0",""
"42","dreamcraft.lootbag.group.tier_7_zpm","3","1","2","gregtech:gt.metaitem.03",32090,"Crystal Supercomputer","8","false","20","","0",""
"42","dreamcraft.lootbag.group.tier_7_zpm","3","1","2","gregtech:gt.metaitem.03",32091,"Crystal Mainframe","4","false","20","","0",""
"42","dreamcraft.lootbag.group.tier_7_zpm","3","1","2","gregtech:gt.detrav.metatool.01",12,"Prospector's Scanner (LuV)","1","false","5","","0","{GT.ToolStats:{PrimaryMaterial:""HSSE"",MaxDamage:164500L,SecondaryMaterial:""Steel""}}"
"42","dreamcraft.lootbag.group.tier_7_zpm","3","1","2","gregtech:gt.metaitem.01",32462,"Heavy Duty Alloy Ingot T1","24","false","30","","0",""
"42","dreamcraft.lootbag.group.tier_7_zpm","3","1","2","gregtech:gt.metaitem.01",32463,"Heavy Duty Alloy Ingot T2","20","false","30","","0",""
"42","dreamcraft.lootbag.group.tier_7_zpm","3","1","2","gregtech:gt.metaitem.01",32464,"Heavy Duty Alloy Ingot T3","16","false","25","","0",""
"42","dreamcraft.lootbag.group.tier_7_zpm","3","1","2","dreamcraft:HeavyDutyAlloyIngotT4",0,"Heavy Duty Alloy Ingot T4","12","false","15","","0",""
"42","dreamcraft.lootbag.group.tier_7_zpm","3","1","2","gregtech:gt.metaitem.01",19391,"Triple Quantium Plate","18","false","25","","0",""
"42","dreamcraft.lootbag.group.tier_7_zpm","3","1","2","bartworks:BW_TieredGlass",2,"Tungstensteel Reinforced Borosilicate Glass Block","8","false","20","","0",""
"42","dreamcraft.lootbag.group.tier_7_zpm","3","1","2","bartworks:BW_TieredGlass",3,"Rhodium-Plated Palladium Reinforced Borosilicate Glass Block","4","false","15","","0",""
"42","dreamcraft.lootbag.group.tier_7_zpm","3","1","2","gregtech:gt.blockmachines",5730,"Tiny Quantium Item Pipe","64","false","15","","0",""
"42","dreamcraft.lootbag.group.tier_7_zpm","3","1","2","gregtech:gt.blockmachines",5731,"Small Quantium Item Pipe","32","false","15","","0",""
"42","dreamcraft.lootbag.group.tier_7_zpm","3","1","2","gregtech:gt.blockmachines",5732,"Quantium Item Pipe","16","false","15","","0",""
"42","dreamcraft.lootbag.group.tier_7_zpm","3","1","2","gregtech:gt.blockmachines",5733,"Large Quantium Item Pipe","8","false","15","","0",""
"42","dreamcraft.lootbag.group.tier_7_zpm","3","1","2","gregtech:gt.blockmachines",5734,"Huge Quantium Item Pipe","4","false","15","","0",""
"42","dreamcraft.lootbag.group.tier_7_zpm","3","1","2","gregtech:gt.blockmachines",15201,"LuV 4A Dynamo Hatch","1","false","15","","0",""
"42","dreamcraft.lootbag.group.tier_7_zpm","3","1","2","gregtech:gt.blockmachines",46,"LuV Energy Hatch","2","false","15","","0",""
"42","dreamcraft.lootbag.group.tier_7_zpm","3","1","2","miscutils:oreGadoliniteY",0,"Gadolinite (Y) Ore","64","true","15","","0",""
"42","dreamcraft.lootbag.group.tier_7_zpm","3","1","2","miscutils:oreIrarsite",0,"Irarsite Ore","64","true","15","","0",""
"42","dreamcraft.lootbag.group.tier_7_zpm","3","1","2","miscutils:oreFlorencite",0,"Florencite Ore","64","true","15","","0",""
"42","dreamcraft.lootbag.group.tier_7_zpm","3","1","2","miscutils:orePolycrase",0,"Polycrase Ore","64","true","15","","0",""
"42","dreamcraft.lootbag.group.tier_7_zpm","3","1","2","gregtech:gt.metaitem.01",11599,"Polybenzimidazole (PBI) Bar","128","false","25","","0",""
"42","dreamcraft.lootbag.group.tier_7_zpm","3","1","2","gregtech:gt.metaitem.01",11631,"Polyphenylene Sulfide (PPS) Bar","184","false","25","","0",""
"42","dreamcraft.lootbag.group.tier_7_zpm","3","1","2","gregtech:gt.metaitem.01",11470,"Epoxid Bar","256","false","25","","0",""
"42","dreamcraft.lootbag.group.tier_7_zpm","3","1","2","gregtech:gt.metaitem.03",32056,"QBit Wafer","16","false","50","","0",""
"42","dreamcraft.lootbag.group.tier_7_zpm","3","1","2","gregtech:gt.metaitem.01",32725,"Quantum Star","8","false","50","","0",""
"42","dreamcraft.lootbag.group.tier_7_zpm","3","1","2","gregtech:gt.metaitem.03",32058,"UHPIC Wafer","4","false","50","","0",""
"42","dreamcraft.lootbag.group.tier_7_zpm","3","1","2","StevesFactoryManager:BlockMachineManagerName",0,"Machine Inventory Manager","1","false","15","","0",""
"42","dreamcraft.lootbag.group.tier_7_zpm","3","1","2","StevesFactoryManager:BlockCableName",0,"Inventory Cable","32","false","15","","0",""
"43","dreamcraft.lootbag.group.tier_8_uv","3","1","2","dreamcraft:RawNeutronium",0,"Raw Neutronium Dust","64","false","50","","0",""
"43","dreamcraft.lootbag.group.tier_8_uv","3","1","2","dreamcraft:HeavyDutyAlloyIngotT6",0,"Heavy Duty Alloy Ingot T6","16","false","20","","0",""
"43","dreamcraft.lootbag.group.tier_8_uv","3","1","2","bartworks:BW_TieredGlass",4,"Iridium Reinforced Borosilicate Glass Block","32","false","100","","0",""
"43","dreamcraft.lootbag.group.tier_8_uv","3","1","2","EnderStorage:enderChest",4096,"Ender Tank","4","false","80","","0",""
"43","dreamcraft.lootbag.group.tier_8_uv","3","1","2","EnderStorage:enderChest",0,"Ender Chest","4","false","90","","0",""
"43","dreamcraft.lootbag.group.tier_8_uv","3","1","2","EnderIO:item.stellar_sword",0,"The Ender MKIV","1","false","10","","0","{enderio.darksteel.upgrade.travel:{upgradeItem:{id:5557s,Count:1b,registryName:""EnderIO:itemMaterial"",Damage:8s},level_cost:30,unlocalized_name:""enderio.darksteel.upgrade.travel""},enderio.darksteel.upgrade.energyUpgrade:{upgradeItem:{id:5555s,Count:1b,registryName:""EnderIO:itemBasicCapacitor"",Damage:3s},maxOuput:25000,level_cost:25,unlocalized_name:""enderio.darksteel.upgrade.empowered_five"",maxInput:25000,capacity:2500000,energy:2500000}}"
"43","dreamcraft.lootbag.group.tier_8_uv","3","1","2","EnderIO:blockTransceiver",0,"Dimensional Transceiver","8","false","120","","0",""
"43","dreamcraft.lootbag.group.tier_8_uv","3","1","2","minecraft:fish",3,"Pufferfish","1","false","5","","0",""
"43","dreamcraft.lootbag.group.tier_8_uv","3","1","2","minecraft:clay_ball",0,"Clay","1","false","1","","0",""
"43","dreamcraft.lootbag.group.tier_8_uv","3","1","2","bartworks:BW_TieredGlass",3,"Rhodium-Plated Palladium Reinforced Borosilicate Glass Block","64","false","100","","0",""
"43","dreamcraft.lootbag.group.tier_8_uv","3","1","2","tectech:gt.blockcasingsTT",1,"Computer Casing","48","false","40","","0",""
"43","dreamcraft.lootbag.group.tier_8_uv","3","1","2","tectech:gt.blockcasingsTT",3,"Advanced Computer Casing","16","false","20","","0",""
"43","dreamcraft.lootbag.group.tier_8_uv","3","1","2","gregtech:gt.metaitem.03",32096,"Crystal Assembly","32","false","70","","0",""
"43","dreamcraft.lootbag.group.tier_8_uv","3","1","2","gregtech:gt.metaitem.03",32093,"Wetware Assembly","16","false","50","","0",""
"43","dreamcraft.lootbag.group.tier_8_uv","3","1","2","gregtech:gt.metaitem.03",32089,"Crystal Processor","64","false","90","","0",""
"43","dreamcraft.lootbag.group.tier_8_uv","3","1","2","gregtech:gt.metaitem.03",32022,"Petri Dish","64","false","100","","0",""
"43","dreamcraft.lootbag.group.tier_8_uv","3","1","2","gregtech:gt.metaitem.03",32006,"Wetware Lifesupport Circuit Board","32","false","20","","0",""
"43","dreamcraft.lootbag.group.tier_8_uv","3","1","2","gregtech:gt.metaitem.01",32713,"Engraved Crystal Chip","64","false","60","","0",""
"43","dreamcraft.lootbag.group.tier_8_uv","3","1","2","gregtech:gt.metaitem.01",32697,"Sensor (UV)","1","false","40","","0",""
"43","dreamcraft.lootbag.group.tier_8_uv","3","1","2","gregtech:gt.metaitem.01",32687,"Emitter (UV)","1","false","45","","0",""
"43","dreamcraft.lootbag.group.tier_8_uv","3","1","2","gregtech:gt.metaitem.01",32657,"Robot Arm (UV)","2","false","80","","0",""
"43","dreamcraft.lootbag.group.tier_8_uv","3","1","2","gregtech:gt.metaitem.01",32617,"Electric Pump (UV)","2","false","95","","0",""
"43","dreamcraft.lootbag.group.tier_8_uv","3","1","2","gregtech:gt.metaitem.01",32608,"Electric Motor (UV)","2","false","100","","0",""
"43","dreamcraft.lootbag.group.tier_8_uv","3","1","2","gregtech:gt.metaitem.01",32598,"Zero Point Module","1","false","15","","0","{GT.ItemCharge:2000000000000L}"
"43","dreamcraft.lootbag.group.tier_8_uv","3","1","2","gregtech:gt.metaitem.01",32560,"Large Naquadria Battery","8","false","40","","0",""
"43","dreamcraft.lootbag.group.tier_8_uv","3","1","2","gregtech:gt.metaitem.01",32412,"Large Osmium Fluid Cell","16","false","120","","0",""
"43","dreamcraft.lootbag.group.tier_8_uv","3","1","2","gregtech:gt.metaitem.01",11129,"Neutronium Ingot","64","false","10","","0",""
"43","dreamcraft.lootbag.group.tier_8_uv","3","1","2","gregtech:gt.metaitem.01",2327,"Naquadria Dust","64","false","60","","0",""
"43","dreamcraft.lootbag.group.tier_8_uv","3","1","2","gregtech:gt.blockmachines",11107,"Ultimate Time Anomaly","2","false","12","","0",""
"43","dreamcraft.lootbag.group.tier_8_uv","3","1","2","gregtech:gt.blockmachines",2440,"1x Superconductor UV Wire","32","false","60","","0",""
"43","dreamcraft.lootbag.group.tier_8_uv","3","1","2","gregtech:gt.blockmachines",1811,"16x Naquadah Alloy Cable","4","false","80","","0",""
"43","dreamcraft.lootbag.group.tier_8_uv","3","1","2","gregtech:gt.blockmachines",1809,"8x Naquadah Alloy Cable","8","false","80","","0",""
"43","dreamcraft.lootbag.group.tier_8_uv","3","1","2","gregtech:gt.blockmachines",1808,"4x Naquadah Alloy Cable","16","false","80","","0",""
"43","dreamcraft.lootbag.group.tier_8_uv","3","1","2","gregtech:gt.blockmachines",1807,"2x Naquadah Alloy Cable","32","false","100","","0",""
"43","dreamcraft.lootbag.group.tier_8_uv","3","1","2","gregtech:gt.blockmachines",15202,"ZPM 4A Dynamo Hatch","2","false","110","","0",""
"43","dreamcraft.lootbag.group.tier_8_uv","3","1","2","gregtech:gt.blockmachines",47,"ZPM Energy Hatch","4","false","90","","0",""
"43","dreamcraft.lootbag.group.tier_8_uv","3","1","2","gregtech:gt.metaitem.03",32105,"Extreme Wetware Lifesupport Circuit Board","32","false","40","","0",""
"43","dreamcraft.lootbag.group.tier_8_uv","3","1","2","gregtech:gt.blockmachines",1806,"1x Naquadah Alloy Cable","64","false","80","","0",""
"43","dreamcraft.lootbag.group.tier_8_uv","3","1","2","gregtech:gt.blockores2",327,"Naquadria Ore","32","false","100","","0",""
"43","dreamcraft.lootbag.group.tier_8_uv","3","1","2","cropsnh:bottledAlcohol",8,"Real Bottled Jägermeister!","32","false","40","","0",""
"44","dreamcraft.lootbag.group.tier_9_uhv","4","1","2","minecraft:diamond",0,"Diamond","1","false","5","","0",""
"9","dreamcraft.lootbag.group.magic_novice","0","1","2","ForbiddenMagic:UmbralBush",0,"Umbral Rose Bush","1","false","10","","2",""
"9","dreamcraft.lootbag.group.magic_novice","0","1","2","Thaumcraft:ItemShard",0,"Air Shard","8","false","25","basicshards","0",""
"9","dreamcraft.lootbag.group.magic_novice","0","1","2","Thaumcraft:ItemShard",1,"Fire Shard","8","false","25","basicshards","0",""
"9","dreamcraft.lootbag.group.magic_novice","0","1","2","Thaumcraft:ItemShard",2,"Water Shard","8","false","25","basicshards","0",""
"9","dreamcraft.lootbag.group.magic_novice","0","1","2","Thaumcraft:ItemShard",3,"Earth Shard","8","false","25","basicshards","0",""
"9","dreamcraft.lootbag.group.magic_novice","0","1","2","Thaumcraft:ItemShard",4,"Order Shard","8","false","25","basicshards","0",""
"9","dreamcraft.lootbag.group.magic_novice","0","1","2","Thaumcraft:ItemShard",5,"Entropy Shard","8","false","25","basicshards","0",""
"9","dreamcraft.lootbag.group.magic_novice","0","1","2","Thaumcraft:blockCosmeticSolid",6,"Arcane Stone Block","32","false","55","","0",""
"9","dreamcraft.lootbag.group.magic_novice","0","1","2","MagicBees:wax",0,"Magic Wax","64","false","65","","0",""
"9","dreamcraft.lootbag.group.magic_novice","0","1","2","Thaumcraft:ItemResource",11,"Tainted Goo","4","false","45","","0",""
"9","dreamcraft.lootbag.group.magic_novice","0","1","2","Thaumcraft:ItemResource",1,"Nitor","4","false","50","","0",""
"9","dreamcraft.lootbag.group.magic_novice","0","1","2","Thaumcraft:ItemResource",0,"Alumentum","4","false","50","","0",""
"9","dreamcraft.lootbag.group.magic_novice","0","1","2","Thaumcraft:blockJar",0,"Warded Jar","4","false","65","","0",""
"9","dreamcraft.lootbag.group.magic_novice","0","1","2","Thaumcraft:ItemResource",7,"Enchanted Fabric","4","false","35","","0",""
"9","dreamcraft.lootbag.group.magic_novice","0","1","2","WarpTheory:item.warptheory.paper",0,"Arcane Litmus Paper","16","false","65","","0",""
"9","dreamcraft.lootbag.group.magic_novice","0","1","2","Thaumcraft:ItemResource",13,"Jar Label","16","false","35","","0",""
"9","dreamcraft.lootbag.group.magic_novice","0","1","2","Thaumcraft:ItemResource",3,"Quicksilver","32","false","45","","0",""
"9","dreamcraft.lootbag.group.magic_novice","0","1","2","Thaumcraft:ItemResource",4,"Magic Tallow","16","false","55","","0",""
"9","dreamcraft.lootbag.group.magic_novice","0","1","2","Thaumcraft:ItemResource",9,"Knowledge Fragment","32","false","35","","0",""
"9","dreamcraft.lootbag.group.magic_novice","0","1","2","Thaumcraft:blockLifter",0,"Arcane Levitator","1","false","45","","0",""
"9","dreamcraft.lootbag.group.magic_novice","0","1","2","Thaumcraft:blockCandle",0,"White Tallow Candle","16","false","35","","0",""
"9","dreamcraft.lootbag.group.magic_novice","0","1","2","Thaumcraft:ItemEssence",0,"Glass Phial","32","false","55","","0",""
"9","dreamcraft.lootbag.group.magic_novice","0","1","2","Thaumcraft:blockChestHungry",0,"Hungry Chest","1","false","60","","0",""
"9","dreamcraft.lootbag.group.magic_novice","0","1","2","Thaumcraft:blockMetalDevice",7,"Arcane Lamp","1","false","50","","0",""
"9","dreamcraft.lootbag.group.magic_novice","0","1","2","Thaumcraft:blockTube",6,"Directional Essentia Tube","16","false","35","","0",""
"9","dreamcraft.lootbag.group.magic_novice","0","1","2","Thaumcraft:blockTube",5,"Restricted Essentia Tube","16","false","35","","0",""
"9","dreamcraft.lootbag.group.magic_novice","0","1","2","Thaumcraft:blockTube",3,"Filtered Essentia Tube","16","false","35","","0",""
"9","dreamcraft.lootbag.group.magic_novice","0","1","2","Thaumcraft:blockTube",0,"Essentia Tube","16","false","35","","0",""
"9","dreamcraft.lootbag.group.magic_novice","0","1","2","Thaumcraft:ItemThaumometer",0,"Thaumometer","1","false","30","","0",""
"9","dreamcraft.lootbag.group.magic_novice","0","1","2","Automagy:blockThirstyTank",0,"Thirsty Tank","1","false","50","","0",""
"10","dreamcraft.lootbag.group.magic_adept","1","1","2","Thaumcraft:BlockJarFilledItem",0,"Jar of Essentia","1","false","45","","0","{Aspects:[0:{amount:64,key:""perfodio""}]}"
"10","dreamcraft.lootbag.group.magic_adept","1","1","2","Thaumcraft:BlockJarFilledItem",0,"Jar of Essentia","1","false","45","","0","{Aspects:[0:{amount:64,key:""meto""}]}"
"10","dreamcraft.lootbag.group.magic_adept","1","1","2","Thaumcraft:ItemSanitySoap",0,"Sanitizing Soap","8","false","55","","0",""
"10","dreamcraft.lootbag.group.magic_adept","1","1","2","EMT:EMTItems",6,"Lightning Summoner","2","false","50","","0",""
"10","dreamcraft.lootbag.group.magic_adept","1","1","2","Thaumcraft:WandCap",1,"Gold Cap","2","false","35","","2",""
"10","dreamcraft.lootbag.group.magic_adept","1","1","2","Thaumcraft:ItemBathSalts",0,"Purifying Bath Salts","8","false","35","","0",""
"10","dreamcraft.lootbag.group.magic_adept","1","1","2","Thaumcraft:blockCrystal",6,"Mixed Crystal Cluster","2","false","15","advshards","0",""
"10","dreamcraft.lootbag.group.magic_adept","1","1","2","Thaumcraft:blockCrystal",5,"Entropy Crystal Cluster","2","false","15","advshards","0",""
"10","dreamcraft.lootbag.group.magic_adept","1","1","2","Thaumcraft:blockCrystal",4,"Order Crystal Cluster","2","false","15","advshards","0",""
"10","dreamcraft.lootbag.group.magic_adept","1","1","2","Thaumcraft:blockCrystal",3,"Earth Crystal Cluster","2","false","15","advshards","0",""
"10","dreamcraft.lootbag.group.magic_adept","1","1","2","Thaumcraft:blockCrystal",1,"Fire Crystal Cluster","2","false","15","advshards","0",""
"10","dreamcraft.lootbag.group.magic_adept","1","1","2","Thaumcraft:blockCrystal",0,"Air Crystal Cluster","2","false","15","advshards","0",""
"10","dreamcraft.lootbag.group.magic_adept","1","1","2","Thaumcraft:blockCrystal",2,"Water Crystal Cluster","2","false","15","advshards","0",""
"10","dreamcraft.lootbag.group.magic_adept","1","1","2","Thaumcraft:ItemResource",14,"Salis Mundus","16","true","65","","0",""
"10","dreamcraft.lootbag.group.magic_adept","1","1","2","Thaumcraft:ItemResource",15,"Primal Charm","2","false","35","","0",""
"10","dreamcraft.lootbag.group.magic_adept","1","1","2","Thaumcraft:ItemResource",2,"Thaumium Ingot","16","false","45","","0",""
"10","dreamcraft.lootbag.group.magic_adept","1","1","2","Thaumcraft:blockWoodenDevice",8,"Crimson Cult Banner","1","false","35","","2",""
"10","dreamcraft.lootbag.group.magic_adept","1","1","2","Thaumcraft:ItemChestplateCultistPlate",0,"Crimson Cult Chestplate","1","false","65","","2",""
"10","dreamcraft.lootbag.group.magic_adept","1","1","2","Thaumcraft:ItemBootsCultist",0,"Crimson Cult Boots","1","false","65","","2",""
"10","dreamcraft.lootbag.group.magic_adept","1","1","2","Thaumcraft:ItemLeggingsCultistRobe",0,"Crimson Cult Leggings","1","false","65","","2",""
"10","dreamcraft.lootbag.group.magic_adept","1","1","2","Thaumcraft:ItemChestplateCultistRobe",0,"Crimson Cult Robe","1","false","65","","2",""
"10","dreamcraft.lootbag.group.magic_adept","1","1","2","Thaumcraft:ItemHelmetCultistRobe",0,"Crimson Cult Hood","1","false","65","","2",""
"10","dreamcraft.lootbag.group.magic_adept","1","1","2","Thaumcraft:ItemHelmetCultistPlate",0,"Crimson Cult Helm","1","false","65","","2",""
"10","dreamcraft.lootbag.group.magic_adept","1","1","2","Thaumcraft:ItemLeggingsCultistPlate",0,"Crimson Cult Greaves","1","false","65","","2",""
"10","dreamcraft.lootbag.group.magic_adept","1","1","2","thaumicbases:sweedSeeds",0,"Sweed Seeds","2","false","35","","2",""
"10","dreamcraft.lootbag.group.magic_adept","1","1","2","thaumicbases:lazulliaSeeds",0,"Lazullia Seeds","2","false","35","","2",""
"10","dreamcraft.lootbag.group.magic_adept","1","1","2","thaumicbases:redlonSeeds",0,"Redlon Seed","2","false","35","","2",""
"10","dreamcraft.lootbag.group.magic_adept","1","1","2","thaumicbases:glieoniaSeed",0,"Glieonia Seed","2","false","35","","2",""
"10","dreamcraft.lootbag.group.magic_adept","1","1","2","thaumicbases:plaxSeed",0,"Plax Seeds","2","false","35","","2",""
"10","dreamcraft.lootbag.group.magic_adept","1","1","2","thaumicbases:metalleatSeeds",0,"Metalleat Seeds","2","false","35","","2",""
"10","dreamcraft.lootbag.group.magic_adept","1","1","2","thaumicbases:lucriteSeeds",0,"Lucrite Seeds","2","false","35","","2",""
"10","dreamcraft.lootbag.group.magic_adept","1","1","2","thaumicbases:tobaccoSeeds",0,"Tobacco Seeds","2","false","35","","2",""
"10","dreamcraft.lootbag.group.magic_adept","1","1","2","Thaumcraft:WandCasting",24,"Iron Capped Wooden Wand","1","false","25","","0","{cap:""gold"",rod:""greatwood_staff"",AttributeModifiers:[0:{UUIDMost:-3801225194067177672L,UUIDLeast:-6586624321849018929L,Amount:6.0d,AttributeName:""generic.attackDamage"",Operation:0,Name:""Weapon modifier""}]}"
"10","dreamcraft.lootbag.group.magic_adept","1","1","2","Thaumcraft:BootsTraveller",0,"Boots of the Traveler","1","false","35","","0",""
"10","dreamcraft.lootbag.group.magic_adept","1","1","2","Thaumcraft:blockMetalDevice",2,"Vis Charge Relay","1","false","10","","0",""
"10","dreamcraft.lootbag.group.magic_adept","1","1","2","Thaumcraft:blockStoneDevice",9,"Node Stabilizer","4","false","25","","0",""
"10","dreamcraft.lootbag.group.magic_adept","1","1","2","Thaumcraft:blockMetalDevice",9,"Alchemical Construct","2","false","35","","0",""
"10","dreamcraft.lootbag.group.magic_adept","1","1","2","Thaumcraft:blockJar",3,"Void Jar","2","false","40","","0",""
"10","dreamcraft.lootbag.group.magic_adept","1","1","2","Thaumcraft:blockTube",4,"Essentia Buffer","4","false","35","","0",""
"10","dreamcraft.lootbag.group.magic_adept","1","1","2","Thaumcraft:ItemGolemCore",100,"Golem Animation Core","4","false","45","","0",""
"10","dreamcraft.lootbag.group.magic_adept","1","1","2","Thaumcraft:ItemGolemPlacer",0,"Straw Golem","1","false","35","","0",""
"10","dreamcraft.lootbag.group.magic_adept","1","1","2","Thaumcraft:ItemGolemPlacer",1,"Wood Golem","1","false","35","","0",""
"10","dreamcraft.lootbag.group.magic_adept","1","1","2","thaumicbases:bloodyBoots",0,"Bloodstained Thaumaturge's Boots","1","false","15","bloodrobes","2",""
"10","dreamcraft.lootbag.group.magic_adept","1","1","2","thaumicbases:bloodyLeggings",0,"Bloodstained Thaumaturge's Leggings","1","false","15","bloodrobes","2",""
"10","dreamcraft.lootbag.group.magic_adept","1","1","2","thaumicbases:bloodyChest",0,"Bloodstained Thaumaturge's Robe","1","false","15","bloodrobes","2",""
"10","dreamcraft.lootbag.group.magic_adept","1","1","2","Thaumcraft:FocusTrade",0,"Wand Focus: Equal Trade","1","false","10","","2","{upgrade:[0:{id:3s},1:{id:3s},2:{id:2s},3:{id:-1s},4:{id:-1s}]}"
"10","dreamcraft.lootbag.group.magic_adept","1","1","2","Thaumcraft:FocusShock",0,"Wand Focus: Shock","1","false","10","","2","{upgrade:[0:{id:0s},1:{id:0s},2:{id:18s},3:{id:-1s},4:{id:-1s}]}"
"11","dreamcraft.lootbag.group.magic_master","2","1","2","Thaumcraft:ItemGolemPlacer",2,"Tallow Golem","1","false","45","","0","{gadomancy:{}}"
"11","dreamcraft.lootbag.group.magic_master","2","1","2","Thaumcraft:ItemGolemPlacer",3,"Clay Golem","1","false","40","","0","{gadomancy:{}}"
"11","dreamcraft.lootbag.group.magic_master","2","1","2","Thaumcraft:ItemGolemPlacer",4,"Flesh Golem","1","false","30","","0","{gadomancy:{}}"
"11","dreamcraft.lootbag.group.magic_master","2","1","2","Thaumcraft:ItemGolemPlacer",5,"Stone Golem","1","false","25","","0","{gadomancy:{}}"
"11","dreamcraft.lootbag.group.magic_master","2","1","2","Thaumcraft:ItemGolemPlacer",6,"Iron Golem","1","false","20","","0","{gadomancy:{}}"
"11","dreamcraft.lootbag.group.magic_master","2","1","2","Thaumcraft:ItemGolemPlacer",7,"Thaumium Golem","1","false","15","","0","{gadomancy:{}}"
"11","dreamcraft.lootbag.group.magic_master","2","1","2","gadomancy:itemSilverwoodGolemPlacer",8,"Silverwood Golem","1","false","10","","0","{gadomancy:{}}"
"11","dreamcraft.lootbag.group.magic_master","2","1","2","Thaumcraft:ItemGolemCore",0,"Golem Animation Core","2","false","45","","0",""
"11","dreamcraft.lootbag.group.magic_master","2","1","2","Thaumcraft:ItemGolemCore",1,"Golem Animation Core","2","false","45","","0",""
"11","dreamcraft.lootbag.group.magic_master","2","1","2","Thaumcraft:ItemGolemCore",2,"Golem Animation Core","2","false","45","","0",""
"12","dreamcraft.lootbag.group.magic_grandmaster","3","1","2","Thaumcraft:WandCasting",84,"Iron Capped Wooden Wand","1","false","15","","1","{cap:""void"",rod:""equivalent""}"
"12","dreamcraft.lootbag.group.magic_grandmaster","3","1","2","Thaumcraft:BlockJarNodeItem",0,"Node in a Jar","1","false","15","","3","{nodetype:0,Aspects:[0:{amount:80,key:""instrumentum""}],display:{Lore:[0:""First hand. Not the second hand crap from the questbook""],Name:""Namikon's totally legit Node""},nodemod:0,nodeid:""0:-312:64:54""}"
"12","dreamcraft.lootbag.group.magic_grandmaster","3","1","2","Thaumcraft:ItemResource",16,"Void metal Ingot","16","true","55","","0",""
"12","dreamcraft.lootbag.group.magic_grandmaster","3","1","2","Thaumcraft:WandCap",2,"Charged Thaumium Cap","2","false","45","","2",""
"12","dreamcraft.lootbag.group.magic_grandmaster","3","1","2","Thaumcraft:ItemLeggingsCultistLeaderPlate",0,"Crimson Praetor Greaves","1","false","35","","2",""
"12","dreamcraft.lootbag.group.magic_grandmaster","3","1","2","Thaumcraft:ItemChestplateCultistLeaderPlate",0,"Crimson Praetor Chestplate","1","false","35","","2",""
"12","dreamcraft.lootbag.group.magic_grandmaster","3","1","2","Thaumcraft:ItemHelmetCultistLeaderPlate",0,"Crimson Praetor Helm","1","false","35","","2",""
"12","dreamcraft.lootbag.group.magic_grandmaster","3","1","2","thaumicbases:nodeLinker",0,"Node Linking Device","1","false","25","","2",""
"12","dreamcraft.lootbag.group.magic_grandmaster","3","1","2","Thaumcraft:BlockJarFilledItem",0,"Jar of Essentia","1","false","55","","0","{Aspects:[0:{amount:64,key:""strontio""}]}"
"12","dreamcraft.lootbag.group.magic_grandmaster","3","1","2","ThaumicHorizons:synthNode",0,"Ethereal Shard","1","false","55","","0",""
"12","dreamcraft.lootbag.group.magic_grandmaster","3","1","2","Thaumcraft:WandCasting",216,"Iron Capped Wooden Wand","1","false","15","","2","{cap:""void"",rod:""silverwood_staff"",AttributeModifiers:[0:{UUIDMost:-3801225194067177672L,UUIDLeast:-6586624321849018929L,Amount:6.0d,AttributeName:""generic.attackDamage"",Operation:0,Name:""Weapon modifier""}]}"
"12","dreamcraft.lootbag.group.magic_grandmaster","3","1","2","Thaumcraft:WandRod",2,"Silverwood Rod","1","false","35","","0",""
"12","dreamcraft.lootbag.group.magic_grandmaster","3","1","2","thaumicenergistics:storage.essentia",1,"§e4k§r ME Essentia Storage Cell","1","false","25","essentiaAE","0","{}"
"12","dreamcraft.lootbag.group.magic_grandmaster","3","1","2","thaumicenergistics:thaumicenergistics.block.essentia.provider",0,"Essentia Provider","2","false","25","essentiaAE","0",""
"12","dreamcraft.lootbag.group.magic_grandmaster","3","1","2","WarpTheory:item.warptheory.cleanser",0,"Pure Tear","1","false","45","","0",""
"12","dreamcraft.lootbag.group.magic_grandmaster","3","1","2","Thaumcraft:blockStoneDevice",11,"Node Transducer","1","false","35","","0",""
"12","dreamcraft.lootbag.group.magic_grandmaster","3","1","2","Thaumcraft:ItemGolemCore",7,"Golem Animation Core","1","false","55","","0",""
"12","dreamcraft.lootbag.group.magic_grandmaster","3","1","2","Thaumcraft:ItemGolemCore",6,"Golem Animation Core","1","false","55","","0",""
"12","dreamcraft.lootbag.group.magic_grandmaster","3","1","2","Thaumcraft:blockTube",7,"Essentia Crystallizer","2","false","45","","0",""
"12","dreamcraft.lootbag.group.magic_grandmaster","3","1","2","TaintedMagic:ItemShadowFortressHelmet",0,"Shadow Fortress Helm","1","false","5","shadowarmor","2",""
"12","dreamcraft.lootbag.group.magic_grandmaster","3","1","2","TaintedMagic:ItemShadowFortressChestplate",0,"Shadow Fortress Cuirass","1","false","5","shadowarmor","2",""
"12","dreamcraft.lootbag.group.magic_grandmaster","3","1","2","TaintedMagic:ItemShadowFortressLeggings",0,"Shadow Fortress Thigh Guards","1","false","5","shadowarmor","2",""
"12","dreamcraft.lootbag.group.magic_grandmaster","3","1","2","TaintedMagic:ItemVoidFortressHelmet",0,"Void Fortress Helm","1","false","5","voidarmor","2",""
"12","dreamcraft.lootbag.group.magic_grandmaster","3","1","2","TaintedMagic:ItemVoidFortressChestplate",0,"Void Fortress Cuirass","1","false","5","voidarmor","2",""
"12","dreamcraft.lootbag.group.magic_grandmaster","3","1","2","TaintedMagic:ItemVoidFortressLeggings",0,"Void Fortress Thigh Guards","1","false","5","voidarmor","2",""
"12","dreamcraft.lootbag.group.magic_grandmaster","3","1","2","Thaumcraft:ItemEldritchObject",0,"Eldritch Eye","2","false","45","","0",""
"12","dreamcraft.lootbag.group.magic_grandmaster","3","1","2","thaumicbases:spike",4,"Void Spikes","4","false","40","","0",""
"13","dreamcraft.lootbag.group.magic_grandmaster_unique","3","1","1","ThaumicTinkerer:warpGate",0,"Celestial Gateway","2","false","100","celestial_gateway","1",""
"13","dreamcraft.lootbag.group.magic_grandmaster_unique","3","1","1","minecraft:beacon",0,"Beacon","1","false","100","","1",""
"13","dreamcraft.lootbag.group.magic_grandmaster_unique","3","1","1","WarpTheory:item.warptheory.amulet",0,"Purification Talisman","1","false","100","","1",""
"13","dreamcraft.lootbag.group.magic_grandmaster_unique","3","1","1","ThaumicTinkerer:kamiResource",0,"Ichor","8","false","100","","1",""
"13","dreamcraft.lootbag.group.magic_grandmaster_unique","3","1","1","ThaumicTinkerer:skyPearl",0,"Celestial Pearl","2","false","100","celestial_gateway","1",""
"13","dreamcraft.lootbag.group.magic_grandmaster_unique","3","1","1","TaintedMagic:ItemFocusTime",0,"Wand Focus: Time","1","false","100","","1",""
"13","dreamcraft.lootbag.group.magic_grandmaster_unique","3","1","1","TaintedMagic:ItemPrimordialEdge",0,"Edge of the Primordials","1","false","100","","1",""
"14","dreamcraft.lootbag.group.legendary","3","1","1","DraconicEvolution:wyvernPickaxe",0,"Pickaxe of the Wyvern","1","false","50","","2","{Energy:1000000}"
"14","dreamcraft.lootbag.group.legendary","3","1","1","Forestry:beeDroneGE",0,"Drone","16","false","80","","0","{MaxH:20,Health:20,IsAnalyzed:1b,Genome:{Chromosomes:[0:{UID1:""magicbees.speciesSilicon"",UID0:""magicbees.speciesSilicon"",Slot:0b},1:{UID1:""forestry.speedSlow"",UID0:""forestry.speedSlow"",Slot:1b},2:{UID1:""forestry.lifespanShorter"",UID0:""forestry.lifespanShorter"",Slot:2b},3:{UID1:""forestry.fertilityLow"",UID0:""forestry.fertilityLow"",Slot:3b},4:{UID1:""forestry.toleranceNone"",UID0:""forestry.toleranceNone"",Slot:4b},5:{UID1:""forestry.boolTrue"",UID0:""forestry.boolTrue"",Slot:5b},6:{UID1:""forestry.toleranceNone"",UID0:""forestry.toleranceNone"",Slot:7b},7:{UID1:""forestry.boolTrue"",UID0:""forestry.boolTrue"",Slot:8b},8:{UID1:""forestry.boolTrue"",UID0:""forestry.boolTrue"",Slot:9b},9:{UID1:""forestry.flowersVanilla"",UID0:""forestry.flowersVanilla"",Slot:10b},10:{UID1:""forestry.floweringSlowest"",UID0:""forestry.floweringSlowest"",Slot:11b},11:{UID1:""forestry.territoryLarger"",UID0:""forestry.territoryLarger"",Slot:12b},12:{UID1:""forestry.effectNone"",UID0:""forestry.effectNone"",Slot:13b}]}}"
"14","dreamcraft.lootbag.group.legendary","3","1","1","DraconicEvolution:wyvernCore",0,"Wyvern Core","16","false","80","","0",""
"14","dreamcraft.lootbag.group.legendary","3","1","1","DraconicEvolution:wyvernSword",0,"Sword of the Wyvern","1","false","50","","2","{Energy:1000000}"
"14","dreamcraft.lootbag.group.legendary","3","1","1","DraconicEvolution:draconicCore",0,"Draconic Core","8","false","80","","0",""
"14","dreamcraft.lootbag.group.legendary","3","1","1","DraconicEvolution:wyvernShovel",0,"Shovel of the Wyvern","1","false","50","","2","{Energy:1000000}"
"16","dreamcraft.lootbag.group.bm_novice","1","1","1","AWWayofTime:crystallos",0,"Crystallos","4","false","55","","0",""
"16","dreamcraft.lootbag.group.bm_novice","1","1","1","AWWayofTime:aether",0,"Aether","4","false","55","","0",""
"16","dreamcraft.lootbag.group.bm_novice","1","1","1","AWWayofTime:crepitous",0,"Crepitous","4","false","55","","0",""
"16","dreamcraft.lootbag.group.bm_novice","1","1","1","AWWayofTime:incendium",0,"Incendium","4","false","55","","0",""
"16","dreamcraft.lootbag.group.bm_novice","1","1","1","AWWayofTime:magicales",0,"Magicales","4","false","55","","0",""
"16","dreamcraft.lootbag.group.bm_novice","1","1","1","AWWayofTime:aquasalus",0,"Aquasalus","4","false","55","","0",""
"16","dreamcraft.lootbag.group.bm_novice","1","1","1","AWWayofTime:sanctus",0,"Sanctus","4","false","55","","0",""
"16","dreamcraft.lootbag.group.bm_novice","1","1","1","AWWayofTime:tennebrae",0,"Tenebrae","4","false","55","","0",""
"16","dreamcraft.lootbag.group.bm_novice","1","1","1","AWWayofTime:terrae",0,"Terrae","4","false","55","","0",""
"16","dreamcraft.lootbag.group.bm_novice","1","1","1","AWWayofTime:bloodMagicBaseAlchemyItems",3,"Strengthened Catalyst","16","false","75","","0",""
"16","dreamcraft.lootbag.group.bm_novice","1","1","1","AWWayofTime:alchemyFlask",0,"Potion Flask","4","false","65","","0",""
"16","dreamcraft.lootbag.group.bm_novice","1","1","1","AWWayofTime:averageLengtheningCatalyst",0,"Average Lengthening Catalyst","4","false","75","","0",""
"16","dreamcraft.lootbag.group.bm_novice","1","1","1","AWWayofTime:averagePowerCatalyst",0,"Average Power Catalyst","4","false","75","","0",""
"16","dreamcraft.lootbag.group.bm_novice","1","1","1","AWWayofTime:blockAlchemicCalcinator",0,"Alchemic Calcinator","1","false","65","","0",""
"16","dreamcraft.lootbag.group.bm_novice","1","1","1","AWWayofTime:bloodMagicBaseAlchemyItems",5,"Fractured Bone","1","false","70","","0",""
"16","dreamcraft.lootbag.group.bm_novice","1","1","1","AWWayofTime:simpleCatalyst",0,"Simple Catalyst","8","false","70","","0",""
"16","dreamcraft.lootbag.group.bm_novice","1","1","1","AWWayofTime:standardBindingAgent",0,"Standard Binding Agent","4","false","65","","0",""
"16","dreamcraft.lootbag.group.bm_novice","1","1","1","AWWayofTime:standardFillingAgent",0,"Standard Filling Agent","4","false","65","","0",""
"16","dreamcraft.lootbag.group.bm_novice","1","1","1","AWWayofTime:bloodStoneBrick",0,"Bloodstone Brick","32","false","75","","0",""
"16","dreamcraft.lootbag.group.bm_novice","1","1","1","AWWayofTime:blockCrystalBelljar",0,"Crystal Belljar","2","false","65","","0",""
"16","dreamcraft.lootbag.group.bm_novice","1","1","1","AWWayofTime:reinforcedSlate",0,"Reinforced Slate","8","false","65","","0",""
"16","dreamcraft.lootbag.group.bm_novice","1","1","1","AWWayofTime:blankSlate",0,"Blank Slate","8","false","75","","0",""
"17","dreamcraft.lootbag.group.bm_adept","2","1","1","AWWayofTime:greaterLengtheningCatalyst",0,"Greater Lengthening Catalyst","4","false","45","","0",""
"17","dreamcraft.lootbag.group.bm_adept","2","1","1","AWWayofTime:enhancedFillingAgent",0,"Enhanced Filling Agent","16","false","65","","0",""
"17","dreamcraft.lootbag.group.bm_adept","2","1","1","AWWayofTime:greaterPowerCatalyst",0,"Greater Power Catalyst","8","false","55","","0",""
"17","dreamcraft.lootbag.group.bm_adept","2","1","1","AWWayofTime:AlchemicalWizardrytile.blockSpellParadigm",3,"Tool Forger","1","false","40","","0",""
"17","dreamcraft.lootbag.group.bm_adept","2","1","1","AWWayofTime:AlchemicalWizardrytile.blockSpellParadigm",2,"Melee Aggregator","1","false","40","","0",""
"17","dreamcraft.lootbag.group.bm_adept","2","1","1","AWWayofTime:AlchemicalWizardrytile.blockSpellParadigm",1,"Self Augmentator","1","false","40","","0",""
"17","dreamcraft.lootbag.group.bm_adept","2","1","1","AWWayofTime:AlchemicalWizardrytile.blockSpellModifier",3,"Environmental Spell Modifier","1","false","40","","0",""
"17","dreamcraft.lootbag.group.bm_adept","2","1","1","AWWayofTime:AlchemicalWizardrytile.blockSpellEffect",0,"Crucible of Fire","1","false","40","","0",""
"17","dreamcraft.lootbag.group.bm_adept","2","1","1","AWWayofTime:AlchemicalWizardrytile.blockSpellEffect",1,"Ice Maker","1","false","40","","0",""
"17","dreamcraft.lootbag.group.bm_adept","2","1","1","AWWayofTime:AlchemicalWizardrytile.blockSpellEffect",2,"Wind Generator","1","false","40","","0",""
"17","dreamcraft.lootbag.group.bm_adept","2","1","1","AWWayofTime:AlchemicalWizardrytile.blockSpellEffect",3,"Earth Former","1","false","40","","0",""
"17","dreamcraft.lootbag.group.bm_adept","2","1","1","AWWayofTime:AlchemicalWizardrytile.blockSpellParadigm",0,"Particle Generator","1","false","40","","0",""
"17","dreamcraft.lootbag.group.bm_adept","2","1","1","AWWayofTime:AlchemicalWizardrytile.blockSpellEnhancement",0,"Unstable Spell Empowerer","1","false","40","","0",""
"17","dreamcraft.lootbag.group.bm_adept","2","1","1","AWWayofTime:AlchemicalWizardrytile.blockSpellEnhancement",5,"Unstable Spell Dampener","1","false","40","","0",""
"17","dreamcraft.lootbag.group.bm_adept","2","1","1","AWWayofTime:AlchemicalWizardrytile.blockSpellModifier",0,"Default Spell Modifier","1","false","40","","0",""
"17","dreamcraft.lootbag.group.bm_adept","2","1","1","AWWayofTime:AlchemicalWizardrytile.blockSpellModifier",1,"Offensive Spell Modifier","1","false","40","","0",""
"17","dreamcraft.lootbag.group.bm_adept","2","1","1","AWWayofTime:blockReagentConduit",0,"Alchemy Relay","1","false","55","","0",""
"17","dreamcraft.lootbag.group.bm_adept","2","1","1","AWWayofTime:emptySocket",0,"Empty Socket","2","false","75","","0",""
"17","dreamcraft.lootbag.group.bm_adept","2","1","1","AWWayofTime:bloodMagicBaseAlchemyItems",4,"Concentrated Catalyst","16","false","65","","0",""
"17","dreamcraft.lootbag.group.bm_adept","2","1","1","AWWayofTime:AlchemicalWizardrytile.blockSpellEnhancement",10,"Unstable Spell Augmentor","1","false","40","","0",""
"17","dreamcraft.lootbag.group.bm_adept","2","1","1","AWWayofTime:AlchemicalWizardrytile.blockSpellModifier",2,"Defensive Spell Modifier","1","false","40","","0",""
"17","dreamcraft.lootbag.group.bm_adept","2","1","1","AWWayofTime:demonicSlate",0,"Demonic Slate","8","false","75","","0",""
"17","dreamcraft.lootbag.group.bm_adept","2","1","1","AWWayofTime:imbuedSlate",0,"Imbued Slate","8","false","75","","0",""
"18","dreamcraft.lootbag.group.bm_master","3","1","1","AWWayofTime:bloodMagicBaseItems",27,"Ethereal Slate","8","false","75","","0",""
"18","dreamcraft.lootbag.group.bm_master","3","1","1","AWWayofTime:bloodMagicBaseItems",29,"Soul Shard","4","false","50","demonShards","0",""
"18","dreamcraft.lootbag.group.bm_master","3","1","1","AWWayofTime:bloodMagicBaseItems",28,"Life Shard","4","false","50","demonShards","0",""
"18","dreamcraft.lootbag.group.bm_master","3","1","1","AWWayofTime:blockTeleposer",0,"Teleposer","1","false","45","teleposer","0",""
"18","dreamcraft.lootbag.group.bm_master","3","1","1","AWWayofTime:blockCrystalBelljar",0,"Crystal Belljar","1","false","40","","0","{reagentTanks:[0:{amount:16000,Reagent:""magicales"",capacity:16000}]}"
"18","dreamcraft.lootbag.group.bm_master","3","1","1","AWWayofTime:blockCrystalBelljar",0,"Crystal Belljar","1","false","40","","0","{reagentTanks:[0:{amount:16000,Reagent:""potentia"",capacity:16000}]}"
"18","dreamcraft.lootbag.group.bm_master","3","1","1","AWWayofTime:blockCrystalBelljar",0,"Crystal Belljar","1","false","40","","0","{reagentTanks:[0:{amount:16000,Reagent:""terrae"",capacity:16000}]}"
"18","dreamcraft.lootbag.group.bm_master","3","1","1","AWWayofTime:blockCrystalBelljar",0,"Crystal Belljar","1","false","40","","0","{reagentTanks:[0:{amount:16000,Reagent:""crepitous"",capacity:16000}]}"
"18","dreamcraft.lootbag.group.bm_master","3","1","1","AWWayofTime:blockCrystalBelljar",0,"Crystal Belljar","1","false","40","","0","{reagentTanks:[0:{amount:16000,Reagent:""offensa"",capacity:16000}]}"
"18","dreamcraft.lootbag.group.bm_master","3","1","1","AWWayofTime:blockCrystalBelljar",0,"Crystal Belljar","1","false","40","","0","{reagentTanks:[0:{amount:16000,Reagent:""orbisTerrae"",capacity:16000}]}"
"18","dreamcraft.lootbag.group.bm_master","3","1","1","AWWayofTime:blockCrystalBelljar",0,"Crystal Belljar","1","false","40","","0","{reagentTanks:[0:{amount:16000,Reagent:""virtus"",capacity:16000}]}"
"18","dreamcraft.lootbag.group.bm_master","3","1","1","AWWayofTime:blockCrystalBelljar",0,"Crystal Belljar","1","false","40","","0","{reagentTanks:[0:{amount:16000,Reagent:""crystallos"",capacity:16000}]}"
"18","dreamcraft.lootbag.group.bm_master","3","1","1","AWWayofTime:telepositionFocus",0,"Teleposition Focus","1","false","45","teleposer","0",""
"18","dreamcraft.lootbag.group.bm_master","3","1","1","AWWayofTime:blockCrystalBelljar",0,"Crystal Belljar","1","false","40","","0","{reagentTanks:[0:{amount:16000,Reagent:""incendium"",capacity:16000}]}"
"18","dreamcraft.lootbag.group.bm_master","3","1","1","AWWayofTime:blockCrystalBelljar",0,"Crystal Belljar","1","false","40","","0","{reagentTanks:[0:{amount:16000,Reagent:""aquasalus"",capacity:16000}]}"
"18","dreamcraft.lootbag.group.bm_master","3","1","1","AWWayofTime:blockCrystalBelljar",0,"Crystal Belljar","1","false","40","","0","{reagentTanks:[0:{amount:16000,Reagent:""praesidium"",capacity:16000}]}"
"18","dreamcraft.lootbag.group.bm_master","3","1","1","AWWayofTime:blockCrystalBelljar",0,"Crystal Belljar","1","false","40","","0","{reagentTanks:[0:{amount:16000,Reagent:""aether"",capacity:16000}]}"
"18","dreamcraft.lootbag.group.bm_master","3","1","1","AWWayofTime:blockCrystalBelljar",0,"Crystal Belljar","1","false","40","","0","{reagentTanks:[0:{amount:16000,Reagent:""reductus"",capacity:16000}]}"
"18","dreamcraft.lootbag.group.bm_master","3","1","1","AWWayofTime:blockCrystalBelljar",0,"Crystal Belljar","1","false","40","","0","{reagentTanks:[0:{amount:16000,Reagent:""tenebrae"",capacity:16000}]}"
"18","dreamcraft.lootbag.group.bm_master","3","1","1","AWWayofTime:blockCrystalBelljar",0,"Crystal Belljar","1","false","40","","0","{reagentTanks:[0:{amount:16000,Reagent:""sanctus"",capacity:16000}]}"
"19","dreamcraft.lootbag.group.forest_ranger_basic","0","1","1","Forestry:engine",2,"Biogas Engine","1","false","33","","0",""
"19","dreamcraft.lootbag.group.forest_ranger_basic","0","1","1","Forestry:engine",1,"Peat-fired Engine","1","false","33","","0",""
"19","dreamcraft.lootbag.group.forest_ranger_basic","0","1","1","Forestry:engine",0,"Electrical Engine","1","false","33","","0",""
"19","dreamcraft.lootbag.group.forest_ranger_basic","0","1","1","Forestry:solderingIron",0,"Soldering Iron","1","false","60","","0",""
"19","dreamcraft.lootbag.group.forest_ranger_basic","0","1","1","Forestry:chipsets",0,"Basic Circuit Board","1","false","75","","0","{T:0s}"
"19","dreamcraft.lootbag.group.forest_ranger_basic","0","1","1","Forestry:chipsets",1,"Enhanced Circuit Board","1","false","50","","0","{T:1s}"
"19","dreamcraft.lootbag.group.forest_ranger_basic","0","1","1","Forestry:chipsets",2,"Refined Circuit Board","1","false","25","","0","{T:2s}"
"19","dreamcraft.lootbag.group.forest_ranger_basic","0","1","1","Forestry:chipsets",3,"Intricate Circuit Board","1","false","10","","0","{T:3s}"
"19","dreamcraft.lootbag.group.forest_ranger_basic","0","1","1","Forestry:thermionicTubes",0,"Copper Electron Tube","2","false","33","","0",""
"19","dreamcraft.lootbag.group.forest_ranger_basic","0","1","1","Forestry:thermionicTubes",1,"Tin Electron Tube","2","false","33","","0",""
"19","dreamcraft.lootbag.group.forest_ranger_basic","0","1","1","Forestry:thermionicTubes",2,"Bronze Electron Tube","2","false","33","","0",""
"19","dreamcraft.lootbag.group.forest_ranger_basic","0","1","1","Forestry:thermionicTubes",9,"Emerald Electron Tube","2","false","33","","0",""
"19","dreamcraft.lootbag.group.forest_ranger_basic","0","1","1","Forestry:thermionicTubes",10,"Apatine Electron Tube","2","false","50","","0",""
"19","dreamcraft.lootbag.group.forest_ranger_basic","0","1","1","Forestry:thermionicTubes",11,"Lapis Electron Tube","2","false","33","","0",""
"19","dreamcraft.lootbag.group.forest_ranger_basic","0","1","1","Forestry:factory2",2,"Worktable","1","false","45","","0",""
"19","dreamcraft.lootbag.group.forest_ranger_basic","0","1","1","Forestry:sturdyMachine",0,"Sturdy Casing","1","false","25","","0",""
"19","dreamcraft.lootbag.group.forest_ranger_basic","0","1","1","Forestry:minerBag",0,"Miner's Backpack","1","false","75","","0",""
"19","dreamcraft.lootbag.group.forest_ranger_basic","0","1","1","Forestry:diggerBag",0,"Digger's Backpack","1","false","75","","0",""
"19","dreamcraft.lootbag.group.forest_ranger_basic","0","1","1","Forestry:foresterBag",0,"Forester's Backpack","1","false","75","","0",""
"19","dreamcraft.lootbag.group.forest_ranger_basic","0","1","1","Forestry:hunterBag",0,"Hunter's Backpack","1","false","75","","0",""
"19","dreamcraft.lootbag.group.forest_ranger_basic","0","1","1","Forestry:adventurerBag",0,"Adventurer's Backpack","1","false","75","","0",""
"19","dreamcraft.lootbag.group.forest_ranger_basic","0","1","1","Forestry:builderBag",0,"Builder's Backpack","1","false","75","","0",""
"19","dreamcraft.lootbag.group.forest_ranger_basic","0","1","1","Forestry:grafter",0,"Grafter","1","false","50","","0",""
"19","dreamcraft.lootbag.group.forest_ranger_basic","0","1","1","Forestry:peat",0,"Peat","4","false","75","","0",""
"19","dreamcraft.lootbag.group.forest_ranger_basic","0","1","1","Forestry:bituminousPeat",0,"Bituminous Peat","2","false","50","","0",""
"19","dreamcraft.lootbag.group.forest_ranger_basic","0","1","1","Forestry:factory2",1,"Raintank","1","false","45","","0",""
"19","dreamcraft.lootbag.group.forest_ranger_basic","0","1","1","Forestry:canEmpty",0,"Can","32","false","80","","0",""
"19","dreamcraft.lootbag.group.forest_ranger_basic","0","1","1","Forestry:waxCapsule",0,"Wax Capsule","32","false","80","","0",""
"19","dreamcraft.lootbag.group.forest_ranger_basic","0","1","1","Forestry:refractoryEmpty",0,"Refractory Capsule","16","false","80","","0",""
"19","dreamcraft.lootbag.group.forest_ranger_basic","0","1","1","Forestry:bucketEthanol",0,"Ethanol Bucket","1","false","50","","0",""
"19","dreamcraft.lootbag.group.forest_ranger_basic","0","1","1","Forestry:bucketBiomass",0,"Biomass Bucket","1","false","75","","0",""
"19","dreamcraft.lootbag.group.forest_ranger_basic","0","1","1","Forestry:honeyedSlice",0,"Honeyed Slice","1","false","60","","0",""
"19","dreamcraft.lootbag.group.forest_ranger_basic","0","1","1","Forestry:logs",0,"Larch Wood","64","false","80","","0",""
"19","dreamcraft.lootbag.group.forest_ranger_basic","0","1","1","Forestry:logs",1,"Teak Wood","64","false","80","","0",""
"19","dreamcraft.lootbag.group.forest_ranger_basic","0","1","1","Forestry:logs",2,"Desert Acacia Wood","64","false","80","","0",""
"19","dreamcraft.lootbag.group.forest_ranger_basic","0","1","1","Forestry:logs",3,"Lime Wood","64","false","80","","0",""
"19","dreamcraft.lootbag.group.forest_ranger_basic","0","1","1","Forestry:logs",4,"Chestnut Wood","64","false","80","","0",""
"19","dreamcraft.lootbag.group.forest_ranger_basic","0","1","1","Forestry:logs",5,"Wenge Wood","64","false","80","","0",""
"19","dreamcraft.lootbag.group.forest_ranger_basic","0","1","1","Forestry:logs",6,"Baobab Wood","64","false","80","","0",""
"19","dreamcraft.lootbag.group.forest_ranger_basic","0","1","1","Forestry:logs",7,"Sequoia Wood","64","false","80","","0",""
"19","dreamcraft.lootbag.group.forest_ranger_basic","0","1","1","Forestry:logs",8,"Kapok Wood","64","false","80","","0",""
"19","dreamcraft.lootbag.group.forest_ranger_basic","0","1","1","Forestry:logs",9,"Ebony Wood","64","false","80","","0",""
"19","dreamcraft.lootbag.group.forest_ranger_basic","0","1","1","Forestry:logs",10,"Mahogany Wood","64","false","80","","0",""
"19","dreamcraft.lootbag.group.forest_ranger_basic","0","1","1","Forestry:logs",11,"Balsa Wood","64","false","80","","0",""
"19","dreamcraft.lootbag.group.forest_ranger_basic","0","1","1","Forestry:logs",12,"Willow Wood","64","false","80","","0",""
"19","dreamcraft.lootbag.group.forest_ranger_basic","0","1","1","Forestry:logs",13,"Walnut Wood","64","false","80","","0",""
"19","dreamcraft.lootbag.group.forest_ranger_basic","0","1","1","Forestry:logs",14,"Greenheart Wood","64","false","80","","0",""
"19","dreamcraft.lootbag.group.forest_ranger_basic","0","1","1","Forestry:logs",15,"Cherry Wood","64","false","80","","0",""
"19","dreamcraft.lootbag.group.forest_ranger_basic","0","1","1","Forestry:logs",16,"Mahoe Wood","64","false","80","","0",""
"19","dreamcraft.lootbag.group.forest_ranger_basic","0","1","1","Forestry:logs",17,"Poplar Wood","64","false","80","","0",""
"19","dreamcraft.lootbag.group.forest_ranger_basic","0","1","1","Forestry:logs",18,"Palm Wood","64","false","80","","0",""
"19","dreamcraft.lootbag.group.forest_ranger_basic","0","1","1","Forestry:logs",19,"Papaya Wood","64","false","80","","0",""
"19","dreamcraft.lootbag.group.forest_ranger_basic","0","1","1","Forestry:logs",20,"Pine Wood","64","false","80","","0",""
"19","dreamcraft.lootbag.group.forest_ranger_basic","0","1","1","Forestry:logs",21,"Plum Wood","64","false","80","","0",""
"19","dreamcraft.lootbag.group.forest_ranger_basic","0","1","1","Forestry:logs",22,"Maple Wood","64","false","80","","0",""
"19","dreamcraft.lootbag.group.forest_ranger_basic","0","1","1","Forestry:logs",23,"Citrus Wood","64","false","80","","0",""
"19","dreamcraft.lootbag.group.forest_ranger_basic","0","1","1","Forestry:logs",24,"Giant Sequoia Wood","64","false","80","","0",""
"19","dreamcraft.lootbag.group.forest_ranger_basic","0","1","1","Forestry:logs",25,"Ipe Wood","64","false","80","","0",""
"19","dreamcraft.lootbag.group.forest_ranger_basic","0","1","1","Forestry:logs",26,"Padauk Wood","64","false","80","","0",""
"19","dreamcraft.lootbag.group.forest_ranger_basic","0","1","1","Forestry:logs",27,"Cocobolo Wood","64","false","80","","0",""
"19","dreamcraft.lootbag.group.forest_ranger_basic","0","1","1","Forestry:logs",28,"Zebrawood Wood","64","false","80","","0",""
"19","dreamcraft.lootbag.group.forest_ranger_basic","0","1","1","minecraft:glass",0,"Glass","16","false","90","","0",""
"19","dreamcraft.lootbag.group.forest_ranger_basic","0","1","1","gregtech:gt.metaitem.02",19035,"Fine Copper Wire","16","false","80","","0",""
"19","dreamcraft.lootbag.group.forest_ranger_basic","0","1","1","gregtech:gt.metaitem.01",26086,"Gold Bolt","16","false","80","","0",""
"19","dreamcraft.lootbag.group.forest_ranger_basic","0","1","1","gregtech:gt.metaitem.02",22300,"Long Bronze Rod","8","false","60","","0",""
"19","dreamcraft.lootbag.group.forest_ranger_basic","0","1","1","gregtech:gt.metaitem.02",22057,"Long Tin Rod","8","false","60","","0",""
"19","dreamcraft.lootbag.group.forest_ranger_basic","0","1","1","gregtech:gt.metaitem.02",22035,"Long Copper Rod","8","false","60","","0",""
"19","dreamcraft.lootbag.group.forest_ranger_basic","0","1","1","gregtech:gt.metaitem.02",22526,"Long Lapis Rod","8","false","60","","0",""
"19","dreamcraft.lootbag.group.forest_ranger_basic","0","1","1","gregtech:gt.metaitem.02",22530,"Long Apatite Rod","8","false","60","","0",""
"19","dreamcraft.lootbag.group.forest_ranger_basic","0","1","1","gregtech:gt.metaitem.02",22501,"Long Emerald Rod","8","false","60","","0",""
"19","dreamcraft.lootbag.group.forest_ranger_basic","0","1","1","gregtech:gt.metaitem.01",17308,"Red Alloy Plate","16","false","80","","0",""
"20","dreamcraft.lootbag.group.forest_ranger_advanced","1","1","2","Forestry:ffarm",0,"Farm Block","4","false","50","","0","{FarmBlock:0}"
"20","dreamcraft.lootbag.group.forest_ranger_advanced","1","1","2","Forestry:ffarm",0,"Farm Block","4","false","50","","0","{FarmBlock:1}"
"20","dreamcraft.lootbag.group.forest_ranger_advanced","1","1","2","Forestry:ffarm",0,"Farm Block","4","false","50","","0","{FarmBlock:2}"
"20","dreamcraft.lootbag.group.forest_ranger_advanced","1","1","2","Forestry:ffarm",0,"Farm Block","4","false","50","","0","{FarmBlock:3}"
"20","dreamcraft.lootbag.group.forest_ranger_advanced","1","1","2","Forestry:ffarm",0,"Farm Block","4","false","50","","0","{FarmBlock:4}"
"20","dreamcraft.lootbag.group.forest_ranger_advanced","1","1","2","Forestry:ffarm",0,"Farm Block","4","false","50","","0","{FarmBlock:5}"
"20","dreamcraft.lootbag.group.forest_ranger_advanced","1","1","2","Forestry:ffarm",0,"Farm Block","4","false","50","","0","{FarmBlock:6}"
"20","dreamcraft.lootbag.group.forest_ranger_advanced","1","1","2","Forestry:ffarm",0,"Farm Block","4","false","50","","0","{FarmBlock:7}"
"20","dreamcraft.lootbag.group.forest_ranger_advanced","1","1","2","Forestry:ffarm",0,"Farm Block","4","false","50","","0","{FarmBlock:8}"
"20","dreamcraft.lootbag.group.forest_ranger_advanced","1","1","2","Forestry:ffarm",0,"Farm Block","4","false","50","","0","{FarmBlock:9}"
"20","dreamcraft.lootbag.group.forest_ranger_advanced","1","1","2","Forestry:ffarm",0,"Farm Block","4","false","50","","0","{FarmBlock:10}"
"20","dreamcraft.lootbag.group.forest_ranger_advanced","1","1","2","Forestry:ffarm",2,"Farm Gearbox","1","false","25","","0","{FarmBlock:0}"
"20","dreamcraft.lootbag.group.forest_ranger_advanced","1","1","2","Forestry:ffarm",2,"Farm Gearbox","1","false","25","","0","{FarmBlock:1}"
"20","dreamcraft.lootbag.group.forest_ranger_advanced","1","1","2","Forestry:ffarm",2,"Farm Gearbox","1","false","25","","0","{FarmBlock:2}"
"20","dreamcraft.lootbag.group.forest_ranger_advanced","1","1","2","Forestry:ffarm",2,"Farm Gearbox","1","false","25","","0","{FarmBlock:3}"
"20","dreamcraft.lootbag.group.forest_ranger_advanced","1","1","2","Forestry:ffarm",2,"Farm Gearbox","1","false","25","","0","{FarmBlock:4}"
"20","dreamcraft.lootbag.group.forest_ranger_advanced","1","1","2","Forestry:ffarm",2,"Farm Gearbox","1","false","25","","0","{FarmBlock:5}"
"20","dreamcraft.lootbag.group.forest_ranger_advanced","1","1","2","Forestry:ffarm",2,"Farm Gearbox","1","false","25","","0","{FarmBlock:6}"
"20","dreamcraft.lootbag.group.forest_ranger_advanced","1","1","2","Forestry:ffarm",2,"Farm Gearbox","1","false","25","","0","{FarmBlock:7}"
"20","dreamcraft.lootbag.group.forest_ranger_advanced","1","1","2","Forestry:ffarm",2,"Farm Gearbox","1","false","25","","0","{FarmBlock:8}"
"20","dreamcraft.lootbag.group.forest_ranger_advanced","1","1","2","Forestry:ffarm",2,"Farm Gearbox","1","false","25","","0","{FarmBlock:9}"
"20","dreamcraft.lootbag.group.forest_ranger_advanced","1","1","2","Forestry:ffarm",2,"Farm Gearbox","1","false","25","","0","{FarmBlock:10}"
"20","dreamcraft.lootbag.group.forest_ranger_advanced","1","1","2","Forestry:ffarm",3,"Farm Hatch","1","false","25","","0","{FarmBlock:0}"
"20","dreamcraft.lootbag.group.forest_ranger_advanced","1","1","2","Forestry:ffarm",3,"Farm Hatch","1","false","25","","0","{FarmBlock:1}"
"20","dreamcraft.lootbag.group.forest_ranger_advanced","1","1","2","Forestry:ffarm",3,"Farm Hatch","1","false","25","","0","{FarmBlock:2}"
"20","dreamcraft.lootbag.group.forest_ranger_advanced","1","1","2","Forestry:ffarm",3,"Farm Hatch","1","false","25","","0","{FarmBlock:3}"
"20","dreamcraft.lootbag.group.forest_ranger_advanced","1","1","2","Forestry:ffarm",3,"Farm Hatch","1","false","25","","0","{FarmBlock:4}"
"20","dreamcraft.lootbag.group.forest_ranger_advanced","1","1","2","Forestry:ffarm",3,"Farm Hatch","1","false","25","","0","{FarmBlock:5}"
"20","dreamcraft.lootbag.group.forest_ranger_advanced","1","1","2","Forestry:ffarm",3,"Farm Hatch","1","false","25","","0","{FarmBlock:6}"
"20","dreamcraft.lootbag.group.forest_ranger_advanced","1","1","2","Forestry:ffarm",3,"Farm Hatch","1","false","25","","0","{FarmBlock:7}"
"20","dreamcraft.lootbag.group.forest_ranger_advanced","1","1","2","Forestry:ffarm",3,"Farm Hatch","1","false","25","","0","{FarmBlock:8}"
"20","dreamcraft.lootbag.group.forest_ranger_advanced","1","1","2","Forestry:ffarm",3,"Farm Hatch","1","false","25","","0","{FarmBlock:9}"
"20","dreamcraft.lootbag.group.forest_ranger_advanced","1","1","2","Forestry:ffarm",3,"Farm Hatch","1","false","25","","0","{FarmBlock:10}"
"20","dreamcraft.lootbag.group.forest_ranger_advanced","1","1","2","Forestry:ffarm",4,"Farm Valve","1","false","25","","0","{FarmBlock:0}"
"20","dreamcraft.lootbag.group.forest_ranger_advanced","1","1","2","Forestry:ffarm",4,"Farm Valve","1","false","25","","0","{FarmBlock:1}"
"20","dreamcraft.lootbag.group.forest_ranger_advanced","1","1","2","Forestry:ffarm",4,"Farm Valve","1","false","25","","0","{FarmBlock:2}"
"20","dreamcraft.lootbag.group.forest_ranger_advanced","1","1","2","Forestry:ffarm",4,"Farm Valve","1","false","25","","0","{FarmBlock:3}"
"20","dreamcraft.lootbag.group.forest_ranger_advanced","1","1","2","Forestry:ffarm",4,"Farm Valve","1","false","25","","0","{FarmBlock:4}"
"20","dreamcraft.lootbag.group.forest_ranger_advanced","1","1","2","Forestry:ffarm",4,"Farm Valve","1","false","25","","0","{FarmBlock:5}"
"20","dreamcraft.lootbag.group.forest_ranger_advanced","1","1","2","Forestry:ffarm",4,"Farm Valve","1","false","25","","0","{FarmBlock:6}"
"20","dreamcraft.lootbag.group.forest_ranger_advanced","1","1","2","Forestry:ffarm",4,"Farm Valve","1","false","25","","0","{FarmBlock:7}"
"20","dreamcraft.lootbag.group.forest_ranger_advanced","1","1","2","Forestry:ffarm",4,"Farm Valve","1","false","25","","0","{FarmBlock:8}"
"20","dreamcraft.lootbag.group.forest_ranger_advanced","1","1","2","Forestry:ffarm",4,"Farm Valve","1","false","25","","0","{FarmBlock:9}"
"20","dreamcraft.lootbag.group.forest_ranger_advanced","1","1","2","Forestry:ffarm",4,"Farm Valve","1","false","25","","0","{FarmBlock:10}"
"20","dreamcraft.lootbag.group.forest_ranger_advanced","1","1","2","Forestry:ffarm",5,"Farm Control","1","false","25","","0","{FarmBlock:0}"
"20","dreamcraft.lootbag.group.forest_ranger_advanced","1","1","2","Forestry:ffarm",5,"Farm Control","1","false","25","","0","{FarmBlock:1}"
"20","dreamcraft.lootbag.group.forest_ranger_advanced","1","1","2","Forestry:ffarm",5,"Farm Control","1","false","25","","0","{FarmBlock:2}"
"20","dreamcraft.lootbag.group.forest_ranger_advanced","1","1","2","Forestry:ffarm",5,"Farm Control","1","false","25","","0","{FarmBlock:3}"
"20","dreamcraft.lootbag.group.forest_ranger_advanced","1","1","2","Forestry:ffarm",5,"Farm Control","1","false","25","","0","{FarmBlock:4}"
"20","dreamcraft.lootbag.group.forest_ranger_advanced","1","1","2","Forestry:ffarm",5,"Farm Control","1","false","25","","0","{FarmBlock:5}"
"20","dreamcraft.lootbag.group.forest_ranger_advanced","1","1","2","Forestry:ffarm",5,"Farm Control","1","false","25","","0","{FarmBlock:6}"
"20","dreamcraft.lootbag.group.forest_ranger_advanced","1","1","2","Forestry:ffarm",5,"Farm Control","1","false","25","","0","{FarmBlock:7}"
"20","dreamcraft.lootbag.group.forest_ranger_advanced","1","1","2","Forestry:ffarm",5,"Farm Control","1","false","25","","0","{FarmBlock:8}"
"20","dreamcraft.lootbag.group.forest_ranger_advanced","1","1","2","Forestry:ffarm",5,"Farm Control","1","false","25","","0","{FarmBlock:9}"
"20","dreamcraft.lootbag.group.forest_ranger_advanced","1","1","2","Forestry:ffarm",5,"Farm Control","1","false","25","","0","{FarmBlock:10}"
"20","dreamcraft.lootbag.group.forest_ranger_advanced","1","1","2","Forestry:thermionicTubes",0,"Copper Electron Tube","2","false","45","","0",""
"20","dreamcraft.lootbag.group.forest_ranger_advanced","1","1","2","Forestry:thermionicTubes",3,"Iron Electron Tube","2","false","45","","0",""
"20","dreamcraft.lootbag.group.forest_ranger_advanced","1","1","2","Forestry:thermionicTubes",12,"Ender Electron Tube","2","false","45","","0",""
"20","dreamcraft.lootbag.group.forest_ranger_advanced","1","1","2","Forestry:thermionicTubes",4,"Golden Electron Tube","2","false","45","","0",""
"20","dreamcraft.lootbag.group.forest_ranger_advanced","1","1","2","Forestry:thermionicTubes",5,"Diamantine Electron Tube","2","false","45","","0",""
"20","dreamcraft.lootbag.group.forest_ranger_advanced","1","1","2","Forestry:thermionicTubes",6,"Obsidian Electron Tube","2","false","45","","0",""
"20","dreamcraft.lootbag.group.forest_ranger_advanced","1","1","2","Forestry:thermionicTubes",7,"Blazing Electron Tube","2","false","45","","0",""
"20","dreamcraft.lootbag.group.forest_ranger_advanced","1","1","2","Forestry:thermionicTubes",8,"Rubberised Electron Tube","2","false","45","","0",""
"20","dreamcraft.lootbag.group.forest_ranger_advanced","1","1","2","Forestry:thermionicTubes",1,"Tin Electron Tube","2","false","45","","0",""
"20","dreamcraft.lootbag.group.forest_ranger_advanced","1","1","2","Forestry:thermionicTubes",2,"Bronze Electron Tube","2","false","45","","0",""
"20","dreamcraft.lootbag.group.forest_ranger_advanced","1","1","2","Forestry:thermionicTubes",9,"Emerald Electron Tube","2","false","45","","0",""
"20","dreamcraft.lootbag.group.forest_ranger_advanced","1","1","2","Forestry:thermionicTubes",10,"Apatine Electron Tube","2","false","75","","0",""
"20","dreamcraft.lootbag.group.forest_ranger_advanced","1","1","2","Forestry:thermionicTubes",11,"Lapis Electron Tube","2","false","45","","0",""
"20","dreamcraft.lootbag.group.forest_ranger_advanced","1","1","2","Forestry:factory2",0,"Thermionic Fabricator","1","false","25","","0",""
"20","dreamcraft.lootbag.group.forest_ranger_advanced","1","1","2","Forestry:factory",1,"Carpenter","1","false","25","","0",""
"20","dreamcraft.lootbag.group.forest_ranger_advanced","1","1","2","Forestry:sturdyMachine",0,"Sturdy Casing","1","false","50","","0",""
"20","dreamcraft.lootbag.group.forest_ranger_advanced","1","1","2","Forestry:core",0,"Analyzer","1","false","25","","0",""
"20","dreamcraft.lootbag.group.forest_ranger_advanced","1","1","2","Forestry:core",1,"Escritoire","1","false","25","","0",""
"20","dreamcraft.lootbag.group.forest_ranger_advanced","1","1","2","Forestry:minerBagT2",0,"Miner's Woven Backpack","1","false","50","","0",""
"20","dreamcraft.lootbag.group.forest_ranger_advanced","1","1","2","Forestry:diggerBagT2",0,"Digger's Woven Backpack","1","false","50","","0",""
"20","dreamcraft.lootbag.group.forest_ranger_advanced","1","1","2","Forestry:foresterBagT2",0,"Forester's Woven Backpack","1","false","50","","0",""
"20","dreamcraft.lootbag.group.forest_ranger_advanced","1","1","2","Forestry:hunterBagT2",0,"Hunter's Woven Backpack","1","false","50","","0",""
"20","dreamcraft.lootbag.group.forest_ranger_advanced","1","1","2","Forestry:adventurerBagT2",0,"Adventurer's Woven Backpack","1","false","50","","0",""
"20","dreamcraft.lootbag.group.forest_ranger_advanced","1","1","2","Forestry:builderBagT2",0,"Builder's Woven Backpack","1","false","50","","0",""
"20","dreamcraft.lootbag.group.forest_ranger_advanced","1","1","2","Forestry:lepidopteristBag",0,"Lepidopterist's Backpack","1","false","25","","0",""
"20","dreamcraft.lootbag.group.forest_ranger_advanced","1","1","2","Forestry:grafterProven",0,"Proven Grafter","1","false","33","","0",""
"20","dreamcraft.lootbag.group.forest_ranger_advanced","1","1","2","Forestry:treealyzer",0,"Treealyzer","1","false","15","","0",""
"20","dreamcraft.lootbag.group.forest_ranger_advanced","1","1","2","Forestry:arboriculture",0,"Arborist's Chest","1","false","25","","0",""
"20","dreamcraft.lootbag.group.forest_ranger_advanced","1","1","2","Forestry:factory",2,"Centrifuge","1","false","25","","0",""
"20","dreamcraft.lootbag.group.forest_ranger_advanced","1","1","2","Forestry:engine",3,"Bio Generator","1","false","25","","0",""
"20","dreamcraft.lootbag.group.forest_ranger_advanced","1","1","2","Forestry:factory",0,"Bottler","1","false","25","","0",""
"20","dreamcraft.lootbag.group.forest_ranger_advanced","1","1","2","Forestry:factory",3,"Fermenter","1","false","25","","0",""
"20","dreamcraft.lootbag.group.forest_ranger_advanced","1","1","2","Forestry:factory",4,"Moistener","1","false","25","","0",""
"20","dreamcraft.lootbag.group.forest_ranger_advanced","1","1","2","Forestry:factory",5,"Squeezer","1","false","25","","0",""
"20","dreamcraft.lootbag.group.forest_ranger_advanced","1","1","2","Forestry:factory",6,"Still","1","false","25","","0",""
"20","dreamcraft.lootbag.group.forest_ranger_advanced","1","1","2","Forestry:craftingMaterial",6,"Scented Paneling","1","false","60","","0",""
"20","dreamcraft.lootbag.group.forest_ranger_advanced","1","1","2","Forestry:infuser",0,"Infuser","1","false","75","","0","{UID:1248462197}"
"20","dreamcraft.lootbag.group.forest_ranger_advanced","1","1","2","Forestry:mail",0,"Mailbox","1","false","40","","0",""
"20","dreamcraft.lootbag.group.forest_ranger_advanced","1","1","2","Forestry:mail",1,"Trade Station","1","false","35","","0",""
"21","dreamcraft.lootbag.group.forest_ranger_expert","2","1","2","minecraft:diamond",0,"Diamond","1","false","5","","0",""
"21","dreamcraft.lootbag.group.forest_ranger_expert","2","1","2","Forestry:hardenedMachine",0,"Hardened Casing","1","false","30","","0",""
"21","dreamcraft.lootbag.group.forest_ranger_expert","2","1","2","Forestry:factory",7,"Rainmaker","1","false","10","","0",""
"21","dreamcraft.lootbag.group.forest_ranger_expert","2","1","2","Forestry:impregnatedCasing",0,"Impregnated Casing","1","false","50","","0",""
"21","dreamcraft.lootbag.group.forest_ranger_expert","2","1","2","Forestry:craftingMaterial",4,"Dissipation Charge","2","false","45","","0",""
"21","dreamcraft.lootbag.group.forest_ranger_expert","2","1","2","Forestry:iodineCapsule",0,"Iodine Capsule","2","false","45","","0",""
"22","dreamcraft.lootbag.group.space_invaders_moon","1","1","2","GalacticraftCore:item.basicItem",13,"Basic Wafer","2","false","50","","0",""
"22","dreamcraft.lootbag.group.space_invaders_moon","1","1","2","GalacticraftCore:item.basicItem",6,"Compressed Copper","2","false","75","","0",""
"22","dreamcraft.lootbag.group.space_invaders_moon","1","1","2","GalacticraftCore:item.basicItem",7,"Compressed Tin","2","false","75","","0",""
"22","dreamcraft.lootbag.group.space_invaders_moon","1","1","2","GalacticraftCore:item.basicItem",8,"Compressed Aluminum","2","false","75","","0",""
"22","dreamcraft.lootbag.group.space_invaders_moon","1","1","2","GalacticraftCore:item.basicItem",9,"Compressed Steel","2","false","75","","0",""
"22","dreamcraft.lootbag.group.space_invaders_moon","1","1","2","GalacticraftCore:item.basicItem",10,"Compressed Bronze","2","false","75","","0",""
"22","dreamcraft.lootbag.group.space_invaders_moon","1","1","2","GalacticraftCore:item.basicItem",11,"Compressed Iron","2","false","75","","0",""
"22","dreamcraft.lootbag.group.space_invaders_moon","1","1","2","GalacticraftCore:item.parachute",0,"Parachute","1","false","80","","0",""
"22","dreamcraft.lootbag.group.space_invaders_moon","1","1","2","GalacticraftCore:item.parachute",1,"Black Parachute","1","false","80","","0",""
"22","dreamcraft.lootbag.group.space_invaders_moon","1","1","2","GalacticraftCore:item.parachute",2,"Light Blue Parachute","1","false","80","","0",""
"22","dreamcraft.lootbag.group.space_invaders_moon","1","1","2","GalacticraftCore:item.parachute",3,"Lime Parachute","1","false","80","","0",""
"22","dreamcraft.lootbag.group.space_invaders_moon","1","1","2","GalacticraftCore:item.parachute",4,"Brown Parachute","1","false","80","","0",""
"22","dreamcraft.lootbag.group.space_invaders_moon","1","1","2","GalacticraftCore:item.parachute",5,"Blue Parachute","1","false","80","","0",""
"22","dreamcraft.lootbag.group.space_invaders_moon","1","1","2","GalacticraftCore:item.parachute",6,"Gray Parachute","1","false","80","","0",""
"22","dreamcraft.lootbag.group.space_invaders_moon","1","1","2","GalacticraftCore:item.parachute",7,"Green Parachute","1","false","80","","0",""
"22","dreamcraft.lootbag.group.space_invaders_moon","1","1","2","GalacticraftCore:item.parachute",8,"Light Gray Parachute","1","false","80","","0",""
"22","dreamcraft.lootbag.group.space_invaders_moon","1","1","2","GalacticraftCore:item.parachute",9,"Magenta Parachute","1","false","80","","0",""
"22","dreamcraft.lootbag.group.space_invaders_moon","1","1","2","GalacticraftCore:item.parachute",10,"Orange Parachute","1","false","80","","0",""
"22","dreamcraft.lootbag.group.space_invaders_moon","1","1","2","GalacticraftCore:item.parachute",11,"Pink Parachute","1","false","80","","0",""
"22","dreamcraft.lootbag.group.space_invaders_moon","1","1","2","GalacticraftCore:item.parachute",12,"Purple Parachute","1","false","80","","0",""
"22","dreamcraft.lootbag.group.space_invaders_moon","1","1","2","GalacticraftCore:item.parachute",13,"Red Parachute","1","false","80","","0",""
"22","dreamcraft.lootbag.group.space_invaders_moon","1","1","2","GalacticraftCore:item.parachute",14,"Cyan Parachute","1","false","80","","0",""
"22","dreamcraft.lootbag.group.space_invaders_moon","1","1","2","GalacticraftCore:item.parachute",15,"Yellow Parachute","1","false","80","","0",""
"22","dreamcraft.lootbag.group.space_invaders_moon","1","1","2","GalacticraftCore:item.oxygenMask",0,"Oxygen Mask","1","false","40","","0",""
"22","dreamcraft.lootbag.group.space_invaders_moon","1","1","2","GalacticraftCore:item.oxygenGear",0,"Oxygen Gear","1","false","30","","0",""
"22","dreamcraft.lootbag.group.space_invaders_moon","1","1","2","GalacticraftCore:item.oxygenConcentrator",0,"Oxygen Concentrator","1","false","40","","0",""
"22","dreamcraft.lootbag.group.space_invaders_moon","1","1","2","GalacticraftCore:item.airFan",0,"Oxygen Fan","1","false","60","","0",""
"22","dreamcraft.lootbag.group.space_invaders_moon","1","1","2","GalacticraftCore:item.engine",0,"Tier 1 Rocket Engine","1","false","10","","0",""
"22","dreamcraft.lootbag.group.space_invaders_moon","1","1","2","GalacticraftCore:item.engine",1,"Tier 1 Booster","1","false","15","","0",""
"22","dreamcraft.lootbag.group.space_invaders_moon","1","1","2","GalacticraftCore:item.heavyPlating",0,"Heavy Duty Plate","2","false","35","","0",""
"22","dreamcraft.lootbag.group.space_invaders_moon","1","1","2","GalacticraftCore:item.rocketFins",0,"Rocket Fins","1","false","20","","0",""
"22","dreamcraft.lootbag.group.space_invaders_moon","1","1","2","GalacticraftCore:item.oxygenTankLightFull",900,"Light Oxygen Tank","1","false","50","","0",""
"22","dreamcraft.lootbag.group.space_invaders_moon","1","1","2","GalacticraftCore:item.noseCone",0,"Nose Cone","1","false","10","","0",""
"22","dreamcraft.lootbag.group.space_invaders_moon","1","1","2","GalacticraftCore:tile.aluminumWire",0,"Aluminum Wire","16","false","80","","0",""
"22","dreamcraft.lootbag.group.space_invaders_moon","1","1","2","GalacticraftCore:tile.aluminumWire",1,"Heavy Aluminum Wire","8","false","70","","0",""
"22","dreamcraft.lootbag.group.space_invaders_moon","1","1","2","GalacticraftCore:tile.glowstoneTorch",0,"Glowstone Torch","16","false","90","","0",""
"22","dreamcraft.lootbag.group.space_invaders_moon","1","1","2","GalacticraftCore:tile.landingPad",0,"Rocket Launch Pad","3","false","50","","0",""
"22","dreamcraft.lootbag.group.space_invaders_moon","1","1","2","GalacticraftCore:tile.landingPad",1,"Buggy Fueling Pad","3","false","30","","0",""
"22","dreamcraft.lootbag.group.space_invaders_moon","1","1","2","GalacticraftCore:tile.oxygenPipe",0,"Oxygen Pipe","8","false","80","","0",""
"22","dreamcraft.lootbag.group.space_invaders_moon","1","1","2","GalacticraftCore:item.airVent",0,"Oxygen Vent","1","false","60","","0",""
"22","dreamcraft.lootbag.group.space_invaders_moon","1","1","2","GalacticraftCore:item.canister",1,"Copper Canister","4","false","90","","0",""
"22","dreamcraft.lootbag.group.space_invaders_moon","1","1","2","GalacticraftCore:item.canister",0,"Tin Canister","4","false","90","","0",""
"22","dreamcraft.lootbag.group.space_invaders_moon","1","1","2","GalacticraftCore:item.oilCanisterPartial",1001,"Empty Canister","2","false","70","","0",""
"22","dreamcraft.lootbag.group.space_invaders_moon","1","1","2","GalacticraftCore:item.buggymat",2,"Buggy Storage Box","1","false","60","","0",""
"22","dreamcraft.lootbag.group.space_invaders_moon","1","1","2","GalacticraftCore:item.basicItem",0,"Single Solar Module","1","false","40","","0",""
"22","dreamcraft.lootbag.group.space_invaders_moon","1","1","2","GalacticraftCore:item.basicItem",19,"Frequency Module","1","false","40","","0",""
"22","dreamcraft.lootbag.group.space_invaders_moon","1","1","2","GalacticraftCore:item.basicItem",20,"Ambient Thermal Controller","1","false","40","","0",""
"22","dreamcraft.lootbag.group.space_invaders_moon","1","1","2","GalacticraftCore:item.meteoricIronIngot",1,"Compressed Meteoric Iron","2","false","25","","0",""
"22","dreamcraft.lootbag.group.space_invaders_moon","1","1","2","GalacticraftCore:item.steel_helmet",0,"Heavy Duty Helmet","1","false","30","Space_Suit","2","{ench:[0:{lvl:5,id:0s},1:{lvl:5,id:6s},2:{lvl:5,id:34s},3:{lvl:5,id:78s}],RepairCost:2,display:{Name:""Space Helm"",Lore:[0:""Oh a bit overpowered""]}}"
"22","dreamcraft.lootbag.group.space_invaders_moon","1","1","2","GalacticraftCore:item.steel_chestplate",0,"Heavy Duty Chestplate","1","false","30","Space_Suit","2","{ench:[0:{lvl:5,id:0s},1:{lvl:5,id:1s},2:{lvl:5,id:3s},3:{lvl:5,id:4s}],RepairCost:2,display:{Name:""Space Chestplate"",Lore:[0:""Oh a bit overpowered""]}}"
"22","dreamcraft.lootbag.group.space_invaders_moon","1","1","2","GalacticraftCore:item.steel_leggings",0,"Heavy Duty Leggings","1","false","30","Space_Suit","2","{ench:[0:{lvl:5,id:0s},1:{lvl:5,id:1s},2:{lvl:5,id:3s},3:{lvl:5,id:4s}],RepairCost:2,display:{Name:""Space Leggings"",Lore:[0:""Oh a bit overpowered""]}}"
"22","dreamcraft.lootbag.group.space_invaders_moon","1","1","2","GalacticraftCore:item.steel_boots",0,"Heavy Duty Boots","1","false","30","Space_Suit","2","{ench:[0:{lvl:5,id:0s},1:{lvl:5,id:3s},2:{lvl:5,id:4s},3:{lvl:5,id:2s}],RepairCost:2,display:{Name:""Space Boots"",Lore:[0:""Oh a bit overpowered""]}}"
"22","dreamcraft.lootbag.group.space_invaders_moon","1","1","2","GalaxySpace:item.ModuleSmallFuelCanister",0,"Small Fuel Canister","1","false","75","","0",""
"22","dreamcraft.lootbag.group.space_invaders_moon","1","1","2","GalaxySpace:item.ModuleSmallCanister",0,"Blank Fuel Tank","1","false","50","","0",""
"22","dreamcraft.lootbag.group.space_invaders_moon","1","1","2","GalaxySpace:item.ModuleLander",0,"Lander Tier 1","1","false","33","","0",""
"23","dreamcraft.lootbag.group.space_invaders_mars","2","1","2","GalacticraftCore:item.basicItem",14,"Advanced Wafer","2","false","50","","0",""
"23","dreamcraft.lootbag.group.space_invaders_mars","2","1","2","GalacticraftCore:item.oxygenTankMedFull",1800,"Medium Oxygen Tank","1","false","50","","0",""
"23","dreamcraft.lootbag.group.space_invaders_mars","2","1","2","GalacticraftMars:item.thermalPadding",0,"Thermal Padding Helm","1","false","20","","0",""
"23","dreamcraft.lootbag.group.space_invaders_mars","2","1","2","GalacticraftMars:item.thermalPadding",1,"Thermal Padding Chestpiece","1","false","20","","0",""
"23","dreamcraft.lootbag.group.space_invaders_mars","2","1","2","GalacticraftMars:item.thermalPadding",2,"Thermal Padding Leggings","1","false","20","","0",""
"23","dreamcraft.lootbag.group.space_invaders_mars","2","1","2","GalacticraftMars:item.thermalPadding",3,"Thermal Padding Boots","1","false","20","","0",""
"23","dreamcraft.lootbag.group.space_invaders_mars","2","1","2","GalacticraftMars:item.itemBasicAsteroids",8,"Beam Core","2","false","50","","0",""
"23","dreamcraft.lootbag.group.space_invaders_mars","2","1","2","GalacticraftMars:item.itemBasicAsteroids",7,"Thermal Cloth","4","false","50","","0",""
"23","dreamcraft.lootbag.group.space_invaders_mars","2","1","2","GalacticraftMars:tile.hydrogenPipe",0,"Hydrogen Pipe","4","false","80","","0",""
"23","dreamcraft.lootbag.group.space_invaders_mars","2","1","2","GalacticraftMars:item.null",3,"Heavy Duty Plate","2","false","20","","0",""
"23","dreamcraft.lootbag.group.space_invaders_mars","2","1","2","GalacticraftMars:item.itemBasicAsteroids",0,"Heavy Duty Plate","2","false","10","","0",""
"23","dreamcraft.lootbag.group.space_invaders_mars","2","1","2","GalacticraftMars:item.itemBasicAsteroids",6,"Compressed Titanium","2","false","25","","0",""
"23","dreamcraft.lootbag.group.space_invaders_mars","2","1","2","GalacticraftMars:item.null",5,"Compressed Desh","2","false","25","","0",""
"23","dreamcraft.lootbag.group.space_invaders_mars","2","1","2","GalacticraftMars:item.deshSword",0,"Desh Sword","1","false","10","Mars_Attacks","0","{ench:[0:{lvl:5s,id:16s},1:{lvl:5s,id:19s}],RepairCost:2,display:{Name:""Mars Attacks"",Lore:[0:""Greetings from Mars""]}}"
"23","dreamcraft.lootbag.group.space_invaders_mars","2","1","2","GalacticraftMars:item.deshPick",0,"Desh Pickaxe","1","false","10","Mars_Attacks","0","{ench:[0:{lvl:5s,id:21s},1:{lvl:5s,id:33s},2:{lvl:5s,id:32s},3:{lvl:5s,id:34s}],RepairCost:2,display:{Name:""Mars Attacks"",Lore:[0:""Greetings from Mars""]}}"
"23","dreamcraft.lootbag.group.space_invaders_mars","2","1","2","GalacticraftMars:item.deshAxe",0,"Desh Axe","1","false","10","Mars_Attacks","0","{ench:[0:{lvl:5s,id:34s},1:{lvl:5s,id:46s},2:{lvl:5s,id:16s},3:{lvl:5s,id:32s}],RepairCost:2,display:{Name:""Mars Attacks"",Lore:[0:""Greetings from Mars""]}}"
"23","dreamcraft.lootbag.group.space_invaders_mars","2","1","2","GalacticraftMars:item.deshSpade",0,"Desh Shovel","1","false","10","Mars_Attacks","0","{ench:[0:{lvl:5s,id:33s},1:{lvl:5s,id:34s},2:{lvl:5s,id:153s}],RepairCost:2,display:{Name:""Mars Attacks"",Lore:[0:""Greetings from Mars""]}}"
"23","dreamcraft.lootbag.group.space_invaders_mars","2","1","2","GalacticraftMars:item.deshHoe",0,"Desh Hoe","1","false","10","Mars_Attacks","0","{ench:[0:{lvl:5s,id:21s},1:{lvl:5s,id:32s},2:{lvl:5s,id:34s}],RepairCost:2,display:{Name:""Mars Attacks"",Lore:[0:""Greetings from Mars""]}}"
"23","dreamcraft.lootbag.group.space_invaders_mars","2","1","2","GalaxySpace:item.ModuleLander2",0,"Lander Tier 2","1","false","100","","0",""
"23","dreamcraft.lootbag.group.space_invaders_mars","2","1","2","dreamcraft:MediumFuelCanister",0,"Medium Fuel Canister","1","false","40","","0",""
"24","dreamcraft.lootbag.group.space_invaders_asteroids","3","1","2","GalacticraftCore:item.oxygenTankHeavyFull",2700,"Heavy Oxygen Tank","1","false","50","","0",""
"24","dreamcraft.lootbag.group.space_invaders_asteroids","3","1","2","GalaxySpace:item.ModuleLander3",0,"Lander Tier 3","1","false","33","","0",""
"24","dreamcraft.lootbag.group.space_invaders_asteroids","3","1","2","GalaxySpace:item.CompressedSDHD120",0,"Compressed Alloy ""SDHC-120""","1","false","50","","0",""
"24","dreamcraft.lootbag.group.space_invaders_asteroids","3","1","2","dreamcraft:LargeFuelCanister",0,"Large Fuel Canister","1","false","30","","0",""
"24","dreamcraft.lootbag.group.space_invaders_asteroids","3","1","2","dreamcraft:ExtraLargeFuelCanister",0,"Extra Large Fuel Canister","1","false","20","","0",""
"24","dreamcraft.lootbag.group.space_invaders_asteroids","3","1","2","dreamcraft:WaferTier3",0,"Wafer Tier 3","2","false","40","","0",""
"25","dreamcraft.lootbag.group.bees_basic","0","1","2","Forestry:apiaristBoots",0,"Apiarist's Shoes","1","false","50","","2",""
"25","dreamcraft.lootbag.group.bees_basic","0","1","2","Forestry:beeCombs",4,"Frozen Comb","8","false","80","","0",""
"25","dreamcraft.lootbag.group.bees_basic","0","1","2","Forestry:beeCombs",2,"Simmering Comb","8","false","80","","0",""
"25","dreamcraft.lootbag.group.bees_basic","0","1","2","Forestry:apiculture",2,"Bee House","1","false","80","","0",""
"25","dreamcraft.lootbag.group.bees_basic","0","1","2","Forestry:beeCombs",3,"Stringy Comb","8","false","80","","0",""
"25","dreamcraft.lootbag.group.bees_basic","0","1","2","Forestry:apiculture",0,"Apiary","1","false","40","","0",""
"25","dreamcraft.lootbag.group.bees_basic","0","1","2","Forestry:propolis",3,"Silky Propolis","1","false","70","","0",""
"25","dreamcraft.lootbag.group.bees_basic","0","1","2","Forestry:apiaristChest",0,"Apiarist's Shirt","1","false","50","","8",""
"25","dreamcraft.lootbag.group.bees_basic","0","1","2","Forestry:beeCombs",15,"Mossy Comb","8","false","80","","0",""
"25","dreamcraft.lootbag.group.bees_basic","0","1","2","Forestry:beeCombs",16,"Mellow Comb","8","false","80","","0",""
"25","dreamcraft.lootbag.group.bees_basic","0","1","2","Forestry:propolis",1,"Sticky Propolis","1","false","70","","0",""
"25","dreamcraft.lootbag.group.bees_basic","0","1","2","Forestry:frameImpregnated",0,"Impregnated Frame","6","true","50","","0",""
"25","dreamcraft.lootbag.group.bees_basic","0","1","2","Forestry:propolis",0,"Propolis","4","true","70","","0",""
"25","dreamcraft.lootbag.group.bees_basic","0","1","2","Forestry:apiaristLegs",0,"Apiarist's Pants","1","false","50","","2",""
"25","dreamcraft.lootbag.group.bees_basic","0","1","2","Forestry:honeyDrop",0,"Honey Drop","1","false","80","","0",""
"25","dreamcraft.lootbag.group.bees_basic","0","1","2","Forestry:apicultureChest",0,"Apiarist's Chest","1","false","25","","2",""
"25","dreamcraft.lootbag.group.bees_basic","0","1","2","Forestry:beeCombs",0,"Honey Comb","8","false","90","","0",""
"25","dreamcraft.lootbag.group.bees_basic","0","1","2","Forestry:honeydew",0,"Honeydew","1","false","80","","0",""
"25","dreamcraft.lootbag.group.bees_basic","0","1","2","Forestry:frameUntreated",0,"Untreated Frame","4","false","75","","0",""
"25","dreamcraft.lootbag.group.bees_basic","0","1","2","Forestry:beealyzer",0,"Beealyzer","1","false","5","","0",""
"25","dreamcraft.lootbag.group.bees_basic","0","1","2","Forestry:beeCombs",6,"Silky Comb","8","false","80","","0",""
"25","dreamcraft.lootbag.group.bees_basic","0","1","2","Forestry:apiaristHelmet",0,"Apiarist's Hat","1","false","50","","2",""
"25","dreamcraft.lootbag.group.bees_basic","0","1","2","Forestry:beeCombs",7,"Parched Comb","8","false","80","","0",""
"25","dreamcraft.lootbag.group.bees_basic","0","1","2","Forestry:frameProven",0,"Proven Frame","1","false","33","","0",""
"25","dreamcraft.lootbag.group.bees_basic","0","1","2","Forestry:beeCombs",5,"Dripping Comb","8","false","80","","0",""
"26","dreamcraft.lootbag.group.bees_advanced","1","1","2","Forestry:apiaristBag",0,"Apiarist's Backpack","1","false","25","","1",""
"26","dreamcraft.lootbag.group.bees_advanced","1","1","2","Forestry:royalJelly",0,"Royal Jelly","1","false","45","","0",""
"26","dreamcraft.lootbag.group.bees_advanced","1","1","2","Forestry:beealyzer",0,"Beealyzer","1","false","25","","1",""
"26","dreamcraft.lootbag.group.bees_advanced","1","1","2","Forestry:flutterlyzer",0,"Flutterlyzer","1","false","25","","1",""
"26","dreamcraft.lootbag.group.bees_advanced","1","1","2","MagicBees:frameNecrotic",0,"Necrotic Frame","3","true","50","","12",""
"26","dreamcraft.lootbag.group.bees_advanced","1","1","2","MagicBees:frameOblivion",0,"Oblivion Frame","1","false","10","","1",""
"26","dreamcraft.lootbag.group.bees_advanced","1","1","2","miscutils:frameMutagenic",0,"Mutagenic Frame","1","false","50","","6",""
"26","dreamcraft.lootbag.group.bees_advanced","1","1","2","miscutils:frameBusy",0,"Working Frame","3","true","100","","24",""
"26","dreamcraft.lootbag.group.bees_advanced","1","1","2","ExtraBees:hiveFrame.cocoa",0,"Chocolate Frame","6","true","400","","0",""
"26","dreamcraft.lootbag.group.bees_advanced","1","1","2","miscutils:frameAccelerated",0,"Accelerated Frame","3","true","100","","15",""
"26","dreamcraft.lootbag.group.bees_advanced","1","1","2","Forestry:frameProven",0,"Proven Frame","9","true","400","","0",""
"26","dreamcraft.lootbag.group.bees_advanced","1","1","2","ExtraBees:hiveFrame.soul",0,"Soul Frame","3","true","100","","24",""
"26","dreamcraft.lootbag.group.bees_advanced","1","1","2","MagicBees:frameGentle",0,"Gentle Frame","3","true","100","","0",""
"26","dreamcraft.lootbag.group.bees_advanced","1","1","2","MagicBees:frameMetabolic",0,"Metabolic Frame","3","true","100","","0",""
"26","dreamcraft.lootbag.group.bees_advanced","1","1","2","miscutils:frameAccelerated",0,"Accelerated Frame","3","true","100","","9",""
"26","dreamcraft.lootbag.group.bees_advanced","1","1","2","miscutils:frameArborists",0,"Arborist Frame","3","true","100","","9",""
"26","dreamcraft.lootbag.group.bees_advanced","1","1","2","MagicBees:comb",10,"Forgotten Comb","32","false","100","","0",""
"26","dreamcraft.lootbag.group.bees_advanced","1","1","2","Forestry:beeDroneGE",0,"Drone","1","false","50","","5","{MaxH:40,Health:40,IsAnalyzed:1b,Genome:{Chromosomes:[0:{UID1:""forestry.speciesSteadfast"",UID0:""forestry.speciesSteadfast"",Slot:0b},1:{UID1:""forestry.speedSlower"",UID0:""forestry.speedSlower"",Slot:1b},2:{UID1:""forestry.lifespanNormal"",UID0:""forestry.lifespanNormal"",Slot:2b},3:{UID1:""forestry.fertilityNormal"",UID0:""forestry.fertilityNormal"",Slot:3b},4:{UID1:""forestry.toleranceNone"",UID0:""forestry.toleranceNone"",Slot:4b},5:{UID1:""forestry.boolTrue"",UID0:""forestry.boolTrue"",Slot:5b},6:{UID1:""forestry.toleranceNone"",UID0:""forestry.toleranceNone"",Slot:7b},7:{UID1:""forestry.boolFalse"",UID0:""forestry.boolFalse"",Slot:8b},8:{UID1:""forestry.boolTrue"",UID0:""forestry.boolTrue"",Slot:9b},9:{UID1:""forestry.flowersVanilla"",UID0:""forestry.flowersVanilla"",Slot:10b},10:{UID1:""forestry.floweringSlowest"",UID0:""forestry.floweringSlowest"",Slot:11b},11:{UID1:""forestry.territoryAverage"",UID0:""forestry.territoryAverage"",Slot:12b},12:{UID1:""forestry.effectNone"",UID0:""forestry.effectNone"",Slot:13b}]}}"
"26","dreamcraft.lootbag.group.bees_advanced","1","1","2","Forestry:alveary",0,"Alveary","8","true","800","","0",""
"26","dreamcraft.lootbag.group.bees_advanced","1","1","2","ExtraBees:alveary",3,"Alveary Lighting","1","false","200","","0",""
"26","dreamcraft.lootbag.group.bees_advanced","1","1","2","ExtraBees:alveary",2,"Rain Shield","1","false","200","","0",""
"26","dreamcraft.lootbag.group.bees_advanced","1","1","2","minecraft:snowball",0,"Snowball","16","false","100","","0",""
"26","dreamcraft.lootbag.group.bees_advanced","1","1","2","Forestry:scoop",0,"Scoop","1","false","100","","0",""
"26","dreamcraft.lootbag.group.bees_advanced","1","1","2","Forestry:honeyDrop",0,"Honey Drop","64","false","100","","0",""
"26","dreamcraft.lootbag.group.bees_advanced","1","1","2","Forestry:honeydew",0,"Honeydew","64","false","100","","0",""
"26","dreamcraft.lootbag.group.bees_advanced","1","1","2","Forestry:beeCombs",0,"Honey Comb","64","false","100","","0",""
"26","dreamcraft.lootbag.group.bees_advanced","1","1","2","Forestry:waxCapsuleHoney",0,"Honey Capsule","1","false","200","","0",""
"26","dreamcraft.lootbag.group.bees_advanced","1","1","2","ExtraBees:hive",0,"Water Hive","2","false","100","","0",""
"26","dreamcraft.lootbag.group.bees_advanced","1","1","2","ExtraBees:hive",1,"Rock Hive","2","false","100","","0",""
"26","dreamcraft.lootbag.group.bees_advanced","1","1","2","ExtraBees:hive",2,"Nether Hive","2","false","100","","0",""
"26","dreamcraft.lootbag.group.bees_advanced","1","1","2","Forestry:beehives",1,"Forest Hive","2","false","100","","0",""
"26","dreamcraft.lootbag.group.bees_advanced","1","1","2","Forestry:beehives",2,"Meadows Hive","2","false","100","","0",""
"26","dreamcraft.lootbag.group.bees_advanced","1","1","2","Forestry:beehives",3,"Modest Hive","2","false","100","","0",""
"26","dreamcraft.lootbag.group.bees_advanced","1","1","2","Forestry:beehives",4,"Tropical Hive","2","false","100","","0",""
"26","dreamcraft.lootbag.group.bees_advanced","1","1","2","Forestry:beehives",6,"Wintry Hive","2","false","100","","0",""
"26","dreamcraft.lootbag.group.bees_advanced","1","1","2","Forestry:beehives",7,"Marshy Hive","2","false","100","","0",""
"26","dreamcraft.lootbag.group.bees_advanced","1","1","2","MagicBees:hive",0,"Curious Hive","2","false","100","","0",""
"26","dreamcraft.lootbag.group.bees_advanced","1","1","2","MagicBees:hive",1,"Unusual Hive","2","false","100","","0",""
"26","dreamcraft.lootbag.group.bees_advanced","1","1","2","MagicBees:hive",2,"Resonating Hive","2","false","100","","0",""
"26","dreamcraft.lootbag.group.bees_advanced","1","1","2","Forestry:waxCapsuleWater",0,"Water Capsule","1","false","200","","0",""
"26","dreamcraft.lootbag.group.bees_advanced","1","1","2","Genetics:misc",1,"DNA Dye","1","false","100","","0",""
"26","dreamcraft.lootbag.group.bees_advanced","1","1","2","Genetics:misc",3,"Enzyme","1","false","100","","0",""
"26","dreamcraft.lootbag.group.bees_advanced","1","1","2","Forestry:apiculture",0,"Apiary","4","true","150","","0",""
"27","dreamcraft.lootbag.group.bees_expert","2","1","2","Forestry:alveary",3,"Alveary Fan","1","false","33","","0",""
"27","dreamcraft.lootbag.group.bees_expert","2","1","2","gendustry:IndustrialGrafter",100,"Industrial Grafter","1","false","50","","0","{charge:0}"
"27","dreamcraft.lootbag.group.bees_expert","2","1","2","gendustry:GeneSampleBlank",0,"Blank Gene Sample","4","false","90","","0",""
"27","dreamcraft.lootbag.group.bees_expert","2","1","2","gendustry:MutagenTank",0,"Mutagen Tank","1","false","40","","0",""
"27","dreamcraft.lootbag.group.bees_expert","2","1","2","gendustry:EnvProcessor",0,"Enviromental Processor","1","false","60","","0",""
"27","dreamcraft.lootbag.group.bees_expert","2","1","2","Forestry:alveary",7,"Alveary Sieve","1","false","33","","0",""
"27","dreamcraft.lootbag.group.bees_expert","2","1","2","Forestry:alveary",5,"Alveary Hygroregulator","1","false","33","","0",""
"27","dreamcraft.lootbag.group.bees_expert","2","1","2","Forestry:alveary",2,"Swarmer","1","false","33","","0",""
"27","dreamcraft.lootbag.group.bees_expert","2","1","2","gendustry:ClimateModule",0,"Climate Control Module","1","false","40","","0",""
"27","dreamcraft.lootbag.group.bees_expert","2","1","2","gendustry:LiquidDNABucket",0,"Liquid DNA Bucket","1","false","40","","0",""
"27","dreamcraft.lootbag.group.bees_expert","2","1","2","gendustry:ProteinBucket",0,"Protein Bucket","1","false","40","","0",""
"27","dreamcraft.lootbag.group.bees_expert","2","1","2","gendustry:GeneticsProcessor",0,"Genetics Processor","1","false","60","","0",""
"27","dreamcraft.lootbag.group.bees_expert","2","1","2","gendustry:BeeReceptacle",0,"Bee Receptacle","1","false","50","","0",""
"27","dreamcraft.lootbag.group.bees_expert","2","1","2","Forestry:alveary",6,"Alveary Stabiliser","1","false","33","","0",""
"27","dreamcraft.lootbag.group.bees_expert","2","1","2","gendustry:MutagenBucket",0,"Mutagen Bucket","1","false","90","","0",""
"27","dreamcraft.lootbag.group.bees_expert","2","1","2","Forestry:alveary",0,"Alveary","4","false","50","","0",""
"27","dreamcraft.lootbag.group.bees_expert","2","1","2","gendustry:IndustrialScoop",100,"Scooporator MX200 Turbo","1","false","50","","0","{charge:0}"
"27","dreamcraft.lootbag.group.bees_expert","2","1","2","gendustry:PowerModule",0,"Power Module","1","false","50","","0",""
"27","dreamcraft.lootbag.group.bees_expert","2","1","2","gregtech:gt.metaitem.03",32199,"Upgrade Frame","1","false","80","","0",""
"27","dreamcraft.lootbag.group.bees_expert","2","1","2","gendustry:GeneTemplate",0,"Genetic Template","2","false","70","","0",""
"27","dreamcraft.lootbag.group.bees_expert","2","1","2","Forestry:alveary",4,"Alveary Heater","1","false","33","","0",""
"27","dreamcraft.lootbag.group.bees_expert","2","1","2","gregtech:gt.blockmachines",9399,"Industrial Apiary","1","false","100","","0",""
"27","dreamcraft.lootbag.group.bees_expert","2","1","2","gregtech:gt.metaitem.03",32210,"Plains Emulation Upgrade","1","false","25","","0",""
"27","dreamcraft.lootbag.group.bees_expert","2","1","2","gregtech:gt.metaitem.03",32211,"Light Upgrade","1","false","25","","0",""
"27","dreamcraft.lootbag.group.bees_expert","2","1","2","gregtech:gt.metaitem.03",32212,"Flowering Upgrade","1","false","25","","0",""
"27","dreamcraft.lootbag.group.bees_expert","2","1","2","gregtech:gt.metaitem.03",32213,"Winter Emulation Upgrade","1","false","25","","0",""
"27","dreamcraft.lootbag.group.bees_expert","2","1","2","gregtech:gt.metaitem.03",32214,"Dryer Upgrade","1","false","25","","0",""
"27","dreamcraft.lootbag.group.bees_expert","2","1","2","gregtech:gt.metaitem.03",32215,"Automation Upgrade","1","false","25","","0",""
"27","dreamcraft.lootbag.group.bees_expert","2","1","2","gregtech:gt.metaitem.03",32216,"Humidifier Upgrade","1","false","25","","0",""
"27","dreamcraft.lootbag.group.bees_expert","2","1","2","gregtech:gt.metaitem.03",32217,"HELL Emulation Upgrade","1","false","25","","0",""
"27","dreamcraft.lootbag.group.bees_expert","2","1","2","gregtech:gt.metaitem.03",32218,"Pollen Scrubber Upgrade","1","false","25","","0",""
"27","dreamcraft.lootbag.group.bees_expert","2","1","2","gregtech:gt.metaitem.03",32219,"Desert Emulation Upgrade","1","false","25","","0",""
"27","dreamcraft.lootbag.group.bees_expert","2","1","2","gregtech:gt.metaitem.03",32220,"Cooler Upgrade","1","false","25","","0",""
"27","dreamcraft.lootbag.group.bees_expert","2","1","2","gregtech:gt.metaitem.03",32221,"Lifespan Upgrade","1","false","25","","0",""
"27","dreamcraft.lootbag.group.bees_expert","2","1","2","gregtech:gt.metaitem.03",32222,"Seal Upgrade","1","false","25","","0",""
"27","dreamcraft.lootbag.group.bees_expert","2","1","2","gregtech:gt.metaitem.03",32223,"Genetic Stabilizer Upgrade","1","false","25","","0",""
"27","dreamcraft.lootbag.group.bees_expert","2","1","2","gregtech:gt.metaitem.03",32224,"Jungle Emulation Upgrade","1","false","25","","0",""
"27","dreamcraft.lootbag.group.bees_expert","2","1","2","gregtech:gt.metaitem.03",32225,"Territory Upgrade","1","false","25","","0",""
"27","dreamcraft.lootbag.group.bees_expert","2","1","2","gregtech:gt.metaitem.03",32226,"Ocean Emulation Upgrade","1","false","25","","0",""
"27","dreamcraft.lootbag.group.bees_expert","2","1","2","gregtech:gt.metaitem.03",32227,"Open Sky Upgrade","1","false","25","","0",""
"27","dreamcraft.lootbag.group.bees_expert","2","1","2","gregtech:gt.metaitem.03",32228,"Heater Upgrade","1","false","25","","0",""
"27","dreamcraft.lootbag.group.bees_expert","2","1","2","gregtech:gt.metaitem.03",32229,"Sieve Upgrade","1","false","25","","0",""
"27","dreamcraft.lootbag.group.bees_expert","2","1","2","gregtech:gt.metaitem.03",32209,"Production Upgrade","1","false","25","","0",""
"27","dreamcraft.lootbag.group.bees_expert","2","1","2","gregtech:gt.metaitem.03",32199,"Upgrade Frame","1","false","25","","0",""
"28","dreamcraft.lootbag.group.fast_food","0","1","1","harvestcraft:fishtrapbaitItem",0,"Fish Trap Bait","64","false","80","","0",""
"28","dreamcraft.lootbag.group.fast_food","0","1","1","harvestcraft:veggiebaitItem",0,"Veggie Bait","64","false","80","","0",""
"28","dreamcraft.lootbag.group.fast_food","0","1","1","harvestcraft:fruitbaitItem",0,"Fruit Bait","64","false","80","","0",""
"28","dreamcraft.lootbag.group.fast_food","0","1","1","harvestcraft:grainbaitItem",0,"Grain Bait","64","false","80","","0",""
"28","dreamcraft.lootbag.group.fast_food","0","1","1","minecraft:apple",0,"Apple","8","false","90","","0",""
"28","dreamcraft.lootbag.group.fast_food","0","1","1","Natura:berry",0,"Raspberry","12","false","90","","0",""
"28","dreamcraft.lootbag.group.fast_food","0","1","1","Natura:berry",1,"Blueberry","12","false","90","","0",""
"28","dreamcraft.lootbag.group.fast_food","0","1","1","minecraft:bread",0,"Bread","1","false","75","","0",""
"28","dreamcraft.lootbag.group.fast_food","0","1","1","minecraft:cake",0,"Cake","1","false","50","","0",""
"28","dreamcraft.lootbag.group.fast_food","0","1","1","minecraft:mushroom_stew",0,"Mushroom Stew","1","false","75","","0",""
"28","dreamcraft.lootbag.group.fast_food","0","1","1","minecraft:cake",0,"Cake","1","false","45","","0",""
"28","dreamcraft.lootbag.group.fast_food","0","1","1","minecraft:porkchop",0,"Raw Porkchop","1","false","75","","0",""
"28","dreamcraft.lootbag.group.fast_food","0","1","1","minecraft:golden_apple",0,"Golden Apple","1","false","35","","0",""
"28","dreamcraft.lootbag.group.fast_food","0","1","1","minecraft:fish",0,"Raw Fish","8","false","75","","0",""
"28","dreamcraft.lootbag.group.fast_food","0","1","1","minecraft:fish",1,"Raw Salmon","8","false","75","","0",""
"28","dreamcraft.lootbag.group.fast_food","0","1","1","minecraft:fish",2,"Clownfish","8","false","75","","0",""
"28","dreamcraft.lootbag.group.fast_food","0","1","1","minecraft:fish",3,"Pufferfish","8","false","75","","0",""
"28","dreamcraft.lootbag.group.fast_food","0","1","1","minecraft:cooked_porkchop",0,"Cooked Porkchop","2","false","60","","0",""
"28","dreamcraft.lootbag.group.fast_food","0","1","1","minecraft:cooked_fished",0,"Cooked Fish","2","false","60","","0",""
"28","dreamcraft.lootbag.group.fast_food","0","1","1","minecraft:cooked_fished",1,"Cooked Salmon","2","false","60","","0",""
"28","dreamcraft.lootbag.group.fast_food","0","1","1","minecraft:cooked_beef",0,"Steak","2","false","60","","0",""
"28","dreamcraft.lootbag.group.fast_food","0","1","1","minecraft:cooked_chicken",0,"Cooked Chicken","2","false","60","","0",""
"28","dreamcraft.lootbag.group.fast_food","0","1","1","minecraft:baked_potato",0,"Baked Potato","4","false","50","","0",""
"28","dreamcraft.lootbag.group.fast_food","0","1","1","minecraft:pumpkin_pie",0,"Pumpkin Pie","2","false","55","","0",""
"28","dreamcraft.lootbag.group.fast_food","0","1","1","minecraft:melon",0,"Melon","4","false","65","","0",""
"28","dreamcraft.lootbag.group.fast_food","0","1","1","minecraft:golden_carrot",0,"Golden Carrot","1","false","50","","0",""
"28","dreamcraft.lootbag.group.fast_food","0","1","1","minecraft:cookie",0,"Cookie","4","false","70","","0",""
"28","dreamcraft.lootbag.group.fast_food","0","1","1","minecraft:beef",0,"Raw Beef","1","false","70","","0",""
"28","dreamcraft.lootbag.group.fast_food","0","1","1","minecraft:chicken",0,"Raw Chicken","1","false","70","","0",""
"28","dreamcraft.lootbag.group.fast_food","0","1","1","Automagy:foodstuff",0,"Vishroom Stew","1","false","45","","0",""
"28","dreamcraft.lootbag.group.fast_food","0","1","1","BiomesOPlenty:food",4,"Fruit Salad","1","false","50","","0",""
"28","dreamcraft.lootbag.group.fast_food","0","1","1","BiomesOPlenty:food",5,"Veggie Salad","1","false","50","","0",""
"28","dreamcraft.lootbag.group.fast_food","0","1","1","BiomesOPlenty:food",6,"Shroom Salad","1","false","50","","0",""
"28","dreamcraft.lootbag.group.fast_food","0","1","1","BloodArsenal:juice_and_cookies",0,"Juice and Cookies","4","false","50","","0",""
"28","dreamcraft.lootbag.group.fast_food","0","1","1","Natura:berry",2,"Blackberry","12","false","90","","0",""
"28","dreamcraft.lootbag.group.fast_food","0","1","1","Natura:berry",3,"Maloberry","12","false","90","","0",""
"28","dreamcraft.lootbag.group.fast_food","0","1","1","Natura:saguaro.fruit",0,"Saguaro Fruit","1","false","70","","0",""
"28","dreamcraft.lootbag.group.fast_food","0","1","1","Natura:Natura.netherfood",0,"Potash Apple","1","false","70","","0",""
"28","dreamcraft.lootbag.group.fast_food","0","1","1","ThaumicHorizons:iceCream",0,"Chocolate Ice Cream","1","false","60","","0",""
"28","dreamcraft.lootbag.group.fast_food","0","1","1","TwilightForest:item.meefRaw",0,"Raw Meef","1","false","70","","0",""
"28","dreamcraft.lootbag.group.fast_food","0","1","1","TwilightForest:item.meefSteak",0,"Meef Steak","1","false","60","","0",""
"28","dreamcraft.lootbag.group.fast_food","0","1","1","gregtech:gt.metaitem.02",32202,"Potato Strips","1","false","80","","0",""
"28","dreamcraft.lootbag.group.fast_food","0","1","1","gregtech:gt.metaitem.02",32203,"Fries","1","false","70","","0",""
"28","dreamcraft.lootbag.group.fast_food","0","1","1","gregtech:gt.metaitem.02",32204,"Fries","1","false","70","","0",""
"28","dreamcraft.lootbag.group.fast_food","0","1","1","gregtech:gt.metaitem.02",32205,"Potato Chips (Raw)","1","false","80","","0",""
"28","dreamcraft.lootbag.group.fast_food","0","1","1","gregtech:gt.metaitem.02",32206,"Potato Chips","1","false","70","","0",""
"28","dreamcraft.lootbag.group.fast_food","0","1","1","gregtech:gt.metaitem.02",32207,"Chili Chips","1","false","70","","0",""
"28","dreamcraft.lootbag.group.fast_food","0","1","1","gregtech:gt.metaitem.02",32208,"Bag of Potato Chips","1","false","60","","0",""
"28","dreamcraft.lootbag.group.fast_food","0","1","1","gregtech:gt.metaitem.02",32209,"Bag of Chili Chips","1","false","60","","0",""
"28","dreamcraft.lootbag.group.fast_food","0","1","1","gregtech:gt.metaitem.02",32214,"Cookie shaped Dough","1","false","80","","0",""
"28","dreamcraft.lootbag.group.fast_food","0","1","1","gregtech:gt.metaitem.02",32220,"Buns","1","false","80","","0",""
"28","dreamcraft.lootbag.group.fast_food","0","1","1","gregtech:gt.metaitem.02",32221,"Veggieburger","1","false","80","","0",""
"28","dreamcraft.lootbag.group.fast_food","0","1","1","gregtech:gt.metaitem.02",32222,"Cheeseburger","1","false","80","","0",""
"28","dreamcraft.lootbag.group.fast_food","0","1","1","gregtech:gt.metaitem.02",32223,"Hamburger","1","false","80","","0",""
"28","dreamcraft.lootbag.group.fast_food","0","1","1","gregtech:gt.metaitem.02",32561,"Dough","1","false","80","","0",""
"28","dreamcraft.lootbag.group.fast_food","0","1","1","gregtech:gt.metaitem.02",32562,"Dough","1","false","80","","0",""
"28","dreamcraft.lootbag.group.fast_food","0","1","1","gregtech:gt.metaitem.02",32563,"Dough","1","false","80","","0",""
"28","dreamcraft.lootbag.group.fast_food","0","1","1","gregtech:gt.metaitem.02",32564,"Bun","1","false","80","","0",""
"28","dreamcraft.lootbag.group.fast_food","0","1","1","gregtech:gt.metaitem.02",32565,"Baguette","1","false","60","","0",""
"28","dreamcraft.lootbag.group.fast_food","0","1","1","gregtech:gt.metaitem.02",32566,"Sliced Bread","1","false","80","","0",""
"28","dreamcraft.lootbag.group.fast_food","0","1","1","gregtech:gt.metaitem.02",32567,"Sliced Bun","1","false","80","","0",""
"28","dreamcraft.lootbag.group.fast_food","0","1","1","gregtech:gt.metaitem.02",32568,"Sliced Baguette","1","false","80","","0",""
"28","dreamcraft.lootbag.group.fast_food","0","1","1","gregtech:gt.metaitem.02",32569,"Cake Bottom","1","false","80","","0",""
"28","dreamcraft.lootbag.group.fast_food","0","1","1","gregtech:gt.metaitem.02",32570,"Baked Cake Bottom","1","false","80","","0",""
"28","dreamcraft.lootbag.group.fast_food","0","1","1","harvestcraft:calamaricookedItem",0,"Cooked Calamari","1","false","80","","0",""
"28","dreamcraft.lootbag.group.fast_food","0","1","1","harvestcraft:muttoncookedItem",0,"Cooked Mutton","1","false","80","","0",""
"28","dreamcraft.lootbag.group.fast_food","0","1","1","harvestcraft:maplesyrupItem",0,"Maple Syrup","1","false","80","","0",""
"28","dreamcraft.lootbag.group.fast_food","0","1","1","harvestcraft:applejuiceItem",0,"Apple Juice","4","false","80","","0",""
"28","dreamcraft.lootbag.group.fast_food","0","1","1","harvestcraft:melonjuiceItem",0,"Melon Juice","4","false","80","","0",""
"28","dreamcraft.lootbag.group.fast_food","0","1","1","harvestcraft:melonsmoothieItem",0,"Melon Smoothie","2","false","80","","0",""
"28","dreamcraft.lootbag.group.fast_food","0","1","1","harvestcraft:carrotjuiceItem",0,"Carrot Juice","4","false","80","","0",""
"28","dreamcraft.lootbag.group.fast_food","0","1","1","harvestcraft:carrotsoupItem",0,"Carrot Soup","1","false","80","","0",""
"28","dreamcraft.lootbag.group.fast_food","0","1","1","harvestcraft:glazedcarrotsItem",0,"Glazed Carrots","1","false","80","","0",""
"28","dreamcraft.lootbag.group.fast_food","0","1","1","harvestcraft:boiledeggItem",0,"Boiled Egg","4","false","80","","0",""
"28","dreamcraft.lootbag.group.fast_food","0","1","1","harvestcraft:stockItem",0,"Stock","1","false","80","","0",""
"28","dreamcraft.lootbag.group.fast_food","0","1","1","harvestcraft:chocolatebarItem",0,"Chocolate Bar","1","false","80","","0",""
"28","dreamcraft.lootbag.group.fast_food","0","1","1","harvestcraft:cherrysmoothieItem",0,"Cherry Smoothie","2","false","80","","0",""
"28","dreamcraft.lootbag.group.fast_food","0","1","1","harvestcraft:beetsaladItem",0,"Beet Salad","1","false","70","","0",""
"28","dreamcraft.lootbag.group.fast_food","0","1","1","harvestcraft:beetsoupItem",0,"Beet Soup","1","false","70","","0",""
"28","dreamcraft.lootbag.group.fast_food","0","1","1","harvestcraft:pickledbeetsItem",0,"Pickled Beets","1","false","80","","0",""
"28","dreamcraft.lootbag.group.fast_food","0","1","1","harvestcraft:mochaicecreamItem",0,"Mocha Ice Cream","1","false","75","","0",""
"28","dreamcraft.lootbag.group.fast_food","0","1","1","harvestcraft:blueberryjuiceItem",0,"Blueberry Juice","4","false","80","","0",""
"28","dreamcraft.lootbag.group.fast_food","0","1","1","harvestcraft:lemonaideItem",0,"Lemonade","1","false","80","","0",""
"28","dreamcraft.lootbag.group.fast_food","0","1","1","harvestcraft:grapejuiceItem",0,"Grape Juice","4","false","80","","0",""
"28","dreamcraft.lootbag.group.fast_food","0","1","1","harvestcraft:grapejellyItem",0,"Grape Jelly","1","false","80","","0",""
"28","dreamcraft.lootbag.group.fast_food","0","1","1","harvestcraft:strawberrysmoothieItem",0,"Strawberry Smoothie","2","false","80","","0",""
"28","dreamcraft.lootbag.group.fast_food","0","1","1","harvestcraft:papayajuiceItem",0,"Papaya Juice","4","false","80","","0",""
"28","dreamcraft.lootbag.group.fast_food","0","1","1","harvestcraft:papayasmoothieItem",0,"Papaya Smoothie","2","false","80","","0",""
"28","dreamcraft.lootbag.group.fast_food","0","1","1","harvestcraft:starfruitsmoothieItem",0,"Starfruit Smoothie","2","false","80","","0",""
"28","dreamcraft.lootbag.group.fast_food","0","1","1","harvestcraft:starfruitjuiceItem",0,"Starfruit Juice","4","false","80","","0",""
"28","dreamcraft.lootbag.group.fast_food","0","1","1","harvestcraft:starfruityogurtItem",0,"Starfruit Yogurt","1","false","80","","0",""
"28","dreamcraft.lootbag.group.fast_food","0","1","1","harvestcraft:pearyogurtItem",0,"Pear Yogurt","1","false","80","","0",""
"28","dreamcraft.lootbag.group.fast_food","0","1","1","harvestcraft:plumyogurtItem",0,"Plum Yogurt","1","false","70","","0",""
"28","dreamcraft.lootbag.group.fast_food","0","1","1","harvestcraft:coconutmilkItem",0,"Coconut Milk","1","false","65","","0",""
"28","dreamcraft.lootbag.group.fast_food","0","1","1","harvestcraft:bananasmoothieItem",0,"Banana Smoothie","2","false","80","","0",""
"28","dreamcraft.lootbag.group.fast_food","0","1","1","harvestcraft:bananayogurtItem",0,"Banana Yogurt","1","false","80","","0",""
"28","dreamcraft.lootbag.group.fast_food","0","1","1","harvestcraft:pomegranatejuiceItem",0,"Pomegranate Juice","4","false","80","","0",""
"28","dreamcraft.lootbag.group.fast_food","0","1","1","harvestcraft:peachsmoothieItem",0,"Peach Smoothie","2","false","80","","0",""
"28","dreamcraft.lootbag.group.fast_food","0","1","1","harvestcraft:pomegranatesmoothieItem",0,"Pomegranate Smoothie","2","false","80","","0",""
"28","dreamcraft.lootbag.group.fast_food","0","1","1","harvestcraft:mangosmoothieItem",0,"Mango Smoothie","2","false","80","","0",""
"28","dreamcraft.lootbag.group.fast_food","0","1","1","harvestcraft:blackberrysmoothieItem",0,"Blackberry Smoothie","2","false","80","","0",""
"28","dreamcraft.lootbag.group.fast_food","0","1","1","harvestcraft:kiwijuiceItem",0,"Kiwi Juice","4","false","80","","0",""
"28","dreamcraft.lootbag.group.fast_food","0","1","1","harvestcraft:blackberryjuiceItem",0,"Blackberry Juice","4","false","80","","0",""
"28","dreamcraft.lootbag.group.fast_food","0","1","1","harvestcraft:fruitpunchItem",0,"Fruit Punch","1","false","80","","0",""
"28","dreamcraft.lootbag.group.fast_food","0","1","1","harvestcraft:cranberryjuiceItem",0,"Cranberry Juice","4","false","80","","0",""
"28","dreamcraft.lootbag.group.fast_food","0","1","1","harvestcraft:plumjuiceItem",0,"Plum Juice","4","false","80","","0",""
"28","dreamcraft.lootbag.group.fast_food","0","1","1","harvestcraft:pearjuiceItem",0,"Pear Juice","4","false","80","","0",""
"29","dreamcraft.lootbag.group.slow_food","1","1","2","harvestcraft:applejellysandwichItem",0,"Apple Jelly Sandwich","1","false","80","","0",""
"29","dreamcraft.lootbag.group.slow_food","1","1","2","Avaritia:Ultimate_Stew",0,"Ultimate Stew","1","false","30","","0",""
"29","dreamcraft.lootbag.group.slow_food","1","1","2","Avaritia:Cosmic_Meatballs",0,"Cosmic Meatballs","1","false","30","","0",""
"29","dreamcraft.lootbag.group.slow_food","1","1","2","harvestcraft:deluxechickencurryItem",0,"Deluxe Chicken Curry","1","false","50","","0",""
"29","dreamcraft.lootbag.group.slow_food","1","1","2","harvestcraft:chickengumboItem",0,"Chicken Gumbo","1","false","70","","0",""
"29","dreamcraft.lootbag.group.slow_food","1","1","2","harvestcraft:generaltsochickenItem",0,"General Tso's Chicken","1","false","70","","0",""
"29","dreamcraft.lootbag.group.slow_food","1","1","2","harvestcraft:friedchickenItem",0,"Fried Chicken","1","false","60","","0",""
"29","dreamcraft.lootbag.group.slow_food","1","1","2","harvestcraft:frenchtoastItem",0,"French Toast","1","false","60","","0",""
"29","dreamcraft.lootbag.group.slow_food","1","1","2","harvestcraft:blackberryjellysandwichItem",0,"Blackberry Jelly Sandwich","1","false","60","","0",""
"29","dreamcraft.lootbag.group.slow_food","1","1","2","harvestcraft:blueberryjellysandwichItem",0,"Blueberry Jelly Sandwich","1","false","60","","0",""
"29","dreamcraft.lootbag.group.slow_food","1","1","2","harvestcraft:cherryjellysandwichItem",0,"Cherry Jelly Sandwich","1","false","60","","0",""
"29","dreamcraft.lootbag.group.slow_food","1","1","2","harvestcraft:cranberryjellysandwichItem",0,"Cranberry Jelly Sandwich","1","false","60","","0",""
"29","dreamcraft.lootbag.group.slow_food","1","1","2","harvestcraft:kiwijellysandwichItem",0,"Kiwi Jelly Sandwich","1","false","60","","0",""
"29","dreamcraft.lootbag.group.slow_food","1","1","2","harvestcraft:lemonjellysandwichItem",0,"Lemon Jelly Sandwich","1","false","60","","0",""
"29","dreamcraft.lootbag.group.slow_food","1","1","2","harvestcraft:limejellysandwichItem",0,"Lime Jelly Sandwich","1","false","60","","0",""
"29","dreamcraft.lootbag.group.slow_food","1","1","2","harvestcraft:mangojellysandwichItem",0,"Mango Jelly Sandwich","1","false","60","","0",""
"29","dreamcraft.lootbag.group.slow_food","1","1","2","harvestcraft:orangejellysandwichItem",0,"Orange Jelly Sandwich","1","false","60","","0",""
"29","dreamcraft.lootbag.group.slow_food","1","1","2","harvestcraft:papayajellysandwichItem",0,"Papaya Jelly Sandwich","1","false","60","","0",""
"29","dreamcraft.lootbag.group.slow_food","1","1","2","harvestcraft:peachjellysandwichItem",0,"Peach Jelly Sandwich","1","false","60","","0",""
"29","dreamcraft.lootbag.group.slow_food","1","1","2","harvestcraft:pomegranatejellysandwichItem",0,"Pomegranate Jelly Sandwich","1","false","60","","0",""
"29","dreamcraft.lootbag.group.slow_food","1","1","2","harvestcraft:raspberryjellysandwichItem",0,"Raspberry Jelly Sandwich","1","false","60","","0",""
"29","dreamcraft.lootbag.group.slow_food","1","1","2","harvestcraft:starfruitjellysandwichItem",0,"Starfruit Jelly Sandwich","1","false","60","","0",""
"29","dreamcraft.lootbag.group.slow_food","1","1","2","harvestcraft:strawberryjellysandwichItem",0,"Strawberry Jelly Sandwich","1","false","60","","0",""
"29","dreamcraft.lootbag.group.slow_food","1","1","2","harvestcraft:watermelonjellysandwichItem",0,"Watermelon Jelly Sandwich","1","false","60","","0",""
"29","dreamcraft.lootbag.group.slow_food","1","1","2","harvestcraft:beetburgerItem",0,"Beet Burger","1","false","40","","0",""
"29","dreamcraft.lootbag.group.slow_food","1","1","2","harvestcraft:mcpamItem",0,"McPam","1","false","60","","0",""
"29","dreamcraft.lootbag.group.slow_food","1","1","2","harvestcraft:meatfeastpizzaItem",0,"Meat Feast Pizza","1","false","50","","0",""
"29","dreamcraft.lootbag.group.slow_food","1","1","2","harvestcraft:spagettiandmeatballsItem",0,"Spaghetti and Meatballs","1","false","50","","0",""
"29","dreamcraft.lootbag.group.slow_food","1","1","2","harvestcraft:spagettiItem",0,"Spaghetti","1","false","60","","0",""
"29","dreamcraft.lootbag.group.slow_food","1","1","2","harvestcraft:pizzaItem",0,"Pizza","1","false","60","","0",""
"29","dreamcraft.lootbag.group.slow_food","1","1","2","harvestcraft:mushroomrisottoItem",0,"Mushroom Risotto","1","false","60","","0",""
"29","dreamcraft.lootbag.group.slow_food","1","1","2","gregtech:gt.metaitem.02",32244,"Large Steak Sandwich","1","false","50","","0",""
"29","dreamcraft.lootbag.group.slow_food","1","1","2","gregtech:gt.metaitem.02",32243,"Large Bacon Sandwich","1","false","50","","0",""
"29","dreamcraft.lootbag.group.slow_food","1","1","2","gregtech:gt.metaitem.02",32242,"Large Cheese Sandwich","1","false","50","","0",""
"29","dreamcraft.lootbag.group.slow_food","1","1","2","gregtech:gt.metaitem.02",32241,"Large Veggie Sandwich","1","false","50","","0",""
"29","dreamcraft.lootbag.group.slow_food","1","1","2","harvestcraft:ploughmanslunchItem",0,"Ploughman's Lunch","1","false","60","","0",""
"30","dreamcraft.lootbag.group.haute_cuisine","2","1","2","dreamcraft:QuantumBread",0,"Quantum Bread","1","false","70","","0",""
"30","dreamcraft.lootbag.group.haute_cuisine","2","1","2","harvestcraft:sausageinbreadItem",0,"Sausage in Bread","1","false","80","","0",""
"30","dreamcraft.lootbag.group.haute_cuisine","2","1","2","harvestcraft:epicbaconItem",0,"Epic Bacon","1","false","80","","0",""
"30","dreamcraft.lootbag.group.haute_cuisine","2","1","2","harvestcraft:beefwellingtonItem",0,"Beef Wellington","1","false","80","","0",""
"30","dreamcraft.lootbag.group.haute_cuisine","2","1","2","harvestcraft:delightedmealItem",0,"Delighted Meal","1","false","80","","0",""
"30","dreamcraft.lootbag.group.haute_cuisine","2","1","2","harvestcraft:heartybreakfastItem",0,"Hearty Breakfast","1","false","80","","0",""
"30","dreamcraft.lootbag.group.haute_cuisine","2","1","2","harvestcraft:rainbowcurryItem",0,"Rainbow Curry","1","false","90","","0",""
"30","dreamcraft.lootbag.group.haute_cuisine","2","1","2","harvestcraft:supremepizzaItem",0,"Supreme Pizza","1","false","90","","0",""
"31","dreamcraft.lootbag.group.dessert","3","1","1","DraconicEvolution:dezilsMarshmallow",0,"Dezil's Marshmallow","1","false","100","","0",""
"32","dreamcraft.lootbag.group.transportation_3_class","0","1","2","IC2:itemBoat",1,"Rubber Dinghy","1","false","30","","0",""
"32","dreamcraft.lootbag.group.transportation_3_class","0","1","2","IC2:itemBoat",2,"Damaged Rubber Dinghy","1","false","40","","0",""
"32","dreamcraft.lootbag.group.transportation_3_class","0","1","2","minecraft:boat",0,"Oak Boat","2","false","75","","0",""
"32","dreamcraft.lootbag.group.transportation_3_class","0","1","2","gregtech:gt.metaitem.01",17880,"Rubber Sheet","2","false","90","","0",""
"32","dreamcraft.lootbag.group.transportation_3_class","0","1","2","minecraft:fishing_rod",0,"Fishing Rod","1","false","75","","0",""
"32","dreamcraft.lootbag.group.transportation_3_class","0","1","2","minecraft:fish",0,"Raw Fish","2","false","85","","0",""
"32","dreamcraft.lootbag.group.transportation_3_class","0","1","2","minecraft:fish",2,"Clownfish","2","false","85","","0",""
"32","dreamcraft.lootbag.group.transportation_3_class","0","1","2","minecraft:fish",3,"Pufferfish","2","false","85","","0",""
"32","dreamcraft.lootbag.group.transportation_3_class","0","1","2","minecraft:cooked_fished",0,"Cooked Fish","2","false","75","","0",""
"32","dreamcraft.lootbag.group.transportation_3_class","0","1","2","minecraft:rail",0,"Track","4","false","80","","0",""
"32","dreamcraft.lootbag.group.transportation_3_class","0","1","2","minecraft:golden_rail",0,"Booster Track","1","false","60","","0",""
"32","dreamcraft.lootbag.group.transportation_3_class","0","1","2","minecraft:detector_rail",0,"Detector Track","1","false","60","","0",""
"32","dreamcraft.lootbag.group.transportation_3_class","0","1","2","minecraft:activator_rail",0,"Activator Track","1","false","60","","0",""
"32","dreamcraft.lootbag.group.transportation_3_class","0","1","2","minecraft:coal",1,"Charcoal","32","false","90","","0",""
"32","dreamcraft.lootbag.group.transportation_3_class","0","1","2","minecraft:coal",0,"Coal","32","false","90","","0",""
"32","dreamcraft.lootbag.group.transportation_3_class","0","1","2","minecraft:carrot_on_a_stick",0,"Carrot on a Stick","1","false","70","","0",""
"32","dreamcraft.lootbag.group.transportation_3_class","0","1","2","minecraft:lead",0,"Lead","2","false","85","","0",""
"32","dreamcraft.lootbag.group.transportation_3_class","0","1","2","minecraft:iron_horse_armor",0,"Iron Horse Armor","1","false","40","","0",""
"32","dreamcraft.lootbag.group.transportation_3_class","0","1","2","minecraft:name_tag",0,"Name Tag","1","false","90","","0",""
"32","dreamcraft.lootbag.group.transportation_3_class","0","1","2","Railcraft:part.rail",0,"Standard Rail","8","false","80","","0",""
"32","dreamcraft.lootbag.group.transportation_3_class","0","1","2","Railcraft:part.rail",1,"Advanced Rail","4","false","70","","0",""
"32","dreamcraft.lootbag.group.transportation_3_class","0","1","2","Railcraft:part.rail",3,"H.S. Rail","2","false","60","","0",""
"32","dreamcraft.lootbag.group.transportation_3_class","0","1","2","Railcraft:part.rail",4,"Reinforced Rail","2","false","60","","0",""
"32","dreamcraft.lootbag.group.transportation_3_class","0","1","2","Railcraft:track",4767,"Track","1","false","60","","0","{track:""railcraft:track.switch""}"
"32","dreamcraft.lootbag.group.transportation_3_class","0","1","2","Railcraft:track",2144,"Track","1","false","60","","0","{track:""railcraft:track.wye""}"
"32","dreamcraft.lootbag.group.transportation_3_class","0","1","2","Railcraft:track",0,"Track","1","false","60","","0","{track:""railcraft:track.junction""}"
"32","dreamcraft.lootbag.group.transportation_3_class","0","1","2","Railcraft:track",736,"Track","16","false","85","","0","{track:""railcraft:track.slow""}"
"32","dreamcraft.lootbag.group.transportation_3_class","0","1","2","Railcraft:track",0,"Track","2","false","55","","0","{track:""railcraft:track.slow.boost""}"
"32","dreamcraft.lootbag.group.transportation_3_class","0","1","2","Railcraft:track",0,"Track","1","false","75","","0","{track:""railcraft:track.slow.junction""}"
"32","dreamcraft.lootbag.group.transportation_3_class","0","1","2","Railcraft:track",19986,"Track","1","false","75","","0","{track:""railcraft:track.slow.switch""}"
"32","dreamcraft.lootbag.group.transportation_3_class","0","1","2","Railcraft:track",0,"Track","1","false","75","","0","{track:""railcraft:track.slow.wye""}"
"32","dreamcraft.lootbag.group.transportation_3_class","0","1","2","Railcraft:armor.overalls",0,"Engineer's Overalls","1","false","50","","0",""
"32","dreamcraft.lootbag.group.transportation_3_class","0","1","2","Railcraft:part.tie",0,"Wooden Tie","32","false","85","","0",""
"32","dreamcraft.lootbag.group.transportation_3_class","0","1","2","Railcraft:part.tie",1,"Stone Tie","16","false","75","","0",""
"32","dreamcraft.lootbag.group.transportation_3_class","0","1","2","Railcraft:part.railbed",1,"Stone Railbed","4","false","55","","0",""
"32","dreamcraft.lootbag.group.transportation_3_class","0","1","2","Railcraft:part.railbed",0,"Wooden Railbed","8","false","65","","0",""
"32","dreamcraft.lootbag.group.transportation_3_class","0","1","2","dreamcraft:ShapeBoat",0,"Casting Form (Boat Shape)","1","false","70","","0",""
"32","dreamcraft.lootbag.group.transportation_3_class","0","1","2","dreamcraft:ExtruderShapeBoat",0,"Extruder Shape (Boat)","1","false","60","","0",""
"32","dreamcraft.lootbag.group.transportation_3_class","0","1","2","Railcraft:cart.tank",0,"Tank Cart","1","false","50","","0",""
"32","dreamcraft.lootbag.group.transportation_3_class","0","1","2","Railcraft:cart.work",0,"Work Cart","1","false","50","","0",""
"32","dreamcraft.lootbag.group.transportation_3_class","0","1","2","Railcraft:cart.tnt.wood",0,"Wooden TNT Cart","1","false","50","","0",""
"32","dreamcraft.lootbag.group.transportation_3_class","0","1","2","minecraft:minecart",0,"Minecart","1","false","80","","0",""
"32","dreamcraft.lootbag.group.transportation_3_class","0","1","2","minecraft:chest_minecart",0,"Chest Cart","1","false","70","","0",""
"32","dreamcraft.lootbag.group.transportation_3_class","0","1","2","minecraft:furnace_minecart",0,"Furnace Cart","1","false","70","","0",""
"32","dreamcraft.lootbag.group.transportation_3_class","0","1","2","minecraft:tnt_minecart",0,"TNT Cart","1","false","50","","0",""
"32","dreamcraft.lootbag.group.transportation_3_class","0","1","2","minecraft:hopper_minecart",0,"Hopper Cart","1","false","60","","0",""
"32","dreamcraft.lootbag.group.transportation_3_class","0","1","2","Railcraft:cart.pumpkin",0,"Pumpkin Cart","1","false","90","","0",""
"32","dreamcraft.lootbag.group.transportation_3_class","0","1","2","Railcraft:cart.gift",0,"Gift Cart","1","false","90","","0",""
"32","dreamcraft.lootbag.group.transportation_3_class","0","1","2","Railcraft:cart.redstone.flux",0,"Redstone Flux Cart","1","false","50","","0",""
"33","dreamcraft.lootbag.group.transportation_2_class","1","1","2","IC2:itemBoat",0,"Carbon Fiber Canoe","1","false","50","","0",""
"33","dreamcraft.lootbag.group.transportation_2_class","1","1","2","Railcraft:track",0,"Track","1","false","75","","0","{track:""railcraft:track.launcher""}"
"33","dreamcraft.lootbag.group.transportation_2_class","1","1","2","Railcraft:track",0,"Track","4","false","75","","0","{track:""railcraft:track.reinforced""}"
"33","dreamcraft.lootbag.group.transportation_2_class","1","1","2","Railcraft:track",0,"Track","1","false","50","","0","{track:""railcraft:track.control""}"
"33","dreamcraft.lootbag.group.transportation_2_class","1","1","2","Railcraft:track",20176,"Track","1","false","50","","0","{track:""railcraft:track.locking""}"
"33","dreamcraft.lootbag.group.transportation_2_class","1","1","2","Railcraft:track",23575,"Track","1","false","50","","0","{track:""railcraft:track.disembarking""}"
"33","dreamcraft.lootbag.group.transportation_2_class","1","1","2","Railcraft:track",0,"Track","1","false","50","","0","{track:""railcraft:track.embarking""}"
"33","dreamcraft.lootbag.group.transportation_2_class","1","1","2","Railcraft:track",0,"Track","1","false","50","","0","{track:""railcraft:track.coupler""}"
"33","dreamcraft.lootbag.group.transportation_2_class","1","1","2","Railcraft:track",0,"Track","1","false","50","","0","{track:""railcraft:track.whistle""}"
"33","dreamcraft.lootbag.group.transportation_2_class","1","1","2","Railcraft:track",30516,"Track","1","false","50","","0","{track:""railcraft:track.locomotive""}"
"33","dreamcraft.lootbag.group.transportation_2_class","1","1","2","Railcraft:track",16093,"Track","1","false","50","","0","{track:""railcraft:track.limiter""}"
"33","dreamcraft.lootbag.group.transportation_2_class","1","1","2","Railcraft:track",0,"Track","1","false","50","","0","{track:""railcraft:track.routing""}"
"33","dreamcraft.lootbag.group.transportation_2_class","1","1","2","Railcraft:track",30946,"Track","1","false","50","","0","{track:""railcraft:track.oneway""}"
"33","dreamcraft.lootbag.group.transportation_2_class","1","1","2","Railcraft:track",0,"Track","1","false","50","","0","{track:""railcraft:track.detector.direction""}"
"33","dreamcraft.lootbag.group.transportation_2_class","1","1","2","Railcraft:track",0,"Track","1","false","50","","0","{track:""railcraft:track.gated.oneway""}"
"33","dreamcraft.lootbag.group.transportation_2_class","1","1","2","Railcraft:track",19746,"Track","2","false","75","","0","{track:""railcraft:track.gated""}"
"33","dreamcraft.lootbag.group.transportation_2_class","1","1","2","Railcraft:track",0,"Track","2","false","75","","0","{track:""railcraft:track.suspended""}"
"33","dreamcraft.lootbag.group.transportation_2_class","1","1","2","Railcraft:track",2264,"Track","1","false","50","","0","{track:""railcraft:track.disposal""}"
"33","dreamcraft.lootbag.group.transportation_2_class","1","1","2","Railcraft:track",0,"Track","2","false","75","","0","{track:""railcraft:track.reinforced.boost""}"
"33","dreamcraft.lootbag.group.transportation_2_class","1","1","2","Railcraft:track",764,"Track","2","false","75","","0","{track:""railcraft:track.reinforced.junction""}"
"33","dreamcraft.lootbag.group.transportation_2_class","1","1","2","Railcraft:track",0,"Track","2","false","75","","0","{track:""railcraft:track.reinforced.switch""}"
"33","dreamcraft.lootbag.group.transportation_2_class","1","1","2","Railcraft:track",0,"Track","2","false","75","","0","{track:""railcraft:track.reinforced.wye""}"
"33","dreamcraft.lootbag.group.transportation_2_class","1","1","2","Railcraft:track",0,"Track","4","false","60","","0","{track:""railcraft:track.electric""}"
"33","dreamcraft.lootbag.group.transportation_2_class","1","1","2","Railcraft:track",0,"Track","2","false","60","","0","{track:""railcraft:track.electric.junction""}"
"33","dreamcraft.lootbag.group.transportation_2_class","1","1","2","Railcraft:track",10488,"Track","2","false","60","","0","{track:""railcraft:track.electric.switch""}"
"33","dreamcraft.lootbag.group.transportation_2_class","1","1","2","Railcraft:track",0,"Track","2","false","60","","0","{track:""railcraft:track.electric.wye""}"
"33","dreamcraft.lootbag.group.transportation_2_class","1","1","2","Railcraft:track",816,"Track","8","false","75","","0","{track:""railcraft:track.speed""}"
"33","dreamcraft.lootbag.group.transportation_2_class","1","1","2","Railcraft:track",0,"Track","2","false","65","","0","{track:""railcraft:track.speed.boost""}"
"33","dreamcraft.lootbag.group.transportation_2_class","1","1","2","Railcraft:track",26865,"Track","2","false","65","","0","{track:""railcraft:track.speed.transition""}"
"33","dreamcraft.lootbag.group.transportation_2_class","1","1","2","Railcraft:track",7916,"Track","2","false","65","","0","{track:""railcraft:track.speed.switch""}"
"33","dreamcraft.lootbag.group.transportation_2_class","1","1","2","Railcraft:track",0,"Track","2","false","65","","0","{track:""railcraft:track.speed.wye""}"
"33","dreamcraft.lootbag.group.transportation_2_class","1","1","2","Railcraft:track",8103,"Track","2","false","65","","0","{track:""railcraft:track.priming""}"
"33","dreamcraft.lootbag.group.transportation_2_class","1","1","2","Railcraft:track.elevator",0,"Elevator Track","4","false","70","","0",""
"33","dreamcraft.lootbag.group.transportation_2_class","1","1","2","Railcraft:signal",4,"Switch Lever","2","false","40","","0",""
"33","dreamcraft.lootbag.group.transportation_2_class","1","1","2","Railcraft:signal",2,"Switch Motor","2","false","40","","0",""
"33","dreamcraft.lootbag.group.transportation_2_class","1","1","2","Railcraft:signal",5,"Routing Switch Motor","2","false","40","","0",""
"33","dreamcraft.lootbag.group.transportation_2_class","1","1","2","Railcraft:signal",3,"Block Signal","2","false","40","","0",""
"33","dreamcraft.lootbag.group.transportation_2_class","1","1","2","Railcraft:signal",11,"Distant Signal","2","false","40","","0",""
"33","dreamcraft.lootbag.group.transportation_2_class","1","1","2","Railcraft:signal",1,"Dual-Head Block Signal","2","false","40","","0",""
"33","dreamcraft.lootbag.group.transportation_2_class","1","1","2","Railcraft:signal",12,"Dual-Head Distant Signal","2","false","40","","0",""
"33","dreamcraft.lootbag.group.transportation_2_class","1","1","2","Railcraft:signal",13,"Signal Block Relay Box","2","false","40","","0",""
"33","dreamcraft.lootbag.group.transportation_2_class","1","1","2","Railcraft:signal",8,"Signal Receiver Box","2","false","40","","0",""
"33","dreamcraft.lootbag.group.transportation_2_class","1","1","2","Railcraft:signal",9,"Signal Controller Box","2","false","40","","0",""
"33","dreamcraft.lootbag.group.transportation_2_class","1","1","2","Railcraft:signal",10,"Analog Signal Controller Box","2","false","40","","0",""
"33","dreamcraft.lootbag.group.transportation_2_class","1","1","2","Railcraft:signal",7,"Signal Capacitor Box","2","false","40","","0",""
"33","dreamcraft.lootbag.group.transportation_2_class","1","1","2","Railcraft:signal",6,"Signal Sequencer Box","2","false","40","","0",""
"33","dreamcraft.lootbag.group.transportation_2_class","1","1","2","Railcraft:signal",0,"Signal Interlock Box","2","false","40","","0",""
"33","dreamcraft.lootbag.group.transportation_2_class","1","1","2","dreamcraft:ElectricBoatHull",0,"Electric Boat Hull","1","false","65","","0",""
"33","dreamcraft.lootbag.group.transportation_2_class","1","1","2","IC2:itemBoat",3,"Electric Boat","1","false","30","","0",""
"34","dreamcraft.lootbag.group.transportation_1_class","2","1","1","Railcraft:cart.loco.steam.solid",0,"Steam Locomotive","1","false","80","","0","{model:""railcraft:default""}"
"34","dreamcraft.lootbag.group.transportation_1_class","2","1","1","Railcraft:cart.loco.electric",0,"Electric Locomotive","1","false","80","","0","{model:""railcraft:default""}"
"34","dreamcraft.lootbag.group.transportation_1_class","2","1","1","Railcraft:cart.bore",0,"Tunnel Bore","1","false","75","","0",""
"34","dreamcraft.lootbag.group.transportation_1_class","2","1","1","Railcraft:borehead.iron",0,"Iron Bore Head","1","false","90","","0",""
"34","dreamcraft.lootbag.group.transportation_1_class","2","1","1","Railcraft:borehead.steel",0,"Steel Bore Head","1","false","80","","0",""
"34","dreamcraft.lootbag.group.transportation_1_class","2","1","1","Railcraft:borehead.diamond",0,"Diamond Bore Head","1","false","60","","0",""
"34","dreamcraft.lootbag.group.transportation_1_class","2","1","1","Railcraft:cart.track.relayer",0,"Track Relayer Cart","1","false","50","","0",""
"34","dreamcraft.lootbag.group.transportation_1_class","2","1","1","Railcraft:cart.undercutter",0,"Undercutter Cart","1","false","50","","0",""
"34","dreamcraft.lootbag.group.transportation_1_class","2","1","1","Railcraft:cart.track.layer",0,"Track Layer Cart","1","false","50","","0",""
"34","dreamcraft.lootbag.group.transportation_1_class","2","1","1","Railcraft:cart.track.remover",0,"Track Remover Cart","1","false","50","","0",""
"34","dreamcraft.lootbag.group.transportation_1_class","2","1","1","Railcraft:track",0,"Track","64","false","90","","0","{track:""railcraft:track.reinforced""}"
"34","dreamcraft.lootbag.group.transportation_1_class","2","1","1","Railcraft:track",0,"Track","64","false","85","","0","{track:""railcraft:track.electric""}"
"34","dreamcraft.lootbag.group.transportation_1_class","2","1","1","Railcraft:track",816,"Track","64","false","95","","0","{track:""railcraft:track.speed""}"
"35","dreamcraft.lootbag.group.seeds","0","5","8","harvestcraft:blackberryseedItem",0,"Blackberry Seed","1","false","100","","0",""
"35","dreamcraft.lootbag.group.seeds","0","5","8","harvestcraft:blueberryseedItem",0,"Blueberry Seed","1","false","100","","0",""
"35","dreamcraft.lootbag.group.seeds","0","5","8","harvestcraft:candleberryseedItem",0,"Candleberry Seed","1","false","100","","0",""
"35","dreamcraft.lootbag.group.seeds","0","5","8","harvestcraft:raspberryseedItem",0,"Raspberry Seed","1","false","100","","0",""
"35","dreamcraft.lootbag.group.seeds","0","5","8","harvestcraft:strawberryseedItem",0,"Strawberry Seed","1","false","100","","0",""
"35","dreamcraft.lootbag.group.seeds","0","5","8","harvestcraft:grapeseedItem",0,"Grape Seed","1","false","100","","0",""
"35","dreamcraft.lootbag.group.seeds","0","5","8","harvestcraft:cactusfruitseedItem",0,"Cactus Fruit Seed","1","false","100","","0",""
"35","dreamcraft.lootbag.group.seeds","0","5","8","harvestcraft:asparagusseedItem",0,"Asparagus Seed","1","false","100","","0",""
"35","dreamcraft.lootbag.group.seeds","0","5","8","harvestcraft:barleyseedItem",0,"Barley Seed","1","false","100","","0",""
"35","dreamcraft.lootbag.group.seeds","0","5","8","harvestcraft:oatsseedItem",0,"Oats Seed","1","false","100","","0",""
"35","dreamcraft.lootbag.group.seeds","0","5","8","harvestcraft:ryeseedItem",0,"Rye Seed","1","false","100","","0",""
"35","dreamcraft.lootbag.group.seeds","0","5","8","harvestcraft:cornseedItem",0,"Corn Seed","1","false","100","","0",""
"35","dreamcraft.lootbag.group.seeds","0","5","8","harvestcraft:bambooshootseedItem",0,"Bamboo Shoot Seed","1","false","100","","0",""
"35","dreamcraft.lootbag.group.seeds","0","5","8","harvestcraft:cantaloupeseedItem",0,"Cantaloupe Seed","1","false","100","","0",""
"35","dreamcraft.lootbag.group.seeds","0","5","8","harvestcraft:cucumberseedItem",0,"Cucumber Seed","1","false","100","","0",""
"35","dreamcraft.lootbag.group.seeds","0","5","8","harvestcraft:wintersquashseedItem",0,"Winter Squash Seed","1","false","100","","0",""
"35","dreamcraft.lootbag.group.seeds","0","5","8","harvestcraft:zucchiniseedItem",0,"Zucchini Seed","1","false","100","","0",""
"35","dreamcraft.lootbag.group.seeds","0","5","8","harvestcraft:beetseedItem",0,"Beet Seed","1","false","100","","0",""
"35","dreamcraft.lootbag.group.seeds","0","5","8","harvestcraft:onionseedItem",0,"Onion Seed","1","false","100","","0",""
"35","dreamcraft.lootbag.group.seeds","0","5","8","harvestcraft:parsnipseedItem",0,"Parsnip Seed","1","false","100","","0",""
"35","dreamcraft.lootbag.group.seeds","0","5","8","harvestcraft:peanutseedItem",0,"Peanut Seed","1","false","100","","0",""
"35","dreamcraft.lootbag.group.seeds","0","5","8","harvestcraft:radishseedItem",0,"Radish Seed","1","false","100","","0",""
"35","dreamcraft.lootbag.group.seeds","0","5","8","harvestcraft:rutabagaseedItem",0,"Rutabaga Seed","1","false","100","","0",""
"35","dreamcraft.lootbag.group.seeds","0","5","8","harvestcraft:sweetpotatoseedItem",0,"Sweet Potato Seed","1","false","100","","0",""
"35","dreamcraft.lootbag.group.seeds","0","5","8","harvestcraft:turnipseedItem",0,"Turnip Seed","1","false","100","","0",""
"35","dreamcraft.lootbag.group.seeds","0","5","8","harvestcraft:rhubarbseedItem",0,"Rhubarb Seed","1","false","100","","0",""
"35","dreamcraft.lootbag.group.seeds","0","5","8","harvestcraft:celeryseedItem",0,"Celery Seed","1","false","100","","0",""
"35","dreamcraft.lootbag.group.seeds","0","5","8","harvestcraft:garlicseedItem",0,"Garlic Seed","1","false","100","","0",""
"35","dreamcraft.lootbag.group.seeds","0","5","8","harvestcraft:gingerseedItem",0,"Ginger Seed","1","false","100","","0",""
"35","dreamcraft.lootbag.group.seeds","0","5","8","harvestcraft:spiceleafseedItem",0,"Spice Leaf Seed","1","false","100","","0",""
"35","dreamcraft.lootbag.group.seeds","0","5","8","harvestcraft:teaseedItem",0,"Tea Seed","1","false","100","","0",""
"35","dreamcraft.lootbag.group.seeds","0","5","8","harvestcraft:coffeeseedItem",0,"Coffee Seed","1","false","100","","0",""
"35","dreamcraft.lootbag.group.seeds","0","5","8","harvestcraft:mustardseedItem",0,"Mustard Seed","1","false","100","","0",""
"35","dreamcraft.lootbag.group.seeds","0","5","8","harvestcraft:broccoliseedItem",0,"Broccoli Seed","1","false","100","","0",""
"35","dreamcraft.lootbag.group.seeds","0","5","8","harvestcraft:cauliflowerseedItem",0,"Cauliflower Seed","1","false","100","","0",""
"35","dreamcraft.lootbag.group.seeds","0","5","8","harvestcraft:leekseedItem",0,"Leek Seed","1","false","100","","0",""
"35","dreamcraft.lootbag.group.seeds","0","5","8","harvestcraft:lettuceseedItem",0,"Lettuce Seed","1","false","100","","0",""
"35","dreamcraft.lootbag.group.seeds","0","5","8","harvestcraft:scallionseedItem",0,"Scallion Seed","1","false","100","","0",""
"35","dreamcraft.lootbag.group.seeds","0","5","8","harvestcraft:artichokeseedItem",0,"Artichoke Seed","1","false","100","","0",""
"35","dreamcraft.lootbag.group.seeds","0","5","8","harvestcraft:brusselsproutseedItem",0,"Brussel Sprout Seed","1","false","100","","0",""
"35","dreamcraft.lootbag.group.seeds","0","5","8","harvestcraft:cabbageseedItem",0,"Cabbage Seed","1","false","100","","0",""
"35","dreamcraft.lootbag.group.seeds","0","5","8","harvestcraft:spinachseedItem",0,"Spinach Seed","1","false","100","","0",""
"35","dreamcraft.lootbag.group.seeds","0","5","8","harvestcraft:beanseedItem",0,"Bean Seed","1","false","100","","0",""
"35","dreamcraft.lootbag.group.seeds","0","5","8","harvestcraft:soybeanseedItem",0,"Soybean Seed","1","false","100","","0",""
"35","dreamcraft.lootbag.group.seeds","0","5","8","harvestcraft:bellpepperseedItem",0,"Bellpepper Seed","1","false","100","","0",""
"35","dreamcraft.lootbag.group.seeds","0","5","8","harvestcraft:chilipepperseedItem",0,"Chili Pepper Seed","1","false","100","","0",""
"35","dreamcraft.lootbag.group.seeds","0","5","8","harvestcraft:eggplantseedItem",0,"Eggplant Seed","1","false","100","","0",""
"35","dreamcraft.lootbag.group.seeds","0","5","8","harvestcraft:okraseedItem",0,"Okra Seed","1","false","100","","0",""
"35","dreamcraft.lootbag.group.seeds","0","5","8","harvestcraft:peasseedItem",0,"Peas Seed","1","false","100","","0",""
"35","dreamcraft.lootbag.group.seeds","0","5","8","harvestcraft:tomatoseedItem",0,"Tomato Seed","1","false","100","","0",""
"35","dreamcraft.lootbag.group.seeds","0","5","8","harvestcraft:pineappleseedItem",0,"Pineapple Seed","1","false","100","","0",""
"35","dreamcraft.lootbag.group.seeds","0","5","8","harvestcraft:curryleafseedItem",0,"Curry Leaf Seed","1","false","100","","0",""
"35","dreamcraft.lootbag.group.seeds","0","5","8","harvestcraft:sesameseedsseedItem",0,"Sesame Seeds Seed","1","false","100","","0",""
"35","dreamcraft.lootbag.group.seeds","0","5","8","harvestcraft:kiwiseedItem",0,"Kiwi Seed","1","false","100","","0",""
"35","dreamcraft.lootbag.group.seeds","0","5","8","harvestcraft:cranberryseedItem",0,"Cranberry Seed","1","false","100","","0",""
"35","dreamcraft.lootbag.group.seeds","0","5","8","harvestcraft:riceseedItem",0,"Rice Seed","1","false","100","","0",""
"35","dreamcraft.lootbag.group.seeds","0","5","8","harvestcraft:seaweedseedItem",0,"Seaweed Seed","1","false","100","","0",""
"35","dreamcraft.lootbag.group.seeds","0","5","8","harvestcraft:waterchestnutseedItem",0,"Water Chestnut Seed","1","false","100","","0",""
"36","dreamcraft.lootbag.group.gardens","0","3","5","harvestcraft:berrygarden",0,"Berry Garden","1","false","100","","0",""
"36","dreamcraft.lootbag.group.gardens","0","3","5","harvestcraft:desertgarden",0,"Desert Garden","1","false","100","","0",""
"36","dreamcraft.lootbag.group.gardens","0","3","5","harvestcraft:grassgarden",0,"Grass Garden","1","false","100","","0",""
"36","dreamcraft.lootbag.group.gardens","0","3","5","harvestcraft:gourdgarden",0,"Gourd Garden","1","false","100","","0",""
"36","dreamcraft.lootbag.group.gardens","0","3","5","harvestcraft:groundgarden",0,"Ground Garden","1","false","100","","0",""
"36","dreamcraft.lootbag.group.gardens","0","3","5","harvestcraft:herbgarden",0,"Herb Garden","1","false","100","","0",""
"36","dreamcraft.lootbag.group.gardens","0","3","5","harvestcraft:leafygarden",0,"Leafy Garden","1","false","100","","0",""
"36","dreamcraft.lootbag.group.gardens","0","3","5","harvestcraft:mushroomgarden",0,"Mushroom Garden","1","false","100","","0",""
"36","dreamcraft.lootbag.group.gardens","0","3","5","harvestcraft:stalkgarden",0,"Stalk Garden","1","false","100","","0",""
"36","dreamcraft.lootbag.group.gardens","0","3","5","harvestcraft:textilegarden",0,"Textile Garden","1","false","100","","0",""
"36","dreamcraft.lootbag.group.gardens","0","3","5","harvestcraft:tropicalgarden",0,"Tropical Garden","1","false","100","","0",""
"36","dreamcraft.lootbag.group.gardens","0","3","5","harvestcraft:watergarden",0,"Water Garden","1","false","100","","0",""
"36","dreamcraft.lootbag.group.gardens","0","3","5","fether:nether_garden",0,"Nether Garden","1","false","100","","0",""
"37","dreamcraft.lootbag.group.ae_basic","1","2","4","appliedenergistics2:item.ItemMultiMaterial",25,"Basic Card","8","false","55","","0",""
"37","dreamcraft.lootbag.group.ae_basic","1","2","4","appliedenergistics2:item.ItemMultiMaterial",26,"Redstone Card","8","false","55","","0",""
"37","dreamcraft.lootbag.group.ae_basic","1","2","4","appliedenergistics2:item.ItemMultiMaterial",53,"Crafting Card","8","false","55","","0",""
"37","dreamcraft.lootbag.group.ae_basic","1","2","4","appliedenergistics2:item.ItemMultiMaterial",27,"Capacity Card","8","false","55","","0",""
"37","dreamcraft.lootbag.group.ae_basic","1","2","4","appliedenergistics2:item.ItemBasicStorageCell.1k",0,"§61k§r ME Storage Cell","1","false","45","","0","{}"
"37","dreamcraft.lootbag.group.ae_basic","1","2","4","appliedenergistics2:item.ItemBasicStorageCell.4k",0,"§e4k§r ME Storage Cell","1","false","35","","0","{}"
"37","dreamcraft.lootbag.group.ae_basic","1","2","4","appliedenergistics2:item.ItemMultiPart",340,"ME Pattern Terminal","1","false","30","ae_terminals","0",""
"37","dreamcraft.lootbag.group.ae_basic","1","2","4","appliedenergistics2:item.ItemMultiPart",480,"ME Interface Terminal","1","false","30","ae_terminals","0",""
"37","dreamcraft.lootbag.group.ae_basic","1","2","4","appliedenergistics2:item.ItemMultiPart",360,"ME Crafting Terminal","1","false","30","ae_terminals","0",""
"37","dreamcraft.lootbag.group.ae_basic","1","2","4","appliedenergistics2:tile.BlockController",0,"ME Controller","1","false","60","","10",""
"37","dreamcraft.lootbag.group.ae_basic","1","2","4","appliedenergistics2:item.ItemMultiMaterial",7,"Fluix Crystal","64","false","30","quartz","0",""
"37","dreamcraft.lootbag.group.ae_basic","1","2","4","appliedenergistics2:item.ItemMultiMaterial",1,"Charged Certus Quartz Crystal","64","false","30","quartz","0",""
"37","dreamcraft.lootbag.group.ae_basic","1","2","4","appliedenergistics2:item.ItemMultiPart",76,"ME Dense Smart Cable - Fluix","8","false","75","","0",""
"37","dreamcraft.lootbag.group.ae_basic","1","2","4","appliedenergistics2:item.ItemMultiMaterial",35,"§61k§r ME Storage Component","16","false","35","","0",""
"37","dreamcraft.lootbag.group.ae_basic","1","2","4","appliedenergistics2:item.ItemMultiMaterial",36,"§e4k§r ME Storage Component","4","false","25","","0",""
"37","dreamcraft.lootbag.group.ae_basic","1","2","4","appliedenergistics2:item.ItemMultiPart",56,"ME Smart Cable - Fluix","16","true","65","","0",""
"37","dreamcraft.lootbag.group.ae_basic","1","2","4","appliedenergistics2:tile.BlockDrive",0,"ME Drive","1","false","20","","0",""
"37","dreamcraft.lootbag.group.ae_basic","1","2","4","appliedenergistics2:item.ItemMultiPart",36,"ME Covered Cable - Fluix","32","false","30","","0",""
"38","dreamcraft.lootbag.group.ae_good","2","2","4","appliedenergistics2:item.ItemBasicStorageCell.16k",0,"§a16k§r ME Storage Cell","4","false","35","","0","{}"
"38","dreamcraft.lootbag.group.ae_good","2","2","4","appliedenergistics2:item.ItemMultiMaterial",25,"Basic Card","16","false","65","","0",""
"38","dreamcraft.lootbag.group.ae_good","2","2","4","appliedenergistics2:item.ItemMultiMaterial",26,"Redstone Card","16","false","65","","0",""
"38","dreamcraft.lootbag.group.ae_good","2","2","4","appliedenergistics2:item.ItemMultiMaterial",27,"Capacity Card","16","false","65","","0",""
"38","dreamcraft.lootbag.group.ae_good","2","2","4","appliedenergistics2:item.ItemMultiMaterial",28,"Advanced Card","16","false","55","","0",""
"38","dreamcraft.lootbag.group.ae_good","2","2","4","appliedenergistics2:item.ItemMultiMaterial",29,"Fuzzy Card","16","false","55","","0",""
"38","dreamcraft.lootbag.group.ae_good","2","2","4","appliedenergistics2:item.ItemMultiMaterial",30,"Acceleration Card","16","false","55","","0",""
"38","dreamcraft.lootbag.group.ae_good","2","2","4","appliedenergistics2:item.ItemMultiMaterial",31,"Inverter Card","16","false","55","","0",""
"38","dreamcraft.lootbag.group.ae_good","2","2","4","appliedenergistics2:item.ItemMultiMaterial",53,"Crafting Card","16","false","65","","0",""
"38","dreamcraft.lootbag.group.ae_good","2","2","4","appliedenergistics2:item.ItemMultiPart",56,"ME Smart Cable - Fluix","32","true","70","","0",""
"38","dreamcraft.lootbag.group.ae_good","2","2","4","appliedenergistics2:tile.BlockController",0,"ME Controller","4","false","50","","0",""
"38","dreamcraft.lootbag.group.ae_good","2","2","4","appliedenergistics2:tile.BlockQuantumLinkChamber",0,"ME Quantum Link Chamber","1","false","10","quantumchamber","1",""
"38","dreamcraft.lootbag.group.ae_good","2","2","4","appliedenergistics2:tile.BlockQuantumRing",0,"ME Quantum Ring","8","false","10","quantumchamber","1",""
"38","dreamcraft.lootbag.group.ae_good","2","2","4","appliedenergistics2:item.ItemMultiMaterial",37,"§a16k§r ME Storage Component","8","false","45","","0",""
"38","dreamcraft.lootbag.group.ae_good","2","2","4","appliedenergistics2:item.ItemMultiPart",76,"ME Dense Smart Cable - Fluix","16","false","45","","0",""
"38","dreamcraft.lootbag.group.ae_good","2","2","4","appliedenergistics2:item.ItemMultiMaterial",54,"Pattern Capacity Card","4","false","55","","0",""
"45","dreamcraft.lootbag.group.computer_floppies","0","1","1","OpenComputers:item",4,"Floppy Disk","1","false","100","","0","{oc:data:{oc:fs.label:""plan9k""},oc:color:1,display:{Name:""Plan9k (Operating System)""},oc:lootFactory:""OpenComputers:plan9k""}"
"45","dreamcraft.lootbag.group.computer_floppies","0","1","1","OpenComputers:item",4,"Floppy Disk","1","false","100","","0","{oc:data:{oc:fs.label:""SecureOS""},oc:color:1,oc:lootFactory:""opensecurity:SecureOS""}"
"45","dreamcraft.lootbag.group.computer_floppies","0","1","1","OpenComputers:item",4,"Floppy Disk","1","false","100","","0","{oc:data:{oc:fs.label:""network""},oc:color:10,display:{Name:""Network (Network Stack)""},oc:lootFactory:""OpenComputers:network""}"
"45","dreamcraft.lootbag.group.computer_floppies","0","1","1","OpenComputers:item",4,"Floppy Disk","1","false","100","","0","{oc:data:{oc:fs.label:""dig""},oc:color:3,display:{Name:""Digger""},oc:lootFactory:""OpenComputers:dig""}"
"45","dreamcraft.lootbag.group.computer_floppies","0","1","1","OpenComputers:item",4,"Floppy Disk","1","false","100","","0","{oc:data:{oc:fs.label:""oppm""},oc:color:6,display:{Name:""OPPM (Package Manager)""},oc:lootFactory:""OpenComputers:oppm""}"
"45","dreamcraft.lootbag.group.computer_floppies","0","1","1","OpenComputers:item",4,"Floppy Disk","1","false","100","","0","{oc:data:{oc:fs.label:""openloader""},oc:color:13,display:{Name:""OpenLoader (Boot Loader)""},oc:lootFactory:""OpenComputers:openloader""}"
"45","dreamcraft.lootbag.group.computer_floppies","0","1","1","OpenComputers:item",4,"Floppy Disk","1","false","100","","0","{oc:data:{oc:fs.label:""irc""},oc:color:12,display:{Name:""OpenIRC (IRC Client)""},oc:lootFactory:""OpenComputers:irc""}"
"45","dreamcraft.lootbag.group.computer_floppies","0","1","1","OpenComputers:item",4,"Floppy Disk","1","false","100","","0","{oc:data:{oc:fs.label:""explode""},oc:color:1,oc:lootFactory:""computronics:explode""}"
"45","dreamcraft.lootbag.group.computer_floppies","0","1","1","OpenComputers:item",4,"Floppy Disk","1","false","100","","0","{oc:data:{oc:fs.label:""openos""},oc:color:2,display:{Name:""OpenOS (Operating System)""},oc:lootFactory:""OpenComputers:openos""}"
"45","dreamcraft.lootbag.group.computer_floppies","0","1","1","OpenComputers:item",4,"Floppy Disk","1","false","100","","0","{oc:data:{oc:fs.label:""maze""},oc:color:14,display:{Name:""Mazer""},oc:lootFactory:""OpenComputers:maze""}"
"45","dreamcraft.lootbag.group.computer_floppies","0","1","1","OpenComputers:item",4,"Floppy Disk","1","false","100","","0","{oc:data:{oc:fs.label:""builder""},oc:color:11,display:{Name:""Builder""},oc:lootFactory:""OpenComputers:builder""}"
"45","dreamcraft.lootbag.group.computer_floppies","0","1","1","OpenComputers:item",4,"Floppy Disk","1","false","100","","0","{oc:data:{oc:fs.label:""generator""},oc:color:5,display:{Name:""Generator Upgrade Software""},oc:lootFactory:""OpenComputers:generator""}"
"45","dreamcraft.lootbag.group.computer_floppies","0","1","1","OpenComputers:item",4,"Floppy Disk","1","false","100","","0","{oc:data:{oc:fs.label:""tape""},oc:color:15,oc:lootFactory:""computronics:tape""}"
"45","dreamcraft.lootbag.group.computer_floppies","0","1","1","OpenComputers:item",4,"Floppy Disk","1","false","100","","0","{oc:data:{oc:fs.label:""data""},oc:color:9,display:{Name:""Data Card Software""},oc:lootFactory:""OpenComputers:data""}"
"46","dreamcraft.lootbag.group.tier_1_computers","0","1","2","miscutils:itemGenericToken",0,"§rBitCoin","4","false","100","","0",""
"46","dreamcraft.lootbag.group.tier_1_computers","0","1","2","OpenComputers:screen1",0,"Screen (Tier 1)","4","false","50","","0",""
"46","dreamcraft.lootbag.group.tier_1_computers","0","1","2","OpenComputers:keyboard",0,"Keyboard","1","false","80","","0",""
"46","dreamcraft.lootbag.group.tier_1_computers","0","1","2","OpenComputers:item",57,"Card Container (Tier 1)","1","false","75","","0",""
"46","dreamcraft.lootbag.group.tier_1_computers","0","1","2","OpenComputers:item",18,"Grog","1","false","65","","0",""
"46","dreamcraft.lootbag.group.tier_1_computers","0","1","2","OpenComputers:powerConverter",0,"Power Converter","1","false","75","","0",""
"46","dreamcraft.lootbag.group.tier_1_computers","0","1","2","OpenComputers:item",11,"Network Card","1","false","80","","0",""
"46","dreamcraft.lootbag.group.tier_1_computers","0","1","2","OpenComputers:item",98,"OpenComputers Manual","1","false","100","","0",""
"46","dreamcraft.lootbag.group.tier_1_computers","0","1","2","OpenComputers:item",33,"Card Base","1","false","75","","0",""
"46","dreamcraft.lootbag.group.tier_1_computers","0","1","2","OpenComputers:diskDrive",0,"Disk Drive","1","false","75","","0",""
"46","dreamcraft.lootbag.group.tier_1_computers","0","1","2","OpenComputers:redstone",0,"Redstone I/O","2","false","85","","0",""
"46","dreamcraft.lootbag.group.tier_1_computers","0","1","2","OpenComputers:item",24,"Microchip (Tier 1)","4","false","90","","0",""
"46","dreamcraft.lootbag.group.tier_1_computers","0","1","2","OpenComputers:cable",11250603,"Cable","16","false","100","","0",""
"46","dreamcraft.lootbag.group.tier_1_computers","0","1","2","OpenComputers:wrench",0,"Scrench","1","false","80","","0",""
"46","dreamcraft.lootbag.group.tier_1_computers","0","1","2","OpenComputers:item",29,"Central Processing Unit (CPU) (Tier 1)","1","false","65","","0",""
"46","dreamcraft.lootbag.group.tier_1_computers","0","1","2","OpenComputers:item",0,"Analyzer","1","false","75","","0",""
"46","dreamcraft.lootbag.group.tier_1_computers","0","1","2","OpenComputers:item",19,"Disk Platter","4","false","90","","0",""
"46","dreamcraft.lootbag.group.tier_1_computers","0","1","2","OpenComputers:transposer",0,"Transposer","2","false","75","","0",""
"46","dreamcraft.lootbag.group.tier_1_computers","0","1","2","OpenComputers:eeprom",0,"EEPROM","1","false","95","","0",""
"46","dreamcraft.lootbag.group.tier_1_computers","0","1","2","OpenComputers:item",104,"Data Card (Tier 1)","1","false","75","","0",""
"46","dreamcraft.lootbag.group.tier_1_computers","0","1","2","OpenComputers:item",78,"Database Upgrade (Tier 1)","1","false","75","","0",""
"46","dreamcraft.lootbag.group.tier_1_computers","0","1","2","OpenComputers:item",1,"Memory (Tier 1)","2","false","55","","0",""
"46","dreamcraft.lootbag.group.tier_1_computers","0","1","2","OpenComputers:adapter",0,"Adapter","1","false","75","","0",""
"46","dreamcraft.lootbag.group.tier_1_computers","0","1","2","OpenComputers:waypoint",0,"Waypoint","1","false","75","","0",""
"46","dreamcraft.lootbag.group.tier_1_computers","0","1","2","OpenComputers:item",99,"Hover Upgrade (Tier 1)","1","false","75","","0",""
"46","dreamcraft.lootbag.group.tier_1_computers","0","1","2","OpenComputers:case1",0,"Computer Case (Tier 1)","1","false","45","","0",""
"46","dreamcraft.lootbag.group.tier_1_computers","0","1","2","OpenComputers:item",5,"Hard Disk Drive (Tier 1) (1MB)","1","false","75","","0",""
"46","dreamcraft.lootbag.group.tier_1_computers","0","1","2","OpenComputers:item",4,"Floppy Disk","8","false","75","","0",""
"46","dreamcraft.lootbag.group.tier_1_computers","0","1","2","OpenComputers:item",27,"Arithmetic Logic Unit (ALU)","8","false","65","","0",""
"46","dreamcraft.lootbag.group.tier_1_computers","0","1","2","OpenComputers:item",28,"Control Unit (CU)","1","false","75","","0",""
"46","dreamcraft.lootbag.group.tier_1_computers","0","1","2","OpenComputers:item",83,"Drone Case (Tier 1)","1","false","50","","0",""
"46","dreamcraft.lootbag.group.tier_1_computers","0","1","2","OpenComputers:item",63,"Battery Upgrade (Tier 1)","1","false","65","","0",""
"46","dreamcraft.lootbag.group.tier_1_computers","0","1","2","OpenComputers:item",54,"Upgrade Container (Tier 1)","1","false","65","","0",""
"46","dreamcraft.lootbag.group.tier_1_computers","0","1","2","computronics:computronics.colorfulLamp",0,"Colorful Lamp","1","false","65","","0",""
"46","dreamcraft.lootbag.group.tier_1_computers","0","1","2","computronics:computronics.chatBox",0,"Chat Box","1","false","65","","0",""
"46","dreamcraft.lootbag.group.tier_1_computers","0","1","2","computronics:computronics.camera",0,"Camera","1","false","65","","0",""
"46","dreamcraft.lootbag.group.tier_1_computers","0","1","2","computronics:computronics.ocParts",14,"Speech Upgrade","1","false","65","","0",""
"46","dreamcraft.lootbag.group.tier_1_computers","0","1","2","OpenComputers:item",85,"Leash Upgrade","1","false","65","","0",""
"46","dreamcraft.lootbag.group.tier_1_computers","0","1","2","OpenComputers:item",52,"Experience Upgrade","1","false","65","","0",""
"46","dreamcraft.lootbag.group.tier_1_computers","0","1","2","OpenComputers:item",53,"Inventory Upgrade","1","false","65","","0",""
"46","dreamcraft.lootbag.group.tier_1_computers","0","1","2","OpenComputers:item",14,"Crafting Upgrade","1","false","65","","0",""
"46","dreamcraft.lootbag.group.tier_1_computers","0","1","2","OpenComputers:item",78,"Database Upgrade (Tier 1)","1","false","65","","0",""
"46","dreamcraft.lootbag.group.tier_1_computers","0","1","2","OpenComputers:item",76,"Tank Upgrade","1","false","65","","0",""
"46","dreamcraft.lootbag.group.tier_1_computers","0","1","2","computronics:computronics.ocParts",5,"Beep Card","1","false","65","","0",""
"46","dreamcraft.lootbag.group.tier_1_computers","0","1","2","OpenComputers:item",66,"Redstone Card (Tier 1)","1","false","65","","0",""
"46","dreamcraft.lootbag.group.tier_1_computers","0","1","2","computronics:computronics.ocParts",7,"Colorful Upgrade","1","false","65","","0","{oc:data:{}}"
"51","dreamcraft.lootbag.group.crops_farmhand","0","2","4","cropsnh:cropSticks",0,"Crop Sticks","128","false","300","","0",""
"51","dreamcraft.lootbag.group.crops_farmhand","0","2","4","cropsnh:fertilizer",0,"Fertilizer","64","false","300","","0",""
"51","dreamcraft.lootbag.group.crops_farmhand","0","2","4","cropsnh:plantCure",0,"Plant Cure","1","false","300","","3",""
"51","dreamcraft.lootbag.group.crops_farmhand","0","2","4","cropsnh:weedEX",0,"Weed-EX","1","false","300","","3",""
"51","dreamcraft.lootbag.group.crops_farmhand","0","2","4","RandomThings:fertilizedDirt_tilled",0,"Fertilized Dirt","8","false","180","","0",""
"51","dreamcraft.lootbag.group.crops_farmhand","0","2","4","TConstruct:materials",26,"Silky Jewel","1","false","180","","3",""
"51","dreamcraft.lootbag.group.crops_farmhand","0","2","4","cropsnh:spade",0,"Spade","1","false","130","","3",""
"51","dreamcraft.lootbag.group.crops_farmhand","0","2","4","ExtraUtilities:watering_can",1,"Watering Can (Empty)","1","false","130","","3",""
"51","dreamcraft.lootbag.group.crops_farmhand","0","2","4","cropsnh:plantLens",0,"Plant Lens","1","false","130","","3",""
"51","dreamcraft.lootbag.group.crops_farmhand","0","2","4","gregtech:gt.blockores2",89,"Lead Ore","1","false","115","","0",""
"51","dreamcraft.lootbag.group.crops_farmhand","0","2","4","gregtech:gt.blockores2",810,"Redstone Ore","1","false","115","","0",""
"51","dreamcraft.lootbag.group.crops_farmhand","0","2","4","gregtech:gt.blockores2",32,"Iron Ore","1","false","115","","0",""
"51","dreamcraft.lootbag.group.crops_farmhand","0","2","4","gregtech:gt.blockores2",35,"Copper Ore","1","false","115","","0",""
"51","dreamcraft.lootbag.group.crops_farmhand","0","2","4","gregtech:gt.blockores2",57,"Tin Ore","1","false","115","","0",""
"51","dreamcraft.lootbag.group.crops_farmhand","0","2","4","gregtech:gt.blockores2",86,"Gold Ore","1","false","115","","0",""
"51","dreamcraft.lootbag.group.crops_farmhand","0","2","4","minecraft:diamond_ore",0,"Diamond Ore","1","false","75","","0",""
"51","dreamcraft.lootbag.group.crops_farmhand","0","2","4","minecraft:snow",0,"Snow","16","false","125","","0",""
"51","dreamcraft.lootbag.group.crops_farmhand","0","2","4","etfuturum:tuff",0,"Tuff","8","false","125","","0",""
"51","dreamcraft.lootbag.group.crops_farmhand","0","2","4","gregtech:gt.blockgranites",9,"Red Granite Cobblestone","8","false","125","","0",""
"51","dreamcraft.lootbag.group.crops_farmhand","0","2","4","gregtech:gt.blockgranites",1,"Black Granite Cobblestone","8","false","125","","0",""
"51","dreamcraft.lootbag.group.crops_farmhand","0","2","4","minecraft:clay",0,"Clay","8","false","125","","0",""
"51","dreamcraft.lootbag.group.crops_farmhand","0","2","4","BiomesOPlenty:flowers",3,"Glowflower","1","false","100","","0",""
"51","dreamcraft.lootbag.group.crops_farmhand","0","2","4","IC2:blockRubSapling",0,"Rubber Tree Sapling","1","false","100","","0",""
"51","dreamcraft.lootbag.group.crops_farmhand","0","2","4","BiomesOPlenty:moss",0,"Moss","1","false","100","","0",""
"51","dreamcraft.lootbag.group.crops_farmhand","0","2","4","BiomesOPlenty:food",0,"Berry","1","false","100","","0",""
"51","dreamcraft.lootbag.group.crops_farmhand","0","2","4","cropsnh:gaiaWart",0,"Gaia Wart","1","false","75","","0",""
"51","dreamcraft.lootbag.group.crops_farmhand","0","2","4","cropsnh:genericSeed",0,"Invalid Seeds","1","false","95","","0","{re:10b,scan:1b,gr:10b,crop:""cropsnh:dandelion"",ga:10b}"
"51","dreamcraft.lootbag.group.crops_farmhand","0","2","4","cropsnh:genericSeed",0,"Invalid Seeds","1","false","95","","0","{re:10b,scan:1b,gr:10b,crop:""cropsnh:waterLily"",ga:10b}"
"51","dreamcraft.lootbag.group.crops_farmhand","0","2","4","cropsnh:genericSeed",0,"Invalid Seeds","1","false","95","","0","{re:10b,scan:1b,crop:""cropsnh:vine"",gr:10b,ga:10b}"
"51","dreamcraft.lootbag.group.crops_farmhand","0","2","4","cropsnh:genericSeed",0,"Invalid Seeds","1","false","95","","0","{re:10b,scan:1b,gr:10b,crop:""cropsnh:poppy"",ga:10b}"
"51","dreamcraft.lootbag.group.crops_farmhand","0","2","4","cropsnh:genericSeed",0,"Invalid Seeds","1","false","95","","0","{re:10b,scan:1b,crop:""cropsnh:wheat"",gr:10b,ga:10b}"
"51","dreamcraft.lootbag.group.crops_farmhand","0","2","4","cropsnh:genericSeed",0,"Invalid Seeds","1","false","95","","0","{re:10b,scan:1b,crop:""cropsnh:cocoa"",gr:10b,ga:10b}"
"51","dreamcraft.lootbag.group.crops_farmhand","0","2","4","cropsnh:genericSeed",0,"Invalid Seeds","1","false","95","","0","{re:10b,scan:1b,gr:10b,crop:""cropsnh:carrot"",ga:10b}"
"51","dreamcraft.lootbag.group.crops_farmhand","0","2","4","cropsnh:genericSeed",0,"Invalid Seeds","1","false","95","","0","{re:10b,scan:1b,crop:""cropsnh:potato"",gr:10b,ga:10b}"
"52","dreamcraft.lootbag.group.witchery_novice","0","1","2","witchery:witchlog",2,"Hawthorn Wood","1","false","100","","0",""
"52","dreamcraft.lootbag.group.witchery_novice","0","1","2","witchery:glassgoblet",0,"Glass Goblet","1","false","65","","0",""
"52","dreamcraft.lootbag.group.witchery_novice","0","1","2","witchery:ingredient",16,"Quicklime","2","false","35","","0",""
"52","dreamcraft.lootbag.group.witchery_novice","0","1","2","witchery:ingredient",46,"Witchcraft: Collecting Fumes","1","false","75","","0",""
"52","dreamcraft.lootbag.group.witchery_novice","0","1","2","witchery:icestockade",0,"Ice Stockade","8","false","55","","0",""
"52","dreamcraft.lootbag.group.witchery_novice","0","1","2","witchery:ingredient",159,"Cooked Lambchop","1","false","55","","0",""
"52","dreamcraft.lootbag.group.witchery_novice","0","1","2","witchery:seedswolfsbane",0,"Wolfsbane Seeds","8","false","75","","0",""
"52","dreamcraft.lootbag.group.witchery_novice","0","1","2","witchery:ingredient",26,"Soft Clay Jar","16","false","75","","0",""
"52","dreamcraft.lootbag.group.witchery_novice","0","1","2","witchery:stockade",0,"Oak Stockade","8","false","55","","0",""
"52","dreamcraft.lootbag.group.witchery_novice","0","1","2","witchery:ingredient",21,"Belladonna Flower","8","false","65","","0",""
"52","dreamcraft.lootbag.group.witchery_novice","0","1","2","witchery:ingredient",160,"Torn Page","2","false","65","","0",""
"52","dreamcraft.lootbag.group.witchery_novice","0","1","2","witchery:stockade",4,"Rowan Stockade","8","false","55","","0",""
"52","dreamcraft.lootbag.group.witchery_novice","0","1","2","witchery:ingredient",48,"Witchcraft: Circle Magic","1","false","75","","0",""
"52","dreamcraft.lootbag.group.witchery_novice","0","1","2","witchery:witchlog",0,"Rowan Wood","1","false","100","","0",""
"52","dreamcraft.lootbag.group.witchery_novice","0","1","2","witchery:garlic",0,"Garlic","8","false","100","","0",""
"52","dreamcraft.lootbag.group.witchery_novice","0","1","2","witchery:seedssnowbell",0,"Snowbell Seeds","8","false","75","","0",""
"52","dreamcraft.lootbag.group.witchery_novice","0","1","2","witchery:seedsbelladonna",0,"Belladonna Seeds","8","false","75","","0",""
"52","dreamcraft.lootbag.group.witchery_novice","0","1","2","witchery:ingredient",24,"Wool of Bat","2","false","55","","0",""
"52","dreamcraft.lootbag.group.witchery_novice","0","1","2","witchery:ingredient",81,"Witchcraft: Herbology","1","false","55","","0",""
"52","dreamcraft.lootbag.group.witchery_novice","0","1","2","witchery:seedsmandrake",0,"Mandrake Seeds","8","false","75","","0",""
"52","dreamcraft.lootbag.group.witchery_novice","0","1","2","witchery:stockade",7,"Acacia Stockade","8","false","55","","0",""
"52","dreamcraft.lootbag.group.witchery_novice","0","1","2","witchery:poppet",0,"Poppet","1","false","65","","0","{WITCDamage:0}"
"52","dreamcraft.lootbag.group.witchery_novice","0","1","2","witchery:ingredient",92,"Quartz Sphere","1","false","55","","0",""
"52","dreamcraft.lootbag.group.witchery_novice","0","1","2","witchery:ingredient",47,"Witchcraft: Distilling","1","false","75","","0",""
"52","dreamcraft.lootbag.group.witchery_novice","0","1","2","witchery:ingredient",18,"Wood Ash","4","false","45","","0",""
"52","dreamcraft.lootbag.group.witchery_novice","0","1","2","witchery:ingredient",7,"Bone Needle","1","false","35","","0",""
"52","dreamcraft.lootbag.group.witchery_novice","0","1","2","witchery:ingredient",27,"Clay Jar","16","false","50","","0",""
"52","dreamcraft.lootbag.group.witchery_novice","0","1","2","witchery:leechchest",0,"Leech Chest","1","false","25","","0",""
"52","dreamcraft.lootbag.group.witchery_novice","0","1","2","witchery:seedsartichoke",0,"Water Artichoke Seeds","8","false","75","","0",""
"52","dreamcraft.lootbag.group.witchery_novice","0","1","2","witchery:ingredient",63,"Rowan Berries","2","false","75","","0",""
"52","dreamcraft.lootbag.group.witchery_novice","0","1","2","witchery:stockade",2,"Birch Stockade","8","false","55","","0",""
"52","dreamcraft.lootbag.group.witchery_novice","0","1","2","witchery:ingredient",14,"Mutandis","2","false","25","","0",""
"52","dreamcraft.lootbag.group.witchery_novice","0","1","2","witchery:stockade",5,"Alder Stockade","8","false","55","","0",""
"52","dreamcraft.lootbag.group.witchery_novice","0","1","2","witchery:seedswormwood",0,"Wormwood Seeds","8","false","75","","0",""
"52","dreamcraft.lootbag.group.witchery_novice","0","1","2","witchery:seedsmindrake",0,"Minedrake Bulb","8","false","55","","0",""
"52","dreamcraft.lootbag.group.witchery_novice","0","1","2","witchery:stewraw",0,"Raw Meaty Stew","4","false","85","","0",""
"52","dreamcraft.lootbag.group.witchery_novice","0","1","2","witchery:ingredient",25,"Tongue of Dog","2","false","55","","0",""
"52","dreamcraft.lootbag.group.witchery_novice","0","1","2","witchery:stew",0,"Meaty Stew","2","false","85","","0",""
"52","dreamcraft.lootbag.group.witchery_novice","0","1","2","witchery:stockade",1,"Spruce Stockade","8","false","55","","0",""
"52","dreamcraft.lootbag.group.witchery_novice","0","1","2","witchery:witchlog",1,"Alder Wood","1","false","100","","0",""
"52","dreamcraft.lootbag.group.witchery_novice","0","1","2","witchery:stockade",8,"Dark Oak Stockade","8","false","55","","0",""
"52","dreamcraft.lootbag.group.witchery_novice","0","1","2","witchery:ingredient",52,"Rowan Wood Door","1","false","55","","0",""
"52","dreamcraft.lootbag.group.witchery_novice","0","1","2","witchery:ingredient",17,"Gypsum","2","false","25","","0",""
"52","dreamcraft.lootbag.group.witchery_novice","0","1","2","witchery:spanishmoss",0,"Spanish Moss","2","false","75","","0",""
"52","dreamcraft.lootbag.group.witchery_novice","0","1","2","witchery:stockade",6,"Hawthorn Stockade","8","false","55","","0",""
"52","dreamcraft.lootbag.group.witchery_novice","0","1","2","witchery:stockade",3,"Jungle Stockade","8","false","55","","0",""
"52","dreamcraft.lootbag.group.witchery_novice","0","1","2","witchery:ingredient",49,"Witchcraft: Brews & Infusions","1","false","75","","0",""
"52","dreamcraft.lootbag.group.witchery_novice","0","1","2","witchery:ingredient",158,"Raw Lambchop","2","false","85","","0",""
"52","dreamcraft.lootbag.group.witchery_novice","0","1","2","witchery:witchesovenidle",0,"Witches Oven","1","false","25","","0",""
"52","dreamcraft.lootbag.group.witchery_novice","0","1","2","witchery:ingredient",53,"Alder Wood Door","1","false","55","","0",""
"52","dreamcraft.lootbag.group.witchery_novice","0","1","2","witchery:earmuffs",0,"Earmuffs","1","false","35","","0",""
"52","dreamcraft.lootbag.group.witchery_novice","0","1","2","minecraft:egg",0,"Egg","8","false","95","","0",""
"52","dreamcraft.lootbag.group.witchery_novice","0","1","2","witchery:witchhand",0,"Witches Hand","1","false","45","","0",""
"52","dreamcraft.lootbag.group.witchery_novice","0","1","2","witchery:ingredient",78,"Icy Needle","4","false","75","","0",""
"52","dreamcraft.lootbag.group.witchery_novice","0","1","2","witchery:ingredient",69,"Water Artichoke Globe","8","false","85","","0",""
"53","dreamcraft.lootbag.group.witchery_adept","1","2","3","witchery:vampirebook",0,"Observations of an Immortal","1","false","35","","0",""
"53","dreamcraft.lootbag.group.witchery_adept","1","2","3","witchery:icefencegate",0,"Ice Gate","4","false","85","","0",""
"53","dreamcraft.lootbag.group.witchery_adept","1","2","3","witchery:ingredient",106,"Book of Biomes","1","false","55","","0",""
"53","dreamcraft.lootbag.group.witchery_adept","1","2","3","witchery:cauldron",0,"Witch's Cauldron","1","false","15","","0",""
"53","dreamcraft.lootbag.group.witchery_adept","1","2","3","witchery:ingredient",0,"Candelabra","1","false","20","","0",""
"53","dreamcraft.lootbag.group.witchery_adept","1","2","3","witchery:icepressureplate",0,"Ice Pressure Plate","4","false","85","","0",""
"53","dreamcraft.lootbag.group.witchery_adept","1","2","3","witchery:ingredient",35,"Reek of Misfortune","1","false","35","","0",""
"53","dreamcraft.lootbag.group.witchery_adept","1","2","3","witchery:icefence",0,"Ice Fence","8","false","85","","0",""
"53","dreamcraft.lootbag.group.witchery_adept","1","2","3","witchery:ingredient",153,"Anointing Paste","1","false","25","","0",""
"53","dreamcraft.lootbag.group.witchery_adept","1","2","3","witchery:icestairs",0,"Ice Stairs","8","false","85","","0",""
"53","dreamcraft.lootbag.group.witchery_adept","1","2","3","witchery:ingredient",36,"Odour of Purity","1","false","35","","0",""
"53","dreamcraft.lootbag.group.witchery_adept","1","2","3","witchery:ingredient",34,"Whiff of Magic","1","false","35","","0",""
"53","dreamcraft.lootbag.group.witchery_adept","1","2","3","witchery:iceslab",0,"Ice Slab","8","false","85","","0",""
"53","dreamcraft.lootbag.group.witchery_adept","1","2","3","witchery:altar",0,"Altar","2","false","15","","0",""
"53","dreamcraft.lootbag.group.witchery_adept","1","2","3","witchery:ingredient",107,"Witchcraft: Symbology","1","false","55","","0",""
"53","dreamcraft.lootbag.group.witchery_adept","1","2","3","witchery:ingredient",28,"Foul Fume","1","false","35","","0",""
"53","dreamcraft.lootbag.group.witchery_adept","1","2","3","witchery:stairswoodalder",0,"Alder Stairs","8","false","85","","0",""
"53","dreamcraft.lootbag.group.witchery_adept","1","2","3","witchery:snowstairs",0,"Snow Stairs","8","false","85","","0",""
"53","dreamcraft.lootbag.group.witchery_adept","1","2","3","witchery:witchsapling",0,"Rowan Sapling","4","false","85","","0",""
"53","dreamcraft.lootbag.group.witchery_adept","1","2","3","witchery:snowpressureplate",0,"Snow Pressure Plate","4","false","85","","0",""
"53","dreamcraft.lootbag.group.witchery_adept","1","2","3","witchery:ingredient",1,"Chalice","1","false","20","","0",""
"53","dreamcraft.lootbag.group.witchery_adept","1","2","3","witchery:ingredient",32,"Breath of the Goddess","1","false","35","","0",""
"53","dreamcraft.lootbag.group.witchery_adept","1","2","3","witchery:ingredient",140,"Demonic Contract","2","false","55","","0",""
"53","dreamcraft.lootbag.group.witchery_adept","1","2","3","witchery:snowslab",0,"Snow Slab","8","false","85","","0",""
"53","dreamcraft.lootbag.group.witchery_adept","1","2","3","witchery:wolfhead",1,"Hellhound Head","1","false","65","","0",""
"53","dreamcraft.lootbag.group.witchery_adept","1","2","3","witchery:witchsapling",1,"Alder Sapling","4","false","85","","0",""
"53","dreamcraft.lootbag.group.witchery_adept","1","2","3","witchery:bookbiomes2",0,"Book of Biomes (Extended Edition)","1","false","55","","0",""
"53","dreamcraft.lootbag.group.witchery_adept","1","2","3","witchery:taglockkit",0,"Taglock Kit","4","false","45","","0",""
"53","dreamcraft.lootbag.group.witchery_adept","1","2","3","witchery:ingredient",10,"Attuned Stone","1","false","25","","0",""
"53","dreamcraft.lootbag.group.witchery_adept","1","2","3","witchery:witchsapling",2,"Hawthorn Sapling","4","false","85","","0",""
"53","dreamcraft.lootbag.group.witchery_adept","1","2","3","witchery:ingredient",163,"Warm Blood","1","false","55","","0",""
"53","dreamcraft.lootbag.group.witchery_adept","1","2","3","witchery:stairswoodhawthorn",0,"Hawthorn Stairs","8","false","85","","0",""
"53","dreamcraft.lootbag.group.witchery_adept","1","2","3","witchery:ingredient",33,"Hint of Rebirth","1","false","35","","0",""
"53","dreamcraft.lootbag.group.witchery_adept","1","2","3","witchery:cauldronbook",0,"Witches' Brews","1","false","55","","0",""
"53","dreamcraft.lootbag.group.witchery_adept","1","2","3","witchery:wolfhead",0,"Wolf Head","1","false","65","","0",""
"53","dreamcraft.lootbag.group.witchery_adept","1","2","3","witchery:vampirebook",9,"Observations of an Immortal","1","false","35","","0",""
"53","dreamcraft.lootbag.group.witchery_adept","1","2","3","witchery:stairswoodrowan",0,"Rowan Stairs","8","false","85","","0",""
"53","dreamcraft.lootbag.group.witchery_adept","1","2","3","witchery:ingredient",31,"Exhale of the Horned One","1","false","35","","0",""
"53","dreamcraft.lootbag.group.witchery_adept","1","2","3","witchery:ingredient",12,"Waystone","4","false","55","","0",""
"53","dreamcraft.lootbag.group.witchery_adept","1","2","3","witchery:ingredient",15,"Mutandis Extremis","2","false","75","","0",""
"53","dreamcraft.lootbag.group.witchery_adept","1","2","3","witchery:arthana",0,"Arthana","1","false","35","","0",""
"54","dreamcraft.lootbag.group.witchery_master","2","3","4","witchery:distilleryidle",0,"Distillery","1","false","10","","0",""
"54","dreamcraft.lootbag.group.witchery_master","2","3","4","witchery:ingredient",27,"Clay Jar","64","false","85","","0",""
"54","dreamcraft.lootbag.group.witchery_master","2","3","4","witchery:kettle",0,"Kettle","1","false","15","","0",""
"54","dreamcraft.lootbag.group.witchery_master","2","3","4","witchery:altar",0,"Altar","4","false","25","","0",""
"54","dreamcraft.lootbag.group.witchery_master","2","3","4","witchery:ingredient",62,"Brew of Erosion","1","false","35","","0",""
"54","dreamcraft.lootbag.group.witchery_master","2","3","4","witchery:ingredient",23,"Demon Heart","1","false","55","","0",""
"54","dreamcraft.lootbag.group.witchery_master","2","3","4","witchery:ingredient",130,"Null Catalyst","2","false","50","","0",""
"54","dreamcraft.lootbag.group.witchery_master","2","3","4","witchery:ingredient",37,"Tear of the Goddess","1","false","35","","0",""
"54","dreamcraft.lootbag.group.witchery_master","2","3","4","witchery:ingredient",30,"Oil of Vitriol","1","false","35","","0",""
"54","dreamcraft.lootbag.group.witchery_master","2","3","4","witchery:ingredient",76,"Brew of Frost","1","false","35","","0",""
"54","dreamcraft.lootbag.group.witchery_master","2","3","4","witchery:filteredfumefunnel",0,"Filtered Fume Funnel","1","false","55","","0",""
"54","dreamcraft.lootbag.group.witchery_master","2","3","4","witchery:ingredient",73,"Fume Filter","1","false","55","","0",""
"54","dreamcraft.lootbag.group.witchery_master","2","3","4","witchery:ingredient",82,"Ent Twig","1","false","25","","0",""
"54","dreamcraft.lootbag.group.witchery_master","2","3","4","witchery:ingredient",75,"Brew of Love","1","false","35","","0",""
"54","dreamcraft.lootbag.group.witchery_master","2","3","4","witchery:ingredient",65,"Brew of Raising","1","false","35","","0",""
"54","dreamcraft.lootbag.group.witchery_master","2","3","4","witchery:ingredient",22,"Mandrake Root","4","false","75","","0",""
"54","dreamcraft.lootbag.group.witchery_master","2","3","4","witchery:fumefunnel",0,"Fume Funnel","1","false","55","","0",""
"54","dreamcraft.lootbag.group.witchery_master","2","3","4","witchery:ingredient",39,"Drop of Luck","1","false","35","","0",""
"54","dreamcraft.lootbag.group.witchery_master","2","3","4","witchery:ingredient",29,"Diamond Vapor","1","false","35","","0",""
"54","dreamcraft.lootbag.group.witchery_master","2","3","4","witchery:witchesovenidle",0,"Witches Oven","1","false","75","","0",""
"54","dreamcraft.lootbag.group.witchery_master","2","3","4","witchery:ingredient",61,"Brew of Sprouting","1","false","35","","0",""
"54","dreamcraft.lootbag.group.witchery_master","2","3","4","witchery:ingredient",90,"Toe of Frog","1","false","45","","0",""
"54","dreamcraft.lootbag.group.witchery_master","2","3","4","witchery:ingredient",89,"Owlet's Wing","1","false","45","","0",""
"54","dreamcraft.lootbag.group.witchery_master","2","3","4","witchery:polynesiacharm",0,"Polynesia Charm","1","false","25","","0",""
"54","dreamcraft.lootbag.group.witchery_master","2","3","4","witchery:chalkritual",0,"Ritual Chalk","2","false","75","","0",""
"54","dreamcraft.lootbag.group.witchery_master","2","3","4","witchery:chalkotherwhere",0,"Otherwhere Chalk","2","false","75","","0",""
"54","dreamcraft.lootbag.group.witchery_master","2","3","4","witchery:chalkinfernal",0,"Infernal Chalk","2","false","75","","0",""
"54","dreamcraft.lootbag.group.witchery_master","2","3","4","witchery:chalkheart",0,"Golden Chalk","2","false","75","","0",""
"55","dreamcraft.lootbag.group.witchery_witch","3","4","5","witchery:spinningwheel",0,"Spinning Wheel","1","false","15","","0",""
"55","dreamcraft.lootbag.group.witchery_witch","3","4","5","witchery:chalkritual",0,"Ritual Chalk","2","false","85","","0",""
"55","dreamcraft.lootbag.group.witchery_witch","3","4","5","witchery:circletalisman",0,"Circle Talisman","1","false","35","","0",""
"55","dreamcraft.lootbag.group.witchery_witch","3","4","5","witchery:ingredient",96,"Brew of Flowing Spirit","1","false","25","","0",""
"55","dreamcraft.lootbag.group.witchery_witch","3","4","5","witchery:ingredient",99,"Disturbed Cotton","8","false","85","","0",""
"56","dreamcraft.lootbag.group.witchery_daemon","4","5","6","witchery:ingredient",99,"Disturbed Cotton","16","false","75","","0",""
"56","dreamcraft.lootbag.group.witchery_daemon","4","5","6","witchery:ingredient",100,"Fanciful Thread","8","false","45","","0",""
"56","dreamcraft.lootbag.group.witchery_daemon","4","5","6","witchery:ingredient",101,"Tormented Twine","8","false","45","","0",""
"56","dreamcraft.lootbag.group.witchery_daemon","4","5","6","witchery:ingredient",102,"Golden Thread","8","false","45","","0",""
"56","dreamcraft.lootbag.group.witchery_daemon","4","5","6","witchery:bucketspirit",0,"Spirit Bucket","1","false","15","","0",""
"56","dreamcraft.lootbag.group.witchery_daemon","4","5","6","witchery:leonardsurn",0,"Leonard's Urn","1","false","5","","0",""
"56","dreamcraft.lootbag.group.witchery_daemon","4","5","6","witchery:chalkritual",0,"Ritual Chalk","8","false","75","","0",""
"56","dreamcraft.lootbag.group.witchery_daemon","4","5","6","witchery:chalkotherwhere",0,"Otherwhere Chalk","8","false","55","","0",""
"56","dreamcraft.lootbag.group.witchery_daemon","4","5","6","witchery:chalkinfernal",0,"Infernal Chalk","8","false","55","","0",""
"56","dreamcraft.lootbag.group.witchery_daemon","4","5","6","witchery:chalkheart",0,"Golden Chalk","8","false","55","","0",""
"56","dreamcraft.lootbag.group.witchery_daemon","4","5","6","witchery:arthana",0,"Arthana","1","false","45","","0",""
"56","dreamcraft.lootbag.group.witchery_daemon","4","5","6","witchery:taglockkit",0,"Taglock Kit","8","false","65","","0",""
"56","dreamcraft.lootbag.group.witchery_daemon","4","5","6","witchery:ingredient",163,"Warm Blood","8","false","85","","0",""
"56","dreamcraft.lootbag.group.witchery_daemon","4","5","6","witchery:ingredient",104,"Dream Weaver of Intensity","1","false","55","","0",""
"56","dreamcraft.lootbag.group.witchery_daemon","4","5","6","witchery:ingredient",3,"Dream Weaver of Fleet Foot","1","false","55","","0",""
"56","dreamcraft.lootbag.group.witchery_daemon","4","5","6","witchery:ingredient",4,"Dream Weaver of Iron Arm","1","false","55","","0",""
"56","dreamcraft.lootbag.group.witchery_daemon","4","5","6","witchery:ingredient",5,"Dream Weaver of Fasting","1","false","55","","0",""
"56","dreamcraft.lootbag.group.witchery_daemon","4","5","6","witchery:ingredient",6,"Dream Weaver of Nightmares","1","false","55","","0",""
"56","dreamcraft.lootbag.group.witchery_daemon","4","5","6","witchery:distilleryidle",0,"Distillery","1","false","45","","0",""
"56","dreamcraft.lootbag.group.witchery_daemon","4","5","6","witchery:cauldron",0,"Witch's Cauldron","1","false","55","","0",""
"56","dreamcraft.lootbag.group.witchery_daemon","4","5","6","witchery:witchesovenidle",0,"Witches Oven","1","false","65","","0",""
"56","dreamcraft.lootbag.group.witchery_daemon","4","5","6","witchery:spinningwheel",0,"Spinning Wheel","1","false","45","","0",""
"56","dreamcraft.lootbag.group.witchery_daemon","4","5","6","witchery:ingredient",73,"Fume Filter","1","false","55","","0",""
"56","dreamcraft.lootbag.group.witchery_daemon","4","5","6","witchery:fumefunnel",0,"Fume Funnel","1","false","55","","0",""
"56","dreamcraft.lootbag.group.witchery_daemon","4","5","6","witchery:filteredfumefunnel",0,"Filtered Fume Funnel","1","false","55","","0",""
"56","dreamcraft.lootbag.group.witchery_daemon","4","5","6","witchery:somniancotton",0,"Wispy Cotton","8","false","45","","0",""
"57","dreamcraft.lootbag.group.hee_basic","2","2","3","HardcoreEnderExpansion:bucket_ender_goo",0,"Ender Goo Bucket","2","false","45","","0",""
"57","dreamcraft.lootbag.group.hee_basic","2","2","3","HardcoreEnderExpansion:silverfish_blood",0,"Silverfish Blood","2","false","55","","0",""
"57","dreamcraft.lootbag.group.hee_basic","2","2","3","HardcoreEnderExpansion:persegrit",0,"Persegrit","16","false","75","","0",""
"57","dreamcraft.lootbag.group.hee_basic","2","2","3","HardcoreEnderExpansion:persegrit",1,"Persegrit","16","false","75","","0",""
"57","dreamcraft.lootbag.group.hee_basic","2","2","3","HardcoreEnderExpansion:end_stone_terrain",2,"Enchanted End Stone","16","false","75","","0",""
"57","dreamcraft.lootbag.group.hee_basic","2","2","3","HardcoreEnderExpansion:persegrit",15,"Persegrit","16","false","75","","0",""
"57","dreamcraft.lootbag.group.hee_basic","2","2","3","Thaumcraft:blockCosmeticSolid",0,"Obsidian Totem","32","false","85","","0",""
"57","dreamcraft.lootbag.group.hee_basic","2","2","3","HardcoreEnderExpansion:stardust",0,"Stardust","8","false","35","","0",""
"57","dreamcraft.lootbag.group.hee_basic","2","2","3","HardcoreEnderExpansion:persegrit",13,"Persegrit","16","false","75","","0",""
"57","dreamcraft.lootbag.group.hee_basic","2","2","3","HardcoreEnderExpansion:obsidian_rod",0,"Obsidian Rod","4","false","65","","0",""
"57","dreamcraft.lootbag.group.hee_basic","2","2","3","HardcoreEnderExpansion:obsidian_stairs",0,"Obsidian Stairs","8","false","85","","0",""
"57","dreamcraft.lootbag.group.hee_basic","2","2","3","HardcoreEnderExpansion:laboratory_obsidian",0,"Laboratory Obsidian","16","false","75","","0",""
"57","dreamcraft.lootbag.group.hee_basic","2","2","3","HardcoreEnderExpansion:knowledge_note",0,"Knowledge Note","1","false","65","","0","{pts:5b}"
"57","dreamcraft.lootbag.group.hee_basic","2","2","3","HardcoreEnderExpansion:ravaged_brick",5,"Ravaged Brick","16","false","75","","0",""
"57","dreamcraft.lootbag.group.hee_basic","2","2","3","HardcoreEnderExpansion:obsidian_special",0,"Smooth Obsidian","16","false","75","","0",""
"57","dreamcraft.lootbag.group.hee_basic","2","2","3","HardcoreEnderExpansion:end_stone_terrain",1,"Burned End Stone","16","false","75","","0",""
"57","dreamcraft.lootbag.group.hee_basic","2","2","3","HardcoreEnderExpansion:obsidian_special_glow",1,"Chiseled Glowing Obsidian","16","false","75","","0",""
"57","dreamcraft.lootbag.group.hee_basic","2","2","3","HardcoreEnderExpansion:end_powder_ore",0,"End Powder Ore","8","false","55","","0",""
"57","dreamcraft.lootbag.group.hee_basic","2","2","3","HardcoreEnderExpansion:stardust_ore",0,"Stardust Ore","4","false","45","","0",""
"57","dreamcraft.lootbag.group.hee_basic","2","2","3","HardcoreEnderExpansion:ravaged_brick",4,"Ravaged Brick","16","false","75","","0",""
"57","dreamcraft.lootbag.group.hee_basic","2","2","3","HardcoreEnderExpansion:obsidian_fragment",0,"Obsidian Fragment","32","false","65","","0",""
"57","dreamcraft.lootbag.group.hee_basic","2","2","3","HardcoreEnderExpansion:knowledge_note",0,"Knowledge Note","1","false","45","","0","{pts:15b}"
"57","dreamcraft.lootbag.group.hee_basic","2","2","3","minecraft:ender_eye",0,"Eye of Ender","4","false","65","","0",""
"57","dreamcraft.lootbag.group.hee_basic","2","2","3","HardcoreEnderExpansion:knowledge_note",0,"Knowledge Note","1","false","35","","0","{pts:20b}"
"57","dreamcraft.lootbag.group.hee_basic","2","2","3","HardcoreEnderExpansion:persegrit",11,"Persegrit","16","false","75","","0",""
"57","dreamcraft.lootbag.group.hee_basic","2","2","3","HardcoreEnderExpansion:ravaged_brick_stairs",0,"Ravaged Brick Stairs","16","false","55","","0",""
"57","dreamcraft.lootbag.group.hee_basic","2","2","3","HardcoreEnderExpansion:persegrit",14,"Persegrit","16","false","75","","0",""
"57","dreamcraft.lootbag.group.hee_basic","2","2","3","HardcoreEnderExpansion:knowledge_note",0,"Knowledge Note","1","false","55","","0","{pts:10b}"
"57","dreamcraft.lootbag.group.hee_basic","2","2","3","HardcoreEnderExpansion:ravaged_brick",3,"Ravaged Brick","16","false","75","","0",""
"57","dreamcraft.lootbag.group.hee_basic","2","2","3","HardcoreEnderExpansion:ravaged_brick_slab",0,"Ravaged Brick Slab","16","false","65","","0",""
"57","dreamcraft.lootbag.group.hee_basic","2","2","3","HardcoreEnderExpansion:igneous_rock_ore",0,"Igneous Rock Ore","16","false","75","","0",""
"57","dreamcraft.lootbag.group.hee_basic","2","2","3","HardcoreEnderExpansion:end_stone_terrain",0,"Infested End Stone","16","false","75","","0",""
"57","dreamcraft.lootbag.group.hee_basic","2","2","3","HardcoreEnderExpansion:endium_ore",0,"Endium Ore","4","false","55","","0",""
"57","dreamcraft.lootbag.group.hee_basic","2","2","3","HardcoreEnderExpansion:persegrit",3,"Persegrit","16","false","75","","0",""
"57","dreamcraft.lootbag.group.hee_basic","2","2","3","Thaumcraft:blockCosmeticSolid",1,"Obsidian Tile","16","false","85","","0",""
"57","dreamcraft.lootbag.group.hee_basic","2","2","3","HardcoreEnderExpansion:obsidian_special",2,"Obsidian Pillar","16","false","75","","0",""
"57","dreamcraft.lootbag.group.hee_basic","2","2","3","minecraft:obsidian",0,"Obsidian","16","false","95","","0",""
"57","dreamcraft.lootbag.group.hee_basic","2","2","3","HardcoreEnderExpansion:persegrit",7,"Persegrit","16","false","75","","0",""
"57","dreamcraft.lootbag.group.hee_basic","2","2","3","HardcoreEnderExpansion:obsidian_end",0,"Falling Obsidian","16","false","75","","0",""
"57","dreamcraft.lootbag.group.hee_basic","2","2","3","HardcoreEnderExpansion:ravaged_brick",1,"Ravaged Brick","16","false","75","","0",""
"57","dreamcraft.lootbag.group.hee_basic","2","2","3","HardcoreEnderExpansion:ravaged_brick_glow",0,"Glowing Ravaged Brick","16","false","75","","0",""
"57","dreamcraft.lootbag.group.hee_basic","2","2","3","minecraft:end_stone",0,"End Stone","64","false","95","","0",""
"57","dreamcraft.lootbag.group.hee_basic","2","2","3","HardcoreEnderExpansion:persegrit",9,"Persegrit","16","false","75","","0",""
"57","dreamcraft.lootbag.group.hee_basic","2","2","3","HardcoreEnderExpansion:persegrit",2,"Persegrit","16","false","75","","0",""
"57","dreamcraft.lootbag.group.hee_basic","2","2","3","ExtraUtilities:decorativeBlock1",1,"Ender-infused Obsidian","4","false","65","","0",""
"57","dreamcraft.lootbag.group.hee_basic","2","2","3","HardcoreEnderExpansion:death_flower",0,"Death Flower","4","false","75","","0",""
"57","dreamcraft.lootbag.group.hee_basic","2","2","3","HardcoreEnderExpansion:ravaged_brick",0,"Ravaged Brick","16","false","75","","0",""
"57","dreamcraft.lootbag.group.hee_basic","2","2","3","HardcoreEnderExpansion:persegrit",6,"Persegrit","16","false","75","","0",""
"57","dreamcraft.lootbag.group.hee_basic","2","2","3","HardcoreEnderExpansion:obsidian_special_glow",2,"Glowing Obsidian Pillar","16","false","75","","0",""
"57","dreamcraft.lootbag.group.hee_basic","2","2","3","HardcoreEnderExpansion:persegrit",5,"Persegrit","16","false","75","","0",""
"57","dreamcraft.lootbag.group.hee_basic","2","2","3","HardcoreEnderExpansion:sphalerite",1,"Sphalerite with Stardust","8","false","55","","0",""
"57","dreamcraft.lootbag.group.hee_basic","2","2","3","HardcoreEnderExpansion:persegrit",4,"Persegrit","16","false","75","","0",""
"57","dreamcraft.lootbag.group.hee_basic","2","2","3","HardcoreEnderExpansion:knowledge_note",0,"Knowledge Note","1","false","15","","0","{pts:30b}"
"57","dreamcraft.lootbag.group.hee_basic","2","2","3","HardcoreEnderExpansion:persegrit",8,"Persegrit","16","false","75","","0",""
"57","dreamcraft.lootbag.group.hee_basic","2","2","3","HardcoreEnderExpansion:persegrit",12,"Persegrit","16","false","75","","0",""
"57","dreamcraft.lootbag.group.hee_basic","2","2","3","HardcoreEnderExpansion:obsidian_special",1,"Chiseled Obsidian","16","false","75","","0",""
"57","dreamcraft.lootbag.group.hee_basic","2","2","3","HardcoreEnderExpansion:ravaged_brick",2,"Ravaged Brick","16","false","75","","0",""
"57","dreamcraft.lootbag.group.hee_basic","2","2","3","HardcoreEnderExpansion:knowledge_note",0,"Knowledge Note","1","false","25","","0","{pts:25b}"
"57","dreamcraft.lootbag.group.hee_basic","2","2","3","HardcoreEnderExpansion:sphalerite",0,"Sphalerite","8","false","75","","0",""
"57","dreamcraft.lootbag.group.hee_basic","2","2","3","HardcoreEnderExpansion:persegrit",10,"Persegrit","16","false","75","","0",""
"57","dreamcraft.lootbag.group.hee_basic","2","2","3","HardcoreEnderExpansion:ravaged_brick_fence",0,"Ravaged Brick Fence","8","false","55","","0",""
"57","dreamcraft.lootbag.group.hee_basic","2","2","3","HardcoreEnderExpansion:obsidian_special_glow",0,"Smooth Glowing Obsidian","16","false","75","","0",""
"58","dreamcraft.lootbag.group.hee_advanced","3","3","4","HardcoreEnderExpansion:knowledge_note",0,"Knowledge Note","1","false","55","","0","{pts:50b}"
"58","dreamcraft.lootbag.group.hee_advanced","3","3","4","HardcoreEnderExpansion:knowledge_note",0,"Knowledge Note","1","false","45","","0","{pts:75b}"
"58","dreamcraft.lootbag.group.hee_advanced","3","3","4","HardcoreEnderExpansion:knowledge_note",0,"Knowledge Note","1","false","35","","0","{pts:100b}"
"58","dreamcraft.lootbag.group.hee_advanced","3","3","4","HardcoreEnderExpansion:curse",0,"Curse of Teleportation","1","false","35","","0",""
"58","dreamcraft.lootbag.group.hee_advanced","3","3","4","HardcoreEnderExpansion:curse",1,"Curse of Confusion","1","false","35","","0",""
"58","dreamcraft.lootbag.group.hee_advanced","3","3","4","HardcoreEnderExpansion:curse",2,"Curse of Tranquility","1","false","35","","0",""
"58","dreamcraft.lootbag.group.hee_advanced","3","3","4","HardcoreEnderExpansion:curse",3,"Curse of Slowness","1","false","35","","0",""
"58","dreamcraft.lootbag.group.hee_advanced","3","3","4","HardcoreEnderExpansion:curse",4,"Curse of Weakness","1","false","35","","0",""
"58","dreamcraft.lootbag.group.hee_advanced","3","3","4","HardcoreEnderExpansion:curse",5,"Curse of Blindness","1","false","35","","0",""
"58","dreamcraft.lootbag.group.hee_advanced","3","3","4","HardcoreEnderExpansion:curse",6,"Curse of Death","1","false","35","","0",""
"58","dreamcraft.lootbag.group.hee_advanced","3","3","4","HardcoreEnderExpansion:curse",7,"Curse of Decay","1","false","35","","0",""
"58","dreamcraft.lootbag.group.hee_advanced","3","3","4","HardcoreEnderExpansion:curse",8,"Curse of Vampire","1","false","35","","0",""
"58","dreamcraft.lootbag.group.hee_advanced","3","3","4","HardcoreEnderExpansion:curse",9,"Curse of Rebound","1","false","35","","0",""
"58","dreamcraft.lootbag.group.hee_advanced","3","3","4","HardcoreEnderExpansion:curse",10,"Curse of Loss","1","false","35","","0",""
"58","dreamcraft.lootbag.group.hee_advanced","3","3","4","HardcoreEnderExpansion:endoplasm",0,"Ectoplasm","1","false","55","","0",""
"58","dreamcraft.lootbag.group.hee_advanced","3","3","4","HardcoreEnderExpansion:ghost_amulet",0,"Ghost Amulet (Impure)","1","false","5","","0",""
"58","dreamcraft.lootbag.group.hee_advanced","3","3","4","HardcoreEnderExpansion:energy_cluster",0,"Energy Cluster","1","false","5","","0",""
"58","dreamcraft.lootbag.group.hee_advanced","3","3","4","HardcoreEnderExpansion:instability_orb",0,"Instability Orb","4","false","45","","0",""
"58","dreamcraft.lootbag.group.hee_advanced","3","3","4","HardcoreEnderExpansion:rune",0,"Rune of Power","1","false","55","","0",""
"58","dreamcraft.lootbag.group.hee_advanced","3","3","4","HardcoreEnderExpansion:rune",1,"Rune of Agility","1","false","55","","0",""
"58","dreamcraft.lootbag.group.hee_advanced","3","3","4","HardcoreEnderExpansion:rune",2,"Rune of Vigor","1","false","55","","0",""
"58","dreamcraft.lootbag.group.hee_advanced","3","3","4","HardcoreEnderExpansion:rune",3,"Rune of Defense","1","false","55","","0",""
"58","dreamcraft.lootbag.group.hee_advanced","3","3","4","HardcoreEnderExpansion:rune",4,"Rune of Magic","1","false","55","","0",""
"58","dreamcraft.lootbag.group.hee_advanced","3","3","4","HardcoreEnderExpansion:rune",5,"Rune of Void","1","false","55","","0",""
"58","dreamcraft.lootbag.group.hee_advanced","3","3","4","HardcoreEnderExpansion:arcane_shard",0,"Arcane Shard","4","false","55","","0",""
"58","dreamcraft.lootbag.group.hee_advanced","3","3","4","HardcoreEnderExpansion:spatial_dash_gem",0,"Spatial Dash Gem","1","false","5","","0",""
"58","dreamcraft.lootbag.group.hee_advanced","3","3","4","HardcoreEnderExpansion:essence",0,"Dragon Essence","16","false","65","","0",""
"58","dreamcraft.lootbag.group.hee_advanced","3","3","4","HardcoreEnderExpansion:essence",1,"Fiery Essence","32","false","55","","0",""
"58","dreamcraft.lootbag.group.hee_advanced","3","3","4","HardcoreEnderExpansion:biome_compass",0,"Biome Compass","1","false","65","","0",""
"58","dreamcraft.lootbag.group.hee_advanced","3","3","4","HardcoreEnderExpansion:spawn_eggs",8,"Spawn Fire Fiend","1","false","5","","0",""
"58","dreamcraft.lootbag.group.hee_advanced","3","3","4","HardcoreEnderExpansion:spawn_eggs",7,"Spawn Ender Eye","1","false","5","","0",""
"58","dreamcraft.lootbag.group.hee_advanced","3","3","4","HardcoreEnderExpansion:transference_gem",0,"Transference Gem","1","false","2","","0",""
"58","dreamcraft.lootbag.group.hee_advanced","3","3","4","HardcoreEnderExpansion:essence",2,"Spectral Essence","1","false","16","","0",""
"58","dreamcraft.lootbag.group.hee_advanced","3","3","4","HardcoreEnderExpansion:spectral_tear",0,"Spectral Tear","1","false","4","","0",""
"58","dreamcraft.lootbag.group.hee_advanced","3","3","4","ExtraUtilities:decorativeBlock1",1,"Ender-infused Obsidian","8","false","75","","0",""
"58","dreamcraft.lootbag.group.hee_advanced","3","3","4","HardcoreEnderExpansion:igneous_rock",0,"Igneous Rock","8","false","65","","0",""
"58","dreamcraft.lootbag.group.hee_advanced","3","3","4","HardcoreEnderExpansion:adventurers_diary",0,"Adventurer's Diary","1","false","65","","0",""
"58","dreamcraft.lootbag.group.hee_advanced","3","3","4","HardcoreEnderExpansion:enhanced_brewing_stand",0,"Enhanced Brewing Stand","1","false","15","","0",""
"59","dreamcraft.lootbag.group.crops_agriculturalist","1","1","3","gregtech:gt.blockmachines",28001,"Basic Crop Manager","1","false","70","","3",""
"59","dreamcraft.lootbag.group.crops_agriculturalist","1","1","3","gregtech:gt.metaitem.01",32751,"Solar Panel (8V)","1","false","30","solbat","1",""
"59","dreamcraft.lootbag.group.crops_agriculturalist","1","1","3","gregtech:gt.metaitem.01",32519,"Small Sodium Battery","1","false","30","solbat","1","{GT.ItemCharge:49615L}"
"59","dreamcraft.lootbag.group.crops_agriculturalist","1","1","3","cropsnh:environmentalModule",0,"Blank Environmental Module","1","false","75","","10",""
"59","dreamcraft.lootbag.group.crops_agriculturalist","1","1","3","TConstruct:oreBerries",1,"Gold Oreberry","1","false","100","","0",""
"59","dreamcraft.lootbag.group.crops_agriculturalist","1","1","3","TConstruct:oreBerries",4,"Aluminum Oreberry","1","false","100","","0",""
"59","dreamcraft.lootbag.group.crops_agriculturalist","1","1","3","TConstruct:oreBerries",3,"Tin Oreberry","1","false","100","","0",""
"59","dreamcraft.lootbag.group.crops_agriculturalist","1","1","3","TConstruct:oreBerries",2,"Copper Oreberry","1","false","100","","0",""
"59","dreamcraft.lootbag.group.crops_agriculturalist","1","1","3","TConstruct:oreBerries",0,"Iron Oreberry","1","false","100","","0",""
"59","dreamcraft.lootbag.group.crops_agriculturalist","1","1","3","TConstruct:slime.sapling",0,"Slimy Sapling","1","false","50","","0",""
"59","dreamcraft.lootbag.group.crops_agriculturalist","1","1","3","TConstruct:CraftedSoil",3,"Graveyard Soil","8","false","125","","0",""
"59","dreamcraft.lootbag.group.crops_agriculturalist","1","1","3","minecraft:netherrack",0,"Netherrack","8","false","125","","0",""
"59","dreamcraft.lootbag.group.crops_agriculturalist","1","1","3","minecraft:soul_sand",0,"Soul Sand","8","false","125","","0",""
"59","dreamcraft.lootbag.group.crops_agriculturalist","1","1","3","minecraft:end_stone",0,"End Stone","8","false","95","","0",""
"59","dreamcraft.lootbag.group.crops_agriculturalist","1","1","3","gregtech:gt.blockores2",501,"Emerald Ore","1","false","115","","0",""
"59","dreamcraft.lootbag.group.crops_agriculturalist","1","1","3","gregtech:gt.blockores2",901,"Mica Ore","1","false","115","","0",""
"59","dreamcraft.lootbag.group.crops_agriculturalist","1","1","3","gregtech:gt.blockores2",839,"Sphalerite Ore","1","false","115","","0",""
"59","dreamcraft.lootbag.group.crops_agriculturalist","1","1","3","gregtech:gt.blockores2",503,"Sapphire Ore","1","false","115","","0",""
"59","dreamcraft.lootbag.group.crops_agriculturalist","1","1","3","gregtech:gt.blockores2",502,"Ruby Ore","1","false","115","","0",""
"59","dreamcraft.lootbag.group.crops_agriculturalist","1","1","3","gregtech:gt.blockores2",34,"Nickel Ore","1","false","115","","0",""
"59","dreamcraft.lootbag.group.crops_agriculturalist","1","1","3","gregtech:gt.blockores2",943,"Pyrolusite Ore","1","false","115","","0",""
"59","dreamcraft.lootbag.group.crops_agriculturalist","1","1","3","gregtech:gt.blockores2",19,"Aluminium Ore","1","false","115","","0",""
"59","dreamcraft.lootbag.group.crops_agriculturalist","1","1","3","gregtech:gt.blockores2",54,"Silver Ore","1","false","59","","0",""
"59","dreamcraft.lootbag.group.crops_agriculturalist","1","1","3","gregtech:gt.metaitem.01",32405,"Large Steel Fluid Cell","1","false","80","","0","{GT.FluidContent:{Amount:8000,FluidName:""hydrochloricacid_gt5u""}}"
"59","dreamcraft.lootbag.group.crops_agriculturalist","1","1","3","gregtech:gt.metaitem.01",32405,"Large Steel Fluid Cell","1","false","80","","0","{GT.FluidContent:{Amount:8000,FluidName:""cropsnh.fertilizer""}}"
"59","dreamcraft.lootbag.group.crops_agriculturalist","1","1","3","gregtech:gt.metaitem.01",32405,"Large Steel Fluid Cell","1","false","80","","0","{GT.FluidContent:{Amount:8000,FluidName:""sulfuricacid""}}"
"59","dreamcraft.lootbag.group.crops_agriculturalist","1","1","3","gregtech:gt.metaitem.01",32405,"Large Steel Fluid Cell","1","false","80","","0","{GT.FluidContent:{Amount:8000,FluidName:""hydrofluoricacid_gt5u""}}"
