-332598880156790058
3385945530897150735
6663150054011338536
-966084036475010594
7426339345815825840
-4774541027758278916
-461539609834793494
-2491834290831749956
-905984072956774379
2136543334377298406
6647210136058444048
-1441488871541471330
-4448827024783956106
6175239980122357442
-7746532817777801795
-2305761549263611620
2842308766203232863
-8802893554037163027
8931664431907015518
3168175040024421404
-4429693977471997669
4934897960456946965
144720064865127570
-3376864042026090401
6556132942299561189
5686442668892597184
-7782889397241782654
1666836075311276198
1887749144777546362
7242027291148109829
-6618843506682825494
-2793838175683325457
6445825396941131328
-8495429370387244382
5569400456685267538
569402106444786217
-5390748407217938434
-546363760315263552
3484280047372681610
203354134857079152
4472570643326682570
777160290077095496
-927347457085350462
-3485094817528779364
2507578931403458148
1173246571762550441
8265691094966132930
6293967833648040507
5790977672353699504
6152061468662945334
-6149285669936173647
5476170831046930515
-4109552708042685867
5482625780569594180
-4553194838010390204
-438600832436216801
-4281064427853716416
3856646036363737083
4005560129757139284
1912373886654400850
-6707720778194697780
2849348884373600620
-2075996640357824094
4990168412425966612
6678243305144241973
-6149049784313789223
3472726281583256945
8580040688780793551
-8452934832153320615
3089304261933487030
-8391513515172498772
8264594506718487572
-8150533634150081114
4687104794117026849
-3696210685434305264
-3812684826927791665
1006120950987712920
8837082993631021528
2798054144315746713
-6663542497525115155
1495509276719771938
9028990458742310800
9024847578476112840
-723438763666965573
-1417958690119119727
7348874792702097758
-1900998715446223018
-1813187194090181644
4226092814809504406
7210568737029351140
3309908724341877026
-6942223904984028398
1880616694420474402
-6775763182447817145
-3276538932898508312
-8705387584995875106
-4868866294388389687
-3578098430276923706
-7813048240723146926
-773084449192063810
1149158060964478523
-8012787265084170995
-2882126434217566354
-7520792149101844077
4613164924720657501
-7709762304613787220
-1104454557829390455
-746328685181596027
-5583832674176306669
1933081054204944545
7873725463912975383
5958890574438079417
7442705806406888258
-2264273805191568904
444132029163189657
7385947780223923024
7639049988416676369
-3490656677201644623
-2506135115695829925
-2928315983216851880
8449288073614140918
2565818656567179596
-2783144838808553728
-6157292568777438911
6924171239672473854
5761867191084393516
-7081301177282001244
7872203518222667520
-489441119634579611
-3141759911841323259
7363823906985169511
-8527289155553318295
3724964795321979341
-1169041686596202927
7534346328432049973
8979392860530234738
3106129200966865808
472219790626638563
6701510372532298406
-4046104396165171354
8383943307983690717
2979845112870022107
3156746371486657575
1420207494508300499
-1690435883605947571
-8072630667300553861
-2652341315351231483
1298364434081048612
7544979608381491427
-4473297434740706160
-8197521716584714754
-7342224338988451478
-542917246556546696
7950307290997543704
-8317215587178909739
2458619299562718865
3341987577720501947
-4290844145238943128
-217324466287632310
-2803813314608445268
-4346724247172756267
315269648685713453
-8454274469192221347
-8869769558880376553
-1090630966990269432
4590916675498546436
-2600997815796538181
-5487798028400712509
6012227284095689044
-6928010134872956984
2679784460433445974
-7011470802329085423
-1509287310422442809
-7800464901233874110
-4074007879371200805
-6933976945335873520
4296659292375724065
-8278624066496899709
1112748456243315906
-9050733385644207715
1452211141802689515
7949065427001443691
5770577692024259631
5265450375673819547
3784040254253102186
-4145702135960360655
-8015300321469496432
1117792060089418502
-7095128621957164980
4899539441853944062
4942724779710840415
636283797603187550
-7079052579169423534
-7527536984405441601
-7893682951684090149
3384224631227014632
-598392301064451850
6333100214896943014
-5184296778232329388
7563498479000424297
-272243406139969934
-4954855302261527272
440197672483516697
6518934353182983109
4157778879288521951
-3348779410086364065
399958235138614257
8739224813184325081
314334763530739347
2179359737583939962
-89910027496655877
3932005702109924911
-2832504050940586510
-5904816904006693495
1364728518045753609
7736757705191241090
7159368921708150601
4978959018529501637
31715845542005620
-6638644104098874603
-679361489420869430
693391055969109319
-7696181208063626129
-5914475955560041467
4920267731742795981
-466055711088431524
-2614492640840546619
1518250934658800155
-5978552829066853938
-8937595219944447502
6116556324553311366
3384484790720497912
8664184317603083701
-5909354949697778526
-3297222160349401552
2669145164216605437
-3998592399581365225
-2237955134865695628
-6092626725972781212
-2427346178526463590
8026202864780764013
5339637343794132464
2462807168813036599
1509471939656884671
-1448576589051427025
4491849994236315036
-4687702007280753570
6198895043030614618
-4414412004334047921
4997847145126106840
-3380261020058023957
5744372381327707643
-8661343870742682580
-2712035248607389743
-3314896697799370618
2327169897868080529
-4737652927579067591
-2014556467170062111
346903573171694518
5899674821680809798
276287103074888512
8102536736358734752
-6587016452528496477
4771191050335544621
1282155584519007619
-1563384238478972811
4919206990728547958
3788254292997090158
-1670412454441159273
6658266995193856754
-3730705432949994966
1512783327412406632
4491283159906861925
-7326154554067791485
-1254456559492050792
3459929588121058692
-1635220253701433676
-7800271784952383832
-1553189140043476018
-4328100643385705450
964785100826312653
4862080945530460177
-385312030920314315
-5944901233973739922
-1415974667212843185
5365915967654682834
8776381970281646059
-1483273525028477422
-2933137558922468848
1779076314996042946
7414436430842657519
-5094315552557238659
5296750737101033334
-2022425926743342544
-2387030234253071977
7180788356518204814
-5546162087031696270
745472584356516155
503187282537042786
-7187218848800661839
2678194032776368280
5398096726271398070
-7652208774645960020
-5818775633979713219
-6265207561476222022
8379690801754969208
-1920846461039338927
-1660314794582198332
-6216312263565974719
7171308550024642128
7648327493303405138
-3158676643442847042
2173600464532524908
457488453224600560
-7824495843584106652
-6054585636217518307
8390192171706983439
2722848422254355483
-3036651657990402521
-7085981750877031126
5931378902627146650
2620023039720308378
7287070937360164860
2814939720816306058
7919479913859821017
599028134639260517
6661101488845402324
-2561487746483820845
2301489270292342305
5983555662867458063
5127845116562522941
2004950366533073802
-3657142391307168000
2983863359948141931
-4261631171127193431
-693556957228551998
4724139155409620118
9221616162580939855
-5309306733419237164
3776756950452160997
1070492748685207948
5796635208105741344
-881844864929376409
-4934543041134680004
1739323712866456380
-6213510147442775834
3791671742184605949
-6909155433305547946
-2485786674939386361
-193878926423133020
8918682830763804754
-1788404744628029005
6180231698370772299
-4889706944890623144
8443463911094179410
-7475071765092797771
3892961048925992643
-5690276696357679951
1190909154666758944
7424875673974756196
593755753401047006
7505193434815370824
5405785138306484102
6559516209858835640
-7215417311130339292
-1315054947414961389
626662420636304123
6608196335675057975
6756186666871947371
3736414369192790610
464276697977393889
2674950147058857130
-9187675506376471210
-1448164249859813624
3223224148504870777
7819419460234005914
-7475520900538939918
8446124558056090029
626556814740950743
6619208866038848625
-2997987623247277340
-8106471631679673582
-2984708005572502868
8514463259797435745
-3886800967003477669
8564382568859332635
-4939003254191669986
2208990601259544948
-6167502877569345934
8680900518307966712
-5796679146625969033
-6517968195723227224
4712207013293549388
-165993050367629655
2235075392249983897
-6097769892542072798
5850465857747265787
-5987842184178421097
7158135202830465411
1372460215114941077
-6766947396657504100
1777255010446505651
-5348236640853902029
-2856631406449338652
-5631425685514689391
-7298996127362833445
6445497925864911415
2696375165256379028
1918615467296707668
-2653162648234022520
1549107111196421685
-4386451736264643931
-1983605174289044600
-5318136595955547021
3256151401374161499
4985720361294869626
7195549032685106066
-8704255813617017713
1739534857828612377
2237997820607819607
5692636856259163538
5166972437903409850
5793872881204427607
-8866915516717920124
1357834791383097472
6005132072982220707
5556687669672489575
-5317578937680525465
3542262088457852399
-1697186690047401051
7862470026806225442
6365406686406553845
-6921207555898738473
-5833908299440765143
-5743881807525418703
4780499608924584172
-6298571522595578113
-8951279470742361433
5278368517889076630
2358308864289422026
8351728221076068925
-8696423377532448362
7481816223454597229
1933560010455127119
-578193195098877007
2143847539009569994
-8632123069597398772
-2166389896455995048
-306943637862497771
2406578155239906617
4583155888616671186
8020706671031441898
-6729262081779236360
-1416029626677021398
3468438096248395109
-3418886491493789071
-7832644221398985992
-6382089689064861544
6366629721477710595
-5079007929224609077
7336546758227709972
-4614210545158789019
-4459873757383948757
5387981942192135231
7576742499071671581
-3434629984642817427
-6893960428550972401
-8476016909011416668
-8857339091553124814
141270502011946268
3960332480367494789
1389254587709998990
-5521485420377681059
-4593459581369057271
4460941511631354644
-5106299070084345712
-160629745870531682
-7353805862308758709
8067172890669531150
30373603678644029
7436472066492156632
-3548326678967637270
2481053026598043420
-5747021008935522771
7774552743345901629
1167993566531934472
-3943184994717337724
-6288095598944152675
-2066428887191626200
-7991879845925082638
4625072286791132834
7375274899877425715
6611731186159781122
5829326885150317536
6556336793041228246
5423929572652221301
7242295061794675424
912004353843092800
-3380555929115392192
567463185546633801
-5115991267856541372
-6354409112044303502
-9154839763431683781
276422989104841930
-3982841319563055449
1406850654163600837
-7935383439478130538
-3515604690615037854
1689563359686721218
7830499125371565504
8104719569420987687
-8153766141491864584
2814209524146098783
-6165533759302203187
-3161483679980714386
-2453385436865156181
-1362906182587458919
446893860237383918
6209755889731927502
-5049894485882760623
-1306943004038880661
-4597872864266991716
-6105860956782795450
-4579536870339503430
-7242113059263548691
5813653472493284231
-7502513843219481941
2228967847717425968
-6100639707820892355
2079679724189766585
-3170542780958798077
3103363554730637122
8429941904276209898
-2993642386157419892
-4404650370488252213
-1898983925066773216
-3363539421753458432
3013923616671177221
-7681226286448674657
915728913927483560
1602439081920208042
1705692198854425004
-6989257805191731522
-7599838338457933390
-3911094035603190993
-1725114024473119818
4736228225779715418
-6811947683562819336
-156284318564089003
-8472552454367109533
-1986173260933784495
8292490012459822469
3898835610106970038
-58599576567485620
-2903051954938157193
-8192876838194102418
-930155977679531464
3023913899438666962
6221667718977744854
-8112095830668256042
-6715660383223394184
-184820647351322011
9013358210344018966
-1160684163006753210
3652684799292918949
451635644929731378
-5787949250681573743
7450393236216921954
-1881045375896365792
8376658181922023398
-4255922307139334411
5055158592480721638
4153537386532138340
5899280218192501111
3028903693514069070
733399965981521500
-3730042454669291515
-9181339201089365893
5288289197013217432
4917520887040897420
5776076642072942618
-5257985033419150283
6236821587205899170
4429832809978107477
-4525490983413974064
-2566402682214028758
5418145002691118152
8841225902692457773
-7868488838680964728
3396344891716806525
5623733010438268622
8228359709812139298
-4047225007610778446
-540313367862522567
8386650899730476511
-6314769036457899070
-8739060961707396555
-6258917047869225910
-2637400047116622211
8698423736510868916
-1790759406558129441
-6838612373321059716
8261767364575322848
4696541826496560064
2197852506249970677
2874336720578517446
4227617765874340871
9026682610707116684
1565371572601478895
2765730648252876009
-1440355224707101086
-4752988898515832285
-580963445366553773
3114235870804847815
8851136810020159945
-2732169936074321811
5211603181437475876
3113127065911897958
-7186176715927288328
8434410916000727183
4523090261624338553
-8830187430423594989
7222721883362811791
417601902188685868
-207388960947893943
5504064392357627374
-9074716542055336284
-7573502576632166794
-5725222081673175278
439876072930835488
-1182438558610997424
7799743561193460223
-7270800909279101186
-5956492497935802471
-2000868967788248107
-5835455590907775828
-5158459921110965084
-3825028005525526914
8821568381465517214
-9051263851357565818
2673440369622937061
-2402897058518714636
7852583503235911326
-3995337204461566496
-1276973896839335231
5650074620370975683
-6515371696505700207
6187177952442873491
-4959200732913844635
6382445161300980740
4978510702584959673
-8511196513423977227
-8066845774060866406
-5104420832865486202
1159977113936611063
-8242891449059569692
4112020194944403178
255439011897860959
1711380336045558285
-8339983289263436472
-8698781621742570775
-2880468413080663515
-1717472179830393800
-4116610292413017345
-6853387844575354461
569592619567467778
910686934491975889
-4352492549706288112
5980537377115652230
-5831376516535961412
7798003519587859156
2646709545846773577
3877832767520973383
-3890119852489720399
4591376563513310029
-2417325981010871524
-5340270584625947111
-5981151693889333729
-5384951984645991503
-5594629216637176956
-2420646182971660047
4609990432214415
-7844460190480684687
-6542373929475257839
8437943038651864731
-6911882394375165677
9053778162922223023
3154652197438875763
-5369623300860442032
-4803658621123549778
8021390571140810394
4842532255602098915
3855719493622549044
8526247746067320787
-3416089012044152700
5749856123888512535
7613791572025245127
-2243047026378272653
-7734084110284310923
6341653961136573943
7631079766211004072
-3202372124136726599
-434377618781617642
7620711818613797162
-8571230395486546474
-6413475023504319897
7393371628649528962
9024221616375153793
3157507611979333455
378078151857275996
2916939272509521991
-619469086778819174
6888751781157276173
-5837669867978551233
7488175947415769124
-458856789844830524
7173359201532046734
7395507449920912575
4773810617774383922
8404944342047345101
3049547522834060419
-6798541832711711926
7870435510722956388
-2275505888660390306
4997861215651905902
-6729229153220802954
3357850369319063867
-5178762698957075606
8355134065456108866
1301060333300046878
7780217993596505134
-6903379889833073448
-4929715218941379220
5697322532081708443
-824916358512976546
-2223284119061871528
6939676854297965000
1993088388698954902
6923195088515203302
4617067296230139415
-6967141033274879128
120123973955501063
1105364350952989312
6158310801969883357
4610298596132658610
137700033606432338
-3420963282961077571
-1412897855467238069
-3017600815005361096
6084555456134266795
592069030662957409
2682004872843457014
2795107069010691894
3308104192948468579
-7330530182275653057
3511160286164447417
-9115976995223875272
-4052344603606489616
5513676682357600225
-1462037574566010559
4298372869074279299
1145260310502526591
7126681411576018597
-5056710485818813394
3996568153549167578
7677769606244534015
6225726478064664958
12698910614194423
2032181004411854838
-837724850132313300
1353655325347530125
2958354157803548749
7821334180104632345
-2753492563234905518
-5747828936303371804
1581223743741570159
6751493574460641750
-8835591188617675159
3124370361640972791
3748240837668747830
-7202190735559136352
2396221457801031541
1786880383792398033
5441055053938845016
7989342079371364390
4004977901649043017
432029389540722049
4006023737343460528
6742837524412037320
-21307664165968021
-7460876685283213295
-2618426488975953892
-2876876555808005466
-7173885627329152834
8378538911840982543
-7909370322536328977
-4836449312107422182
1309099611183400495
2814651937839180242
-716963663565276931
-3415902887931067938
3970280395209933419
-3989565906791200025
2070352842061368954
8003622307809895800
-6450079827598729651
1101732618712334454
-2368272069106004140
5154508202289004279
2906471403120733676
844898054649126413
-509768326933545873
4960798199090668090
6566192698105382401
2169365809953819375
-8342135881560256864
-4198995293111245590
9054070231456790285
-6926831390596712420
7244994874066560358
-8634309719029334962
-5569388161896891159
-5033585354603498548
2360129521921785014
1433552889903019365
-50676496881574640
1764843896020086253
-7167581596214426721
-213091777260416261
-316052096441966257
-1260826349082575285
-900984008707416011
-5846875724766305802
83597854417935468
-2284307897061040376
-6031504119065662120
-2330118474199804889
3770895558863516028
6699756776331356154
-7859241999467802993
-3350061382020149400
6155767271732145381
1287591853324255924
23296932987614221
3420006868496005146
6468800851839801980
-8526909979228470431
-4173195785123848083
-6762491517448862700
-7033223903256305979
-3651969431530904038
-1099069074433441131
-6321027493666988730
7493650663798758562
5476938774199151933
3362031754938867173
-4305365174423822209
5174189861738888894
5350742875652168509
-1658047092269959200
-876791113101449258
2104767086302384894
-3297387948425777685
3449097666277047325
5651162082051917814
-7769310723610152448
-7967966182485903773
853094314221165107
-109801111368109268
1304877421999478405
-3138362392532656403
-7494645073205209202
-7012143273777242905
-8375709104714286968
2956643185816707933
-2894866649257868377
-4866253858810615295
2438952617992592302
-5363826949981051165
-3273965672521224012
5179812694836164850
5986230825732622430
-6518063078746679619
2069315806447459158
-2165879189811772098
-1600914574127121151
-8204544754211471904
2820829366853491527
5204495734321180956
8999821091929799488
-8593031902017388021
-7482447513421214161
7734978933845525602
-7567601248245513253
3968061770341684644
736517282948395126
-6509029700833061489
-7363683429320878513
8066253662348212368
-3401117322944345267
-4584952772394130499
-6552076365211919214
-8143298727309649048
1695844020795647001
-6633989058527143676
6541406814240174755
-7035355338664032809
-626243523194403308
4942498867104078205
-5942200850853236608
-6043895129888415642
4083434709989501633
-4215450089935701447
3982429276486964949
-138074851381400003
1056121518787890579
1894512611582482727
-2042315483893319239
5735245641055484688
-5184792450940902522
2563045033490427181
-2789213491828607986
-6248793637207042264
-5719186858451665136
-5476822276444978658
9141357093980169885
-6474402877512058236
-2667864133826508007
4135606463671552568
-850004397971063441
7626885085420020303
-4151184668019424694
6735014278541621209
-6953854054668840259
-8718735580848571950
-809630792902038656
7148448341839512870
2570072284364609509
-6621181688056931197
2189428727723921205
-4916865153453251211
-148169108385870996
7014166400486018998
-8548011251156719381
-8926852727900492542
8844315380369920874
-8902272164797982652
2743415199520501783
-4676290553556770577
2150401311679787995
-5064740888736743745
-8037458547907560409
765718074965986342
-3331259874658882796
7738571664826234735
1591008113898084268
1829722365291674546
-8415000792668235047
-2868542000566624184
-5930300373732790134
-3278906219224124596
-6758441291788558980
4316140983297621721
8116112805732245751
-7284680109920221619
-9212731900565182877
-8614376750429572549
6958086838356624904
-529256311438728505
4524964176483103253
-3921798058378901173
-7368704964233702907
-4154325986434283725
2752418881054927811
-7155266178488934407
-6461412577852213710
-1990012692165391481
-2540012983414922159
-8336650985714428029
-579983418285999895
-5356030067654261575
8964258834296840725
318473184093320711
-6449637903200155365
1556749395723459859
-4469121002243077963
-2733238103936682806
6551855364697933327
-524377224782656673
-5195405357654827116
-6281344695287835412
86563280636148250
-2677589119394311707
-6083151292713035730
5606019517515142461
-9214339384645911672
-2257624943671142324
5461316728315054376
2336572674529751934
2117969302223000159
-36768345474710429
-1584007960788767557
-50988917153222763
8942816128901604493
-6491971761738350325
-3184879107105007065
-7220658900094046299
684619582650800272
1847359187402218175
4766154022076757345
2672007588462904165
-4143842194519296237
-4802363503916898088
5292844224402352750
-762571456227181355
-5437634188851545845
7455770269179454933
-4848090038042049349
-451857170415787951
8322833772825961516
2313219539294961806
-8899454214407858817
8803836739180023196
4562758132255308124
6957430354220102526
2901501398199371879
-6707194843516001212
-4886035082215134858
169997057062533126
-7930700024445690914
68122646576167644
1826212327362809992
-3817809640833948928
657625593126097353
1638919871419874818
6034767868859175078
-8572399226865406997
2992634550768403377
3593493922062086912
-8986710959932191221
-1163002858259938080
2303433199748869960
1642625288590819752
2438853823126182241
-8580455544044663291
-4203324847270590447
-4956138664401128958
-8635872947545925170
3961204499558616634
-2574718038518491602
7551973688248449666
-1823934056073870752
7535516471241506484
-6388111788649861005
249327842490417648
-8573623966244525589
913857464053839172
-7359499870392317773
-4942520972472390689
1147546822125892500
674939889918008544
5760761026163357245
6429138425122552464
4493103783433405118
1646396884722470222
-6033674818509891872
-3386325026492089278
-6867637034825778485
2839648753935615555
4859906151523984540
4846382064283036354
1973610755695574177
8502923593341322162
-354318389061508142
-3955848141632942606
511183649384210274
-1612649675625686007
-1977004575955271627
7867243351265264196
-1938794422421673183
6144759446531162982
-6739452942560265237
-7673889608148767038
-7391128072784029490
3691868373800406021
-8402215561459772343
-3814375289654097774
-7573316546830131400
7592375574687468351
6733398310866721221
-872634400183233596
-7801635381239817075
6335887176149704330
1892667166444357275
2775803182998316771
-359906668021348786
-5514846071738727294
-4277715813571738950
-3909825955421178605
2932811207475705917
358246088343084517
6796101388631304102
5059094243942869139
-3020259680687178970
2193199508053466484
-1517749663757054878
3504360502965665032
3809356867622206866
-248166228263453616
-6155432283005722520
-356831825655991396
6198085489934588788
-1359342940765294420
4432674591259708263
5058137665049693322
-8861104208968501147
6759267006724314014
66709416480718666
-8120499316900161945
7658941317395775540
6611452237162210085
-3431959948667558023
-4149907850846924738
-4970605640815000873
8459704792959599671
5983343060404757661
599731832725749527
-1618442366828768772
-6255839232125978200
-5482193073809024378
-6555074119137537615
-3651595786246171565
6939436535839873199
-2673782634735765617
7007769156360032373
280009762500440119
-7994740583257392278
2569917739825950601
446487979293341736
-2787698037273105411
-6779287029738662763
-1355399302060509161
4472356984494191309
-4526347320725770772
-6772301834827411440
-3288344771884542008
-877529614135592976
2278939874453295260
586625115921358556
-5940260149475196792
-244398156878494276
-8596611895575804754
-6572080679718137510
-5438973300317616270
-3715599431218005602
4684302225881316804
8536228072571160942
5145932562514291418
420929734676322846
-3322043299332006007
-8701366529044031171
-28865449508078146
-4848097210405502261
-98648074627149727
6859627754012181336
3872995931698339882
-3727108790171988184
5272718526873688597
-2699821964820162850
8981473556669592203
-3188795863249433231
6583682073604437908
-2804212953322270841
8281371568134729976
4095105891134983844
-2931236238050405200
-3728268572725698255
-7287604750166489744
7022956088471507120
-7441414573773052466
-7160255671278704518
-9161763017808690770
7077192359796939804
-4303164212680097329
421235490951282778
7426682135143350699
5360448129517237070
-2363027215852436330
-7176958654847894295
1552411114065669579
1000994493610094763
7325791032567092887
6593784168276079854
-6091823869700670199
-2319897135697276727
172408860662848980
3764936133044815350
-8711222404499399544
-1667413439238615516
5185329304253583985
8948025620902913869
-8997467751234878409
7294420510892262224
-7734685989275881378
-8673398393131160981
-4543787384225825104
9057840096602374093
2660614402825947131
-7856724324446507804
4758042313482777118
4865755175799006089
6909790032884048541
-5776443808253699333
8071789961300626390
3095190733680312956
8378919661287761383
-4498349058846371917
1994566808527624489
8371847540059954377
-2344499665237240992
1135073329012470731
8590487956579947788
-3925071020211070726
6310674149585461453
-8905434997963699893
5996636692856863769
8047468441401415909
-9112586505124271546
-8281483434135141194
6555276828403354802
9099602778857960378
-7914306732569658083
-1054974491666258251
7897217320370753283
4000076318431841951
-3507105272328086908
8694657492580635662
-162715078203560781
-6755732931606847137
7736660677121695909
-8821743887635116086
-4499971741413994188
7076733858450352671
9175708930205727768
2504032258737332178
-2771262449434898616
8681274726189569512
7052987437445558456
114481030119878171
375144045665063151
-3187637244850405097
2289512574280458342
5714229532636237155
-1602647940516645082
95684832857619884
3126422647878884942
-4385761560733407536
5883412370058825129
-8474439193979457009
-7547428916271135484
-1036720030197276543
-7225648505400664749
6344187588064779821
2389647461021937372
8489769650313475817
4634136810182745695
1696873635569712294
-7721573237822056937
-7989223962084465365
5345037233367577601
-4117660768322357604
5001300107975157472
2408150268278417325
-1425173674712350244
-3778805923768683967
3574506203078453003
-3957151224959991031
-2736032434375109975
4298049528807026881
2544880426173459086
-8138016371311937288
-5326731923010878402
-2065580589667431895
-866555622218882277
1217120978592411138
-2016708931349512203
4665533874726102129
3282882780060274865
-8180643846188299375
626599911861961673
-3428527389567478616
6503477658176140501
5357879456675760409
-5693253268705150761
-7688952090370954744
-786110751909765050
4619695653130683890
4560245196874977109
5160586612988469444
-4152833065353885745
-8363797116168573713
-6995575249733050991
146061919246062654
-2326700997012508633
6077438068008722021
4953098492312993173
-5984821568137415905
-1072406223285110986
-816167531554244834
-5043382989563083266
460751904790007202
-4633631687687521545
-5973814837988264225
8223108350507122952
-4760110258936305104
6614029543664247665
2081886728032720256
1263001701790248155
-4032502964771191939
1769887532428724981
-6190432203354471613
-6315490185894910466
6849314274451689982
-6655895897264365423
6555630444348842988
5024433108840012374
9079809854264943403
2833690395276062363
7016518214247405590
2354815888411247654
4874308658100427075
-8533958976491482008
4048142739811914018
-1830329264502139407
7200366289543053453
-6569284963853678840
7355120049660907158
8780040189545209372
8607990266470703466
-5101709521256474520
-4972701306444070737
2746618599025836208
-8966158764609164975
-6919200067257037765
3300313895803320437
-1426617053999162669
-7242035731286988017
2663637877149467548
-3157793771920911813
-7809733802079997390
-2105755743889093094
8882274297635855500
6125603848723429689
-6784819277056756973
728531991038162555
-271051687417718554
7406411352589940378
-1275379225072085438
-4388899247677369190
3093760545897619371
2262990207827975335
3396352945305577660
8030515594996053039
6036210138354278018
5100402256099070477
2156299657811981385
3669468295547123077
-3620334444511716690
-2641867821183147665
2642079390696994991
1120351091546019598
5257471420819804786
-9101272394962399260
785063074724194576
-3541015321044122369
1282353388891035471
-3505881209622070528
3972718072466887648
-1224211297661770747
-1208049291613145046
-4545614863170038363
597933423312403674
5149668818245684080
-324952606084721295
-8066200170723540831
4701799558505625881
4787862739671001794
3765735040407413757
6912306673799213971
8524803368792909269
-4362295842529939485
4440537610820909741
1970133332288949397
-1812575593679939790
5241189626259234535
-1596560572438546010
5559691034261942724
-7858943154321537077
5203842110785638993
-3104898371820032361
-6243872897083433698
8873294745029869127
-9088076024709174099
-3674671428119299001
5279705193769492509
-1946625314982774237
6145243046449219354
-7967919769097258013
-1649075053818877598
-6665713873117914051
1431487162216105883
8928321705749490330
-36380524190300710
5199773687250418532
-2134041584508745782
884158572753760705
-4446396068600090436
-8051172574204651357
2970113845088564520
-1062789311251402398
2085989009942322100
6145187277332600958
-4353266151941487191
-1609377105453273301
-497353571761195800
6366904552559696276
1101124460300901972
2986356610331285843
1955509531695290714
-1456689507223671957
1026262313727019677
2586630694292489774
-1174796701596576263
-5725997960843859167
910943976895232671
5675372363640767917
-8921914884053434917
3939504319051996497
-7410709944697436518
8960826731844856728
1428763832195219981
201799564038301346
1349943592457748075
5051532151545673137
5402688394345711208
7058689348610963810
-829154858096500905
577307075910516846
-8155996987806312351
8454613090829588400
-3198809784590330087
6783146859615575490
3293638954758500092
-270423342593784962
4771125178672000296
-5943014033474789228
5965220455653013652
6897180057125380893
-230524767992656251
-2111736415264664058
-3736280655266188906
-4557288952625128938
-8170428674339867236
3872930128021992365
-9060028794282269912
-2693004420122666906
1193329860220870895
-1835538337465926747
-2294139853606128448
-5169093369196613199
-3738482225764851066
-3591164986394961818
-7237492442493494799
6055994451443166232
-1492345765954324999
5709336530279912141
-7807749308697290961
1624782113258012166
1743584482828060215
-3672352844041228022
5061756322422104429
7096482813881957348
-2159277588588784841
2458268080110949098
-6390944296555293857
135071234274974418
3108646496395587640
-2449493107903084328
3113779760204110955
-7376138241117746185
-3945668977680019186
2891128504159927597
-8406667160974701534
6466551541148956016
-1796002320145005908
-7107813217680751824
9205790148751909214
7431742215756475005
-1353664069628877475
-6702212083749327569
7741060511198787896
5819621697047887810
5934838209029247675
2553178755309849373
-769075031722979739
1589050894090856143
-8046267938260363317
-1651006090540362233
-2855366372659068510
-8510402039898118282
-4421601522184746944
1523781768529551306
2710574815783547102
-6777354850573191957
976702763336704389
-7809572304168663480
-8743151445354926264
-1310991582304726043
-1229866900540780776
2393326789829572073
-5252403269028869106
4968294888320706744
830624797765871509
8570853984889614037
6053814313239114544
796391928592764058
3165995394233562030
-4029857189442319753
5016798187630399635
-3030962566021807892
6989121111930838795
-7738858248226462233
3686589061663650231
7714379672826603462
-7724781522651753837
-1157138362871996172
-4039998796824153334
-6577895402290687652
2811345503677180069
6143726116967084593
-27337310450512151
-1696649069095007997
-7564201972529949684
2107092987591976601
-3829647815979485561
-5402176986254263764
-7180423390690055599
13942965315866602
-6649026461071858150
-4358214813086106518
3347653511068866021
6257296748486765837
-1371516150102570905
-4175374865663870524
4477028117661382464
7023448320199805723
3676794659971252252
1289334205181278303
-2554819816082554825
-5989985689960960122
5330244067038310245
-6041294967479563370
1038744750883307643
271990311432408061
1522093652443913080
-7719151406009973283
-2607340249297035765
-355464711580424659
6626270180419600981
-6812402191075834327
-2716819599780792729
3386235048610316572
2828951848437129753
7944614814356003069
-5396135751441805220
4793868952736314934
-8966403297084684753
-5723252749825779385
-3824237146325587223
-1685011372615621646
-5269745102083344540
-3534869893005456712
5016920324373809191
6619572248432188870
-7127112491936903720
-7860567123039639880
9104090928650255780
6433012577166381947
-820352173682793646
-3050826570814946629
-3251782812634262483
-6657435777521788115
-1445398132067032799
3724372766036323361
-142865461491683369
6879458095835617232
6413802950005353143
7319075831087754041
8749584588269983911
2176485951445865096
-8545742379680448150
-3867080117325342983
-1580865861932168946
-440877613824548191
-1347349181755462005
1565369781820677204
-803405379046260151
4795686445060597976
5169088028599673958
-5632932778512157989
1096859376598052002
7058525002846943227
-7614738641316674800
-5574539313203731567
3404073616680978296
8536965875606596855
509030991514196766
-8980348118270440926
-8251063332983206222
-3209545284535148453
1592474024492082683
-3627858909457931805
8894676828442324747
8425938119755453942
1049072966790757402
3583723305986684193
-2400852613673697411
6432718851073717770
3512337865571677080
-4729216623916798525
483865548648316620
-3771642510825431347
3090868245262052010
-5593801129201830160
4359473700636101217
-7640528260411709204
3282409839520147720
-5511280253388446876
3401669974423714000
-8237201112125890635
-4053111897766752346
6503433691402453810
-5221080144075878634
-9164432953507508733
1818443683755221073
4057324266224584188
8267142805221289560
5014284039166310499
6050869363340944965
-9077771936062271617
9077463431214843813
-409628952823860248
-2814281238847140265
-5005045636386725013
6499081516958011624
-1982015396400579618
4199881084947242841
-5174270008916507799
-2934216195316919593
4400723099043803938
1268942178388051739
-5536730930325844020
-1801958422135416937
1645232676708467342
-601482182001605305
6925569947990173847
-6337732616213824240
4861683363140511814
-7117804810796127928
-2958902730270436576
-1256962210611181878
3743798030597159559
4048101158761301918
-5319648553752823045
7452278995597715440
1305359286215034832
-6972252084385028280
-2332671418799042171
4889505089784088184
-5609138632838804778
-3684379259108569962
-5482602951854876045
-4458678848454584009
-5436271911805930205
-3651478119839430183
-5998317031319924251
-5634014962923033158
-4700669540140553048
-6776859602801352351
1042774013455605801
534238338670452256
-6068711850431470203
8373043077878400365
199056366787422641
-1773460316614364262
5080050021745164576
470988923873832677
-1622358319818676510
6378007568249968591
6926626308497951379
-9054242721236328038
-6826167501751015223
6004562189498960755
-7752416938486876934
9070487921461711795
-924042024628034114
4888446589543393976
-5566446383762342217
3099396548826129473
-7836095100020856555
5746906471204757698
-1680274134847206471
7456546756476828493
5339162619307981415
7186504336589894070
6307848114518875332
-8555994900304774433
188841825014245732
641164243853539502
1729287391829414203
1844762612461328411
-5298921596745729218
-2359776265571352440
3679971912503637138
7922311521359307785
-2471501451477686125
2261126291980488984
-2761479655941727262
4761587440231845113
-3758316460842087628
1422237826787734018
-1155537963210858316
6883271582842361234
8270111907135646948
-2738785258421280292
-1502908877586599621
-6743238876966103874
2858659748098167007
-5321643416200658330
5255517298043757152
805229043933466139
-3745718359903752632
4936123990978582910
-219493533753581608
-1893137141844822027
3226104720425700543
-4222583399177876455
-8118688704988808382
8419518299916487396
-312517987507361556
923250511632698736
4907315856037364341
7609403674809099357
-1442430714275928241
-6734163624092009609
6039050377521826506
-1505207643297884859
3622900238712344450
2725822335953853564
-2704636115126802144
1426151361322149435
-3346664891046051170
-8690947385500385540
8239897779331418421
-6919953106374292553
2724944771960467994
7780498931160444139
-103981435147396801
-2832408876041776212
5297761494066207328
3531352738632026770
-1625432171830879600
4426228209746245397
-2289262754649035634
8437401312233968894
-3919777386872046218
7893135124521917464
6144361727270032395
4006332958357352375
-8573342222540081314
-7426204099684103546
7232438141138946187
-7603170640766436673
-6016936208457960755
-7767072268133726234
-18043021935526763
1037319548421130198
-3400713598170546981
6399786207698606815
8045237979625548691
-6036445733051057238
-2727564039900517033
-5522995519193476778
-2265377472936930444
2459229803740646934
-7000914434925546646
-8485860487979497020
-5849161910968468528
620405015098572601
6030120039412923644
-7268509080796393630
4465742403419573082
3786566152111269233
-9199712783424225541
6058880759852299445
-836882374083440922
699696934828334642
4327681541510135559
2520843104850632828
2854123675231635959
-5293572668088574524
-184018881491777441
-3541734748914540406
6834058271578495681
8818013056796449304
-1392487465636133627
239532699719053973
-6668606968005755714
-7030755720184632695
-7990481217424194849
-2944229445369458650
-2711267090520782039
-2613720733041291381
-7271560539800885223
-6124156762126146709
-8378423866987107969
-853234284580373307
1101248349636153580
-1280711014764257491
-373560762118000739
-8137238343988548918
8230511448661126497
7466967993402663640
2174809257971426439
-6101144706199273594
-8272477811495395602
8977164478806470664
-8177764879311544272
-7234261752460900479
5378597518504284665
-8154743553743435583
419566928013598793
2281452296481783723
-413796717271508355
-2723619610895697405
4786480800829120469
-4584664647957491036
87881974739023810
4044552593587754158
-1467181398149991376
-2535407469592710619
6266550031661993304
-1422292167253256107
4327987896447432638
4063837863739544609
2900159448364564637
-1847994518507422604
7469082347236844160
-5787986734886262706
-6473113568984706898
-1578033831459668059
2781279987569515299
-1132671628025900930
904191772663138623
2604734739523863085
7991090204059621912
-4374616241239159673
-44896131921331137
-8329644631833732123
-5952933633903912401
-5562097592740758315
1738119946049316515
-2816291441869816396
-2727735809096335509
-793320674471059069
-2216769927313474006
17654425918099961
-1229161915056495005
4332978083640083465
8804935803345086071
4953372746987407699
-6205995394288065310
-322362377022446051
3675586516565890334
8215250513029780126
-3283398497343772117
2591581601543641529
-6817427040568115713
6316159759807526811
2861582191526278936
-8980187111638224068
8596905241242388370
-3317553567885049334
796279760552728728
-2975119328426230798
6863935408253891699
-5886838673834447787
6149692832072534359
-6263216659634737701
-5405788698429395194
1505355775539087233
-3764793870532366494
899245354915455435
-1942953900457846996
-2269669767016197246
7163868096768688974
-4443766694676594550
-9222630099519481360
-8937194090733725646
-2290764558684798764
-7318569157868419555
8431462926960886752
-7630046276069669410
4909237232569708673
2763544964588506344
-4415620569674710721
-1635188871732733390
8333839661393599237
7224737053953973517
5758365221222331556
-1119747325446690943
-4866789023843115415
-2663734249318336101
5911032426570071463
6074480861568510847
-984819056986068388
5762279699312237331
8499698735693483739
-1060194439575343052
6410461816421651956
-3582012563290987890
6411119811992505323
5299350124958969475
-2927588265459427208
2356404370308680102
-6314727061368693099
-1118348910415243210
8333963754947636106
-1375965820790989181
2664371720153482345
-7699570049964730340
-7435912488203841863
-4274227324253396621
4482424547230591155
6429269375695656458
2772567049664158280
3422265375253026661
3257766483641386791
750695698812060593
-2379707772489625359
-5259495917344878226
-5737592777689436067
-2110831427815487149
-5461806989073590260
6186390110523674663
434642113718583752
-5251875101969914002
4828538755765868884
-7558804961914876205
-6818000836617586909
2782489665049063078
133323639711054900
-5100380029257544700
-7838042857550438806
7937979918011682603
6692033791856712264
-3226364674359921424
5242033767001172886
9130578957889858559
1632464006823533777
-5530504247465129778
7928820211910225860
-2885177970297657766
-5070524797523522725
8837531933108412015
6935333624398091947
-6913185888542033699
-2589087270355571288
843230168221250806
-2538396914169503757
-8867556086301878127
8560993718900849841
7239078190846646513
3332162544622920882
-1458021646998659600
-462351478892966649
-6860285434551782244
-6054011446769057321
7047515113280654611
1439901805769443395
3707747846846561363
6826129647651576162
-7923535259844572370
-3455493661273088297
-2985727423855617721
-7517940711626506741
-8309537383708036339
-4747521281069364858
2523595386935238578
5897663685915048036
-6956629940934685348
7377686002319169530
5399196771310714288
2228012016426173391
-7733140663636518101
8776492420712436547
-3382867094374131581
-8824731697593232373
1928550435467958310
-3224815403351393011
-2991380637265223722
8668696832670738584
-6723312325725330116
-639606528947339286
4128596633098881809
-4473074093817789050
5831794043080411984
-1424987592783522374
-6727226316005897580
4433057253125455039
-2025881520738527103
3840400600003664241
4010020504220161839
-2789784861881868315
-7759347383481554735
-1105675464136277821
-7073656500728039778
7446410051820687019
2083794203572102576
2277023012413699267
5053012485021249987
309172979549643850
5052438058851958586
5571371194488044607
-3686825106688117951
6948972362903288408
-1838715181315449179
-8026269675008149893
2354620307614451967
-6850617873489216906
-4402476932309988079
3536806030876297358
-6154174936874398530
2520485000719012802
5043810604107373665
7247648943923703239
4747887218051991942
6337288763114804097
5336826278291084473
-5795746709820754281
3307317169499391462
-276331320886297065
-8722861673519349382
1614756136881011420
8030141216344019480
-5234499576792839831
-3306966737956364462
-6948913507289840158
-2440324759612632053
-8791589521503333184
754808650792081317
-1551955162399819502
-1438522851529837911
-1151765386189768495
-4004093860362496010
-506861847652776379
-6293275258192268617
755108763326980630
-6788962372355615411
-7192108277634804254
4645411975363094429
6437609542269573417
3262945780497079084
8158107163403134393
-5021523309005344397
-9120253908449832735
-8270844930068674358
-7501266499348491296
-4866778782193974619
-5166360919763402988
5154125350228744363
8664283339432643363
3281938676022995931
-6257960753083769062
-3304330344523706223
1377185733551328034
-7149837149473916037
-5239264337773154976
5809219284731460952
8903897648207140683
-1552823946802791876
1160976820514843500
-1560323770814274305
-1871546583049300318
-2638887274006938592
6923025215291834248
-9215433380173920718
6459293267354726612
-3821370162328164315
-5897939209587277602
338502870366519277
-8973887132311812537
-5650769947514416659
2974590086594064229
-5170034589081828982
-4156956919407644066
1556355595338487751
-1704336994623729977
8434808850927428099
6573227636906894338
2179089022381456648
2891418484873564818
-5039048422857028448
-2644521746617966676
5507012560775987183
-7681991637510818979
3281533106558177303
-5796016238998707751
4875197631051820324
5699295763181913800
-4599895538523645128
-5304289069868263847
1632539880523817988
5173972502845441432
-5246574589710425718
1326323839858892993
8817087512658837457
7357259604674049379
-5104385910094325965
7653982103448270257
7678174661820081805
6412305615775597646
-5564134457086079999
7111808741356580802
6127196640923381853
5610471646402887899
318929478212763609
-5396905828899821469
864103342653768005
-4281112957932938554
4014912199330769153
-27494443850832514
256105040834192565
6984507914475013822
-397531826062362838
244470317218691003
-7029170422867672632
-739434020486423614
-3613033457545346322
-7968641182484697856
-7100460047571729755
-1605801042888308825
-8980846627989104659
-2191562609000259708
-5087368367430475385
4469207043700393031
5897151742739609660
-491613923523699286
5968612624726780269
-7097404889288406731
4195744043271455105
2796467336799932252
-8066514267515235388
2802584321486401278
-1518883382159527953
-6864904906555393827
1858940128499512013
-2908692629728199887
-2096661318937467838
8040142600117090056
-6439491691108064391
467361895090694721
-3945044318139915063
-4397725380958115480
-1952078958742400165
-1153363249823988916
7254733508020673677
-7003407214915398308
1005099397098295537
2588687783542281093
8375009804604594701
1203073280578766409
-4620545676488212259
2843955824106988652
6678415110678172637
-7892636217021794613
8620781349080572669
2447740278118228545
4733617015922591949
-1274185552587800059
-1444339070927390634
1359888386491762512
-410947951641155005
2806555702407568811
-614991963635830526
-3156056481052330332
-4174154624718672231
-7191353594994093594
-2535912847124034213
-2002214073171754683
3124492231256288134
4594038883776771367
-6271106666708988079
-4129763997842457789
-8372044468550011411
691702974066008613
-5042834572167940506
-4163709053831763636
7671571607581487387
-8512246051712681515
-5205882998694798596
-4659074646002210274
7388728493523615394
1452733131804799207
3290438614307215363
6351190245434795615
-2847443657719841957
-5108450348229760488
-498668902745483266
-2524623466296577038
1609137673673083116
4159714407553720110
-1106926794426559138
-5676921751651034500
-8832559841328234941
-8230037075196037242
7468589055575568027
-8637526490817010116
-2571157746961201651
1752642534350696236
1672749155499662890
-3166500181465692971
3867081800909755510
-7341263486254434622
485129494735744400
849024250926752181
200079678518982290
-7053378509533991361
5165334268534114146
8444618072929733738
-2572144207567969912
8954972660761162679
3496716268325162108
675273604771654676
-4876085185979805231
8026600986042279268
7404862573900022273
-6255476284575472162
7750035141462268622
2450439629363990966
5897997278970333402
-525202643778369277
-5043106198968208662
5083621799238856884
-7147461205686100775
-4019432104155626710
-6674403761292790352
4148410049664911861
3569936876787192344
6307513533269757831
3519436643886792656
-6177598163871105677
4785095074596644345
1729240798002544169
7801621060740223070
386033333022352755
-3230143506380393377
-5894645589424188747
1049951858312604957
-3026960097899786323
4861304447334107642
-4486464907736027403
-9191509388645726869
5264088638366576530
-8262052370664968993
7600131575076248139
1492662861980761195
-6076899740704816969
3884762055914349394
-9138704865980579748
3262862539175051805
7155133237208473853
4572509533603600324
-8874612275240623683
-1785167215223800513
-6915777803323414889
481960115414953645
3584317046430768079
3333963549439836454
-6170500677816281991
603173558011532096
-8682991842166244446
-2333361012349183249
-8715422271330374533
4989368810390957019
-3951167870682175879
-6612398926552948715
5110728220992798904
1585353139264079645
-223043541084584297
-258989055599921180
-8465241180567146494
6960212569588167345
-7461942446759161087
-4324340431123414044
-9059688840687217594
6982627401316508423
-3937107444268940528
-1040007466564621552
1836047775207939232
-8451790248593628323
1186666626050304612
2101027888930749032
3574936038684929312
5633150124346081472
-139030506568687835
2801659004891015498
641308201749951937
813498362651702871
-2666808198785371241
3390373999455192960
-4395986563640938240
-354590344635489936
8256073391288383839
137988794224755631
-8541264178007935911
-339762409357166586
1173012685763773624
2400175388606401351
-8322543762040640585
-2050570087092106107
7906043193195571352
-9078725551140916874
767173413164304972
4976641406457917305
8283340075394236521
-7626953219588049539
-1118672530541736663
-5023015526211013835
-7397566493921128750
249984683985498995
6221343973755851384
2434860775573087135
-3592099305765036241
-6687657092551682850
4375780872487733146
7955912167321434500
-4532300298640631345
8407322569157835145
-7234235708708289680
5553425020076407111
-3773804304721198596
601831144204819024
7787181810743304136
3551053081648620286
-8607545382386908945
-7954258683235746380
277867850695325349
-4508018193397203078
2827628702079728954
-8207558309466725422
6293226296341010338
-7628604065659401072
4346576844348787478
3451408772548196660
226944219725371690
-1649092852047633680
1543827734463822590
-8516984453649716714
7386261201870591202
-4400891884900844203
4896331544982712919
6458721500872843863
7422674301068343200
8472670692836105947
-2210006979663709665
8411839961188461736
6174897703822643508
7841738647004344503
-8485965751060433837
-6589538207223095852
896838801362597323
7856831775600165606
8838609399426908027
5160360737641581787
-2753809564670678122
5071165423337497526
3459921010519338326
-7382986244300721652
-6967254962022447058
-5816369203792092931
-2447628437631332167
4824079717561347329
5322689905614033052
-2863806729955629417
323642286438210946
-248511683067262560
-2208970464141379063
-577625008339041491
-2351827593528891233
7954345926065887143
-5825814656446231729
-2723636563473461595
-8798517425245419857
5591569959529552628
888351458421243180
2797277049372301762
-1893605887338717926
-7511450909461899968
7214268272814271467
-9125097093284763875
2135073664476902557
-1035012546491729662
6638492067854011953
1731181992396668146
-2076559376274682112
5132898798956884056
4967593468267800327
596412562563876895
2386668844068169834
-4562787492288834717
-7623537341488004446
4814788746978460331
-8046396243972150394
6657516005791548316
4151234864803338047
6339671377190012580
-6173915627217247920
656515389607225456
-6500557741301484288
-3203480203220787588
-5469860822970946901
4297517410999163959
-4383109064352197274
2686815935914078336
-3328999235233130538
6871815209522588898
-4515963247711581574
-5772390960637187984
8243178600924496689
-1072112385836240408
-7490196167748067831
4038521983010956838
8315778454508254138
-7661664282679009958
238598781892114201
-6052853419361674830
-2822058135869196309
5223471743508310247
-5750789497409815651
4568830611762052031
7031108871636500616
-6189855551206228127
-1808304803292476689
2830381345945281146
2826420208203575973
-5563471651136700302
-1282617544957961306
5429300198354142949
1139329843135850829
1888237653581031169
-8854974921276566438
-3003665829627034619
-8155874233494453014
-2578054527503296414
-4616097984152112687
-4639257583843248721
8019916084106162977
-3057689229254043324
2803556068249551357
-8127735476143704086
6629805993667033772
9075277290885459744
378795184296693360
-4911309381918530352
4294793013799373934
6791767208951244853
-5993897428105294824
-7846792455031746359
5268091534230178580
5778349353881372999
5181045147886816074
-8365034625433091041
5688779064750221209
-1212183883394878079
-4754339629568734771
-709771582560864392
228195903437148351
-1077959539672338409
-5472232985984131255
5938957423116762355
-8313124421641978977
2471796885469622883
3715496039329353793
5046910270022660377
-1378952722850075732
-4845138867594188229
-3355225112573149514
3376209719357702986
-8794251452801505540
-7797795433794268906
-1510211834681164887
4153945632020866223
-1328610218424164323
-3068856243644810010
-7534316606561842723
9188661545049019863
3034034409868402928
-6332602967511345562
-9029582436354805611
8424147689154421709
7784336363043155817
4595954906492873686
-4549101159497239335
7245608255605940068
-8993657231224953730
-798815383373038976
-2387033412333388249
8667551496337358998
-4701180346506251423
-6682420651710362428
9195990244863443660
4328366462076926972
-6453585546203279495
5312497748027632831
5955777487483497447
-7535506901576756815
-6108411949216765789
5971863082752918125
-2404461972294446602
2642509367817409180
-8176456703925987536
7660342342481592780
8726024549323496825
233433558462860936
3100784464724855279
4010162661349572444
587244955640559085
-5710653757395402826
2685550146679419542
3133664524904325091
-5867759605013424174
1515956105724207202
2084684418327451325
-1871411580828515558
-4161351192641727339
773604327898642163
1709457402184956235
-2768353194413546010
3666534560629944992
560916940753450353
-4155962563540852218
-2178000181713763127
1147367752597710167
-8145329764599693454
5440244496351408476
-8256579487079115005
4815936787295257944
7920995817285951839
4787604172433140503
-8242520089589290657
-7160999084970585062
9042518565881262240
3594252998551747119
8666693385944410080
3734328276061992804
5325098797969292339
-2956926301609788186
7471449890430527537
5095690720515953436
617647185139654374
4147415941123338202
-2043378347493663992
1156775582205766417
-6074652215994308347
-455118429748699413
-4197430962418589708
-262826836403609781
6846577262556912393
4567142988984715994
7967618546392024065
3215054616396599251
-2783513171078329382
5812860354991758870
447425572448103774
-8621582300350962205
-2697986292187422845
-2288966371096974586
7980498268614319395
-7120052965176180493
9186704191396773077
5339323164414437763
-8378297798826973002
2474843336636452775
2263890706783165995
5218991519125693116
4717843790440998399
-6926485943362933171
-6029698826094493723
-5399931038014011074
-7044011145756051069
-624833855302566500
7025311172341960208
-5325296772319463718
-6716307151574676397
7265069528589054240
-1918593621024900361
-7051620685955913052
5085099691617581357
-5367032505614214015
6877692107066055823
5776199747311814211
1502126229375729967
-5587506114221666399
1907364471806184713
7804401839858078435
1311353902381463785
1411890838733832576
-8430490220299515394
-587993620753447453
5453825166418853548
-6825390578505553796
9072202087814861321
-5833764397622307737
4359249878411209868
6339405594300991740
3622039542272374760
-3236625725948769503
4331727884350633010
-7020259890861903269
3803737687319968025
864288880049417161
6408924192246216196
8079291263758135873
8395899830048472681
8928998390067076005
7201007557486422620
9193023697840332932
-2553843589293946826
7752146240869724714
6628157017207084728
8734003225012924137
-8294068706804266251
1192270565063403535
-499276118441428320
5553409095178297397
7211135525922220731
-1370294677827980183
-1198453135723591966
-9011632802000116594
-1150994694977956111
733504026619608066
4904286212652660406
-7803029814718061834
2042727774585082470
1570721447885525970
-2442163480013950508
2381978133339790228
5526034556105322222
4204952986964783917
-4520587607404496834
-1177389587643325425
87492747488958033
-5275136493700094173
-1514395752804515076
-4142487479955267598
-2199267916381462274
-7318879558650756739
-5991455717687951302
2322543763416649634
-8691771606940192500
-4839807207647499331
-586296524150126364
-4023801248912955245
7512274456712412194
7823423377520174795
-3144923081623042722
-6128493150829178552
2731226563057419809
2390022525834123435
-6316140570161708928
3050447103682320805
-7232647003600285932
-1807941191064390630
2520476693811805034
5638902752637727381
8717900356015937666
8299818825611193389
-6445400886994464680
5562026192271067159
-6088897833159180126
3770543794420828701
-996255343817294576
7547282699490003069
1981946245763473424
-6553303038212007332
1400756444325423286
4707359703570784915
-105562959716862886
-627159101059612599
-2543770300625552567
-4468008036411571500
286650580801770728
4551864615467925970
4424912874854278559
3330558839669791924
332522670170404173
-983534394428746845
1307223774017902843
-8722460311181795714
-2382836407237137032
5980233248575551965
8307515473413668417
-7202747487514637061
-5392218571523900976
-6970605290846446808
-4525958694799243818
-5786918373210316586
-7779566274869826768
-7208235765566015734
6783554414355480566
-6279873368077687126
-4099003271575926566
-5103439540193361704
-4105450762247250576
221346768137637552
5751470864740668403
-4425642055724871053
-5176242365887080242
3509573727396444035
4527743475104460621
-6829850965732195321
-4173540733463552271
-1185578635422151528
4334241057676330854
1758330828118710155
-3584371613573650506
7173496435409005443
-8926573655382864157
4130868222475618151
-6708384485843903945
7526885859185828877
7927706615164461373
-355379693620115349
-1358250356780579613
-4244187021277801877
-5915916162688734955
8156689699529355695
-7826947624365792603
-7647191110266033213
-8340777294709048783
-3672735690910119232
-4435600683205334209
-2600521682743499082
-48032885947501239
9106383541293591201
-4848500146401382374
1346391714060957088
8601666341169363381
2653042687623155487
3544908661926852448
-5226957854716430751
-2521985564220907415
5852454354380660240
9103324462152338655
449692506033003110
-2111069181601570940
8094911328244518458
-4649410193821162084
-6280213366615262466
5448814327271743041
2239099082976466457
-6124530067842299948
-2569917506529756327
-4739595963478057036
5984184497526519424
-5524503584662992567
5818044667358922043
10294318396550523
5027469637271168037
6305473990263579834
2596464452524166663
7317395266565696190
4685508677201262187
-782328728778177016
8944974790466466839
-173190012899806302
-3518010308796225264
4872410981098336937
-1810283176193270234
8761552644821219676
-988841535455980751
5517893237623019436
-655791766521870441
3879528443680288122
5920187911069990524
2656097969598759913
-2393931736680998423
6877937337563885176
-2937471651190737003
1765285372043687174
6601412609659144543
5328040171714638720
-2294195560895915493
8661335826012106256
6575123987922302302
7182524404563369078
-1589751829651586473
771062356455791749
7005236354672745090
721982977884971607
8721855108794558444
6331878838706393291
-1391340501116808750
-1793378090325760076
-2731922902343206950
77325637197023286
7974294422080633737
7151724246003055527
2259446392304418835
-8265348824138003642
-2110786055315653280
-6905280709354213064
450776214951628477
-5382727972792950147
-3111633164823282300
-5322530637427679853
2819571743094510589
4404942983052062568
1271906936174696971
2321587925559409696
5944436902997415379
-7495442577723050835
3403667104094215162
941418206376159137
6673256193414007743
8460508208933615034
-4228702180275041246
5876873360237757549
5476996362873238406
-5392809612566581457
-8257028960518952121
-70126444584426808
-7937507075567064429
-3756223230986502437
8869789953914786634
3541032097099415951
-5748318763762205174
-2567597824898445028
6755271452270062816
-2126174321384044082
3293153396179797777
7336546779897245169
4404301336920442347
-2620695349612490053
-8866113697603713289
-6580408569965996764
4049831140462005372
5260015900454952141
3195975191526133716
-1204680567919716943
6475694046207212411
6589749887337494870
2811502177470473361
-4062645850594107550
-9015475101953118726
6817793877190021719
-6809617528937229172
-4826700758920833309
2416866569351946895
-713274065365628069
-1647955555628104748
8874697461017664009
-5468746060864280042
5603849140106019363
3093086810138713808
-2600234252089972752
-2161568975631422499
-8785740599038941428
8438240484228850891
-6384625646248754937
2752506922432649790
8790644861323504923
-3414973360658358149
-6177814839509531139
-3525609449022799829
-1325020301682271472
-1805511305394239332
117012507460897680
4672140727323352142
-1609788115353067186
29967874430825700
-1959708603107462218
8454092417644834702
-3441747763066262502
-1174097401225654816
1249107414047476834
-3550015834322522338
8720092336502837413
-8955402994906648841
5238187850511025154
4485349766675846119
-4439425486609577303
-2106512936661081406
-5633325045153621640
-6660088699102509972
4283379274938955559
-149547658654211454
-1074044812579692696
-8147160687222374354
3932520775513742209
-1685370161265121519
3188286624700809870
-3534220363831885250
-7083277158475524161
-8613749182010177162
264694796990398239
-4839106874577885715
6084786519241444496
-3019381520492118491
1724146778602696006
-2810065569449018342
-1301950251123000189
-3940607280886226556
-8655957355664752475
-1890354144783373324
7109349250557158432
-6799374805814406176
2521080292572688988
-3875411410281546341
-3888596088543489838
4536452485421814186
-5681694805692426231
-7259743049085866515
-7076375823007553628
5117565140748890761
-2801809678887464835
-411283974368820561
-1587897353776281716
2328850198311980369
-9037963572318690920
1318858092366907223
-6123056070426730330
-2543802227130418089
7943507667341168425
-7356581595114129339
-1683238798861225340
-2055544384180541277
8068282145154584854
-1551908700523102527
-7445933070006557065
-1117997335062226650
-8610510746819915163
8211296924156938230
8190272815089759714
-5757534385903407421
8857861940120956011
-6620077868130172293
8568550298404425265
-5771231443727379121
7145015033027784908
7241984860972358977
113902268690695251
-3592373273756326415
360945610949251704
-4802965611369073363
-328509178215775193
-6958298964959926903
-3744929192527682140
-4328062591488808678
-2624152392539019220
-737965982854766484
-320915796777495846
-1187396740534979094
6647808386696054394
4665987418340712708
4211764717389544946
6557968479283722548
-2320074802207962400
4053600354814122545
1776448574747905305
7724997498366114641
3686673951852552515
-2377948326152168828
-2988381287430630892
1018631184057360222
-4839408878232058434
3188034027053102123
-1653710002804522949
-6315985198180088461
-7866991460593891476
5273965751884370452
-7199180167738486453
2974320034804307342
7687280290086381211
4247446960612272896
3491408952562479122
-5417464442901994229
992680705223550772
-2523175537421414306
-8263572894102616215
-3943788939975759970
-4696732093863830893
-8736328974949547771
580542754429134397
7448831591479017151
2833103685725555277
8840780762523368417
-8253146407131718805
-4642232854932959118
-1019866895990195323
-6317114266847364439
7417982657465431974
-8538346727872594088
657793128558709262
2823944063063092047
-2423648061492661484
-4557281816764377649
-5448066598449723085
-3566264613591169454
1030488472412478788
7761302997429450660
-4018073020875360383
-8414528510244520955
-2534479527002014457
9166204414354330310
-8097256075050648051
2061977260745572871
-7670102292151772829
130811557250205770
6489652179497314304
7098027717936364497
-1786767753325772009
-2633039629498140949
-1130877989341002597
1277399232484867169
-7357228598267898653
6820277786738247650
7372386711987609015
5579657893646056457
8080021872345262145
9026685445847618876
2482859373788727020
7356659664901017106
-1457073235149074480
-4070029153317497019
8841455678837061014
-339598950578696362
9132261814995733182
-3756908222398724781
-4595251641822562086
-6833391560811742051
2613758138343525040
-5246869485344800292
-7712257565348918786
-3068566393103268140
5698094945683724057
5083127654891900508
8534713770670556289
1948818082637141957
396530617696216868
711882193495232116
6953156556059197974
-4244880016837373501
8667272315310856779
-1076268278520877198
-9210455877511447914
-1824520853601293116
-1820688376899918868
3431188192989846547
-2927475550809804425
1480360588003397931
7302054156852316257
5886554906966313376
8057947557201904554
5614642537852853230
1294550935451443460
-6365980254168754566
-8011065591527639
7913548728611978932
7104423307143260808
-8935406780368373626
-1698906699214687082
-7511752141369795249
-3332612351078278955
6480888418748014562
-7325692320565602593
-1082304678186028657
340655362951356025
-2797973923913546103
6695773425549534626
6399227494389821785
-6793238289415313045
-6581785101163227837
-4763717695558052332
7996647417299324804
-8538983400062290038
4660024054324946824
6244022946652484092
6425019444211982689
1122501651765347872
1036427388257284786
-1083145537807124516
2091856341761733098
1299925690026565661
-6997178993009323872
5696522028600966981
8156648006530682762
72568904580558491
8065164109292413288
-4706567972460478437
-3391299923312219041
5299073238418454549
189193092729856344
-1977030868962998298
-8661832930817614633
-5445993816668060268
5016777407348782
168834302234281583
-6096527295875325859
-749361561731341326
7289770042836537862
5047348286472403370
-5904929108163035687
3745658244916810627
8032603284921873414
-5910359049262909120
7405631213103241760
3330135517953988861
3674084225576928802
8972089331877021331
3195123043478109774
5668385098214764530
-2474785189947503780
-799948779317599965
-6242626515678373512
6258245132164107405
126519060460565881
-262472568496353687
-4752513489938459126
-898445817352505453
1546239655506478004
-613440130328621071
6286370765387306412
447968632498293006
-3678883101704480928
-2962721793158162073
5846116649972893629
7982790687626315619
-3219022957783181926
14494354715322116
4691598688742436342
5044252107640811673
-3030564533469556575
-1436566545127178163
8118134081079430973
-7437872783456686381
-1628348991181890901
-6303740478617954599
-9045639543138132825
4128967579955570457
-6584112052325415588
6575825331017095762
-4279123520047137267
-3643349412236993593
-8226364734395397110
9191319403218208269
-881539424302570264
6737000857576576653
6390434557819756031
7501500537427997770
-3142808579331893764
9032820840025013856
-1128218632267684397
-6849303892658383251
8471511717670320436
9149592398961715912
1027075689765419690
1646922772792892919
-5351280466754924157
-5431778852388216415
6548792931018713855
2207442897357587779
3636895642373066134
8070078238726885855
-6522369162871921719
-2668737447109487128
-3279741204206942771
-8310275232461269990
3432336775429056152
-7132729977515321938
8792776953599958016
3383162720324319001
-6771611854166798080
2795671558518035958
-1724152116794593982
568296131939906169
3610073164793050352
-8875059657836827598
-3557391662922250322
6138233438219209213
-2609831479878222891
6167126674351515792
-1665277426731567161
8987497312199317937
-8435922843500626726
-7293594708514145824
-6426075354148249063
-4196583827536750515
1116841481654442547
9099878562368834497
7040265246691325174
-6444085977460826140
1672868816376348985
8416870616887192020
-4426535060508076214
5861696432602950804
5052566800267836751
3936954088038579432
-9095931395703922116
-1312847200729579571
-5528093661593934448
5088932612954638135
-1710886607871328262
5973655505410563390
-2398800195769306447
3264385981926090353
4672693626145328764
8072641865119047841
-4832883977136294201
-3738008209782598344
6031712029769462467
3549547189477298105
1528396820635224851
2714839529987249636
8493851718784017057
-4871773046331782167
-1681772486676759765
2634890369344176181
-5915502756115410326
6359666703794779922
-831703277591103520
5636732264457676509
5644537269335257984
-3862300953809319994
-5631473856317979381
-2749709843844096470
3909690315952304965
7272456100688937659
-450317310894304172
-3367143395370525663
-2494745695031091382
6887380610320772956
1542152906154884606
1772554121072037721
8196809295809270396
943203752176872110
-2049270919585689356
8882725566224393361
-8013042885249809766
8028636244149166469
362064320376191246
-8224326433126453061
1474118272204485816
4624195919664897090
-2103604504900901233
-3387583152346791008
6649363078310077639
-5513415926386575639
1551823840719708205
4457193081688842412
8251519714245865702
-6227907312307075853
1429560408341505963
1892159874358034524
1080851235590233153
3928936210970859190
8732202597570436726
-93803930449975844
-621374441192468099
-6884615626829649963
-3408914375159326171
5305477950011588049
-6544889831474053029
-1447254331459725240
2217749910224571400
8559129107075982683
5327596246799256141
278589852847483917
8640835815863025653
4753852587772277391
-5627684460345141263
-5708800833283723136
1745542531400413813
4647064148450897187
-7388481460850178929
-8525210517721633064
6044125135770322104
6285210969298360824
-3563329833135278720
790207393432768303
3842942583591176041
5598652012761467167
7362348750358234374
-8891252360267768775
8759403730741059087
-8105191568537423908
-3304688728377763712
4263264336186399306
8345168452852871798
8696300070339919693
-3780919981512044581
8252121019919769469
50508050751152344
1569545733760437942
-5863733857562920688
-4019508937151244794
-2724886683166823916
3016126522501489092
8159589863544941637
-2452173492804143193
8072925424130546636
5533232513755177679
655753512915797267
1116297498371013743
-8187655660860291375
-5136301722742236677
-748627457498793593
2997997538045739032
6102884544320212756
-2260437249625358489
8051120771083579570
-1876472123537928382
8083992003215200461
-3905745946363487641
-652050137778187101
7438900327435737906
3596241705383537054
1643618384560428676
-502988689831799936
-1692447624323526431
7539975508961802268
5428899526605355012
647486471345227286
-7761066529471164541
578367911284240121
7450810118091212754
-3699891620182667214
581284724929625423
5305124922546282579
4005031830085864555
-1080106126970740875
-7615303824296681927
7103719300337489578
4636124482101782401
-8771231705278887573
1782185401215317645
7817156827560012761
-389393919020022669
5190989260158453418
7835738891211168852
3391950962054217545
6186866734302695664
960131474077491103
8527996840535491228
2209597142166848210
1516545215788466531
-5287745000751570168
7194487496947893408
1642587700047013043
-1650000687771403090
-8158011005022102831
5267566890232897460
-2060054111218835245
8733799177612794295
8929277932788276757
1901318133485247007
635146183418677354
3910853814827349496
-7828561691202514385
6286856052760373513
348722078968412845
-7201280182562600716
-6165266899136138662
-3497476625904099366
-2260927897730158498
1484798644708293551
-5656076625241394040
495971240477689098
5627667526230807643
-3436720192912590207
6831438457341476516
2893739921840537378
1056347585781375255
-3982370885593942727
4318454461977507097
6729998821652876419
-7024724299171368440
-3685038634836758523
-8728626891815841940
-3773976765823275007
-259501471595180884
2253771783065779388
2739467888460779733
-132764158415799
-4572058506151707480
-8029371901913167316
-6332408152716592401
-8460579383517095299
7297125614594727820
-7903656728837881447
7190268529435041071
8661943080036492166
5629663687741751848
5066079811510302275
829812787561142940
6787844937340804760
-7119617508594915024
-1537566105239634820
4119000422085122834
3278570924810183804
6898730777088311354
-2988889900882359966
-8753828873836029804
-7631885571008086112
-7855622550179921910
-7073864182509416741
4779199749614114018
-1436962963649476652
6281966283344973911
-2023557296818781814
-1289254130502404479
-6107607158779103849
-2556280451666297471
-2917071780787436816
-6314970159082514847
-7613682601798026535
-2988206995238564555
8457700768890091687
4575734161769161371
-917308630842868128
-2055383776126096933
-8831454477572791614
1147103726764510055
6817306405064069974
-5199670166682697245
-2588713117023453608
7476475290724853067
1325929603151326213
-8449990051340359046
-6955819499508201300
-4137900439173203616
7546820066830015261
-8162310187781078129
-2437251323487562905
6065981965079679123
-4822740968424965922
-2233404349143487405
1629436961406082990
-3546933532340044901
-7882871904205929271
-426146263770007599
4392336907160536422
3421793499765257235
5387235766898085073
-7573060547942943649
-4780462128843887302
3396419262564096772
-6374911394719880091
-2602834316987165786
-5060296534346738647
-8295118916035320821
1365925660768197751
-7250764392233837009
-2985232155545557944
4371688831493987126
2952046454478528443
-1553431527251424340
143302527866776067
5559421293063173638
-1057914551226535894
8669965897166536613
8256784483145576884
6232957022930449196
-4223228537675248060
-6746549174061995509
7241598242322726441
-5896997640560267499
7661798677919929878
-1052864335917988797
6534801930908041625
1476616024710056104
6130416873967328988
710569504823416742
-5928172707820686445
-4712476619973586896
8417561726851183213
-8951003047251979464
-1739209114018678964
4058207425067266361
-4012396071030779413
2219328573015724811
8874645387178438915
-4860776917814694646
298545918758004441
-6740801624945335507
4446649942139289128
6992397707540347080
4994794208790255026
-5743905001039971860
-6524983389646367523
-8529495805243020471
3063058464318940843
-1441034437356573884
4807377328096669994
5201871004911822286
-1902711892640346311
2601202905184947300
-5123461955518962557
-175446689127505127
4557513175730457068
8227448068827264274
1800509314373629935
6705865836125746342
7049146727332400498
-633444797005408137
1923859251749832591
5451518949424941698
6888521174313684357
-6767747160028961388
-8056706090456685298
4404112177252707881
-1645779897216011745
7281958352604654948
-3708177287368410314
-292236925512217267
9049874864981006771
5722025002697288239
-6560539123749442375
208618976957983103
8787014284139773807
-4598913444467304784
-1679610587473038196
-5265168415044841784
-4109826027606198696
1931646359561493993
2662116638071687027
-8985020134696578473
8526743865218946269
4894904765801617990
-7567975781060561114
3798794246928272379
6500183572579371282
-5581545716465304544
-864654949109162197
-2464783128770041280
-1404371465736299598
-2049512952622017547
-4437889291876578133
7840693731076370361
5446941373550092066
-6974951306275843268
-610509390275380592
-1427828651891068959
4947993545838820820
-7504877460389537750
7837266635920307552
1389179105930236528
973360640924506036
-341209694606043536
2072040000937811961
-7659159193329662240
5457358334524448653
3448175735748766071
-746029426912828752
364134474671450049
-9097914069899360094
-8531592029378684871
-641857174110445790
6100675383799567316
-3831806584490416406
6354983497187905586
1256681225736180931
7403848812115787542
1311529982577895119
-4901554772435076226
-7043367667865232711
200686169750585685
-6784572193858437682
-3420977821239244282
-7107954710882306420
267347664497017815
-1178101309811620861
5909782449733080213
2247522773744676369
5091605502943766922
503444858367280694
-4580662568791074087
6932935768961554470
-4823817116382644795
-8032440837755631578
-1569471486162241110
5100293990442275879
-4298768843508586243
3664538651002074269
2817658973132735044
-2382906565199635672
2002038290622819664
1661921840125569436
-274291036725385738
-3246849798257157908
4871692517010006063
3723770136318980286
6902580762004340928
891393577203952978
-8387683441323378269
-2592769451207358851
3482353561637395903
9112764398302920166
4847594228237269737
-1995860655335503214
-6064391887464636515
161990659428737014
-5779664676734279416
206501114340966604
-7914768731949623
-7595828294477087081
5640313605653106492
-3783588503015806988
8344118230431441542
269070663778431860
7360802799317453108
-1813470355881137952
-2849347295449578187
3932244303837685440
-2118647588725192422
6163497626384789323
5334537718616971382
6951973516857271450
7978592257139241567
-2048369293878592057
1794044571380586029
8829182954607251084
3767223342215184039
-7658934958753902495
5272280099015026378
7588241138607402072
4547689962403533841
-1509297005968988554
-6963150386145735752
9013930575526581960
-2413132830818447192
6387367325598986301
-3893876649426272595
-8057697959699330310
-7734105716503991714
-7824925783447851519
1726716228119811506
2336457286279877533
-2113233770531895979
-3764487284549198646
-5156810474847749751
4876806471529162768
-7207304152826175785
-6705267825901416782
2426228154386888210
-5820630647217444313
-2218866903859875424
4287981382499571574
-1173675885894759528
-7519373337231369296
-2891488395071965178
6503421646989853229
6375816315781974482
-5188327129362597901
-6381063164677967193
-8873211980034928901
-2979805220525369627
-9126297857963838240
9175883530462014287
-9178241310749396819
5164090176521099713
1381273484140309923
8578929226684237730
1499116720706961415
6526929735435166776
-631834103698152712
-6509621451712087891
-2827119588335541037
156109840085663421
-8219235946145828310
-3375491551061467861
8648524647324158265
3474940814035902198
1510061867418219262
-519368894258988042
-528082737873109986
-6456113029359463825
-8390346422036182528
-4407100208399370512
8539795324608891661
2370962489610971934
-3758102357784077559
-3117671967145576897
3338341886232531263
-4337683599822034288
-1321371205153627684
-7944393740740946876
8727554466391296205
6847097703786099158
-435240827372578218
-2570201334991592242
-6424649994018921621
-6858168808107620924
965792855309843124
-4164215061275256348
-158681226247987377
-5805822010336707232
153263791474408589
4541739643975814545
-3900275531185146848
8287843007946042139
-252501638095294825
241045709619705796
6895247547375027573
495843856400250621
6926623601806601376
-4823199769475543638
3444245629758754448
-6659925118070361480
568350899153704672
4678045459220821780
-453003840026336602
-6997136842328676948
-1489656874114248259
-5201466097828246337
7904151762455488146
-6264274088219917260
-3816223787385003122
6915771146068780101
-3934948365383128105
-5326429135475075647
-2666125831014961025
-682628722375331794
469869767200798248
3895776607208577084
-7675908594594559172
7267917136376202947
-1056080632821834964
4907767699324982809
2618801372803650746
-1762336121535992628
-2858808648441340413
-8774124210210206114
3784272886233154508
-9196329548460571320
-8747397171510390891
-5229024157416991990
8553088547746786230
1741985221353167640
-4449250671735210087
772500543342273400
2756140713224037717
-5048632996468572378
-2072186384220950358
-5662377232197256583
-5457815340396339004
4049513519601944530
6763189702372877431
5181589071358478279
7591694071176534827
-8004907705154880411
131220357002324861
5415968230006603895
4473575441736503833
8756242610824726877
4992792857950183465
7226819098654802943
-6546431279138798560
-1924197481484969328
-7220138017370141308
1564714809075106927
5989714025639210783
-8496485127639367170
5251449873128597832
5743147440270567772
-8701503220252347997
-3248694719419237419
-6887084886585858724
4700545736858897051
-8557735397243071259
3431089929024272860
7657144678790121900
1614099842242212051
-6162305074919456135
-4529849447302189415
-950702140353675897
-1208178493824679206
-3338543529542988275
-4988029627466602052
-5793476387806561133
5646500757526940644
-4116910877690643114
-8317243154471910425
112448826882496919
2619157607306719842
4551881003588215715
5584517180577327866
-2554900871299114242
3038130542433022168
6479837256764674020
5512722439557713581
2761905984508556901
722917878953253601
7756507353134458551
-2705315646267455782
4172459636790380086
5415314366141089567
-2077885812795270583
2252313486553411140
2422272956923738962
-5431084603802265041
-261530514973029262
8062885792541665791
-8789500858936530027
4771678314277338895
6565151826116772395
6759521151866536540
6516718682563605511
1989420597984998399
-1714009711603323826
5702528070089014215
7593321389746765809
-4545190514204714752
3947390756455624107
-950422434320647452
-5602308087243760997
4819283904253892640
9152517718254212803
4583068145585213141
1749574001436199610
-3381887495069899918
5355031018370220972
4538469073177617677
531872594278952182
-7254847980892504956
-2790797952609083055
-1236060758286460679
-2714951613428771390
1640799511426230919
-3773480742604987845
1914681820430461373
-1944949547299946907
5506605109495874737
1475708754922273420
9199148675950733858
4139009788182367655
-6138259654537007186
8767824012172392057
-4966849706613381876
-8872784357556665990
-1571543233111758697
-3938549097240001303
4992290477233525683
-3178559560537308271
-4345960566442776166
2106400402029139371
922957687425802035
6493803206487846297
530724697009926342
4661790053159155685
8090828729728448882
-2757178829895748556
-7621394975102383453
2598024597773675791
8701071261710882079
834283039338042103
-2167836235152427974
5179858196129542233
-1064620292783919637
-8455644737254421486
529251285026702090
2390828138602164223
4360943578339553979
4962067046375558574
7308523572225653776
3385135299380556973
4101697402930844807
1872431104999738319
-5947167166394950277
-8147005268584201014
-4355328240483187095
2542058976705454016
-2003615531521008921
1152186088616989784
1677512812305640364
8013316692619203515
4630884517450028062
-7418977425551783153
2999072807075583751
-6795758669515936933
-7977664338786037436
4536631174452410712
-4511222579663610369
-8025272968149182598
-5261228949602566176
5133671792620181585
625573371506687551
-7200719572011631653
4453021090740556358
-743765343885326665
-1486357940481077766
491835694732266490
-4557974946960018257
-6748383459389730737
-7752562419952852813
4706219479393660702
4869222163624950340
5164446904260466645
-5244861870535466772
8555189627174955957
3572043242759531783
-6310841282265799423
-8648083198831979341
-4432038430137833270
113340141107937778
1648784023559942196
-1172929912305543360
5826391272492962778
-4615433672605225242
2476953596731424498
2972911220658756850
-5013475396782939884
-5382140855511879592
5747916448045610241
-6440361613988954225
-2319654565336401327
5958009010801359866
7392246296606210045
7231535174577533786
1856687148417887892
-5205019990757293879
1490547201924148029
-8037272086264437236
1172983718120829939
-3531209819783910768
-8166078590545298415
4947050218035821555
-4311112189474385883
-1593439721705227533
-609757429974825366
-3465537329862652264
3085640831082704729
-2948812055554459369
723012332917689012
-6092164423131666215
-2224671485339184454
4938881265319632484
-2455763485118201672
-4924117318891324686
7444038797400683848
7995542316507223768
-8548545198712155705
4487244002576858349
-6567498074307637354
-8122790722151784560
-2722014032506103879
-2217864214238738741
-5480733293401322623
155536392121246789
-6511467411708414586
-5273727966722642782
1413610010339660480
5608947704139326701
2550921930906666735
7250282592713182795
-7636539029997520224
5122338273125374024
9077735231976099042
-6670237537841665897
3427281669368284074
-4255368771739285280
4106916429426827791
-3438474623163794329
-8962239772007061357
-4917264784183311983
-350455363872282899
7229759331525995050
3292540585601679630
59442585490213825
4857062782037557360
175017404578283284
3731214104667521285
-8687192243102569658
6089188268252478906
-591487485527839011
-2826895717433314021
4652358385511556513
1411788193822813124
-4962699096355205732
6277026588830926623
1484387254061186594
5559530121102033357
5742919785575706323
-1668760040505245870
4566351253668068717
5050770587720438594
6738613558823095643
3422558474808460476
-2755639946113660507
-2492848280976571774
2145106626033016756
6879888826069311042
-5861429257551808211
3837458437537027174
-6111425141116402376
-5566531773792400688
8033507201132585794
-7275888378208562382
3147819419010409429
8733305573411528810
9097171104030938255
719912109724741699
-1745880233263162479
7257201139040804423
-3909945284579312404
2130388880982289219
-7506290053560813911
6136736946575686363
2885757264931542830
1166558964099606096
-1445050491962810658
2175446229343962376
3978434704928414015
8853673912302284349
-8389723658881401937
6856222715748613163
-1177352858990147700
3665188507019412417
7348980675740512653
-9054633999130073563
5776886919523405609
-3536185119501889239
-1171683028422498871
-7492512164937071272
6566152082164265967
-1822149314068261835
621553975873946367
7700101059528198369
-58130860354038070
-1492408115078315579
9144609126433428689
2638329348232719433
8518836914260170555
-5492017660309975654
9028624363115178514
-7508346151840927411
-532461443104653025
37025879685611553
5460499504843219525
3076008701427096709
2736528338565217463
-7505973659726964336
-2475259246613107076
-8722750642628473893
-7910794220235158146
-745362973222647787
-3108137535996597178
-8698349649477410484
9122740925106136175
-2701055475753242088
8467039725648541002
-409353344982521718
7821161066953204730
4693051285536873266
5686527571167313890
1237714219024915007
-5228420868151319998
3504827328878371172
-1491559027208813521
-8678831141723537421
-1127227337847981633
5817391076867022218
6971992100845984197
4994534708933388785
6417827747730783793
4084328317417137164
-2484967020504492851
-960452225224197335
5217509555078141442
-5567175766680374181
-2331168793694270341
1729050199057314851
331716881783981805
-6713437563538588554
550618093940477680
8899683134104118656
5441222553299881711
-7084998705294414101
-721015271026730491
1165509372410267301
934998492544370597
-2735084120098158363
-5558228098952353304
125203696256090612
633007645874140611
-1413917254415710491
-8648371376149421036
2124871249342609055
-3709187993584344817
-2793743561021503157
-3892059993336283026
-9200391594592832136
-9202304320093194868
-5935700536054471865
-5329378018775719024
-4283708076504097873
-8284658756908110655
-2788671669572364758
3281146275087953835
142673235208323513
-7142474833073329546
-6451690951190208368
4069086713613606488
-783021776206029264
155613542976545550
1003412957284994577
6696653843073783330
-4065319098271656906
-5702041907205123931
-6596065442319158871
-7826831931008277768
-8108343338656800510
1990410535305005257
8538091056363685124
-304146827575227752
4937080563610341203
2335597180904834959
3340371376747128612
-9094207142473702991
6955564559336404320
4285523639065518405
4038126474804660699
-304907686713890346
-2738269759457085691
3983191993714699039
-7086457399947626630
-2758819949654246511
-8269410449516726936
1793615798345281375
1957187747589090767
1431776853454177824
6984985307617650786
-4321142031752480473
1539144037631994976
-5499367329472282556
8047628682573458540
6603919633262667613
6098609632436513165
-256166517401244469
8340686192587668419
1343182296906329835
-5380328092389281093
-4756694748949561263
-3043736029678183260
-734790257247913734
-5161790342503764132
8111018560828636797
-5859050256153147051
3443528994822954345
-528145275510498667
-6970966490266314553
3284357047912870893
-5985336177597834378
6524085118051270550
-5628642077190584960
-7029449514470269935
5297380703647013192
-6450001098027458593
-5123927061411616842
-1042909134294953438
-1045460353721781255
-169738488204945528
-2996613233562159085
1918068241497042671
-4623681013316277156
-1882273134724431805
-4741436397931690642
-5882266500761637233
5711268007668183244
-850039711535682098
-4154552367526484519
-5153624832581555076
2415906416851631129
-5318398813943552248
-8894253371899561258
965466068414297424
5278655463800240921
2958913392752110174
2646934418433477333
-3901109916760103985
5404390665793996183
-8683115480929273999
-9013543790375925080
-1127775222800888284
-3819511030793915926
-8408997913800496545
-5082447835132572313
-4188304742298909620
-4473708112637014915
2211572479943482120
5328195731177622218
-8529175784985118957
8392826141311790679
-4971941867496816966
-4977210721921705367
3814565030261386139
-8460362844682104585
4555421482307363514
-4912797804210796466
-2556666942652604495
-321333784708518522
5737974993845822841
-8077749382258913672
5929692229374756286
-8519762648781526281
-8564759543008073248
5573201568180294689
4194079492237990079
3872738009379123248
-7119860130105598388
2794126256972403016
6579649340355286609
-6804182386418649562
5632781304704089933
8157595094021137929
6295149656083513955
3908991055777097851
8426550867923140669
8432342341249450396
6367396332146843517
3082347589037860686
-3145112435842023074
-8670555393085209603
-6524148337032537621
4886924735962860062
-1625785184833105749
-199730350791007181
-5504333793772081461
-9007172215954034188
5707002512673020557
-4560735488247198907
-5660078595633063578
-1298617380305757162
888490012318700779
8193888090056133778
-7579427438440880147
-8770586471515776496
-7123868819554438247
-3856596115660895867
-5796538456480513107
4852910681193076043
-4988558274408241101
-4303972963056845489
-8839195356847007429
-8110841185819988927
2559699374918317272
-8811268673580690199
-6863365182671965272
1735845269547001220
7605485025070025033
4238232172915683935
-218664110240957130
-110807966536746729
4825568857893451192
4267469094870992243
-1113390336605218520
-1090869008839963700
964490903774289397
1536631051415184823
-7946745020660909803
98443563765145827
7634549842188007572
-2986374865130641343
-6846581972556426984
2352918108363946545
-2617010313458520304
3790667096724991187
5733639394356469715
4837487651615933304
-6358998640011140685
-2650812343165273641
8940309841401777384
-3811508212539107385
-1045984538671093955
-7459805283956784317
-5304168207589298306
5591031182486708939
6031187338358559826
6724595445253390823
-8598135358473490362
-6796481573254292138
7509551309591205796
-8861036722504611638
7542244215671928250
-1255212171919110268
-7153059155266731641
6262351590405920387
4126266746718295657
-5983822673907336758
8454655690703196274
3969558630803008301
-5734724525355194037
-7584465891270506766
-4084713500780145400
5531008317369020029
8941357262425602137
-2119897590179840688
4677974208071248342
7978892460350466079
6038056585613729700
6258126411703167473
-7922425780723133972
-2838682777465818136
-6447905712467637049
-804691447896779793
-8009693077908648887
6034660797743089428
-8091993811470198361
-3614578993245101200
-1710868297970518140
-4614487088535180404
4870320974456607719
-5820228317546978210
-2511337374298543921
4469698387160075665
-3729280309977162578
-887426416625704984
3604678822617149997
8506671653478724845
8330766320317759029
6759237925591826735
7684308311867996127
-5962794346575250540
-5598139273462804536
-8707276873392760672
-1600374370066262692
7384360758529442567
-6648461089743631666
5831345367327758225
4596883469840284712
-8184030128719023473
4471165756917043062
5488360758125247017
-8737260058805707523
3793174180571410685
4354111332642284320
6799695495264596041
983971192521899799
1693027481730730019
7328603984672560070
6934258915657671966
-3316331981410300295
-1558765496673304788
5668361139794785885
5099518320818290668
-5479442920618793994
7507629756755410016
6360492998723526843
-3091618546926222283
-4865089925508148272
7713204314738388769
-7592367790972373654
4759137515012889290
-6148030315077078298
-1753621381876898272
5459254155984572227
-3938618251896186611
-973446694996894563
-568685987371766039
-7866494606596606827
-6598354133715810613
-4501022550460432628
-6785300864466531175
7863939022496161566
-4835852249312963508
814927762671341053
1512789906615780684
-5416050851719045912
-3302186775826122460
8076731282371374884
8351770067597058865
3892049012009652028
-8147957448501533692
6147638084680712470
-8126901613092578403
8044632053048015930
4456945546370073834
5849975780125450600
-4784302011934101545
2415645617935815349
-6288058137678487232
-705383748958542085
-5337114273660035320
491004584355378616
-566957947958921365
-1384468736872551175
-1595197797603064124
-7165252891963354750
6096611453149149137
-2769167113959999098
-975880144135001210
-1587019013811905612
-6645639565412391388
3044793944229321446
-5514866312237712495
-831539577446720527
481024128372664090
385915966087245932
6615583985124918323
-7927722663843435023
5593862119624651661
5017796950560820096
1549813009595452147
-6623330673910091269
-8895473783541973064
3433747640549297788
-2178980189957183526
4277951318474807532
7387221109160223490
-8672269882531067773
-1690749602230300822
-7239148899781500132
7384799486394332332
5233102872429015401
-3224881184638938946
3686411275344288582
974745169286972686
-8071489500226736463
-5537543732939237728
1303801749325250110
7389440589073012695
6219820047381452693
1986146331367227643
-6642701309424958062
7230311327761691129
257413333764131115
4814804628759888217
4646535805254806135
6776225668084874280
6221801677006053477
-7859616688251496227
-7703455860712453687
5680679509976935532
6296068388291479361
-4235205786198731677
1329590296927344563
-7549476418703461390
-1377528368109375838
6471995242893630247
-6994988556131628970
-5584015192979099472
5727830689407622464
668500416640962752
1585134755661930944
-5441664688427420821
3415295529636848491
7853542962888082995
-33580992692318445
-8026040379977415856
-423092110132945419
5052353685140045937
-529471599199865802
4830482409474080717
-6047374905874287475
-3008145218979095077
1427489356385851510
8155778401137311378
-8190876327345892711
8404026386092776382
3417085777069117110
-4760423316398757155
2586841494988856885
-757910073804771554
-2727432076752029122
-6838380498020041037
-6529200418455248627
-188863325105148791
-3388693446090192873
7705631145992033451
6492099767684755156
1458422579234181253
6697711813673580268
-6192361024959423357
-1678915743232675919
-5680440565090190306
-2014136309437442195
5919100128767321944
1819584770561179802
6182853043305952000
-9191746144659251770
-5013597417660172628
4915299827925559291
2765681347129964193
-1375449116961308802
8315894266693680732
-7752155100328132411
4342724262492359485
3347196998640375314
703762210433740223
4755217984382020310
5095741420142341035
-8747036216670941211
8974327998418016785
3908647694785641504
7633162568958063607
-2566222333646831850
-1660619779267098756
1505043793072415978
3182792419311086293
2427003034117884304
-7106422426183182267
-7115540778734948011
2966684166875517365
-445502466219094461
-2239096223033909566
-5174464471781125129
-4316011651988898618
838859067732194839
-3992380565863986615
-1247400039708152038
3809986151183683606
-7376514819047030424
4709425084958738911
6989332204307366767
4172840183831687055
-2460412984097655857
4166408947261875266
-5515491624965969888
-9103719599129571496
3493809306590488503
-4626949796549666019
-7854196266144924018
8591207166193248041
-4170157765223183100
7864849209608579674
-9076185946509469862
-1397572000152111485
8453797869242993072
-7064846722259971469
-4843103118394152491
-1507957310707168712
-6164503499452840467
-1098466871848808227
-7705731282363835718
-4779635128790574603
6433585615990301451
5251988842426591892
-631896971697688790
-7295463872421590302
-4482654233833143280
3277953077957535376
-5020710379916896642
6472891875452315682
501966468259451688
6815982337348964896
-6156393878079394395
-331471624713874755
1003422056655851231
2963699556490430567
2424518329701623544
193555761497272137
-6932886756189545646
-6799273766197549263
1990985704746159572
5182244711728297587
-4517311619683413500
1832764768847660436
1164410942129571753
-718473529468501204
8659159820637436471
-5061660730164311485
5317226023682285624
-5083317871691764104
4125827982664331199
6166586982688679954
-3049464714929854822
-8751506954580595458
-4953304678179748791
-6552024347799311098
6885712507891797615
6527522030008576181
-8742413500163492408
7381050238448542154
730661963456088953
5641206465209336113
266026545987382184
2075944030340265737
-5536785161777337769
-2416813693599832953
8180258936977810865
8398534889847155015
6885860673733154326
-7452401448197099821
-1292019746287269100
2389594161272099132
-5045645644370805241
5050258182266747953
-9047103098303300805
5675225042254526199
-38061873612322738
-8808350177078041311
-8166683009390433523
-2138188543140033523
8481733209543241866
7510629415038556732
6719314446326801529
8866060791308487521
3860390105810448865
243595671978569487
2518927725993383563
-7149293097324491718
6303350608528821777
7007185070040784339
3169232489899484113
-4355912757390568037
2361497146521164142
-8973918715186361830
7346778516608734575
5068232257549368508
6037756983996905311
-6280182001141519410
7820218283196765211
-3789071040378200123
-217417198890448484
4161552068778128138
-4857839195221819755
-6339531052614332355
-6072252765874194344
-1841443095563424095
4191622711080941532
-5818071513281634625
-5802509751607166144
-1352233390801520111
4235929850805572155
-5986526769880440118
5239613061294418904
4107216637333143435
4895663660359788448
-4630877895796502461
-8878316823235001574
4056432449901531680
2854882774623784999
-2572472942629819436
-3191315138683012031
-344864148565433961
6968327822463026877
-5139711927511360941
-7919808829775742951
-3108783215742895445
-1595985099060635775
3770271019047116114
-6421199205270322278
8136911753055943162
-1728903743645257754
7627439861798615825
7194394475157569120
-5513486334129823432
5173417941794935163
-3949138865742947102
-5517112473363794501
-418631165408080850
-381749691949606323
-2304910441942391464
6580137342525900423
6385490809621180379
-4377226924004907418
-4292071906885780310
5451805166931758179
-5477745754769548347
712437678477438848
8907787536100256055
8659232842106103113
9086132397118936772
3377551529157151684
5177926407148044028
-6707117102764403604
-1945626424256465750
-8128422941730456522
8694451678654089661
-7568329223024348622
-1529265505821519212
-3024699221914124043
-1206020173489719282
197750481270184946
-5048100708973763634
-9003588579452388291
7049602107245463633
-5960785149554695389
3887897587966082756
-4670783094061431718
-6739543170456004800
-6078928209996638308
-8925033262335603060
3360377125915823608
4401322146309150032
7604122661936074578
5558536905815753006
-8944783610304507389
6075654382257371132
793779932945647557
3659440338810649967
-3119116585768096797
510426895421332459
2036538822800385487
-339653920422317724
-9090909063507487772
2620254737781563582
9028333341889416885
3289274255501164018
-1150990448893021841
45088068626100156
4344840005601111267
6707648545068164686
-7743365535326402379
-3996284065496983942
8982687652207003526
-2064419653176380543
6986580533253188825
3595228829139614022
-7994269857506664927
6873141886701006978
1523455897437172145
9121225369419840012
-4636763985865306498
-5064157070723914435
2772739044373938162
-926166146846628163
-6850883151065053172
1637462169815962616
-7513768445317260508
4207386976044108266
-5062406748750968673
2208982817320696171
-6879694307944029969
5397173748393501581
-1932066081830421774
-8501016921886969459
-4879413454877531756
7649315788184985317
509329796838221803
4563548792674561149
-2518502955520632110
-113145855050618249
2903450887968268572
-8345701513933926269
-1642430676912980026
-6031853182342233713
-8878105715369404414
7021852344967157713
-6860836991016140348
4138830845248787335
1850004670359140974
-4971551531080580588
6856895471945899572
5821531117195135100
2611258970941151934
3627064834427706037
-4884362107180576508
7913757564392483162
2690866950327000023
-2524735224720518923
-1367345769000142306
8477493710000423524
-2306712903209039788
8404351210242614075
9048689475831575675
7909656813227222481
-3172582169424871252
7955409876108275803
-7508690295110338203
-4623059220753624362
3876902775881288121
-988383114657954202
-6114592812263667226
378916054770642958
4748293505699865504
2874154658091243080
-7792081395583362059
6985931708673373685
3189331417654226102
6161024730003129706
775336749828234861
-2037417562220813007
383893058151004011
-1517447073018347548
-2697535004384487360
7433717210097366549
-1547806629964624714
-1766117034640027786
7037723866293245615
-8179526598186602714
-4700707368655498996
2607884819955809530
7969172457397514364
2119626959291466220
7369836629660262242
-598072609484935051
7071196262637027159
1924012769064190677
-6856032012452876519
-8268827614894849326
-5851729610009300784
-8390945355178709156
6273188044528060422
-2978382252104535536
7117144886051106960
-6225501973928654832
8824579739444623409
6367739017852757138
4041887828065863393
-2477287796742168868
5174117924980395374
4587901850130846336
-3332992125963362115
4215233247211574917
-898647510840130563
-1838345745059779436
-4356548043687728796
3563862410143326778
-6820421840195676506
-8743089468346089595
-5249539645492491450
-7264202398159143626
7148887761260401218
868096038873835498
7243669977488090220
-598409684495019060
6196820768988908820
-4519407538259569298
-6629709664451252825
-4412244346417314456
3056401633985236308
-5517400326444644469
-5745205579191674915
-1719044420087616724
-7162333408677146062
-8101986743545929096
9035577857677088539
630878483591553145
-2958478707505740185
6586638764753907880
-3117333498613666291
-2559981760177600413
-8025034465144184618
8758006958114561560
-5611356468921971152
-4223959319291119292
6959126538627514327
-6195195252565402574
4274852416705224727
4179973734831610365
-8525153919736164389
-6799019546146261907
8188098444568487237
3649592448988060183
7084493337594575340
4981907790826529021
-4863471791763203969
-631344360939748702
-8791884845425788804
2007818804286183787
3271436080789711811
3230428375198329283
-8485490380261103351
-3605621492991519905
-5342383743270063167
6815066778424910119
55496683907601627
5940970029922860849
2490950769331490490
68518448510716032
1986581227190516794
-2658347173884779400
277950836181251691
-1969932070057565232
-7624202275836297790
-5420142537740788422
-5112250805641291063
3226297937075087735
3803875302624613117
-7056177876420744992
8709792770458585801
3634366427190532203
-995948538208960358
5210142636260054985
7837147995785691644
-3461044246111461612
-968134738830907415
-4770000782837972497
-1868683246190603067
-4939238739891781180
47250885172809224
-1316762443796389918
8768763720217032739
5155557316579528015
5224480429612607435
-2142729265051310558
5362672942525455609
5633789985986101819
5279320680468149194
1068920528464405313
-3065885870636783068
-7669611801827661847
5149750754498032837
-7186044984887770571
4512755655902227788
7352258798520210043
6084744472304500501
-5675195015474485754
-3593209494635505672
-2171316527998573188
-2488459757063229048
4660657155258501221
-2821844523737845871
7217286858050507892
7050175615363065761
-6598745615885238738
7797141685809598939
2091273922169907266
-5957573463223903751
-3522276668696168990
-3816211383546215744
-8638738782516258072
-8673048004697553781
-2103280755423498805
-3890117518667586603
-6849553364948296438
2630233537464845261
-5482951395241338448
5892612532567637171
1653550433332977324
-4981132664812863000
-6495236987128571411
-1955147070199279501
5133371891656524428
-1628866721588863989
8526126369473919614
-4415400177552275183
6620507306771657392
-3242127259236035923
-3319417837238211247
2894113504243576070
-8895313493402758750
1015992658946797698
-1158406134221715764
5397222906664215200
-7038411707557381273
619170029286944860
-8441017473904750006
-107036757624033783
6492184197037556049
-116517214936114584
-6215832367298159666
7798565725153177598
6624148762675825347
-6956795736654781024
452072625633818306
3788683953077019997
2153583735110183965
671107326626601994
-9199553249033691848
-9116020370168751529
7228868141448604662
4596623841976859829
-6403208368610602704
-7866446472096987248
-6025426771659984653
3790049095909854238
5662193151484911609
3369363628778562445
6249672815772624097
-3987040891838242594
7496762775225160026
-6128966043528919890
-3920901851141027489
890022282464791979
8841909197490228598
4257677483263890362
4211384286615097110
2980453725302700087
-3950308398816369472
-6411967652676724062
2697633218850275546
5698831627885524324
-599388022147862161
334387295179284631
6298149916829875394
-6148834774202731460
504220006848949365
5726539213270287969
-6579163144313838181
-3977559738478180804
7906237893318404592
-3411652502599872054
5887349857526933351
4930872775227954567
1188237209873717798
-5308552492574068439
-869410599304247116
-7790035643039904052
8308855978059811955
7932667697652726373
-89098967395413687
-8711327255948753157
4371680661579821
796848126330091895
1312785957384200850
3660445261366285645
-4366551849092198501
-4457023042705741892
-1323872305203325016
5025570940204405530
-5841389534864023972
-6891169020204638999
-5205812896658315787
-398144827514071350
-8970538003668561035
8237628620331738579
-2551720656059676673
5895053225752642239
9030807845948002169
4326355283250367355
8662684166187192368
480093518145595761
-5015138062796696202
-5243974937451721203
2987440759458683628
-7493303022129329355
-5203681028756782200
4237199693506320253
-4257968579304712819
-6700811157625770190
-6754760314353690766
5118119222812360818
9042751406959445688
3803319803158415296
-2375141773107508357
-3086138009594670272
-3048845113507349516
4974139020054893653
9033923678962645724
2255661383315078935
-3516779619349464586
1722652974192606943
1761490312686389074
2333122397605968795
-6496285504546270078
-3882526270923372788
4244898585022264358
3140516047358746926
902944464040749903
-3007905613841641082
-8705511498840249200
7129086269818989078
-2771409349972228166
-6863133483749750347
8950821323612084366
4760561744465956820
-4689781412390709056
3865735592701613535
514866250676733302
-4782514475042116015
-2859763350709970176
-9083494403848031722
1739299237293845650
-5432528061206239279
-2207525181193545081
4597343343010519813
-6021485064862868421
155677707433889399
938058435379133151
-304537138160334559
-8334515786248974553
-1803459710259031094
-9028672391057415616
3962027591123508426
-2805168922118080202
2425819578744909838
3665253812305642991
8598535579139569781
8331449324549897855
-9031348726511430384
-7146241618790410276
8612146423852627467
-6458005568691168584
1454774222977139144
-8070100687378207627
583308217575489910
1795786260977879082
-4681715299312278273
-5445378385362169694
-332182649275839028
7743524273519583837
3746250391664444849
5908704054149852654
508361903114192011
1017923720379770511
-8871495206475631750
-5614221158205493476
-4737156742413512377
1339638051979404940
-5552781470155239162
1992108489330613067
6927377083842962811
-5398437809886281910
7880543140606355763
8267498347104923545
4155422313095551530
-7899433020538699080
8852357527338391880
-3795069940749982533
4316511010919899082
7286039888740188497
-8713642279178104012
-5714196756237762757
-7152714070783622020
-3439173593902693708
-6185003897495365683
1378149195731821320
1384522800634309423
3618956584238670437
9005340469420502267
8123772828583616794
8187802739213783369
-7596894849061743257
6314582379873929608
2676816810780586606
-4652587655542205952
-8185864665815312719
-4313812431501431880
-759338038927832683
-2284272013263277285
2471807436904912685
-3622406153676229682
1194770893883103901
1669272807595558952
-5250703146379295416
1733901185091883202
-4074190474293965581
8698539566746601375
-2016945481441981105
-7652930935140052502
746426757953218429
604430936703206594
3703729062327232191
3980103004092812904
7158262525853513049
3672630001912637772
7548816441530483758
-5714355609495156149
-1011215150255788986
-6760824736073926332
-8559171132984465247
2805082387623180717
2899674029149644418
366642805818162701
5752918106362639993
2203244932760378978
1217557421914633132
-1040968488426063141
-1328203029679797187
-7658315435788831044
-5811844705085601371
73479104083353506
6446737087632103006
4649297585073813408
-6272297252382177844
-1204284860538769386
-4378231567106383618
9138903694808490151
-5068407703891407673
-2772444405770512035
-5015212482552845317
-7606515100228964561
-2126910892562927236
7651917875201041165
4228687216436419671
291349492551882519
-1479679706731514752
-1357554311682648782
8996492591010226645
6545403884304603806
-9088807639432713252
3659570631600276359
-1340124093754968482
8566206626245150216
-4511650210375491031
-1009011660102317918
-8519430082438539157
1323098438403153928
5237197981182425511
9044516159693497651
-66727332741964462
-4981364875698418142
-7454386747067921266
-8864332442228891019
8450606007450789215
4949957536675092291
-410673932745437632
7845852339766012309
-4165196087361342354
-7965880723876565364
-8353851810500631688
-2378134377755324944
-5617659327445977841
482858802002285527
2577402247546212851
5747488086241270121
7254640371093158969
-3785339712504727972
121910498849150847
-8073147478008806552
-7597349172290746622
-3281470953841023014
-7821499331077076937
-169720142936106832
-7543292269717624384
-1589721782566939350
-8940278157619080343
3202796970898797512
-5832026006327146655
1384859966285285435
7774482384658300266
-4336867056932579635
-957239783035975151
3475290761769469622
-2521875984489328504
-5570645908059261326
-3939818106572327020
2986696336116752281
-6436744839122266118
7860842452538552472
73078716770793138
1238636982552840150
1770734100530287567
-7963474615288162780
6960390874271522422
8185977501550708241
-8480239670003733311
1393601027934973215
-8531956371792308379
-4641501195652930796
4767537070275722437
-3815334519960430869
8632586234782271188
5116835603534900808
3880492849913545046
204478367315008481
-2783794725377633966
939727820793516441
-8580659717744466802
824845235704152663
7574409395644639241
-2690432525344921257
9130514200277215519
2101594375282405183
2125633308401624876
720697798414985106
997752124440502862
-6569068235622814405
-3759478892510875159
4895738433690298478
-7988300796426314394
-2723457630776518395
-8139624171318973565
2672186790729213398
3268621170955486871
6503984809287647773
-343728466123119333
-8802172720319150276
8840945585215337314
265670377552702857
3500285581565986392
4503212503804638421
-7909398219025312995
-6965799731818144081
-8383277687954621617
-7580880204561681315
-7980458874361043443
6459956692079016719
-9005355256066393434
-1654424585185256521
467106191697745159
-2882954512185495994
-83464760425402495
-7389261401643549645
-306325488943922496
6317785053892801642
-1627728570131847132
-6492121810861655387
4842188766789823451
3648737977764447254
-8392175974579467262
6046954782428749619
-3422562795281501571
-280153963802641564
9136339453896838977
8685437856865748366
9141493054449189757
2358160048611230333
-6820247288831354432
-6494186836736732170
-8238361969682349098
5504895872355400037
-7817246562499628963
-2998922652682155012
-2893917284736585264
7462381786907942041
2076927098705631684
4119816081748300893
-1519465477097307501
3816536030409490776
-8799509908687774025
-1265511503111730567
-1456868500478848587
-4498482045384700602
6200222851038582493
1671669517685415161
4215353309623845000
-4928810204735165460
-9073101202309225739
3317806498061752898
-2666222662399621990
-11825487665775562
4508900599762821773
6786409841565350619
3380093343481712163
6573849869114309245
-2574516870606350422
-7715830973213596307
877615675141524200
1641834763308290973
4245121251280866440
1304362609242110949
-7547247834026659567
6902447308924563908
2266909336296888970
2214939174734189042
-182857443288371221
4615991587905224912
-8940302062951925822
1649956654015584959
-1191054469932043396
932507823303397690
3089478268240037709
6768125304351269390
-6696965527971248597
1381413039357930891
-438893407422302582
4814278238651754736
3343300140121741011
6328217020503732811
7398246081775298201
7229292442396413729
3340661322889187023
5798282767627312028
-6722528661066367539
-3145845123353654843
2029420508742429190
8236805009464384689
4226526118913716182
7589286211320489800
736620611021632173
7731433410715927363
8584077862816016717
-620830943714584613
8474276587395402558
-4501395347320474871
-2833275083014442532
4453763647658819324
-3609539243107952313
5224802681614581413
3248969112889561649
1107564780912393608
-8845491245819003501
-118959105954613461
5740119814327494728
-2635831726362916805
5157199452826096319
3681095185875808915
7822156503644572193
6148253142261743311
-5528485224501375271
-4526594977319338374
-1485953939103665974
-6058255381570717640
-4349763243920894235
-5049485393329151128
4113085468558649817
125667670900571794
9048335269525877362
-6694178028695120487
5284875004684898301
-1260170338540079691
6029910519637919517
-4847631832455819445
7846211913088663391
-8801053142352876981
1620373220106642517
-3212226299027956427
6587194175513342488
8950984850655305561
-2921920281509553897
-412308020337643274
-3495419435633635776
2272858387632261200
5651419412940351993
4771219358939523965
-2925996773058745979
1114162020059891736
-8020185877750827859
7011692656792564940
7783850183118238830
6045382106969952290
2989124039553968528
7413376386983361852
-211401456798547461
-5148974617744335880
3170239633985427264
-8329421432244797968
6713997025156986074
6069336909571863725
-6727447735657007462
3541167198036845427
4458227758540702226
-5178663680264563019
2445722762014799788
1976104437464481346
4740875240184856042
8642882252524578308
-8002616254149894423
-1711440259361688460
8733487284523831464
-4714196579941543747
-1340660246346707208
-5925281314996371181
674999637158785622
6654538067964594884
214646015486103815
1362773935654043270
-5934521358622081042
1724066026099200494
781686650533104728
4934946926887871894
3450145225920380465
-3787513628578742909
-937219644262032703
5726911331196363238
1550075821670607201
-1998138796361302028
3780943378608702957
-928434553656253220
-1941970388723557869
5067430838573727090
144340216231235666
-2084840014639752433
-2337657441870345739
-7785829039735026215
-827408701390196288
-2089337407483838838
9058958985887208545
7671170106682129398
1321362926468422390
4816405453979641994
-4595779621004024479
-4774332601537754422
2718862816064186692
-6621970766238459561
-821738238965174041
308044573273765518
-4121333197353833198
6687660446143504257
-940188865368801407
8431959271741285787
4620652358659926981
-178838359150028375
-5836865113196210894
2284472734670007293
6884989536291133056
7253461041185977300
-8082275184673317042
2436732351030605491
3647039069168224364
5038435783231412146
7053253070889239586
7893483203803382553
8773180324546539543
1686972299419553218
2016594003401511101
-711237687080083645
4187265650775743026
-5003915976481179645
5365238575326398244
-7422890105260262447
-441136403248871034
5138474524426222548
1949812036264590284
1394300253515072075
7443851090922389926
-754199695503844612
-8329889624605805817
-4403910535925037026
8801551839502261092
5844949493121866345
-5606204792991485057
-2088242467643695215
8706742007190726630
-663485971405633407
7592908219675830435
1118662500008286657
5127780359089760820
3771096327147702380
6587968831368930579
382907209387970553
-1351989919883348109
-2086331624049292460
-1841837665961405186
4653535766805315334
82116090828301558
-6697596284529786592
654587803831674453
-400249348762534647
-3017053431999975135
-7866432876559762871
5584921401110873194
3804915713613891865
247960287128555109
-6858882622425244405
-2081240301967509917
664588621458588172
-1214658391580484890
3656589410413523784
-1355237919215126618
7660879810523310474
7243188741177115253
2702807183328129775
-8420040846379409412
-7626994758616171138
-4347804234795319801
-8711093223323032029
-960915800230566320
-350491091735686457
-1487599525428221589
4903518578962619426
5452985544788929659
8242063357526909124
-2722566608192110707
1155263274978367599
4033829255313420405
3342806555284822008
6712505877853055930
4469663042139263576
-7006344477132428420
-991674838448227294
4342104394097874629
-5010570517879378574
3961719303724050235
-3369865615612861911
-4270110937585131145
-662195324720474406
6158346821328184493
-6574083806287065490
2981460096056106528
4765279323179186918
887193143521842348
7234027792772238163
-801141817826941147
1188732091902165381
-2470200460303559116
-7834319282801879732
3062242945903308194
8063789432168378744
7825583031230784235
8797157068027557014
-7067986987777599305
-6939764621985383817
-8017920025475340453
-2080842646740967521
7876330840738998096
-8143240784110229871
-5238614663640642598
5929688951041065610
1091896820037147685
-3200262685581830434
7466837973934232277
1123911092716882015
-1349776693504313290
5300998516690497889
-6383705971430900332
6406235686251933596
-7808811948708501915
2477573834517577590
223056016589810297
8159797635467172008
6216494167866786315
8557038064809256108
-3949613209969717190
-7033202066593791928
-5915507244773667072
4261909241267766419
-8864288329311943615
391276386573360722
2558007058488666006
-261129528170777873
-6991141953446917125
-7573575214544481659
8160432423982474786
8494856751324385056
3539651250763210726
30612952337440620
-930996149893881724
5133539018544751052
1473398122705089696
3782286219534834994
221603707604503996
4198604645057997416
-8885249834146669846
4149821793303966990
-7559374147999525299
2960753308160791740
1354057598492571619
2744685800280577689
-1227716216966725060
7251678387501651230
1184241550417867891
9176687915781813492
1597164865248131843
-3555601090009211962
-2943727195579867901
7649651179665753596
-5822912032940812431
-1291441080467362035
603703036775022229
8368200239130865073
-7656351730928956587
-1611708283880632965
2454588187283429914
8014337422393216977
-4138358137623237048
-9089121653302946802
-8827183116248686493
-4723580871071684278
1372148897417757877
-6194530760041049111
5617478034888472469
5085804954433958874
5178362470921984460
5840892996312889222
-4720963157106390928
3432182140679998133
4720130768315264355
-4422810346997910065
-84908083008540108
-1689555499319059883
-3292393249019254696
9028579652150692716
-6774042128745227722
-6098805042827353309
-4334463714936125115
-6333314709579181350
-5512003896926987899
7393361367920895686
-1321219320014818489
-9179729682360442452
2658765828858086353
231019253130420424
-3032978296444922061
5022119831747393577
-7087167685482363172
-3107616022652164451
8016868501775303369
6198379437316415178
-1313612551556760136
8148932065240329820
543457304853563145
-1310012272754786987
2556901894789319466
8928422787800147960
2497172372768192954
3380981398570104590
-1120495132057500596
-3164391391204879962
2278743562042917304
-5067142706248947258
454318591569380815
8551369847036003280
-1243460572162306612
835039503492603039
6678511324927061541
1863559516009839804
4080001268807525106
-5154157169117665654
-8197976672758421175
-8310759493800760643
-2679610135079833665
-1766062659050199686
-8714183877898893941
-8620343273088822761
-3265231314045062521
4542435153208329758
-5614258549314844084
-7378479723085294075
-4901607184135107220
4156297381037383384
4069020571266761795
-8667708130117063160
-2931675340563374000
-2800227894231896543
-6407222009365226123
1701154065272352285
-8753259922409056559
-8069753772808636632
3615126012257434741
-5163962549201709587
-2382675193953419252
-5987751188473070862
2652714501894071059
-5437003287787043821
2094073556551385839
-3578523856676261648
5903556424902440939
-6427820933517243999
-6266060219673897944
-2809014071193248810
-3385497153625468119
7469301385636995138
6151102868627407772
6200918960061410524
7456782366916407465
391738705630781434
-144173379466814738
-5187313490413618370
2447795616349707812
1013598176766002847
-5827653027770292914
1110669990396272238
-1699261032971458158
-4335020593861232146
7639500435141078389
-8417872025673754309
-2396479584169555078
-7708384989424435931
7169903234269397502
2122044182508411046
-4562204392504021055
8138827127727981838
820593713099565323
6346418887081385518
-218376020398959217
-3216376592949103002
2542447797790031578
-9108133474809472927
3759970539533572285
-6529866367160297123
3891405764011932655
-2568793870217002295
4931195613143561903
-1128120090360195059
5179088073234248213
-8785591678041038259
-925121135986307329
7432435825917448185
-3064509688837655827
-1115253305899860101
567454064751982145
6665182069683484293
-7331115756643941870
8765158323330585909
2232434235508125411
8601831396794689103
-6051629762190620228
-3454273895453939606
4941310196684410815
3245244317193195379
6749036529831613038
3906077150197088100
3595826311843592475
7297306640052317978
310826249071064743
6630014390984644239
2521792458074672803
7998792914785975959
3092958768124239656
-7688004712723459476
-1947726598502736109
6381708172289463910
2426253185011887546
5166009134652615894
8514384400749922119
-3748705638175292438
1402619581124439597
8394136452890153165
5540625893656213048
3388954073423382550
4299942596044962484
-7214319923768290671
3981191147788811127
8955736205743787155
-3985561793591558507
-1618569154171680844
8993921630619818206
8135056139552501523
-2818373633330998070
-5385722332588743846
8258480110949871957
-3780703848259683434
-640714900110465392
8837857365078460518
-661676177206337583
5512511819361926518
7324702198002475399
-6639328773421338053
3648007835782774188
-6050599873496665481
1966247143060621377
-7947117468781369481
8831737218274977933
-4384470511238333535
7941091578914480124
-4103653052877396755
-7593312799836445311
-8730583270130949162
5778818654524794032
2086858807838651520
-7165654745201011547
2500853484479855996
-4671795444088325945
-4010810116457350362
-592102769444559264
-1669828396121276740
5271744329226213519
2246924076240789929
-1124719703232850171
-1493903766803834888
6584127163243622597
1886777764812468943
2408624927233786259
-8582410671671608379
2778156293255385256
-8168166600501790707
-765172787190638051
2571734260192460457
-1407104316614492676
2195967433827153334
4230845304446791332
-2702626738654151783
5670370709652780038
-1931999998641983610
8071064150238197552
-2450635077449746714
-8647597474877857490
1738159747199499689
-8412193568219985672
2299872018795458369
5420651356858910461
-3477217302793264594
9100635911384957310
9102135747487524354
2432677515294214507
-8197915495386928384
3491143247108070110
4135931344507016088
6685858545658132448
9209067673953684703
-1994217402960370417
-1347159294155735043
1239435996869338164
5526119512365415513
-1444290592244483939
8588865829049640667
-6503796254350024019
-8172408113857635617
6193030279958323223
8626146159574475321
-3531470910650807869
233557884517909217
-4013741364763788099
-857326791388301211
-160927199396286103
-3675100624968513303
-3155079749727851809
5473422958482713269
-9201369772727387431
7622433030585071064
-5966523577992147444
4269479965149583095
-5991955837153426516
-6545720998277903378
5716152865649589039
7323885127730962252
-2666071514654041818
5543707730620426793
-6894837118794478849
4290678510256079276
-3407062675051639329
-433922308181812331
-6798915815345316290
-6872685757655993139
1694674593160705725
675547712929199596
7495907082124436324
5099557868277252583
-6155099831269903999
3044532860736619721
-6689105127891926404
-9057155028840052963
-5612548735145393511
5065354672039645353
-6775804876332479128
4173744066826149805
-9099479927909130074
-2656649590340373707
-8501062964063162497
8171593999523277789
-1356104664100587284
-8999755552873645970
5499806009002569222
2759346528670145870
-3426470884302654437
-2411606135442187567
3496713635597394192
7875006133351999914
-7800221963925650844
-6518015759410390787
8732222027283878290
9121935945282814694
-921534380969272260
-2834662418851629845
3490170126056313571
6869030951990037581
-5691730598078081522
-4573164493368776822
3515140125291980680
6208362851538585471
7742314178143098988
6496857534577965457
-3840051366315583002
-1529070156058988863
-7863144585167842935
-1721146893052002558
2687730299005195175
4474281930291066189
-2933205166792020653
5263087916184736247
8626043259871063084
422498830198156369
8426674211300774704
5842384570870532428
5831284757267776943
6938427056302670467
-7401889881477807112
7563652574233602135
-7537668190231402005
2299133103605241180
-8996991165661718380
2468387477618904984
6382695979677462602
-4756511462145448511
-386332680243601700
-374008560600370190
5930274287068562793
-1050037330974132759
6630400185132129989
8793992496718444077
5031210503705673510
-1372140376377413475
2329181210119648149
4262385198718180035
3811424041002082389
2859847945754734344
-7074649395058152809
-78815470083783244
-2983989767527836963
4374949230475899216
1622310242206700078
-6516265860447964050
-5456390038709007164
-4335290380453173181
4745141989897020734
-849060475448210286
-3232741932907002463
-7215868209896990394
8546687697947395630
-991708408185141044
-2897152823130646999
-2072438060320707272
-1015445122943644487
-2967263404261070514
5271487552660745056
2841322759313965318
951754476562148171
-5466901582051043351
6058336632608625782
5878840233351123304
-8872238431029571269
-7881797566760770877
1002023657291022936
511037184807009545
-8509135359063527118
7801798132820894924
-7058574700752451302
9146093819012043129
-7570565302074796282
-276434326405143992
2765930540068538116
2335312358263790259
3145728273317192241
22199207270199324
-5993311999766153717
-2564481031993107002
1485170981280749995
-2934034056768201360
-5744118258453118981
1129518693534813132
-5173342976545769912
4112378144475608002
-5757004993773084704
3897988056696775647
-8863030091670467707
-7018042401946913257
-5569404311023226060
3773061764131628210
5332768313569515445
4994081698493974207
-6535486737637090536
-8736098607957412223
7528288348368034971
2327090253590530711
6672142450820566911
3089789827792907194
-2942354957143268888
-6301628760397807142
-4996757665658430648
9090860132808393227
-3558994766901452562
5027734075619756215
-5336728783296058878
-3512793765802206103
-8978920456760500371
-1938771594505934902
-4249359081105885738
6224656965800701676
-1297036579021343497
-27952851542971354
1712813486672748200
6767844389930220816
-939139261106083593
8030820826760351154
-5661423176370143816
-3884990772139287269
5044084262861368423
-1644132070786350379
8070233230359019080
-7375676585356172200
7014899573273620125
-2217776560384029023
-8537009889627620998
2846680920546641297
-2578023310964036882
-6126523605266091346
-7383463244991620364
6315716302575581374
1820890449706504768
-5359898294654294320
5042003191741276576
-6101251022975286795
-4725810804276001021
5925581214409218366
5549484783497088290
4690367076493670402
-4454956555901006072
8331958195106378665
732957746332983299
-6096609890871022598
-4704694253904639388
2956473305718328133
3419343983275756185
5289578023980170993
4200841207882557203
-4022108646356174619
7937410469702762865
1683390850627760147
5531409094282924779
-4364694342597874966
8165551494251633220
-8040505709775080656
-452833111953149719
383903409378360504
1399637771905332632
8980029357410682347
-8226104779436616590
2015372027309056848
-6424056303321957506
-5895856170845981430
-8442839639021558618
9155139568026440739
2614152124216809304
-5353331933511356455
8052810944086998594
-166430294815043083
-177317202914644712
5555979091115823611
-387691567411947292
2247258504656069907
7840909595561848158
-3958524930435536436
-540741449278801422
1533370113954223086
-7219923054820014046
-7364130697595243590
-554819665838656492
-4247319557018631741
-8416780807629017044
1036599172496387040
-1036946418932276873
2230339898249717671
7053021786362106856
2355019155230400149
2891332514111178944
3638666714374884703
8813105465177761085
-4096912980832067244
-6579681073748305055
8958230722788348305
5551309501284013677
-2966796856242354809
697940402417416481
-2380926452099307424
-6613638739507466739
-5133674838301016064
-3918390649566697671
-1521712245954437985
-5809696250766032296
-4531167878247888041
-4605130838109351031
-4665436840223544975
5085433222425255811
-8662516632474423170
-7019065472048284619
-4993187015298970343
6463928142051011081
-2582360011121497913
-90095674430203383
7124982757302490449
-8086753020909531999
2357705935782432509
-5881290173048431979
5601058755350660078
6171158161085838217
5957363138659465317
-8791840331409621960
3606528758299075050
2787564227800447940
-3623782095711483574
-5508413194843898758
-7102396249920837226
3108631355648245623
-6579524468269893390
394034082125590708
1525487373343290368
-4157068014426240176
-1642540241956195817
-1820520727770603022
-3083650808654568186
3283379223489815498
319896271467462831
2821948180138000246
-3401930102713512055
-6845876753505927567
27486105644306081
8375611785085603364
7197903220351577808
-611395735529352524
-3887002269558735552
-8406324849506407703
2594535564736671356
-8084736106997963424
-2786399890934006420
-6630235470219340027
8836845791864217220
-6211970785270458653
-995373883626025446
-8221158883024730995
-2341962283308995367
6541645210567531996
-7485568559190418703
-3988157577708435499
-1333133117568053189
-7894153565489661827
2302970777980876492
-8284168035008525126
-3907854539981259278
7073933960413245977
6152477535801691541
2750873089744940526
-8561537708648066207
4229806540164848608
-508401866401827353
2652855159471678039
3788861405848868883
6683382979666675916
4755456184155738506
510734109254454240
6986151028975839127
-2366588094217296829
8856534493628509216
-9133368576339133922
-7534491295203264502
-7835783097990215028
5447546576033823004
7421084173909547816
3046380179243578078
-4013669646877370058
1049888306635167913
-2315010928689485196
-2796953386098957174
-1157911854806024396
7225624811880199190
-3844303525671095043
-2117556722930515104
-2725874060017843840
-8476116338707835570
5258237233450846542
1954947072596191915
4046720091566062403
-3558120779786191816
8459169620817233417
5396727540064630664
-5870578247061994748
1787504569713119529
1008420076557235672
-982353170532391327
8723840947926313153
415317847429978174
-3985588585191690597
6833199140046012877
-8815756700496848361
-3350802100475741517
-5467453750807528943
-711497104585791288
1960566396836176407
1779999740441027758
-5443703411993711797
-7729461756503606359
5810334009283277324
3851660177827335822
-6257707352121177806
856383634440510786
-6200001384837063654
-4209965480908365577
636552311173975721
-2266369051069791620
4644419700658255673
-985560049619915964
9100530091136631269
1235914138322823628
-1517084661588516736
7432283255045814446
4499428290501209786
5764475317214197097
-8834447206458185098
7723717199838130052
-3525097168515959297
-4762549594032816668
-7851018171331774235
2284283676954013199
-4051932669145080183
-1495346851502376984
-8878251232654249678
5251260340986299007
-1978305274489239444
6140199292262751148
8853450768758720360
3435041458084543537
3531929522922443186
-9161208006143945471
2710556324904050973
-5813901054471249979
8205572449818961951
8794064109074369462
-7778575762909960877
5533125312170057076
-4991336338113071644
2730035656141869754
-4770282383270133407
8749002122866098759
-7406464289152406988
-4374158931273002252
-2248151372434538768
5746726384159205838
6231544394473828547
-8065253848554315065
7405758408728690927
-7764157819112513323
-7991285515207360167
-2274795021612214408
2580177776405943144
-9014600267892265785
2689135425883694662
1819275268980016516
-1525192319298015770
-7719271898707910643
6916182767383017891
-2620645825685408505
-3907773889082132299
7630878979674035995
6145728019539589315
-2000811287210679208
5372854373845051608
-6260715040072574305
-1180123303066325533
-4751756905411817036
2303657146940610043
-1757562712189634788
-2206582666402103853
-6646319201142076805
4927537734839762303
-9111397741201496221
-3317314777513479996
3491102323276574938
945827640132384309
-7398675142163678543
3857750424997495454
-6774574098058423014
4895574748179497437
-2768913263816313607
-2843200014391552661
-1192885124726667911
8242023233647071710
-27934081822951235
6786911356791861757
-7846525809954658213
2308486888034375663
-5348324344195011407
7508650455703983631
-639493846736837177
-435043146966004529
7632479992447194064
7472618692802775309
6068863740059488081
-8539560730680975662
350585206424483223
-1648635217134674814
905268339990427948
-1464949938036094899
5313985032277635933
-3998888640676799352
3046890321381601992
7809659677834956133
34307891858182447
-4802403753208990791
-2998136352893389148
2409583960419953867
-463290314786749575
-1859647675201020080
2877122018689397714
-357543452671281370
-1911634107344079378
-7801861620884117635
5962677656754857097
-5845046989827608377
-6290406711170178661
8730022791004750886
2743016655954031159
6491021780278477348
-7228558917217661056
-8808908505414567133
-5110675493194395867
738464064471936469
9140076458974027444
1390517640487075400
-5009403874437254118
9127894826493268450
2598502416571756465
5544900320351760025
2854593548013231878
-5595530031647747895
4374882847283226531
-5536708977038489175
-7754251415259992569
-642076050650516959
-1890938146535224912
-8105638503642466535
3393346509334520054
1569973099197821450
7521736490885038542
4125700079035356509
2498726166084748856
-6437611826667077344
9146666214292473889
-5455128094682763560
-146001992585106383
-1980465396411722681
-1449605996670531046
8188160734514981200
-1803731876387257658
-8239254581924952976
-5468465007602560870
-5887928281840942951
2681537565548558645
5580844684304766190
2544050472022993544
-2432225638825490603
7369538691437277316
-2091311912786989688
2186586518701222755
8535437114862717541
-3739758764321041952
-5894100965635448530
-36685884233065309
1783089443356249736
571267084700716672
-1415325978779388561
-358063455066463622
-7899385501030997106
-5433932536194574472
-329183804485773800
6066313162364531917
-3453065661735137491
6566880025500353101
4616743794864805406
8153162731827103929
-3569839919682906598
4316973183255879008
877658315226786867
-5825643449252855243
-2361965184932038149
263442460203246685
3290525525787825888
-4185974541502284855
2765663781509152870
-1210143487356392487
-6013913311269859496
5715426741090211217
-7752169781849343228
-2235913713163738413
-7962837789691165813
-4227702539955150291
-8104985134055616708
7388680344231029639
2567650694891193566
6048633461501967080
-3826691822522086524
2626002825934979529
6528030953634226761
-7694957876063480523
1986030052129590137
5832171674899464363
9179766687404186420
-5237498978131198073
-7383501797877490898
4349281322603618454
-458533930133630842
-8042782079075100098
-2493929543703267044
-5646010972443833311
-6011268965150342861
-2361718885150251027
-7483809007597048984
369184999445663580
1371069984859472470
5097169407644152552
6634857808635493924
6883804340119452966
-7234198035404904835
7038480696642213362
4302163230422713537
-1128330076481985081
2460670779469828202
-5208324852920167027
-4592922477248593886
7804149389025468657
-6676093305806530303
7471738355031661132
6532084597243999920
-8558002450446699108
491289433997938269
3006278576880549776
618837102673671442
1950269524214803524
5029529157944508634
8432818313211073682
4891053718668909508
-3617462026996992731
-7504961997081166676
5056240114199383824
5728892055519602306
-8892743291553893683
-9172512621990512702
-645418365307194647
-2500009629088911992
-7238359541044297195
-3508669978995233736
410375561682140238
-2951264351019831872
-2705025582893102241
-8887619687276534694
-8733171576029368412
3626573611767587764
5775045549017324357
2532757463914846049
-4254677219866878387
5569261334058279451
-1211599702455133062
-5635778758405006865
-1523158469197405434
-7477910267040941597
1767706844276440125
2970440598628948675
2099393583351701059
5075614315194994171
-7329148243966538054
-237100386413311627
-4133136736628113961
5764431846770334603
-5943451297962716158
2747430848497362428
5314774356090550841
2924683030565179836
7050541588036316449
2818931667961327038
1447296718830731659
-4940235984417720544
-3499796963418363214
6598080179360187398
-5764761767862309677
7221663955539156680
-6873170245324840015
8149378789895330892
8010262042102971875
-6623274365559591539
4714654669039142946
47786870959078520
3313259977297227653
-4513362141421599469
5038311085851585644
-6025482021779857225
7113212896494889990
-3399565281835519139
-8624154411848826657
-7697390336348598728
-4787083482642230667
1182105965387666293
-7265873551525583928
-985758135397209474
1125951401342629045
-3241453924516920648
-1497171704724714133
215677422175773312
6210724714212624844
-5015143929307904640
2058898022445666131
2453479114481412792
-1504800869229279537
-8058217107793743392
6228922532430184369
-1309150119655339889
-4693380634195986150
-785445770453585213
1262176662414344803
-9035058059280718158
6936345876513999644
3493719942362930844
-2511297711562374335
756225784467111833
-6301606169413047666
-3434829483076995127
1830000881699809418
-3463773002548149016
-3635770759705548725
4410188039458016111
-4191142926946695517
3442241627454375968
179969074059146933
1648578336854466689
-7337011420904124110
-3933375753072818721
3418828199739103894
1572488331076958945
3084824151081111230
-186238949294829394
4282999969225111254
260879673082449342
-8016919856483661487
959291957846688513
-178070257706442571
-5981293583613016265
-2413671817420853071
7187695971736776
1407417391179540321
7510231858199823171
-3917157099347374588
5701144877467811091
-7289901843027795140
-724490600305576356
6074858462674703548
7804639843542561348
-6655311197198024968
-1648204959216363384
-7718416665566194379
8623903078277168400
646610005609112504
-2342775088356101566
-4498718855050764264
-873692114826747937
2228133092479863773
-1728979421523819180
5458878423565433817
-68373516044243516
-5831816384716145124
-2014873009390903062
9148837474198076584
-8332456187535308934
6102983438476513821
-4034434944477196542
4184923108174904592
1366353897237936886
47869794971907762
-3783278579383837615
-6143956285636792742
8657798810576958691
-1292291308043547826
6188107308024475574
4635971357444347747
-5999693345758175361
-5288905537310281629
-4556521203799179179
777884018324188801
3237150810271422366
3243213171572562759
-9131887814478729009
-7380779643272706886
791962958863967666
2274212680925646505
-1243078557783977660
-5245128291148827121
-8416647349248317679
8947423180013351649
-7983130045229088570
-6396136349125079662
-1846207132318732812
-3661671716161278516
-3390822179007906738
-5065359231662750000
3360714066485040089
3279667654053248821
1159710792183335732
2408502700777282360
-4382432158111190591
-5702441882129358557
4220479055365597229
-7366300830035638812
316890670348778145
-6538899295838080425
-1774472149280263239
6790931101124365778
-1610843627801512999
-4520101764363933570
3391216007916560530
-344914219693265348
2407122341184990874
9149590831526387258
5295467258890039750
5633705503701969859
-8318153984434004030
-5536373706638826101
8320887828681541306
8060943338912533728
4968840031799564568
-8299602116196603579
-327347803264052632
6276837442036988559
5504474336875046928
3353924104886804324
-4010426275515126169
7404158767609914232
1045415126410906501
4455194792554275673
-8385536061454887234
4779036338733317169
6997598631391431487
-6040099769803820315
-2779622993789649719
4999902834178866066
-4633148264791784299
-3706625077031245917
-2914872612491153884
-3304421181761412888
-2059647579672860555
1420317295890972152
7403859079037975077
-4802932376473020600
-4169170035436763360
-4259760714252335644
3606509268197272732
7879885358690154372
4946258437808756693
-5506620035094535287
-6963922752693175947
4719853369311025864
3745720214572618418
236688240325036103
99531619405208819
5494022727697466394
4183994450529911579
-7580599707894078301
-691991916590100714
2003220019427420041
3479489674299916086
-2020874589377682261
6687415025418887007
-2973652881521730037
-5841732595105432686
2894971449346313034
-5435784525288445377
8682026496867520390
8445408465511119933
-7875324430498136114
37625219567086666
-9024668720612714618
4103679618083124451
-6621532311972063833
4297147898827667261
3654238131410332029
788699208779702491
-3358589839359901102
-227538851184183016
312809309673524959
4047738361555187554
4939968144287516731
-2282980450980013099
6327042385052437359
-3504391712571276763
2272184804257590046
-5934953022796406770
7970655915456963178
1539923614195423983
-4657756763974228728
1109776328711030362
-89188249366085201
-8926181342553495413
7375132013375989232
199607115553109680
-1036214470065312120
6516409578097933799
-1476084955177358537
-8163972301553768699
5915129498212727015
6087937704472467981
3949252741238147243
2235144141815673598
6453507173788375604
-6156897373965967957
-2243160526669154121
7544192015778085405
-7398518014805365724
3575763750888010054
6140036538236616764
4434657704216165572
6198522647475245060
5527952418296081310
5052824457158541993
6284710862508537979
7885733831763139246
7275149132057727797
-1568522854613623404
-7293845507722071278
4312229483466232273
3635099495468589316
3637196379023951278
-739995364670135535
4940469390192182902
7903760705707024126
90127832818663457
-7820118228216681415
-1061850001964795220
-8665704169871740138
-2380863999229770157
-1746035615976441170
-9017858450849078208
4718092566930463328
-6653616872008685368
-89717831058780713
6563936464818298056
-7504927400906001434
2043198041251170383
4528451355198242911
6517855139946583809
-2151246087329436672
-1791049803977966870
-661914848988885917
-2065116589939636337
-5728618221253309912
-1706363271369516728
2866858312291038517
7440416116202317525
-6408316851694522446
7905736093905931764
4019339577975830816
8685789311589158993
-7695542461603133677
-2321903140911982232
906246905221165460
-8894774596523920001
-6442998125131578741
613121951127845150
2057189276875177650
1413244859480406195
7016876950484743080
500395311409764695
-2284638463528456625
-4580813274701057855
5906572897226672931
128683926675291043
1575124001171742515
8144964642353286806
-3241194980845939287
1127940433718297167
-6632344124507889924
-3717732076651968235
-1918818309661607541
8880704653510220842
-4979803468973787085
-4791105571318447245
542856701882844349
7945827912556411601
-1323343833425837117
-3439015040682349769
2518104551478038784
3051611944477224328
-642660978055827331
3459476108392501263
-3582289401824936029
-792205783866641967
-5045217516595714834
-4108056927918902957
-3795795707832959747
-917540531702342265
7952293086050206146
6469786293554906901
3847724401720532139
2501373970847489873
-6648920729281838451
-9182033140999845872
-2996398780542953
3570279363820785965
2389625094926883107
-8996040477289921340
-3947322969523143111
5612127256609134084
6273687035718044830
-6831349604138841695
1222347861952383622
-3368391762709375327
-8569202282183223472
-6573491724158930715
6885756424365876154
1882002757352812864
1675653035302055123
5964184923631280915
-8901731349256195172
177505909713504943
7170573217844266610
-3822622721882829753
2020872310643266805
3460677398192046210
-8498979047600620324
7341177566255585136
-201237289588653530
4242253378273140098
-7645807584033527469
-202207125729772796
7593701183567914782
2602531117180086898
-1838209023922238933
-692308370236092810
-4302282700937091255
4807255101156089957
-4852109276648630790
1109653000736207069
-3850638980070148891
4472199513652953924
-5120046256234024268
-1212019720213681831
-7909566044034094903
3525137669127235008
-4362496793149599224
844840728058400710
7780034465396623174
4211265399382074464
4839507993917497796
-179878399182552510
5945355442087674654
6636293799288219098
-6508234572712734752
3468465032818380646
-4507672070689656236
1328991205727666753
-7014271897173112381
-2014981418511362047
-2693632966593097896
-2244045661769041127
-5960339540658888509
-6378626244230008447
7554140794925155600
-82165596536551240
-3580303852489813060
8714691176895751101
8896935839207885145
-6159669320496842813
-1845563291271627626
1456940726200883281
6061386706756378635
-6224128695818037989
-8153457801795018097
3109872493949142413
8231913737496619136
-7246816850880872398
8419685863839843937
-1055581764536322135
7572133926808416424
-7984749135018609426
6428039483909918598
-7650417934637489158
5150038098450581275
2941163602427093798
8344729792922042428
1332574927953507467
-7238028345628008330
6456704125334593360
2664617617860509075
4693674682292303960
-5596626487713238256
-4037405080522082384
-8245458714275083341
1685387421079775230
-4300983468202981716
-1181731930120914365
6472773428604871120
8255977483579435336
-5567206956154799835
1720147425388578318
4638461994495411037
8609840489511297221
7964542618642666186
-5386863952056735326
-1663975760640447085
-4320112573179082849
1539909322207349443
4728675230992484197
-3759345562412651322
4037610159525910003
8061974137892188440
7037320339327379254
-88771617142073875
-4391072037800032462
7291524743379393023
6852537786424063703
-8123205954163026068
5069376370342780127
9058695003900799201
8369648518505736440
3648640725719922936
-8103644506580215048
-3393971971933465738
1369597830777513384
-7813549160665716264
10682250531103401
6282791899952275555
-8996965029115037945
-8760615667111986745
7488690365692664324
-4359832664224403255
3600933370443946186
4606701243979883574
-4555423386083722834
-7168003370481224695
-2531761559526080297
809251712256388685
-6315409301199187164
-4211046563228565225
3903376225507159965
4517578870350634397
1605928243223322130
-470815057216016305
6298852799660620785
815085531718746059
6715727075081562669
-1454743733858157713
9179138042682536014
1764596573420072351
914016782871910476
2808231006409906616
-4746414859104365913
-5693399507133453427
5248204321486540619
-2443089266840389746
-6406721530777298380
-1273011153572119736
-5154978459926522923
-1108482248588363381
5384430765522959511
-4840286923671113046
-36657448749335580
8257101409610587290
-1489575190774651639
1507419438462128996
7148801397800260409
3572159770796140849
5119672236900429616
-8480792112483659496
1633627944836142023
-439294346784470369
6264584822216536320
4013083182143576281
97804048287887377
-5514653944859985686
-8629769722222017016
-6438987329272182742
-3108740720219456822
-712035273825602254
-6023448498808462608
6303029641575742330
4336741564860436708
8899333008189871076
-3195231386743133958
-344592152008580185
-8583890147322737665
-2753058812506823204
-423128940403964733
-4230357136617056711
-6645860073254256750
8398797993851806162
501300724721456893
6379885125915738206
2862191854496226920
8407350853338874037
-8888066530008591380
-5442594031810585714
5753829677416305507
-1362622545723279243
-8520495478946072198
2076508216828583630
-7985553954413149061
5071412639940220076
4210378764145999436
2041444186353155839
-7973848379239569574
-5262669246130234473
7512354637557274416
-1726453694481006106
5863548323729645442
1311765136061487128
7825448710919688197
3019865349044130151
842812941134039770
-5692508034994737677
-3977886099302350752
-1329075619416696356
-849362689799511301
5239648876186960027
2436063977166932192
-4939514626008373646
1620206900789038542
3141435542607619853
-2857755348556603074
-8269040461788342848
6617478048210177400
7103272042239314706
3473618497266926647
-6624224782785059252
365184023346791239
-9180254634294197040
-261721156050653953
-2500466329128016868
813762963439040775
-4533249135241587783
-3680957257907463482
1133512859551353787
2325414918682724411
-5953891804695944978
93026396946758968
4286235350259590957
9161683791701328006
-7371133886593409378
-4858161397558753100
-8163929918437334250
7168578725643186387
3966155145009947382
-87091360516750648
2216034997772894808
7573316142641695577
6292316367039945639
-5201239244086101224
-9135261007145489241
3063716831125625166
-6750112485255652124
3113457861794393878
-8639454610297834319
-2617283764131730536
8960858900663903419
715669790388474212
-5946410550354555569
-8987663147519364828
-7889632878099499319
1803988642509208894
7346082681755662115
-4925661091216604484
-1506929191773697779
-7646068588580182370
-874690065438920116
5362885637002664297
-6497174815523933220
-868551923947823562
-1560050639473295363
2980212487927690152
-3921955041367101276
4076106068091038581
2252895572783413347
1156263993056410065
-9166975617245300345
71059790283927614
-7777921019940957215
3035195242404404570
-7684339743608456258
-7203871631170931359
7900538847006636834
-1135413230746716235
3993304651648608984
703105454222418656
-3591744621909092091
-6705427394671834089
3928706414159999334
-5310397736445054414
7110957329559325869
-8554929778392669221
-1700830556777778021
-7528191745642452033
-8941863586954632659
-8629453354608455771
-6402497883738277014
-340190595285596960
6662617350520271184
4714029317856147661
-7983309133817003259
7934017940607195697
4761710749705361014
4012572677667054516
2604631583307066356
711813398010801776
6920351884796407847
3468509001402440597
4761731461571915754
502350571680899757
-3799458954751330033
-8683242453265483637
7086438797951289292
7962800330308862145
8760050725050720372
-426774047887351126
-5419143428528490587
5193637322296900136
-4222558721477090388
-7942850610205117647
1893453200433684679
8368834190221020289
-7966253346483746972
8769371917194837749
5424650603629409345
-3510455085538990957
-952292630464583090
-5515912348567742760
4317224016070824715
2133394528927143010
-6688304798952081169
-334577923309560057
8960708832153121874
-3142497651351675198
-8445665637779977146
-8772885442028123026
-3228213997207173462
8005530188762652053
2315590430960527413
8291381855214565615
8935684768349164267
-3094161398702864340
-296050077491454555
2477474667254971590
-7385590064152160464
2292544871590991663
-2162829203584703349
1490365814079261008
2025300104385915150
9006168495540839807
8679609498015435560
8387589400442706308
-8541963360889834891
-7142743590555687159
-3322745651020232996
1160474207690415021
2995550948672339761
2464778148697479062
-730853933697083237
-3223609622069132136
6257571977476132325
6228450725189920796
7422384195865797078
8059186054464688263
2991882525731120523
-1027922535915482771
-9015930593178181991
1996167662705204555
6375127729782969540
-2849640737048384528
6597921132263931332
-2572248818933243827
6450158433092927748
1338431207513270423
8956164425043284986
4177369827810747071
4103020707593697048
-3438295084011562500
2470771666677998981
-7714404998584747001
-6996805368498854856
6626916254526024734
5421674977195465719
-4211673417055255837
-8587865173853915380
-6416632072981244899
-9076374106384503917
1806943335179962830
9062256062933793103
5362331781372192049
1123629486074135656
2145981416617951989
-1935812537795653580
-6926298364223970632
-8291818688123703424
-5943317280108458014
597177517034134667
-185878745779686493
-8461615382619190099
-7354267286852968595
-4488175322996042769
-5056147515252105365
6960592127482586872
6653314374407474630
3113042896881234053
-6178503761446239873
3528600084515929434
-3864509677013800187
-5168992762528361339
3661350716565938799
7378249812123803769
-4165542805033008336
7322624672480209319
-3236493970162227947
574560429815666007
4631839886482671963
4938557054417000667
-4451166777375391514
-8551877579757788679
-1671892877657133613
1569174122780121739
8077335274606040914
9173028040782249515
-1849265368461354628
7925593216683078054
-3954906252849969057
4754541045413467664
-1525031732911262587
3185730772751659869
-5077514321369569907
4926428407728194195
8818394344365936634
1979743259182403717
2215696255628877164
-96916021846296448
-495760636055475459
6554162424417570797
-7959873204163922468
-8472098188841798560
5450871127529194804
7009564591499065097
6486383042261924730
6604922839843183643
-8013953916864073593
-6840783139992056948
-95772620024598266
7054740732710659378
4158699821608795604
4821365908235249667
574374651537560825
4265437046709177365
-260529998650804323
-2061793989442268331
1475414244376392775
162790462217682162
-4016593359479397274
-6633178388631789806
8758479986925811473
5236838835966232042
3963747947528234257
-4377071433371843602
4355089241423534408
-6375636993156820668
8989836480654810809
2978758871629765286
-8385724216904538690
7193111419388642066
-6515632600644905248
-8970047807699842409
9179147248883259056
-9058084121213208753
-6412916910969573005
8677353705224637940
-2407347020005256667
-8846395062018493066
-7721390133013701939
-763707225272623084
-7274056825326875477
8300161466689678013
-7645912121636101913
-1625056137532432267
-4668234724311535719
-6683932936872630916
-4318156887741600841
4578411188005703320
4682922957892042033
2068116529353737096
-3906011249779297918
8736788607060836796
-7552146001442168822
-7255642113565511314
98168072271480373
830643182837057804
-1273693135364465324
4648748500404060229
-3489616280528163062
-7818667416212364106
5195986137677467522
-3114661221115827293
-8166156489700321646
-2872245396615852773
-5618740421318237032
2073784356473466499
5203617151306163186
-5288147960671023119
-4424235469015672137
3031678225294190586
5565772421920001686
-2619054907963499992
-7961052696914187355
-7410182036521864747
2139976138970476034
-5185247985505159149
2961978310616677534
-6760095707072035524
-7146759917197802496
-4080764113279205193
-2757415751097041644
5733429877618721028
7349871719061606572
-4333854416976788383
-1552309508944439222
8318157105772226949
-1809352223440687172
-316160511731486226
-4302523869089011207
-7091806432538312179
-97981996255559872
7541174451127163154
810661876237044446
6708991133926197184
929038983090121409
1550634938829570234
6865199973954515535
-945622709581063646
3605255014085430930
-548455676016314934
-2026163392677555577
-4118580254001915407
4063519789735057630
-8409923183496230631
-972428812714956479
-241365407452590201
5787835130661628225
1187832276831379739
5300756014719427268
-3536927835933622874
8323688480379483752
4424636224145919869
7744437072783609242
1754158077777733682
6796785014106086216
822680818464047441
2915929301717583523
-4768492166510317159
-3172513575499890675
-4732401783993201858
3226427267333130266
-8071145500600329885
-8689917427566489687
-4862774468774699322
8032528059094635261
-2706229006968506920
3427095764757956200
-4546378822238375337
9109568789486721100
-7748845989044921209
-6357802792425711384
1822076132946677978
9075903151120921689
-5226514273625119562
-5803472609648591846
-7473643826977317056
-905479551099447886
6425635963859965066
3210014568631799764
-9098957158026800064
-332314411454195685
-3755482431204054222
-4113688365801693620
3505820854599047274
-5211436452564428432
-3942847250875732863
8392795305198915639
8900926135842825406
-5651071932348745603
6098195417409996321
3250946063801192518
-8504000913029175660
4323526900989089510
-3458777094862482854
6103598245736265750
447032582620048537
6172440663508952130
6268367631719532924
5438487873330196243
5700845654099146959
4754914703018112304
-567173500540282330
2158955746423103236
-1095634978516214171
1677777439461162297
-7948452512689552474
3776660061507543087
-9099813350877247537
-759655907096841285
1322166198541030770
-5581296513341820041
8444510538604530180
8355316742700595759
2947881807956953824
-4040634446269127460
-5364291261029499850
-3690740513392145091
-5580623955736737403
-2725789253695881323
844318899255697628
9018015200327021102
-5263114516831472328
-5606443708254667139
1871959827016154764
-202353415595625067
-3968742392596084677
-4830058335769828295
-6599350886130350604
6407460440470131511
5215084474408491315
-4075187487830203839
-2576490312470572277
-8044214092306659936
3372869100306681067
5249283231460526330
-1556755447764958246
-6203802095259983439
-3101482052075840365
3800751561546653224
-2559143320633086201
-6174302022442551776
3860059936234961205
4344652339999844226
-2903610747078507216
1639522928933579512
-1344068135110795114
-3449044741913297862
7080677487419874437
-3323286665971328561
7146589189755756436
-2384734001688613786
-5804242829796648846
1224155538534831828
-9005933722242669825
-7513364610007138881
-1683847353942553469
165178687159310755
642147300211089763
-3304491209612146583
-6228850462500706180
-74554594457819772
3362122539870186932
2623914555923872361
1401781401736574189
3822286192876719860
9215450771706055087
-165919702702486941
5852921646334092340
2481542878308289832
8301526631011056182
5217271891315816684
1208684991210485291
-3878226571880710209
5151607839339327264
8675981524233560250
8394111663523523934
-7184495223790482480
4352297646091606637
1715171759329201151
-5459487289889148139
7162337235422204647
-57847480835407887
-6501005424965121456
9068561553250197007
8573584933406261765
2963001978747343319
-6429347618262289033
-5564352480034259662
-4680834930877379560
6042039616549795010
6504103240581639873
2225409074430044177
706585530840438397
886047326201344966
-2214544498027739791
-3806057290183836235
5270437595750441285
1552816582261133797
2563233451355340482
-8746253190874736315
-7133191861164445271
7130459010386614991
683869988530551433
-818838450913620677
539830481939124772
-5425188414801528776
-4140518997936191502
-2479061620489638042
1783153549389552938
-5401770407621143663
3130374703498450696
5849927831003280787
1007806542598451402
5344632380744915635
-6402425800613491468
2147666965846332324
5672328449449105569
6800728992637689864
4536026118707107044
1815918551617070087
5280401474918425982
-4554761656494361396
-8424856778723405453
2389952807020756447
-6291442612512170485
-140401084311779970
117951498472273222
1509915098687139718
4916145533909898869
-3310002402497291632
-6748135106174039019
7777985056098942551
-1638892627547487062
2903880226642292822
8142911781968520146
7162901854166440540
7902637593262981565
6161622149656960241
-8395951351529912708
-1562431182789383443
5359749039662360538
-7787278461059125015
2607252524887468228
2878963010103906981
-6313095669484538702
996675372846420303
-1531181836427812793
-2049276825014069664
-4651741312988108227
6950676963732208251
5033569529022051592
-4720681073102705810
-7392103530714486858
4308634793107124527
1661705103142105108
-1037911605901622704
5533349340291086039
-8427968960194794633
-2590905960170136245
-7533048420612711604
-6172272868572370477
-9137973969406678198
3124218418796531929
2874260371007690681
7401014794844810328
-3621312623386152964
906376713532595741
-5956143304931179034
5931482698708478737
-6470139831963517108
3377118414011806743
-4896014046224846733
1901386290855452076
1759314613934730575
4212590708554067095
-6003938667326890917
-1827575794207532041
-38203198216890457
-4561130130082437428
4558412787817780439
-1929613212471372168
-3065951434855107092
-4624298758220976938
-3496323465337076509
4497796293231390268
-5431053142462461107
4317499411273209196
-5792097117622386899
4258481111354424095
-5615281628360358128
-8612474491294590982
4921362179584655345
809147726079106662
-1185787255602207348
2545093714089174984
41482461341476546
3767438112435556426
3268531874263212451
4811698707123084455
-2970825870213585307
4875810171643186766
-918168677380849217
-4123529761946551115
-285453428808021742
-5660190112656480066
4832097582058908803
-3623382619207526078
3120660591439916391
-4529159718688692592
-8888959067530338637
-4329563209065286253
-7648534464797517025
2771511080149179745
1735408293235051595
-683293079511901470
1785709972623365455
-6599417683239422497
-9109178836010985914
-3063634307561273412
-1168825543270418981
-6782774248607078286
7902041325646600889
8888209871254301489
-2850689266086632816
-5824483833651740293
-7518088648074069248
8742744502226423618
8915259338096888198
8729854585704809790
2523762178308009408
9099163850134269215
-3728824789115899169
-1390298223462331740
4258153660527984460
2331628847404081752
4445514556517272074
5546155540896104889
-5519994663994290430
6709585959651726815
3415406375338257268
7289138749124182540
-2853139590746867974
618255063412147936
-6412496420150198585
-4863345476121992679
-3583088866555753209
-7355483696153321487
5997645910056190203
-4487215037222381350
-7140400953312341461
5623087767744887004
104524374467079866
4275613517896810055
-164184732401606288
9058460984155940164
1898625450306408218
9033522286430716035
1545781270787450669
2022175185480747913
-7533881993256734767
-6777147820531088886
1030143744557329846
-6688564318871192933
-8094040456413136245
-6278020038344314541
5337914168883169920
-4492601561811762020
-7222872668644284014
6908746190971259667
-6021238830248811346
-434045790573716207
-1493154275232153918
-4607311251403852088
6097339604979932325
1044805023979440528
-8827232665250620748
6263100596165135686
236291683880942634
-8047366478921058757
2435190351166160770
4610708768585325420
-7921537630225949979
1079143665066503814
8197727945061629273
-3277027649523422164
5637065463073370426
-257783812512847586
6391754243311681994
4856596543130113519
5952960274369152332
-4256737413572717087
-7090161043736188448
5377104493212777081
84464504058700952
728770813698143495
8824013617032236046
4295742857519575651
3286235570753322755
-4765940730504259015
4591129012914381837
-5199903437529852688
3082619254391946477
-6301370223509544019
8418107503270925138
-4012907747386406589
-7774060940015723457
-6407527226464072289
-2887585052629798885
-4754339330574704058
1784385490799982122
-5704745549782139761
-3065281297441216333
-9012697543692548766
439755867014236267
6783464722741584360
-5147129245362389409
-5322327780476074705
-1323360328105030984
-1062276053175366616
-3145567192560891651
197110751573510079
8960807398138833140
7647008211341652337
-2899075022466413837
-674324712143956407
-7475151445333721121
4450762154795709995
-689380279140837645
7005564648008666178
-5024088237403128459
-1563438357331884796
-6587710639124182405
2096414075163036453
1630298032243518231
7010945362594222316
-4751000481863335204
-7518780069043084869
1995556155714297978
2485848513610144779
221968078958471427
-3488763803861259702
-5967294529676493513
-4965170920009164631
-5238837716171541918
6398230648374187249
7925338183655327355
-7535098374445505648
6493570012871063549
-1763945193616608865
1693214466963831206
6816584275888338422
-1589047985206542479
725407897711364601
-1346705367016440101
4676283615725095725
5351173949698425404
943151514123250000
-816756054438331127
-3843489211967572543
6503955562074231419
-6014302574270777596
-5701115066410244743
4755918115857579884
-1738333271013300284
6416586273171870506
1581984184069418545
3986714049077640312
6451748943308652603
1786423860515968102
-2575461110624838051
8721889475389060192
-6320570893840188102
5424906911003302720
-8782983194668850675
-5376293776538342556
-6480332169647174541
4846517161351510227
3431438953724977238
1915036422348213813
5979432884161066805
3018559121319017258
-7682829600290193916
3457978383085075793
8505262237264995657
-2514898854299264843
-631545764475759134
-3962892190159371440
-7555555959526227772
-9126467005009627987
-8312826503881330876
-994795626397834624
-1504545066158950975
-8880495298760821251
1763493004076842134
171557910822467210
-2019400809303095872
1901682083590642451
-4650474601601280486
472969288790830719
125490813563143232
-8164247798279959840
1803300011300402827
-5409585190446228173
8763070483012646316
-6603789524156053248
-4326772544959773022
3580497442062271894
2252132999397138349
-5630208750702915440
-9132899652870742165
6445241180025719636
-1228379691762467098
-2414468444408843019
375609394253392281
-1511184653567926890
7155121319474215075
7331508656570002743
1210398365798303664
-7773716251612909522
4340934148912397031
4835444555744382432
-5974999442998226322
4147426907334377287
6747043365097558638
1360566399412136167
-5922037128533185317
-8852131506397404136
5781328307515507924
5406009950241868394
-1562152258439066876
1387419244430480683
6198426902154452707
-6596673018061803934
-111430334092589643
1389152367482089395
-158026307338516113
-8319204330350550868
-9145838180091995
5627131421126553448
3536832939453563894
-4140335728982226364
5081321251958718301
-455802780591581943
860826817083891256
6124233562235108715
8297453201564816453
-7658790947147357810
-2041410232739927249
6465660777463866111
-2527819029575269197
2126870224088912196
178302820435132863
-3051525106277861196
4117653121601294233
1812688523197911713
6827305355473137482
7037560070486786194
-5927292859208221172
6203563022263326375
799433362112195209
866424945100310773
-2899029395245977962
2382371839481397569
8977518690093429139
7871931288584445397
5527652898527107167
8341045066267222368
-1080621942021801454
-1727622821655052895
1175396042338194854
9090937610480338896
8004578733249093741
-6983085953746132166
-7269100088330782285
8411055878196058460
2322868300345155407
5580425179952673018
-2832673651183419939
8531047729410938333
4484316247193510631
3616206828409333625
-65514336647173817
732339197115347591
-2109397921836620688
-8237365745647888383
-8437318886093381032
4646395725632231033
-5162629447768560269
-5528413152170284125
-7438266754602326404
5845782092891509057
-101245813246844494
3001532177746022436
5269494074685389643
-9074655008228888515
8750837321773609689
-1434796512280296599
-2156869326132892884
-716909558620021994
1270204184299049279
-1556497681438047763
-870601251745013815
5647239515681540128
8851851630052411633
-8945468903872802925
-5543405390113142918
87257068207957108
-4605738749284534876
4311525029593685083
-7897576991370784056
6060889690277902414
-1926556670819434881
9085990572074333079
6377899504149393337
-6250932596602894920
-5241869946827273812
2501565971390417610
5437478774237529273
-127745604105227019
-6776216566565142899
-3067006097469037512
-3007211717676538059
1763607890839609359
4776389414232811816
136498217613833515
4499858197218809335
252569246942527413
-4086669306912572285
2920946537444181518
-649597831289170751
8514274480549704049
4417621376643459658
-5348580764270431018
4638475100548806672
-887566149466262163
-5979836970637659616
2826857479300361469
-3628839883327258986
-9122261836891551443
612728243232082988
1533202754940402599
-1974412709948521254
-3715342466137163528
-727070569858170774
-3529291772839432343
7093606611493711234
8339979292048229155
-6282182878794017990
1902120576959159125
7274610571293763243
8812134030858909523
-3767536607872994577
1136235519039999740
-453102438579131676
8545464695239285484
5630705384515245255
-1813730653823999472
-1214944945366329354
3475938013097319115
8421769486582286325
7944259478411618412
6620429696582858447
-8599039999198119552
4733491718849505182
-6306319059924457880
5214599155224512120
6923503108273582485
-2348082178127230265
-9069428121957150114
-2354789176536497381
-1307198003131335578
-6940633693263801941
7860863794270862908
-6132968054148922004
-1832766928302025330
-3853512013657434145
-3098899855355749435
-4078646013868077138
6474143563981794081
3045458526623233081
1896520555334051827
1567908092348283129
3366063497383043236
877169218705012339
-2096153704498939045
-4970585594744954737
1896394117345549544
2158030612045113424
-2265467196818136893
-8211166467582209984
5080293943311181813
3429842238535734648
-7491081681703989588
5701437433003215100
-4522157535094207352
3828605011645878961
-1889221962931387984
-1514343241171646066
8456467940448503901
-1735614132186599687
-985907843548689968
1231097024901433059
2546673944451251650
-4619729158653748930
5645014886416106029
-5646547191271481790
9097180159032052379
5331570045813989721
4930069405382659383
1982283428184241710
295272231248456873
8759053385622023703
8701296008046187423
-6886619227962156020
1916170433714401319
-5920948448511866125
4218363674899169681
2618904905633836361
-3625237825198714144
-6509659751290950110
-1470810026327762446
-7745756663765533724
9043252591291277596
8676970925478022389
6719477004321941439
-1821221531694354268
1379635645299441078
7789995753646545177
-5176414772384724023
393851500664749847
-7182548903451225657
-5752381423023193061
-5833726031644882755
-9141378835942284052
-7152161333021552728
2177023326759132445
1075921584013489806
-6466793360083594249
2376160196154004129
2380303760113290313
2378847442014522963
-113032652345609628
1597407639123279828
-2684933626392827772
6847019775098932399
1723467100330962128
-2890511648203368957
-2470906331692074751
1906007041247428807
1979192493009464031
2151463848086674875
7387742754614764685
479070010076583294
-1459618341656582410
8247825547756417476
-4136361392287310474
9045634274587438971
-6144388241009986228
-2771330179692989107
-8197463446139515373
1586158807631865837
-464469649747675951
-7097571908178008920
-1460391282711219745
1920789115940983409
-2036152976572198231
-1882506500754730092
-4419823811463470144
8764088684638563140
6759751523385400040
-3501465002637521954
-4444324979854782509
-4762017771624447502
-8732060047133627425
4388421682836585604
5865013790528655037
4863614914874467745
2410467795655202566
-4553848206280393914
3461720085752374297
-4243187720714442532
3917000670106801515
-589142508179355882
1065988453679789908
5317935183562387192
4820539150600599678
-4714958314577894130
-4957322506302210919
-2382426264281618480
-2183571017849560849
1226655712662595492
4138517859255193067
-3853416748790681033
-8709835021667800312
6590636314956750206
5941597792356030203
-7591182524033615503
-8717323899063697718
151796075901720841
-5293500090214139405
-8427787719084249230
-4870920886321741550
734790180740417463
-6704555352898039734
4835300448188923313
-6750384274072746348
-7193861841338795248
-2913286632330501884
-1530001983013481806
-4421154634558027225
1643281185569256121
7707023465749381920
-2910606544134263356
-6730074077774080227
-7397112303746458212
8442872261106216990
-268712446832309781
-7471740645763439690
8386874270610577886
-8095440580527194971
4781383989355085417
-6565103703847737125
-4044204394127299302
1586757244361400923
2231024632523534460
-5392173722105412179
5779398596434383281
2367463745813669372
-8124022095783037448
-4702717725242267689
3705541091262259899
394805961852028782
-729501981119449568
279924054820759628
-758455229937028860
-4748587128256253427
8406166553129278673
156441488711082120
612228957378366284
6145651208393568478
5317783096878573203
-2534634296993817932
-5293941536001938799
8728532311966926626
2567913557977208034
-1605230175412826825
-6324702937777491500
587574307883178124
-875180779468532568
-3284041196133851639
-5465812094871811504
-954205544028493954
1034517434270102865
5890253497219627938
6924820028027746171
7100430071222815955
-7414093216552375847
-2427817824107725140
6511832145504065215
6157904588132297529
4442643570206347743
1452657304366822796
67254413603419432
8009275736464719792
-8547589600000846351
-2992191638289953084
4529922336000175090
-403515691060060832
3345610795136880952
4089723459116600682
9072353641003995378
-4732987676174740008
-5072153453712494274
-8394272024501950090
-464262049366731685
3395815656082990685
-6316104008528106356
-6186353236820448280
7399775542841138386
-5210421444146785142
5715086662033397029
4851734922122254315
1732058167047498269
-5564134171154625602
-4291811936961863393
-7180577571386388696
6085673855127944807
1247786804163530692
8437156639364411235
-4541734782980487669
-3339373515894451249
3104664755747032314
4569651281970785649
-908838671763302290
-6937921105287367215
6324334441669814759
-56203076110559492
-2918492056895092898
4364761997958809243
-8328912361040835210
2160369965582369174
-3573366899467975290
2415651084535764121
-4650315910404072271
-5509774330369235428
4071465285521666529
-8930592296837221393
4834554992067816795
-4270622226177352587
-2999621023881906835
7814045217378749173
6422730247564958856
-6420492135616355219
-2987658061265293322
2470804660736265888
-9085167033007601013
-5804137965229596017
-5494995365169819834
-515151413063532261
1334343159183172415
4716973185647896005
-768149581922269804
6262974816546443756
7706887235062806726
2946993108134088418
2490540190749620181
1903992740963564287
-5410023310051142596
-566227280530537721
-2449472133495072880
-7008017367721053152
-755014018895701904
-2040446003002256262
3507448245783924855
8314334255937302074
7597217439127537422
-3663811274657452857
2451867109382218012
-6488749267231074707
-2441494401516469273
7083139250260624978
-8576864944222675706
-2455918199380706437
3598242088500255815
-5135543216467732361
-1637737027146024212
8323130242067030357
5684137171936534372
-4157006661356020029
-5366980333282240328
1379596375322484239
1722844941699048998
7387679393280118559
269240261716454087
3328928752923351822
-6500017749353600297
9193233675897373585
-3593163936198525253
7642183842154350296
-8339170464660452495
5604297526178085669
809893021394475359
8391105409506509324
-5610547391664066463
9201450018715157237
-3742934915721881735
8159145845609017035
1177539235044079377
6575703708341767364
4503225165006128818
4564110253949131789
8910517844158122338
-5287053571472669812
5734406731008100667
-7898806898930174884
-3546646124684375568
6523440712120826995
-7006760730062602207
4310873134512345595
4479978129887629171
-4802773662396075991
-6800684671005594141
3435550277891360549
4832193288270000373
6244351291897421356
-209197768947772213
762147994958238867
-1373760539271244060
-8285915248491666305
3593090140933881638
6601320365410531239
2143762098566769977
-515819403224285679
-6035986918563479718
-185303931836570067
3336358355310827808
7767999483180390809
2845726081803128714
3465226027585308238
-9127140289937990297
-2778964414335045656
-4579829214615903590
4171263322626197208
-3402727577547773222
-4254679651729555121
-4676697252954849218
3317893618115921246
3834297027608432816
-5016238019398465293
6680278204179001494
-7392142615921068498
-8408362117597046482
-5776326493321887563
-290307025993985593
-1053019391538439849
5199558180133921154
-4733571435089537907
3231682674292024403
1861290896349809321
5001384956878638457
8590278432644802816
5833815000517832701
-9195840793160496065
975682255653895126
3137344569062816516
-593012241097549648
-4976847435950785391
-696883213575695909
-7558166159672813419
-3380801830092696252
4690512812680941444
7517041665648545292
6338078298106642704
-4686289452681819950
2690588795671179315
-3163469465475432138
54423199062765636
-4131682860362774076
-8247547413258446193
-2908155152335507130
-3348578299275342578
5632458797696090339
373148305173744688
-1609390067842827684
-736869148053507828
-6961532841610039534
-3272727204286625179
189197897459291825
-1461512409153461335
3942233389680805799
-7669176673690987033
5916183515800342731
-5352932997670349067
-5777267606955497483
8860767797975838024
-2734638339834132436
-3456889856294999463
5685895422431162058
5742350496864418073
8734831307769926079
-8261251130307014805
8030604498572303411
6012148794566000595
3749930825796375264
1747606332688402003
-2836847433123050154
5890099929878094408
-1548070678321030495
2474166417375273122
-7745532076403424517
7515962539522804839
-152370133155488153
-7600971893071544546
4321563048653371384
5602340566385392729
8301560891096618554
6238679758019117162
3612800672974107776
-9128809051189784722
2292598708551622242
-8896207305701264295
-4380926979277810167
-6066174153608400541
8856631443462905606
9148772280812854666
2094443182272429762
8979629525717046824
-5024252124696419099
-4304579802196492024
-2366664453334594767
557240415493175825
5960304171029207323
-7014964565812953738
9214580611623622458
6335067841051557840
-5102985268732703864
4426613619914416523
3652077119385600405
8547108604523544378
1220027232692442078
-2068638779700980790
-4627478954795527883
-9189599283289352981
5061154123312428418
-6629864154789039538
8860906118032140880
-6118791449428895092
5089160313094025805
-390286478365938236
-7597201843608252046
-3972683459310103349
8659517342222530615
8478363509088477489
4592290347466336569
-6091864068782842961
5704949300493717703
-8418692529651757927
380442308413120068
3734065512306453816
2263169704994011310
-3245995925724657749
-4571488116023752330
2378107906798928262
-2732238284359083238
-260196612394186592
-3778777002445305044
1253780547148977591
8882600371789756932
-2744557280000953113
-3108421601418636935
-4086311865380889290
930618737302994248
-3548516428444178419
1259130598484151677
336470765887951424
575790626475582210
-7550870392875070173
2119041765039559560
-5571177430533168828
-7633002472203161067
6671614927539289217
-1442017977283092180
-8457678587974435162
6136948113618085365
7187988636879566639
9092649117688177861
6592994070847664837
-2020279195889227773
5927273471407253124
-9075435268526559549
-3973739981284769627
-2860069200130563193
-8304704596338800468
-4603044877165232029
-164340320090374588
-6009507684017707085
6816419704442025979
-8270403866093010078
-8047835508223780436
-4049024833653990626
4691659783017721287
3543299790663515306
-8380977952003793693
-6322439944499641723
8531819912929516405
4777072400986053204
-4258000532811624210
7673496247308742239
-4516736657466498707
-8462344360274652716
3441838823649835823
1391387460532184174
-5702119772225198572
4223152301874784865
-7481406492269410708
6480695165341329683
-1655132229127815511
6298546939500736953
5625286679458989223
3924076051690193422
6472898588505592675
-4040125483961330771
997527419114324319
-8885925985829489708
-1500714249459439558
-4985084629360080692
1753038145817626775
952325713956630139
-6135883760386305129
-7433822123845468204
-6623347220222253270
6802440511234992882
-6169273642550895792
-3446688420846565742
-6374021440978357671
7384302229524082432
5011687901571859452
1711013078129040586
-8108535825887909221
2016631205522819434
-5412617558855273457
-4003977024077685149
-4848512701450773269
-3177537454681700732
-1049915348843037735
-7834405404179359742
-8170488081912507471
-6897505670662507752
-5594327359878494210
-7741201513551266113
-8502112319685380108
-6380939550198027581
8079817021977540768
-453237559709327537
682101985211898104
7277979223634477516
-3591057748424338066
9192975065331445000
-5490939116309966123
-4522576730296793311
1002231966642441672
3759475161349129146
5506247438337742162
-986903554934305448
-526390649198130885
-1260708665405180474
-3733356835216998069
346874438253188829
-3195499430486785272
7542878570994020470
6009819673558766146
4165987815971104811
4463981551736375897
8283453125149803745
5127475670091886560
-1149369136039221998
8224458012029974547
-553485784909850923
2777047610202052833
7963611680322911721
20478364815721249
-3064213066702130777
-933530515393880126
-222407957390571829
-355427687049225547
4948137606353645368
-2515868202875285305
6586974377600512887
6236850297358932791
7092028048901937304
-8113334047809524822
-8798647145005620925
-6255786725474282071
7871721220738092863
7025731582530994824
3958247915627491836
-4066283427984256901
2241156043281654285
-3592866998948316636
-7406650625966878013
5259208879168034768
-4084327861586155760
4449911139799997148
-4674813103111031544
-4091858422660047612
8649725045069409883
2869393734014629672
-2471290201453399404
570517039625489895
-6784056709481367972
-6887549027705061875
3438717484192916507
-4484495795598867639
-8342706446019409059
8814522493781060202
-9024560324401762370
2876034087243442977
9087030030116162461
-830564520830419404
3275521528577824128
-6746895953708258829
-4904665474360482577
-5152254063659935500
-4798551060141636043
-5343902379253941528
3094245100652581491
6215848893664134239
7596813193702392554
2041468361560458845
6730694104659402514
-4609315879849409383
-796090990770155598
-6962300143621511083
1151366765934558464
-1464440045196162923
-1307976838260014264
3379669827331587126
-8459508547122330070
-1591936830909396428
-441497035378428383
-92240007160831831
8823798271605533711
7600919963051956284
-7557744885148320287
-7038814297630925925
9017747450431280116
5011146155428524100
3735203542938484633
-5055108617744847006
3141315671630015275
8544494822256781653
5345614931313984198
4538900288147421293
773404371557324683
5846725738119453464
8153047172575597796
8302802500600766848
-8247746918924752059
-2859631364803282402
-9003522905753925814
-5865065377130468254
-2827686850064190588
-3486631096285751315
6671636663925818330
6993370168318256977
-6035667936598142726
5579505073579375061
-3026100749618034330
6002761034627015947
-7316914923597963906
-5255114443427705153
1063275299518229844
289710579947248876
3069233874007750314
375703017846409388
8193278640257262393
6673085835297608378
-960018378303028984
9174443475502554193
-9073557078193095882
-8635530306602898791
-9085883262259675484
-3125094062988819392
408916820014009686
7215945697770544543
-936478390844698683
8593677311426376222
-1269175391698494496
-8402453033070071588
-7458851792182662845
-6882896587457188654
4885513251166029086
2947924328471015009
8006298847033692662
-8398262267968126672
7226636800561550006
5683968144809113864
5554274496270675668
-312924999588226748
9191572998099072030
6138265839407586017
-1610985849721700550
5111362772612805955
763997391140488168
8653693261421272559
3302836326403308279
3369772307563185276
-4330760074977446547
8868693671140931135
1747636312976693221
-8343676400707387334
6046811537790669351
4710611904357292216
5436681656355974388
-3486222300466673190
-6207874690455293083
8464074107877787475
-5720574860337680163
-8659137774962086247
-257148751832003248
-3104586817851840408
2468911181918638788
4667815067512721108
1722716353377811895
6711100426745542983
-8183741374750296184
-3391056350124516532
8774705885272858958
-3545891818130163640
-8582207175479767640
-5215728687729755362
-9045698531746726245
-7386892175654090636
2777858214475141121
-1035431648251457629
-673237066733532389
758037318361944410
-4850355583112783362
-7509265241376325713
6893362544797509556
8481474850616467606
7051893562773306574
-4558334840062938711
-1975246980786499641
-8237576488583165964
1994077935884521685
2093290663284323512
-8170033139039358076
4609878252116881369
-1331373995958619811
-6123334145776781020
-741309551332965926
5585593084644788495
-2408075748244797606
4298587052451339871
-6305390893170850082
-3133794360732242166
-3244676020685378143
1956312170550618207
3144016657245545523
-253449223858132146
3169567369675237991
-7653418393250228134
3015677210070146003
5812737835881919488
9149495258318167196
8192438762778413259
8405186127947863717
8691415089935387234
4829469986711979180
-5538118251011744987
-8374531758267403187
2008550689563021348
-6228167535083050785
1329674374983494370
2445526908180488936
2810731359834187429
-2599078048175953232
3241314860366719173
7112383091956266181
471656979382177993
1250875627176283517
3975579876156469887
-4889369076999695894
3629864176840951736
-423617262351293009
-8527902078939390344
7358784724506463568
-2322553128372603476
-8430576892597352795
-884211439603060656
1004630025148222094
-5679041715994787925
-5477557284233503963
3191131516643727481
6976545919548591180
-5316274273995749335
4044625678017667834
-5604841047312579576
-705048243585530003
-5141228355851754279
8952019737509805597
-4058046295734719278
5784120551344218855
7370256638304709758
1729898597759650592
2552356388813291189
587581376779809046
-6580402599796142990
5040949017895616693
-6459136987262905246
4432549401833972873
-8781509524623718134
-8757560417362177728
-7862728590257935269
4428375387681286868
2670352809771179635
3052381175771063501
8247898145443912069
2009868862551175769
5301018355313027453
-1343018264610343277
9718339832084626
-8887528537444435565
-389148579419367929
1976339301940768200
-985121841835155770
-21067904495494673
-3608255384219962459
-317469295192266055
5216023766697819175
6661403637171117164
8745309027078879330
600299532626168214
578803790951511442
-3808393403566602749
6158439153285877488
-1929452761523310627
7366989028968726343
-5141916865204532991
8643327997346060740
-4505849187362811187
-24307823119463532
-6234727250313633572
8326207632576602966
-6521812323842453520
-6621627811739725086
3599536478322753159
-3386783493835115890
-4075778050473684607
-2827336762902986997
4750633070562000750
-5777505095351465969
-6705997105224441844
-2095267098446932909
7947505967475326454
-308325405082524892
45223966873465930
-4047942882253548072
1836022871769060209
4607521612904044986
1015025106422300126
-4331044717418244064
1393339585816557376
93539541435672393
-8344586429868106786
-5669593853796829792
-2288291114077028828
-8410485032697010020
-1872832980585892958
-2862529339507876644
-2205852053810896099
875300243254665956
7551660783249700024
3562514457691550851
4179542013907068357
5885527885358866569
-4134014033963123835
-2725350378474911024
6748315004502273563
-2697680212924355860
-1310773547328221679
-8759956741639972271
3915848697706229623
-4632617303930058042
2062465610843740029
-6931434245665653606
4959473117032510751
-316435790072989763
6665061298793411918
-3691560186303601651
8196473431906337247
3651215594304182474
2377628420481483044
-8643147104055337759
7873835729234301026
5372383355063410750
2150451448671476259
571603883951900626
-571359407616109463
-2599477060557376305
5716136907081707525
-6883854956189404676
464578460657175410
8281789403397311401
6779842973300134261
-513526305043416448
7582230341451154448
-5730447191135456271
8609398768917895062
2284105591260008094
6832078319357501947
-7596703056558918147
4332190786974963570
6606400426989567157
6072693310034372375
-2274417421580567361
-7959562882189739001
-2744664954122590523
2041980202765798072
-1106728448826995688
9198612686219734162
-8605785757206433111
-2081933527776982659
5688930905149032685
2240155045658450133
-5608624559415292738
9187771215576558096
-7356378648277336593
4308577402173802830
-6345788283011503141
-1807625515272461411
6132140368094423360
8996487226776301778
-4128422229840361594
-2455684949391545245
2755694165452049313
-7970903993248441538
-1264865937179596959
-8292262394087048565
208020759014862362
-3707249293587344263
-7264382525709311408
-635337164304682408
-9184770672076206099
-6743315399492510990
6934504242712324869
-1686101955218379999
4038808882185357852
8458053356245114829
-8793986580728472489
-1748773314589646158
4067913967846405609
3879090607227771968
-5316458172641217546
6673232265026833306
-2541979334352431181
1095041234371455534
2759180818482690870
-7822498442218746792
1269517229001363363
-6406270274531604042
-3713138032327515435
-7385150383979847014
398557343185840827
4046135789831971027
-2512303911429006090
-357410093337519438
2504660559742472089
-5437750790394212705
-3982352695041272816
-681415761621065667
-8283867016256086318
5253303660904072740
-553875893983281391
8035997820129015836
-9204175130893012111
833184650453301561
-1903341194043075318
8877545438477842203
6935400777305750892
8228366477959698272
-3071168841083903094
8036186423163257590
-3334860997028066552
35779025849450310
-1205213725940698174
-1211599695614806705
-1985826815987868620
-7204936041290452491
7085456517278052356
5075511274134015867
-8197655547901139674
-859893471788426406
-6276064523817140415
-2071310868091477706
6050322690871509727
5458702495283998851
-158009950457764644
-9204460349506390189
-3847526879455095883
-5354499632981640618
509118517807303910
2594889514297761132
-5442521303522157449
-951276595631163772
-3275129095949784099
565967220235688854
4625965725226489275
3811361206707405785
2255473954103072342
-5170321213372639849
2983244383343541269
-1949154289874416768
-1511398311650806632
4394231736062619078
346547177305905061
7218842294375101994
-6189088094506419993
-2831493146986923362
-5060395363909108370
-3389328468561734337
-1097929941187452754
-5307255452590233678
-3431426720883508516
-4025786612457248837
1543969196460399905
3475768924196717071
6908300277505720889
-6734699824960645297
-7981948786314619120
9064750115256881777
-2440618027660513908
-3334856519469070560
5637228368774693059
2159249918638095297
-8397953716649448020
-3609358716461858200
-5999712199899697619
-6363769525374265417
3947647096376893672
-7476185329031408885
-7825076527295209410
1615281684827795765
-37886878519981207
-1396479375234737004
-4927497530036445879
2473370594555946750
-4999204820151662716
-577319287158962497
-4254105392162142015
-283243161710372938
3363038693461267226
4153482456716881529
-2266657126709201122
4281231020868004028
-6095637245295827415
-6516069207115597720
-8829484821701734428
3216996701664072287
-4629310851916252568
4077398698069222107
-3999105357765827671
352555844058460422
9157686811172763303
-4100522572422013920
3853219207872458620
-4651004708212367228
1827471344513648839
1387292857465532893
5845708396043137125
2228776789084188618
4978436553107922399
4172582702796665827
-3427559843425836064
-4715131923679118484
-9116431828947358998
-5268925850183644635
4660153843277696257
-1426157578178267880
-7752666357769491128
-3798427282765804032
-3517712210901461703
-3402145681395779221
914958637108690326
-3714994623917753143
6753509877140927729
-2413040673513094945
-9096920447486138562
463288030020727429
-1078320030719744035
-3660884768191681871
8505692040819698945
-3509172074446826443
-1859047639050088901
-3224884278213488905
7046289897216871603
-6399030138898399742
-6888741420974502712
605185326163499979
-2554297832551290448
8741993673728468467
1428962578687160612
-4583207233325859562
6839564138446188327
4906004294349563042
8408343630347086842
-2594493661078243214
6984237824175170567
-6346716067427967101
9087229085671607607
7145990831968629185
5056115654087078817
4497304380694027212
3769563354881397722
-4319187344621788357
-5855373027686629138
-6851824174334848997
2639324081981979435
6653157388339208570
6720418682424321260
-285264159335936849
8777400281266245780
-4469566360315431972
-787886763280242215
4856935337987213974
-4944717583077578446
541057986263020269
-6063590593490397396
-5178487319286536828
3328785604622595599
-5411010093499613099
-4840513135782034211
-4887139478630200345
-1085904268833216277
4831211645068755300
-9166757281844791921
1333397225951896995
-1106324351221942543
2749187700507831901
-5135004146187064487
3941417761050539343
1146097622592457581
4491660733204109880
2730294145267506712
-4138231831761888910
6347936686426098087
6712745927660481520
6869274549639789733
-7862630198253574451
1769099963955530261
-148704764645955926
3660318688411443023
4755685943829481476
-2189036948528460940
654660489485572601
5433608011960517129
-536903941775684171
-796833556010985419
2485473409563768315
5591253589432659999
-4953176889549644713
-5317543533636535065
-2759888128178503133
3411700072382353749
7076175251787215383
411688497616301468
329807323067587801
-4673802326514272194
-4789769234934045767
6407965046009590401
-5253138607676038861
-3085724765069876008
-6205079727578939449
4880262749323226710
-8281596933803345381
4952407003236351436
-6321955328202175344
542924090706124441
-3632707524880605000
-6808759626845619637
-5573556849962578550
-6796691967832525722
5700086649084949955
-4664912541611960417
-6919169354277992858
-9128992422991929185
5581301321819366809
8041718558319508409
790309474349710552
-5579484609999661319
3276923465611294384
4447093051896218889
-2564293753240713937
2094794833382876092
-6998330532419644713
5076945364660213881
-7154995096403999832
-3905624771020382624
-3468165529116340250
3383855297870293951
-2509159640028695160
1050826617366215172
7682908680179454276
7745246308098004192
-443901309073980220
-3272146838792083926
-1562301328438478970
7714404104984721427
3040156735319591414
876217547980192604
8990857433091107781
7970369398437731096
7964603577254849842
7445465568357483885
1469273903118118443
-3723982042693068336
-1351597552630190350
8972204414518168598
1345764261357161861
-7999514731291284878
2393925905387190814
-490354147371677433
8229655361736620989
1657142076989990612
2978157227632660119
4543551272580764411
-3568400467599663440
-770720263485485764
-3921724893345324018
8664198745058008156
4794540048668364
-2664266154428060844
-1519443557872509707
-9056963428092094429
-5730271103369297557
-7351943192609710782
-8916944795214258549
-7904284319805648155
8333964031396116165
3982790312171182162
5793531135649493197
6239344501309265810
7783132962827615366
2992753710628799806
-6933278351813957600
4486126999163865576
-415827744420685318
-38477064712945974
-1597074567630391511
-3034792269273446654
-6055656959555082007
3109773200831850021
-481275848878053079
2587544541067487130
8416895019392337256
-102710384783133864
3044294412611755654
5439279147262801389
6734548274481941818
-338032046037831135
3464304941351403614
-3557139540104694297
7040262736075294339
-1639530883411868350
3673081433070786480
-3954839643305164167
-7262766432156340646
-3572455328509026249
7950559749372919989
-6086888416190526166
-3770910491787614917
-4513184083577237665
-332612366799416703
5048852330516269065
1278457459321964548
-8147965231332607161
2188873873935556733
8184180470469688544
5628932396303185642
8939128260940386869
5268490978206268945
6121511979942398666
-753790519241800731
-884106283514457752
-2807297912380796092
-528758361529864644
665575117688261860
3270594260361513182
4833686871684317062
6701231414983479336
5018058524863674818
-1056293252610028870
-2933657425593450420
-4760255047959074257
8569501473236065892
-2298656282475415576
1570225671320932835
-5544844282689122265
2410076122838421911
-7190757027027757659
2281204022779836980
5267625665513313533
784153366541974835
2013671930825821500
-8298006237463991532
-2621889864423329449
-6433472032090867918
-1658333734138908113
3043689593553646494
-5606464943183748714
7242296744074755994
681915345048176145
-6854715281015738106
-1582859643795737356
3408458174901957120
-7400856835930233797
-4446500535319978219
5807004291588618718
-1861711858742911972
5345413444285292172
-2657949880920282131
-657408673002992739
-8415571684087126619
-6117469263511772053
2306113249907885488
5305397472924402015
289419013449514546
-221391393910792833
-2925824844508990743
-5572655438017027955
9012820933951885522
2482625410479762341
6031139106595268660
7255116079380720955
-8640145947314860108
8506987404625394835
1625662433850185245
42142789486308303
7918630676500576971
1098570767529882808
-1855923122885803059
1483803824849060484
55435811116501091
-1275953151358627083
9025092360830432812
-8245884246071759335
1054914013873972266
-7830568471646650488
-4134852980686538709
1274050404005438937
-4396049309940454388
-8530426674529739641
-207845951842824237
3549103342061593176
-5365676954881108183
2468563534264423952
-4887992111154628933
-2322757423690953106
5901397907833036861
4990153227518803374
5734932933062157580
-3756263982157501058
2366373289149973583
-8582704445420910744
-8380713246537401250
4344277655797110237
-7119682838625766980
7391809245589088372
-4235390098936836403
7561625996532837567
6952504912177143324
7396078209804286400
8149276272208120104
-3040562460069063484
-1754031432650779836
-4385694644959516606
4731147939682628208
1650401970626884855
-8859420434324304652
-3637348956339230343
-3209454006591112753
-1147138950669271547
-6083064454784987641
522521301531397685
6505246953513569221
-4071192080627485201
-4796096091301473424
-6462696056257602304
-6572352636386843660
2449682027624599998
4549506084883862471
-6504374158919954957
280677817144483864
7321379235096867874
-1957382570970500027
8567433115293958296
-1707578857171734085
1817970212820517502
-1975974392685810697
-8093406108057160425
3033782612823127053
-161605762113688402
-2427659037579612551
6187328052534876652
7005859630164645859
-4647419554356305566
-7060714305506827804
-7142155163778156737
-1791096773336642954
-394617069230207279
1848641664538918979
-1630720595700124327
-661768273400346007
-7119065665337332120
-850142046871245985
1418660179240539954
8494149791014822347
-9017617669018555181
8328307275921734854
-3148481183414863952
-2074919352417944231
-4786698890462365216
1642415450946645329
5916285817666388551
6908929282225774583
2615531458976189704
1710256347203259647
7503950622322368336
1982892308503777341
-1781911091266815189
2688726355030015683
-4161006676279320540
-4009026832360057404
-1222589759799025207
-6926301790747632633
9021461684205577147
3728168042858976914
6618814355399329029
4715491276340410864
-7773201685878229581
2669243438537681306
3630603405668922735
3648608107563572358
2851740741157859232
1912130127155114687
5391249927561110889
7289629599359324112
4790698505498536446
-847737114077418899
-5474974880797643457
6076454271833397248
7122591097206605311
2755113175963708311
-8253976381056364095
-5622699368605569784
-9138010106785508505
6029324983198899277
829201719160749836
-5270486514334177905
3659421879322450893
-8845738466684990927
-5910578413964415779
3897235180370338338
-4659495517671953161
5678767652297982561
751341537763348888
-2263768663944632779
696438488030950132
-5019071730655832609
7781412992816637227
-893910952669443905
6863645258622040433
-5805675403771125023
-5017693608453145586
1193914955425780896
8491845129189033079
9127798629189723761
-3219397601771912479
2740883354497243815
-7979530413400080564
1488971001800692223
-2866878158281646694
-6051627770200209545
3566938717539679907
-7805844060208440665
5600281285223823657
1293423948343467319
-8519592126777201264
271427440443993133
-3169712417051382233
-1932873822759664332
-716140013225652146
7298844860263567359
-4719514333046694468
-7042044800567453539
8625371103504344365
-4097583320625912336
6300056678441792212
-8492930660049343858
8730353965676580439
1653114305447129534
-2201937069220756578
8086305900089646641
-6048231041715513000
-4888879118027213612
4108059936055011300
5044404579434125826
-1290885467824729754
8356504139825811888
-5193410197280747215
8235704060460729810
3617183731578059375
5444330178347221403
-4416878413423652013
7467265456556579163
1183667908345298493
7422008241583391167
6786220604148301296
5899022172073341635
5637052837064817731
2294976077410206850
-967616992937804092
8776678602088150270
2634312657171755194
49976033880950252
-6892826175992798950
-7481464860892086300
-3181037557773922540
8064032254674636583
1388308508224108912
-8447818487736259251
62147931412327849
6501506705385343991
519842425268092389
8442644446134933023
-9126407075961155812
6030546584462705396
-5093493211684585487
7384861811524909089
-229802517238215270
3672199475571181895
4406826215924089525
-771921826795423244
7864890320390399659
-750981187313817331
5648192866379376106
2963756218799947696
-8691537258887768994
5738605820705195888
2764474893141943102
1723164315291544499
-4603081179374593126
-1445596602448550712
2764129438614488524
-2270563938380210862
4872302865593214215
-7261419347906406121
5431292007209055588
-298087070927683332
-4595156036561339756
278186184429967818
-6464647191717823792
309254942273646644
-1959587178012997344
6049047102223295101
-172265134257734968
-2079385055240412105
7044808506102210806
8727727625794188003
6240815825553989799
2607364929849808688
3510070157405922162
378680627464934957
-6860399044899844726
8327095561246143973
-6832939643404131122
2937498141210994872
-500388473367230699
-5537141548645259389
-4746901725694255545
5076222516971288707
719102154922069702
-4724139667134932275
6796886015716114341
6855417178820913909
-4555696076116635378
-8588264959847419092
-76883971337463815
-7770350958029982333
8970336277840466654
6029244097798735582
-6471409032023935107
250259122148202887
7638166511570348890
-715313311100699518
7908877345641030589
8113399311029366647
-1715704608300432751
4710807493202071116
-5174662609197919584
8213112190418568701
2610765535680523336
501244945156711719
-6147880973623914757
-4186927996394106207
4533828321136008660
-1674965075439804180
-5843371669587685417
7795937145963144087
-240242341072902967
-4543285026219558769
-8201523285706763094
2080924609533926630
6982724022875070230
-7119159179615239331
7050632938424458153
-8433760650316258903
1961493367294823840
6719477009822966684
-3606026660945710106
-1515216299774999620
-8286484240134261989
-2069969815100053101
-6955942803157146194
-2195889133462187224
3022519438895668477
-8924397858922157297
-1099832391124974100
4634949325654980089
1366325740977701757
4387676898275759212
2579338264153074408
3554877683933770388
-6047329230207756250
-6473399302313234623
-2854319939387484057
-2742596105122400812
8754202107378501267
8262412267822733515
-3939392965585357085
1786296481089309230
2575354950918522666
-6826886780546859623
-8333103953698661016
-5735575958864969229
1632268999216809481
3515741106319831604
-6969529081761652565
-2079489877310663128
-3700015075695833758
1073479419730995409
-4251062548229807420
423954950330885966
-6563368000637916269
-8184201950073187730
-6998021482583323015
-6799521554938174527
7813069672457437847
-6927106837008699505
8605480120492368925
-7716896865360778122
-5419924373448211001
-4289273324313740994
574923380724418225
3458821060648420543
2385562694160868110
285888066888499397
6386160460987398018
-3254250843989587124
5604722976469244151
1245087815364942158
1924766482854862791
8515142983930325277
7337303284363204932
-900188283592411996
-1071154720454584591
-4031286393171089274
-246715121790952808
-2559065568300252945
1441632803526839596
-5269092746674902779
-1499140450687650414
5799422110324883949
-7494921490947644543
2339685362442393238
6007652852214650595
-6802829724129670005
7955310654761400189
341866673931592684
6035038911864030590
-5795175993777074710
-2102387037734697215
-5306376247760071653
3791350060537126341
1804831442194835471
8883825231575083584
6715503666105704520
3711343679423366345
-7185122217499250885
4640675644742668805
-5755365673426957545
3733477105615092612
1617912426864271666
-4272333798113519674
7436196631102514500
2498037240823565187
4919992746582754311
8215785052382808169
-2831610752146200104
3306556172091875053
-7189257468544843248
7581459254328876370
-3917394488425796946
8511109174643178562
-3061368995205739426
6373910054590489296
5961018582548481101
-7110364899180971265
-6757073210981505531
-8375213485703054454
6521019634344742422
7168906813610814496
2082912241508287811
1278239625103918845
-3017246454665290009
-2054886571469014230
6552384946080690567
5534408972497771879
4148474972534953278
-4798504155674748584
956960224529942889
-8110808736957618895
-8048104862575763347
7703816210203769860
-5928951696783975073
-3562263000173388814
-440977492124293840
6163838510522046560
1625143059452884123
-9094436671190143581
1453204649307108776
3515731540223911751
-4475125849419471671
124741613450240991
8781552033273138379
2608477833134255800
2329115228629627658
8995981847007603852
-8381160781234505126
6542336987379649064
-1340201894584915629
-5026609290853959005
2461490004401858471
3322698472828198476
-6598495953448363543
-7135077607782601305
-3380394364353287793
5915576548121005649
-5389827776556239813
-7046481655285138424
-4812844700376480150
-6378380380000565597
4649033394083219096
-3233560858170265544
5292931186516926134
-3739861336120980347
-6244485882944018864
7891016298881188088
-2698330800096174978
5021080395426100426
-7684292244199703381
3536968678668574266
-7800982306107416878
-5584255502414512052
-8857905172550297533
4585420808254177165
6346158558290773608
-533551918925183517
3815459995723846577
-4798561850435214440
1237274390566864615
-5163511555206023128
8104015527305120402
-8948114094811056965
572608035598375452
-5655584528692068900
-4804269544605904137
-6411986252833517536
2131818003572499491
8254353780456660678
7696303413146117533
-6752657236345773459
-6349761556265980563
-7993042962267653819
4401463569705205418
-8694090159886129072
3236361663506762011
781262717341254041
-1922336965558891875
-2546482458384494444
7696832463228573702
-9193696276661033437
-7829976483804936943
-6117853608520615952
3729822439391864756
-2867882542131904845
8694234190524781102
8693502333980583759
-9049440910323206079
2445026370410975274
26466469314357234
6995490470654221389
2512643771611308554
-2348839327997902359
-1451484018012660667
1489815498232090463
-4484762807501439348
-8188884737839060145
2764549682629646846
302597398987373996
-6331831892857239851
-5770643145058590085
6119125473096052362
-3144272151671135928
-5857983608272317484
-3263604162866379235
-5774456677838314583
-2436165507535505549
7195614946223254912
7332487554231363153
93560834364557116
3324525744469219950
-7827538481883714001
-300215712974949214
5984949886963138636
2755508322648893104
-1649991666453964712
42945662846986336
-3744543650660428888
-1879382915388424284
-5683873239884274694
7698841673568381988
-4163547543101486236
-531101214436511911
5825184524181880656
4894039560159350368
-5545546652019654656
-9155272420429450865
-7914301508053408355
8049708361589409175
5416291294900531780
8952105475146006870
2745626547978552079
-3874464525771094727
-1985690867450243409
-4197307775041585527
1084226584035412436
-7126555090311255828
4877291046677111501
6569346960813191795
-6481523296814000279
-5106061782052981586
8969112149007176792
3695429758753680854
4624093504125074943
259349108499429639
-7648185965340096781
4532005204327267598
-7236466825873400350
3611694687634099373
3520467308289280206
9216912764866351894
-5134494244511851507
-4798049947462634781
1818101161049185965
-929727181662816256
4581214005337861251
2676535324695188126
2422729413945773377
6239465138860231895
5246915591630386866
-1137386900966282463
-6364823980201259569
3224967268147615022
2881080333550496318
3697951394129965918
2692190469905782789
-8490255377550054204
-7654582272391413944
4014348238750293919
4004997370917577282
-4307110718482142510
6707091676272856103
-1874874516730295875
2394880750000732617
4955696404383597971
6738131470301955797
591598544665548243
-7252441638001940172
6135742196897892225
-6364040504011169052
3079537319408329903
-7463170482689413518
8016478417390858499
9123304808035830961
-8321771338287038020
8511559585829602788
-1016698614281907216
-1296687629722132942
-1499865768654167632
-4732250197063157155
5150649746788764132
2610213885044519457
7122637157259062194
5830536640322155559
-8419034669341244144
-6377803599276490535
5141604943101679299
-5283637821386278317
3655786371126509318
6374762259749557693
-6174318148305158589
4415061274023452911
-7210143203724882968
6916508198265928646
733456358044385355
4836881352306472295
9031499489176372096
-3769301505425690866
844862838539276395
6787242502078100800
-2325028330834212344
-1709931160344332937
-121659227281584402
8145652033384238678
-2493851769253725991
-591549239333994916
-1018827516838988571
-3168979094789128910
-7444755709494508450
6765033814657144999
-1609833414713941533
-8743692561927157764
-2055131274772012944
-8920747215941934985
-6855699792214721834
8014843248776168733
9137073088448254056
9064606188422727883
169019833991622306
-7216574246857196759
763701391529365382
-7860782601584708015
-3376801318602395895
-3349453174022396234
-665380831395982697
153512153675761718
4444289327127079712
9055203023912860537
2043828150204427194
6597590876205906446
2509126291344830507
-6733453677007197229
4149291132250934680
6964177138222710154
-5572924571101262864
7723044881325996074
-8106054957401928059
-7110912562406393952
-1387288469633054223
-912171726266550970
-1641515529480927924
810900607325873423
-5113398407289483152
-2044088246839598378
-2833237664685047035
1861804972122560264
3882957526570126561
4037007321300103374
-973684872096441667
8568994509921615562
516132657174489443
2544075250410479048
3727049477295797163
-3546180526389861857
-6853503110881808482
8941247624692035649
5602148283018756259
-6357224409519894234
-9211972669570712062
-6534525645748415274
3077126863865438112
6539836787127689554
-4606764965678977584
-345517880589376848
-7352182032006462119
-317166499707942837
280294214394560610
4243928775289398902
-3555982442364267130
8372011024413488181
-3416830105762702479
9038596875856930747
1326069959306794345
288195533230442171
-9222767848304654700
-3609136687710502225
-8827035152658968236
9165734135945989780
-3460416292649233655
-3876102492342582280
271143396945375878
-5460017248386668419
-5236190816847015355
-7095730258520426345
7269640160576969107
2726403643669218489
-4966191517217760614
4470514888358837568
-7650698714779952421
-6882562927114097457
-5659482907156527759
-8358060107166368010
5075348049540564668
-5922494467633450048
-5850688800055268939
-7909257681871456830
4588347169467755860
-5843995217936398945
8465137803751557506
-8353199375196109062
-6111463546229967868
-4381663675877490397
-6424026723636314249
4327994688018355165
8974307319879157512
8082272610677715325
-56433031838434102
-6368568264489665138
4008454481974078265
7755806186803301953
-7493120188711220666
5510556009878092495
-1206913580846311693
-8114958304522023415
4434057129849490793
4343575109113352730
1394891939560183215
8808529013588162349
-5626975326062085601
-301358856937585241
7242519821016018910
1116718981810607311
-6675147934958388378
2221311895895716736
-3075038046697853361
6007419989774483371
252275045525927196
6126910747915443807
-5634801347647466947
-1836339111717612756
-2576306664891931213
-687243021769152542
186727003628633752
-6844165108657085545
4538953558350487992
7840240737298218270
-5656645976807817381
5795356135619898920
-828596516820990231
-641097529267436246
7371118631489512914
2599491680712661218
4265634285005489042
-3910308132291236917
5949304193516459991
445543722505472531
-6101703109540987609
-2513088670814207126
6977186214235101500
7924772692621790359
3448999990012155368
6902535820258687115
-7692366528706538745
-2850951966025167313
-6032273120096866935
-1916571849016321132
-4293966523821593744
8036638893934416562
4006575663604898614
1053378905938568300
797111281778086672
-8631888902492682317
-4686868839020657536
6577655075891263891
-670221423503881522
-7689797970872257850
-7438899801123453335
978779445253686804
-7713018962509109020
-2827798012785158681
-8491565506815933941
-7683573936190040033
9214178245662895893
-7089818657299360564
-6314762821958491611
-8530528837321388591
-5829573263417905861
6606225802893940364
-2738524701111499446
-7503408067902936354
-7658848499108888990
7857362268760168058
-4792606316576143664
-6598918509931277922
-5541228977759878346
3004712063603813663
5489224588047727612
7377779124230507224
7843648990128031782
-2255155229806252407
-503563415825807839
696840168543588082
-929477107268975503
-2844031605036480470
2617463535048133858
8429364009959860723
6476907467987631433
7354548036807365726
-7022384490110332124
-1434944618130057713
-8150809283609643992
5485052911072575169
-4936918613503404069
-1421356684634857756
-3426843612111641903
-2199172366770063666
-8138291658243943108
-579299355898676420
1235548491497345818
-5414587151157182373
8887172743669577876
-1212947017416481411
5368676606015380913
-8052213183045129362
-4143540320750096760
67495156129157796
7871954240053887156
965567543518976052
8428664291456294193
-4812866317927208435
-3726181977220969137
2652704462799149078
-707642649867803568
4339352351340036797
7262230223596185020
-4419474465033620495
-5201008671527719829
2397039670176438674
-1698568060285737309
960664285005007619
1330224256394089678
-2495931404711075426
3100750548651441175
66247436888969381
6157770929745280544
4112249580574506632
2639910275475003699
385571385890253115
2674813454970244495
-6541716742998699329
-605587111743195573
-3392203875987301910
8522514107442554144
-4362880897911272137
3639317561817380291
5492416651871666897
-5233728303285326265
-648452488295725056
2768111697778414690
2315974121642130718
-4898313233789768543
-8306419681375465209
-2567262030699729132
-6280336687402839784
-5251941370747996794
3582243791656268621
1665311888771318644
2978377099574890967
-4798001033575151610
-2520162350695055618
6461591932884775072
-7769663088060644701
-7224909578230864440
-5447562616015763455
9212833274744098626
-8650738477405139714
5484756182336581610
-5243215626691636391
5420335635022464370
-3203094811822543551
921075007075104993
-6481826384046682667
7950325844149997042
9138688153300167177
-9195245176404986946
8165358688817921960
9138484001919148098
8251301567916181293
-5983396739410577317
-5101318242858673175
-7539831974900535769
7669575905329529938
3732211506252644592
7621183683492085008
5809849438966864660
-5833150949377357813
-7908103795432239170
-5534585265950239355
516877652968068064
-1096692247611164889
4096457673874108101
-5007039548342662950
-1314949440381245793
-3994923931102536497
3798115876880434767
-3446206340346619090
4822387384791200370
953429305361138629
72271905295730836
-197024358421859717
-2813295359391324004
1593169103114868043
2535653316878988397
4231239355100164979
4395451670346544745
7876483735678594098
3095460644023371877
-4183600522172338092
-5723716208561649579
8250458302030658660
8920743835247338273
5718045659830612500
-1224982307160553229
600642705869029040
4455698624734524355
-2073071611311164424
6413048053167140351
5384502198087548496
940151055569051505
-4818623847067467058
141723328652225264
4815352458547390003
5152782210655734138
5230699728322055465
3730628391482352529
4042421572946502578
-7721534177894263211
8899420315297446914
6588496212227027836
-3685037292533393841
5269527903955897897
3018110217196586166
373383641593538824
-5748538559549640400
-8127636591744983701
6781436089582391876
-6156393290187538051
7015086354574201992
-6979640337733905094
-2861197784535615155
1634385092686415818
7078124284337588857
-7504087338978434565
2466260195277887838
-2658579992992058673
-8511620032040316659
-2721167517691439850
-6075081417624028440
-7194061186993153047
-1988289601944468907
8851335754214733067
4274836131321497172
-3518423879073662656
6406415488531677212
628502083825233365
7020102915030424207
-6557442943143461233
-8873549401763975744
-1716126431875288221
-7953554071899016686
1380038532190540609
-7500218854895625108
-5532429184207729731
7339376232414706154
-5631410727164724338
-493568315822649795
2184257218477779083
-4531300427266997168
4370919043754730615
-5013030785783731847
-6134601771619573943
-7169452752593863385
3583223053404225076
3726846305585701094
-3479728312991348281
4533816233942062939
2627184985785659225
-490503658371489357
-4722982294640489060
-2847862219422297022
8582148572059414787
-7032306576331623045
-8831442603828117452
9089470076199134495
1657428881196166575
4256425576840574714
4696569519135286417
-4848351240288802549
-5182064163599123354
4569263415952012116
5433110871494581303
-4850938114141934142
7201976962961984796
8235098351933751697
4765484912604820538
-1850777299914984010
-2176695799553012855
-7611063602630874006
-7846562907710846374
2538282550733356953
5267127667251810392
4997683361709925527
-5592833748893879516
-3663387789515573677
-1423064358652322973
-7087349311699860790
-7097559915904150848
-3644628220285132966
4197940029162180363
-2480615817133783345
4931462853970533907
4816725242120452762
1173043092477909884
-2658178320311093859
8906455895165464885
-7002377785460285654
5068875466913170156
3359516608114835398
1168989811666948470
-1296172813612634964
-1953468417840413205
7987293621594478684
-2271471428941848348
2565503252499602277
2237681860728954784
7977512726943904925
-8740851127839788534
-431400834290105188
-6978540324154507786
-3805111383292498782
2609221151781389071
-7875397830585529293
2518471861560644294
-8433418420135883183
5522913828840938601
4900133139851217060
-2432997377491788724
-6240877900526762292
4483454016035362820
-2489047206101426687
1889045645048933565
-8266569757063909005
-9073460711207662162
-3680544644195119273
-5089301363010060092
7413575093073620929
-2300181733350311740
5913463672466847332
-7070613085350060974
-1580424936100493752
-6405012937916535137
5954781858186827064
1465749783449707708
-6862750613774378726
7020505754457307765
5917319640116091047
7378013241018547758
1136236003298092393
1421262226413108567
-8988738360293562862
4621595888236886488
-7222462137049519737
7255243585235652132
6831098976954257687
-7439762919650476586
7661177623013282635
7629250784763690135
4070372539388279759
505910569365870953
8436165751993736972
693012480456943782
7755305499600795809
-1580292149748946689
1887243036516165669
6178379461699222378
-561168835742113994
4482613184769474079
-1870481539869600412
6248097846958046033
-622886762870359768
-5305059369932071321
-4177356463054949224
7046305384342261420
1550022056626707380
-8677905452856867822
-4898062698438643866
-6472565391566814317
-1964337873550205579
-6821570277197323435
4259174851440205928
5034785746497952729
3792115625642139283
-7316849598226072740
-2026071621469020664
-8291880663283292550
8660052029073943404
-2026862436835276358
-7193102590660469088
5703061989040853287
-1494726644633915310
6572094991782790093
-8714423424237227878
-7721535388815616288
1598951495155151795
-2584283717813082701
-7332739554424928596
-2021372078585606258
7830476524229774104
-3511036482784306819
-8358881471891129883
6029761495657950032
-1201811711713484721
3454944884446689132
2243078333256503683
4552973917452320341
-5093321663843510988
2591933752405295727
4401036131550794501
-5197114362394229177
5007475308616348551
-3418412420978278779
-7824887788732443780
-5518295227166021947
5049597403775850611
-1143907748124837024
5160504653706102515
-3887542278041214165
51065522336263244
1979928277058663184
-6259321103776860087
4346988628340500442
2879648547021243279
-4140026434696132963
6157526948303648083
-8563714920920156869
5000530114588549147
-278608293779894706
3556653709147149092
-555432548171877873
2372757847497760757
-4456612800524234973
2476642485523700481
-5299578987252059173
5853682748846629127
-7647613874542747260
1936644940963722818
-2969814480844332837
-5713121768772266084
8546274715600963399
8101366207389180521
5463598097183698807
-3605094889338216355
2437886706327011604
7850836634742555867
1354424377896150298
6780794168228040908
-3114493004568713711
9097290731134352664
3906141454222756624
3942817873867354524
6882365036839540553
-2555636839826658882
1422666128443094937
-2001687102072300209
-397640743401164452
816997399199870814
-991863863326419020
-1072049058382452247
-3757528510808741905
5213801403057637570
-7043670611446777084
4938384747153592780
-3234558382117816622
616797473675888945
-4733687734749014297
2968564817676457294
-3819028608620859840
1066923675163620515
5896025430029439173
-3225724703797215890
-5994895702880826015
-61307577932707543
1463678605182641176
-4706326539316467298
-357438675115203156
1824487214707663227
5383471272491340002
-8506306800683287451
7182495558678190351
-2208465168660976527
3934229007362714869
3353388873526506183
8199389325277743636
-6003828699487414798
-7541465525259591371
4609594180209076679
-2231964567747148054
-6647011004964777182
-40476891584450894
-2070255230092834318
2621929875930345522
2029573367117541009
-3068693392584334870
6603001343682756559
2003413082947666461
5507012836902152192
-3758108469727063412
8857755855712482838
5454377824736754808
-949527529469467257
4518068728390779283
5415785195553488621
417699101572461267
5228635766971878887
-2510087930122839021
-4211346992590112488
6312712964982109098
4850639311431122825
7130531954351663442
-6144890406188259485
5733885419765900072
-1550874915990232553
1965783711243061018
-1818893360093681083
5605974654186302642
7669768188716634860
5411361391857109441
3711330054130532412
-1407959995143946184
634413217557454373
-511184297403666960
5667736265214317909
2072583581129768879
-6289201255261912574
4771494114449491383
-2142494649672307364
-671776005170783749
-3604674363613004637
-7922009253193238425
-8312155317982932518
2894089289632837316
5661186314177356703
-6474225880899376840
-2403038166688146379
-8300087189247587039
-6160232154730147987
-838864600314017141
-4521832934093155071
6753026924301866027
5530122517890625960
463244831646214543
-5471767757472265766
4113287853955391611
-6325579605074641588
7379300597461054600
4429446746057083565
7523422896979625760
1006332306473273867
3166980589375841438
-6882165474704055947
8116330679025451776
8154711255422078634
-3953058496984543326
-7122368809178650274
8728033147665762055
5788330225706604014
-6902524342111035905
621347985154497781
-6201540691547313765
-3661205600706984404
1470955229382670811
-4522731833855674270
-6140822873468406060
-1147669637501995725
5964950075186243432
914375786309100008
1909269472459660452
8653452433936060615
-4943215655802970490
-3879593333190316770
-9046615141320587808
4884526260648203851
-6296575526643997710
-2645072481364469797
7255349941086992141
-2556869662444765910
4869708563345797573
4150229033200900417
3179277981200737092
2435310075045692441
1396734583818885929
4914258710410656760
-7293633348463126380
-1074791908248615211
5961845744448584311
-7217944538426140471
-678756274693577653
-3785988387063321169
5887489403399394198
5350086881203454991
7919603509581973406
8686262383977013517
3495673834676748868
36655344697602536
696326569833860926
-8585406917923840937
3208612966385741755
7078304897575514606
260148373311985904
7311146616714915576
-2725878089336951007
-5496748581901245969
5446812055605233012
8838518897104900801
6775785996025282731
7033865225613455207
-8159379743075490607
5276585063680127735
3346923857737879646
-8520300866378200971
-7611270394286524703
-3948570212857761296
2791775349411029806
8460753483222396605
7097058420327267057
4439498927447301869
5517336836566019402
-7890318945569327356
2302711364359336402
-4528374170466406820
-4775172076488693509
2977046769332344892
5658999221116264511
1377399616937424206
8184281041639058271
-2274452730889852184
1416531782902284855
-7177234700485194817
-8165581342811552886
3792974959786228736
-7709632839413546717
-2561156246344502663
8589311512134256217
-8815690666193460336
-773018854437646603
6432708780517216557
-7293104367368700670
6093140185887808089
-2810854358408352048
4466213069477821343
778798677868234506
1892553485773289478
-462705210026389790
2863661686385843888
-7772486064869731177
1462621279511919000
-5701193359778459843
4654605132535344589
4582007859637258438
-7767839779827449174
5371366208440021237
-3241162393943135941
-598128768835566528
-7278836037117400241
8278348122773220679
5463342439008560046
4247685955733919797
4321645430846145676
3299205720329458598
-3421677118831360049
7946477289561642077
-2685873542011472446
-8679144011781442810
-3057489112413113833
-6059910946930893037
-7720836706114123835
1551998734516097677
-2215989709949142947
-179194936654313723
4143801702317764420
1295606754968500584
-4689985376603438400
-4213508211726040897
-810604782832225932
-8537912335907437494
654375435024281991
3863540725893201944
-3267481750818448404
-1473368301524099026
-4388603472258035910
5917725207195610897
46391016087380684
-4804065442643757687
949244786438576179
-1100196796380909751
-984574923483543514
1603586074539283239
3217379112240457477
4694860083529001487
-279554467209374519
-2976416396394652065
8765421781640316719
-9128802277819735355
-5415850493874273797
-4956524496296390206
2525522626671032002
-6981752227702956366
5173033471624964831
-3525300173549843941
-3135748196598027819
8791016768442442751
8923790549774134903
-7495457748153550529
6720665021411113583
-7708078856188943176
-7712663816816776859
901471041866732059
827024511966035572
37621849067714934
9085508735847279427
6835200729678490236
-5423307441178075192
-574523867227541528
-2950668194959915022
2005253255939761435
1572719864087446566
-6368189218906677695
1833592488449354003
1882107032774076346
6000584106393618802
-3413133316800165103
437607859821707844
-157524715384028339
-5778919764486522417
-8744130877981153062
3706056731838534432
-8965192984553770235
-4088683492227526275
6649146174111438734
-3102920184941871528
4236980843878456918
2089164065046015521
107280669854388252
-6720044282371667903
627537022701679277
-6816081126393234579
8106350540828055916
-8337350769812295554
-5092288256996894408
-7715933868534019186
-4566923152559719798
3796302602715816821
-6334313229623340086
4589358072321446437
-7620015357089259243
5737733885625656160
-1718883512412183304
2801005100517398725
-7161132539064760085
-4964652176075457759
3179336941586635765
-4660557289031289744
-8277602855565851941
-578715143293837628
-3026245804957813609
3317242732237890251
4814646867350360414
-274239310938603231
-7470756852795820170
7327661817687069457
7117804870370179233
-5078460859216139174
3176627459400969937
6510955962578207349
6932854697785406736
2077925648829713378
-4453105372205430767
-8819459990587777660
-2098671263004486995
1837349445416759181
3173825849227018500
4181413402400851648
5945567337967211005
5604123730324367815
-7028795288490681332
-7625965287866874230
7101501439392789715
-577808041330066844
-515172701013041069
3564075622638685940
6825185664173223752
-6397596117878586666
-8786339085883219742
-6378263086827206700
-481907096000852488
-3130804475509323404
3546835334029624582
4454484574638399206
7625707453794552794
-4492233941249452356
-7645689565686399354
7463354021917258477
-2736798961339315405
-8887235758817963410
-347010520848680374
-3088421591637291474
247469714443541970
-6370606446511714907
1445738101004663543
657061775266173026
-2507213913220027348
8266964674468997424
968762303059928155
3494799362713042462
-1072941162310292113
5034046519655356254
4657210687234931427
-597182325945002858
7159810499650502429
5542261829903452865
-7496218451389608130
6133767389094647361
1377343753651678649
-3233619993226754900
4402212358835199649
9004467335013820760
5177047112608410240
-4169767013054271553
5419026242577280902
7084840619019311000
4185135663947610187
-5536634500592614211
7365175802759978187
-8989166835167553097
7794143531006480354
9167937782785514510
5596735156078223055
-6092369134883457979
7716825503887162591
1788146935255968556
-8975281769260807133
6032710351013431471
2345657638218137252
-3688448228323489435
-4346983920764607777
-7628297395555314746
8435848572007071034
-978440541432452134
7246725018699172979
9133887700449710036
6123672759304815647
1510766777149415485
6544365851411057913
6661192549863250641
3357446044398741514
7333538884741740903
-531013640062272852
872825799183158866
-1526367452824511273
-3238934784683672757
-3233437046764204945
3845708024746719497
-5283431084602549237
-8673141872825393266
-945428604219998747
5531665262136434649
-7992309325859655675
6617237745217203201
4229356921944907109
6687084162537025911
-6423379325609848471
6430287160677228597
7528824686547328521
111058893726109623
1464291937583466671
-986480169934343218
416786135558432840
-4968298964022565549
-3347007642481327824
-2366581370943067072
9199482472157638597
-5750154342688327291
-3840669971350337705
7769573577999557582
4460914636602478890
9115765987731169204
5728107555687723588
-9087248590077422980
-1729224871650580107
-2458048101289397882
1834357675892851080
5721047254187073408
-5359752967961021717
3619810453294626724
-4954012357907983280
7807682049657214454
5703666707803833877
-6822524714322803671
-631253071029210903
1386262008387603916
-8487082634938325259
-1078697839723646025
-2909589336117325060
-8385616508459535048
-5199711438724694503
-6507678654878975155
3694764919776825989
-6586354197310341084
452340856867340187
-8091943993375464009
-9064854693447751140
-3820152103690459754
-2638632995507339662
8822000782887408499
901754102463825372
-8296558064708186420
-1080813076695059654
-9171854931264211514
-7104568289913331867
-4619381930277989954
2404915581874705105
-7793663619335181540
-7898421459984028399
4544835578420967092
-5687105874040191451
-9046856627736379812
-6913626847328946466
-534605902051877802
-6579459096396416251
-3877139797633890809
-8508860830972177994
3399115996307973905
8652610499314228685
7305173664072325210
7019457641569825395
2452738532281055688
-303838732598575223
188443754166580973
-1825794105065298907
349557101919953563
774201214284718720
7634808539960216857
1478694597040743175
-2269324669027928835
1440889164109442713
-386317101615317288
-3389986023358360708
1669763365898437063
-3197145910796280150
-984818526872249290
3581320261323765188
-4030117250469827728
1646090592360749790
-2722918326875620502
-4368357558326338671
6304427813033984947
-1549484311980308204
-3802073091375890141
-6407866562931954798
-3948645916170634469
-8125113357559526893
3399911647350782571
909173384857145085
1984492724249343649
7661234679595313697
6884725933805839265
3442747270140739111
7761260549339211785
-5887650575515340153
1688339340199980097
5416526767538450108
-782396132827602046
1628977457167444711
-2396050989778329084
7084237956739036003
2409187375009104954
-2147580292441807452
8317458051843453932
4027565513091595300
5916942902983735696
6501736789369529252
1615451303495537872
6549910293276463415
-5781985158406097983
-1430039724913295055
4015831723909900123
145383820617644231
7563298334129763056
-1002069628352153152
3533156356802319356
6683048315352242245
8734710413016533233
6562073331377050651
5070362278571554614
-8391776155031695831
8017283626483351194
9208861294508785582
-7036889829545646018
8671785586745253697
8192598072333538632
-9026242563069327917
-2922071036596460823
-8409708302532341311
-4804975140812687677
-5614813305684054286
-464518033014986934
2597651622240848760
6848291730521590974
-3631503245963389853
588311817589706609
-4337627827265599406
1215515797243406976
3344834775510315600
-3149243768792054506
8369459222962097099
-4179090077913618321
-1900197673386178108
8181555685302458414
7182113092116467224
8681778406372889679
-7765855824486657899
2449262573581217485
6487430565083043103
9118542963839432055
4176197548080902496
-8289096298452504949
1612766692997909077
9195172353868802759
-4525839069066350575
887461489316642154
3618114234969092739
1521245837442267355
8718285556975609498
5717221288988722540
7106858397417606954
6394155653091005657
-1174066644188749592
-1386238331143288923
8073361753803152720
-3289013680436671746
-7920908449837658265
-4357447033019551316
-8043794895376703318
-2623048699530398060
-7569942869251519686
5572237674328516500
8229951969014140788
6198897061072431787
-7472504926270108992
-5748744404331034737
257406594073303749
2777201967004922579
-413236424260094302
-3702281487612457032
1394291727125613970
6872148641712108689
8686338025550679463
-2702345599088639316
4113686658964995502
6457967788371518957
3217350272359737564
-4229650904962923957
-3001486524614003621
9164675311319730688
4661329877807862485
-196723791489335685
4902807962304286638
-3451880869134496228
2626636204019550099
-4278037085808905856
7361456657083289852
6232730590627169879
8174748268238620003
6729600024132272454
-4222153922322193438
-7081655885244059496
-6778547867158604429
5989656803705054201
148700595232310875
1677972925791191520
3886820845737912442
8114647725684154994
-1266669989041838020
-3575538392569266459
5267263236678973414
-6608321559354067865
589373802000840120
5270171005931549964
-3916241692483066513
-8056050849721119280
-1672361553484587601
-6499228056551276679
8783759534191861271
-3518934758897471979
5311436412976284713
8115501447029030899
-3413886941527304498
5519193353542205124
-1608819605554266867
8162944687876276966
-890113600548319885
-3717031390414063694
-4094407857359075565
8230918065801829976
7591444203033242313
3202122026951241606
-8843493357555811696
-4783217157692252641
7140769161325486415
-5002926462592238868
8304819805063764688
-4196522095043967381
8190365510232639621
-1620742039837270063
9045973154648843473
9030256175901314259
-5875777031365170294
4565563885596427267
-4123964910393007831
-5955445148943178372
-7073030161007819559
5479750240305881826
-7138283225718539673
4622547802763427921
-3226823508984395467
-5477745173336957557
-2718632723712985091
8395569779560189934
-9048189439766396890
-239676207110173841
4684982025452860957
6022431449012323513
-6484577682299102505
1054402569171273495
-5324056527723317832
1044815243980293001
5885051191554378717
-6925211788049426719
2381207247757636851
1719743823311225499
6060761141404040657
-6725573302517471862
-6828782799788655778
-4873934867863952463
-8217140339831386454
-3253993515280543615
3981948799616685973
2332216032946978032
4020148890285323910
7434397903905789619
7006313471513347909
-174678847927193590
6480415457164147634
-393573443877470019
943628097282138074
8246642192760623365
428272023310695666
8114476317837005817
7825727299601116086
-8710298727583638328
3598250289324297263
-2607377696257576202
3025989270136783374
5519248491118950293
-7103523804003587228
-8836522570382033323
3207553894090465744
3042333830752654126
3381161924839556430
8222196905752018696
2353020128057912679
-624370374928714829
-6123299763525861701
2881882438867151223
-5505969520871786731
5066582510135798788
5990871270012517046
-6842897376184235286
-7901393163132202330
-1979383535127141911
3121390428426025075
-4962337343256524839
-5528418766561554461
7729130699798611625
4514758096981328530
-6595069031533498064
5467075326824592481
5217610424770728053
-1626057733318237057
3071763251975315201
-4425842731948352111
-3341813625495749802
4110480265092767704
-7303840210918082902
952869737783092452
-1219688499799416267
6192831068132892332
-2365216812471597346
532565850377888069
-877095875494273048
-8535351706650876733
8089759981283329057
-1113397450689543905
-4495606385741405277
-2295587654235154707
-8508922268566813652
-7149677440447730677
7255736970433450655
-1308827167749122009
-4698178794470532939
-1703377833469654332
735726389242026564
-3837486400062609108
-1071295756377285978
4274856649949789108
-383084320663453276
-1945692048008492616
8272846144117427165
-354689098016731143
-3770662188450611790
-1259617121208175965
4156718569429699361
7957110933973284569
-4366792442382353577
251484934972832593
-3942485367077343703
-7115378380589198554
-7974633441422197706
-2029493101201325492
-8933034881958852919
-7122060222753575230
8106210703244381651
-3458218790671750602
-6154258264545201991
8777567986927967187
-441806001892220493
6888295880469222283
-2516318731092277260
1163232219960874192
-6640626105593998148
-6625930353319583774
2237713076906129193
-1441639114581056748
8371225901507715905
-3805267033339844427
4025369438119254931
7812177989903013519
-8359080093388437922
6601508121480101434
-5524933891820992206
-9090793226459052487
-3470646626779388829
5349890252825470265
2226513723769317219
-8174232981755408694
-6284345754827594526
-8460674440572140335
8660855196277626137
-7261477880914604674
-3867315180996127340
-4537866961760949322
-2032568103209853753
565427025313946297
-8639138593932131959
-5605504758219742190
8729472236760317660
-2955319244381058990
3312847917203691169
-2293009647024682698
-1590325466626979110
6426836901910078517
6470526336806825806
-7185444433968287620
-9200507457331153894
-3558346096109685804
-8359523940962864540
-7552571095331011489
1717796682483493509
2378542587346824408
2757835816394162959
7182020894707961914
-9085213882736659210
-4528309751228595973
625082268405484644
4554095126150620137
1975000354853008130
4051653288128773312
-3215539620334378049
-7316543363154922864
181857742309031286
-819587971121974678
-9011843748314565550
1936779010512609414
-2946966714898521893
-3233978639917421900
2341417749730106439
91633524595956042
-7448770125453261145
-429201436940812006
-2982996491180186636
1307528321355495497
5861320501005016770
-3433133132004021557
9205022237443818321
7073315427006714188
760510469396068823
7503021633186382265
-4181041823372130739
4025076405226165200
6770905257990406762
-2355640123622672243
3363242934239952066
-8069762245693542999
-6795536456827108639
5504179526333551155
-3358671772478428865
2958322041681743908
3775200245733263310
-4478306075696709785
4333837578954291434
-8015013042548308789
6427696627149610319
-2735502330028294646
8104065168496927368
-6115681970640519659
6370714659773736699
2700278319401546718
634502370165480515
1764778873769054195
-2416005645222485751
1202744133107788717
5901831901514394503
8477828193162706013
2709710133209287877
421327307713109632
259641527160551913
-6183123583715277562
8236358644995055660
-4712412564377451063
-8520848283006409522
-1418985944572640126
5678951237769220809
-4082512749156074558
-7359454415520742401
1311404220915021069
8366342673812578333
-3275027984967969746
-4436942180923664238
1795568439778801448
5196345520844231594
1960149057581457622
5731147062419853067
5958916066975922696
5631345969752298410
-6778477186671303248
8358111614829204144
-5163198389547673411
935793876119413797
-7395967014163447423
-505476659406563229
-6176792713106733949
8714441752770170195
-6438862691592700284
-5139669661225162008
-3057384066525999768
355556150907897921
4213733297864087001
-184696286826267121
276361765650734049
-1533080202119866485
5837230231885832025
3362795693968746086
-3111706533849589658
3188320136605879226
247204770221185353
-3245644129676258737
-124025106742114632
-1136024195457261673
-2258550685764867380
-3569264170411470174
-9140987173366045597
-1986402254821917145
199392262497972721
-4331491387741742254
5365674057623784812
-18226895516999509
-1469316787067166208
6348989246672554374
-4742958556596073349
2916064280647202890
4835382878395831643
7213350634815655345
-560825282296526258
-1408691955753473525
3683842567713327096
-4221050426171529659
3418152149537416447
-7785194167708249931
-5007078662515620718
5741336626871203655
-5318154538348174601
7415314464068842945
-267117212237315631
-9135313947843648078
-3611843513456460063
-5521998229164818141
1788302303589857412
1714253066442506787
-1583171763998191686
4552468682154683256
1771151106930065300
-90655056456373939
4656763646613857227
570789890745849301
4624766960961019308
-5264317136583607882
7200967797678861216
-9121381111465956647
1730236866684472414
1969892426703267924
7735444879377554913
8490262317408074742
-9094155907921022996
-4627620127012927299
8886444034826964219
-8052122299141333887
5325304464083831610
8743663790517503555
654047703084474839
-5474144985104068785
5607219033105130561
7119213433752547701
5940612758800860167
-8284007757021059907
-5689417980688384708
4722334734035040121
-2649182457525837366
3064432287267059560
-7591513330631027240
-1896238882465029252
4543667527449240414
-7837777986963632090
9074676818587757516
-3287837798698632156
-3176642793139290467
-6437341903416738116
-4336932516298131304
5709491796331137481
2140518775996989592
-4579986153056261829
7478278439809891412
7481506360900215629
6457405056975402239
-5017887750397089997
8915147943972034892
-6832443128018226205
301399193230836501
2915846432165372661
6376189876601320879
7255203150029983860
-4585490441732182508
-2374524963276012594
-5858531663615906839
5719285664981050887
-5283919592112842556
-4144781202730666763
5878055377472258091
5083945950737675685
3128417843098691789
2554788946037421413
-6812168831108123041
-4985532940605576783
6335483850742587498
-4745399436179266745
7251185819589222656
-2678890708778669805
-5442883310313248483
7691633846210279110
556689953903027311
1732661732114064503
-7250115250143641634
-6143748594757429652
8956844232588166583
-5164765595160099516
-1258165579911423601
-730904812539736813
8975973989010904528
3147709976283451628
-570472674248842223
-2290711886952473776
-9156791150482554449
-1124408004229055467
5016594469998075970
-1934468442097864245
5544274565480709035
-9153811293411933596
7421106463590190329
6572151157173694667
-9041864978438756476
-1627058844945164085
8986537562636432901
3049219028601384509
-1721753856597680247
-605557124814709381
-1589579419041019899
7079968642004164634
-1473523156607964678
6997510709634792389
3528108713585396404
-7716509920825852988
4451769221438223599
-6935414372274398451
-8900169265882506033
-5223034952767081471
-6108119405687990108
-7309936097485003338
-4318268444835672326
2683843036639470839
920643372325594136
-2072742719177457259
145537008931494765
9024424461502046046
2500628160972745367
-1697345866871456703
-5680354015732707332
8740999671320409623
5597053517001059087
-5685267890233885561
3675643257011323501
-5283956851408918434
1786021471020313045
-5736443557416751482
-6132580081607766296
-3546657835672848347
8710473698091208160
87684070167161541
-5642028376562231311
8927682881421164670
705800710024510072
-3736092487841504064
-2620478613591317942
-3491741311128933286
4449710966034671387
155303118010326939
2578510500524648719
557288069638874564
-6156187074280997616
-3590805410592781428
534059469446692059
6199439494016141573
-391117604432508736
-1298586263819471779
2991498867662800456
-392251215397934523
7469554489149309138
-6141448955256562670
8255278493468502531
-4785661917237254154
-658932429727847559
5675145364389777547
-945902170915488998
-3891704740092183912
-530817682905346164
4500122552899439234
5780578450200554078
2989348214726997379
310850205768516321
-3464551964703657475
5454371512624249382
6077112710296750746
-5267552410984634538
2922018147648724259
-4347004380677928590
-7685161046301738133
-7751172862357660800
5585658482892652009
5349063814904774083
3186727930674510532
-6933972472782100380
7646015083912044019
6577728070068907986
7522143050197664879
4108493723142590963
1174155824522607794
-3173817509508300145
-1816648903258989441
-2324647236584137905
1418396171937904975
-42973379434306659
8592214368313627320
2480276532390164421
-5528939396514241445
-3267686805192338902
-324718784694782641
562847218981186125
5968147728391805241
5146129767429859452
-2074362086596182237
9185179910023571438
-8216218823667410029
-6951747112879446924
5887213473706603432
-1328664084562854079
1838699852147461605
-6785926403736322991
2241482639403294231
-1278133385375233580
7928519845502458882
-7057808153177539729
2776701954549147782
1901379510519145297
-2319578552237663088
2692260902457794672
4274310038167680559
-4405379501098773015
1029567715355780450
7452503608652509134
2881571283815581530
8763629861613094634
-1458099727177716095
-3121924273492061689
-1409183883949753826
-5913327114743824489
3395966997958421114
-4110010132707128851
-1910263577793552166
3693530244874241233
4222663132046134248
-8240884408892176958
-827829719472584604
7257253815706604194
867586369332630948
3754962166055996051
-3025696402608625915
6482178744753150339
-8324650395431248039
-6223323013424801255
509181870391620248
-27934513066901447
-9028277178502647415
-7472920527452963535
-5597506409714246939
4131206490819873076
5027892760414752159
-604776189195105492
5898930542283686521
5632971543426713772
3728111886278099861
-3443118896202594962
-5527633642163792859
-5573462234054501828
-5938378924039264665
6862107704667790160
-3947368493055462131
-7680346733406887954
-3063739415801971202
-2260721641801226181
4778665295896225133
-9203930546615370732
-2659296725806769697
-6769391700489345150
-767095993039499772
-7425262319280393435
710094456939248424
5566899844650410888
4786722260603433304
-7160820185831236485
-6330866682915874748
2031001139648241967
1869348680184120831
-7756147857652913703
-7405392014048925194
4360483857083700927
-4997076489369142367
8892315998847912534
793140803890488164
-3959650161398791670
4756021422111755942
2599790283267683934
-1708502095124985552
-4885581754039460949
1796385333918936862
-825978269234148607
-2625695083839019462
7547792446965128578
5284736192100107064
4210301178342003819
3335515042534266711
8057798158455259650
-3303081036524865334
-3487517345021208944
958203987380919740
8097331125201657737
-5536421575441751530
6073967243086271532
684180223760924751
-7729210764864134183
7623631592758934407
2609858816857783935
-1921503997424027261
-320162650422361757
-1062186127879597647
-5035025019777151760
3541369346122017952
831094802880574191
-5153213974951725452
8627103537655745619
-8456856633922258323
440515879998371243
-1009977365598059983
4329897846914536187
8428309186488949822
6322110856396725026
8417919131468219259
145372860493028601
-1673225012808398013
-6971074584226392781
6165322474830615523
7348307552519422839
-2395794093397045467
315956796605153080
-7597205931669094366
-2896066573637281686
-3919379805368365350
987341813877984688
2579933797615961821
2213299839578441458
-1401624842429785333
8010712628385453899
-8985278599377455281
-5020731582529965157
-259873956971901628
5014008449909035985
-20807011369012576
-7408795483770799465
-7433841416416810515
1329046817726099184
6791413435760315225
-5400425247690714552
6914657545832173912
840954556425892471
-1362271134851367981
-3355342040594029563
-8103285184011674095
-1011994310170374263
-7129867815503366097
8124196166709461625
-618986126771999276
2430302617560645489
3181252643384357574
855719401223830590
1397857303666020166
-7279385912842907394
-483412398628189791
-2256048617107990433
1500760345158941553
-5728022533046604660
-8761392918302730279
-6298652028521396417
-7809633247360289273
7993817873906504347
-3391396996487491642
-5723348405400564486
1337596668071533166
-2979307415955846851
4167407551539742303
4428452799223679251
2135947689424689807
1402026792545354931
289057061893685348
-1099734058397387518
8365765359210681444
-6991889229502715516
4462203752737659477
-2179409705720953374
-8033158505246323674
-7768282080229311798
-2796390136019440401
-955114815144529352
8964494353985243876
-4675111411120341959
883581979222383483
-8130176639047059076
-1161936534253498794
5643608612328570953
-8270987198947836634
-3584223764846205252
-9108140656483244975
-3053038808075129568
-891350606328626619
-2548006731332068291
-3004367315496927339
8247498682903147306
-7489056724408267382
-5446378822133165050
5596128512282577093
-550736813813180949
5300171216190122218
3987617415889621373
8603925633341855290
-2971647439844126003
806293427868498236
5882360977838471234
6757504121172417821
-1276518707186971629
-6208254003623605901
-4534300497680368302
-4555710854170131042
-1684594087160015860
893536412061647575
-8457864324348423337
5439553889776653942
3317417452757107106
-6929299546158393050
-1283423264610226175
-3570434585561594738
-4055421426784616107
8052133086120149765
2244005604543964545
9033297873316281378
-1679192932616857005
-3847600446644846650
-1489201430577050758
-7164504411883631822
8890006467552399598
4594820384927612837
5498977810540649074
8632161112858613288
-1178776825897530052
-8777306072149331703
3196214202583886910
-9015987273582699974
8364376994196655428
-3239228074435388537
-2138835385696894745
-2859906801066333179
-7936959412212970803
2069629581585109091
-5394819943563695080
8533466529711003125
1108288179270037823
-7414862964326624946
-501084253022503319
-991954783059311565
5654369145215608559
-3691331308911609801
-7713948389788682419
5964683222138696234
5520073673868094469
2028602500234319622
-7928725880884923787
5846047071193764601
7723466508601788504
-4759546470094970368
-3509563669138723915
-2903531657207004737
4414974815617329025
6697683380661651407
5718684116157466652
-329398579063483543
2451696026952387866
-3330314658103327025
-411797562137301133
-1024583122337447807
-3905193318773344066
-2366054394586690152
4168466077549815532
-1665359257103710945
2888971701388144660
6514100478325478979
-6314850617793648031
2954449584326125756
-514501664230007212
918748128411985023
8935857360895304024
5470336102881329747
8079463463135579729
5138368450907221545
159026083595623730
217066982137157250
4896313741363222459
-2089258016289421203
-96472720497354880
8024003055870185652
-4310235476403144565
-373519432129786766
-8798780872500521136
1186973933305636496
-4148264738996465927
3999674789281530705
-302078318613742361
-1833370051913922987
-5371833333529344874
-7074717699689158057
-4144152922419479761
7097204914426386267
7487335496039564058
161235972354133877
-6692197489030944142
6764966563002547682
-105630023009169457
-1141551457669122921
7628230535501821949
-4197344297170901141
3792590611642762836
-5369291995276047724
6828984446803420590
160114058819651392
-3409071880525980519
4014813289643011853
-8331060835776801516
-7334781779887940849
-4365160297789562808
-8216711988557189627
7400721117687166581
3229771006781825610
-7889432560683370422
-2567635400952345269
1905062747966007619
-5942937955483105345
-1962722130177837896
-4726960958446140339
-7868191831213050167
-4770849015278207847
6989509255032219539
-8737982016782878377
5919884250689335854
-4792512203910457777
-2268281598666127220
-6794910951116040641
-3949243077378394212
7914656133230494033
4519560618559827291
-1411149079078563246
-4974123484194023362
-4552524896916866254
-3722826317600107838
2821664084354805079
8857562325314869361
1860736729321093723
2906853098289140626
8754797330787531974
-4829131453700944598
-7786175514196215392
6136178248759879572
-6784465942758780748
-8514829406015834695
-1275821779466125901
-2021748129084103851
-8338525303394944606
-8870797772043986082
4292510741395928592
1549788893186369905
-6463718398534254707
-7102722838356947370
-3402132747714577958
7622754017267769549
5940182456241197764
-6069882158838149880
-4757505221607645956
-8159230215413577831
2397679160034668833
-8923661306631103306
-9049373830439139236
471288078128214570
5310290250084042252
444717981618963963
1492921968710378850
-5175572710387160527
-1789887040119490060
4147702996657840756
3237557284857801466
-7031661769904815938
8660215937081959256
5634094783841218899
-6398415833050548705
4396634319899578619
3293449500013682789
-5224692126125589143
-5851553866009003163
5059388880508677070
-1740018443975724094
-7863164065476611307
-2931826475423323221
6470854124511013336
4055061672042080896
6179835504010453937
-7354887396081967720
8735831687412245482
2487230266560020247
-5082019757742487155
7511613495003527716
106048296926737302
6137562724996079789
-6306648904316739756
1719349243662610717
6639692206572532947
-422013085565835678
-1539096298530086699
3717149657610330414
-7370177109276976383
-6248907607812654216
4292930038764566112
1725818972444401724
-1467447676461905337
-6651581336396741824
7220191802619082823
-2598291522271298547
8432246902704186098
423983935561020034
405538880344694282
-1323861547259722191
-703341393853454361
3518942915349410075
-8862919458963198730
-2127596226374078043
7515726442837877560
5028385898826869245
-2660442672622517706
-5232529016780384694
4750581236224659776
-1828945510260863053
2138966171927561670
7156238546882744047
4972462614785747853
5673551783644360791
6930038383174642837
2123834975192041081
6049869234101817313
-7440398670032133922
-4895673131607477097
-6781015613803261135
-3334584375907274822
4442953985345245721
-7120359075347760103
-7655610773608626924
1748745134631746802
-5858635148429932783
-1037363250652211318
-5484601083503989184
2997014729883649789
-252806086372136946
-2785665662797172826
8068268531415403659
778621425495337578
-5480545806212588394
-1692154263159289918
4389632888658693394
8592922990046885045
-8925749925171128192
-4689587183477780339
2567293074620007812
870458883607961887
-373232403328180898
-5095469534518531311
-4486084488809812762
-8980907654128586234
-4200449194639982681
4087367588044152285
-4513712060396860702
4006057168050421192
-7846404395120785527
-7636118574914518987
-345346043187824964
567706828476264625
-8304270989412550942
-1643718538250696108
3861531967642302366
5390257299841175141
3289492976911292110
8330664086491973876
382574810860353533
-7948586178550732469
1917807913121574247
-8719951520812831529
-5837360692835388781
-4070242135813827285
-210832165704257177
914091261004330175
-8738581953354524882
-1240324932568804421
6093796825456596091
-1714681356388824174
5807736848702924194
9076122125912329274
-5878703183104306394
-786350107928427966
-6432210216170708413
-4029463881055868348
-4397407855932956928
-2713037756202196153
-3196810619591972551
-326288328564153960
1626091974151146672
-505287874143304921
-5733992792307755334
4412767021381185764
9082662723796496510
-623161782478572556
2329648686509248550
-3312543524064740140
1020458636701145128
5835817088184206422
2277649397744103713
257169122371086977
-2303068555886880996
-6033593027154918171
-2415740276101192971
7513490817674679207
-1533440859975910060
814246428789771733
6360857940057237103
-1647439646963022801
-6945664232467263484
3936959187185188653
2624393995256681894
5387891939062531963
4397968139763714831
-3660153060159343261
1960403485814479460
272684152721633940
659596500929316855
7520936459436628064
1101194714623796526
-7171214011264023991
-7466728968943419497
7952819184219521292
7535909899808083546
-1266296139371755647
2234803790642984431
5200509426857947568
-485389284863004225
-7828695631807719348
2643055851195630070
1037252686948433422
7039184132533532829
452188545577564972
8886516641848650557
-5975184604389679539
7162549369851082682
928043782633954600
2108546925092040374
-3853581400042777123
8395471958296791175
-6114984378357872372
-7894377095470859352
-5029226299243134484
7513032559141649638
-138770385897112450
2751445355236077001
1218377178456514410
727345781672655269
-7153529941884165577
4796186231371007278
-6196230295016663413
-5169837363723957072
-3218590957700462056
-8765524094589667146
-8844270980844942631
-6165698877792714583
-8352729809843728346
3421978288731023755
-7683267710571335006
-5746435723347421083
-8090562625097972413
8862543878756147672
5706797343704290116
-5156721750435448629
5439406432118603076
-4108523943788578039
-3474423079772003860
2170203534387231220
7892976335960279775
-1967802471826117580
5247873630537523217
1679633500392958026
-8613128762205188543
-1485760762469446527
-3698741389469158818
5068332794581877126
-6343624113813875865
-4094743821583713398
3517191768507128535
-1470488769262102133
-46063758444718874
-7037731776490916617
-5577833312489104889
2539046211643354235
-2338776523592688084
6018756318167403791
8198387995449660839
-4755920699008230873
6527378063878372686
6041389282151232864
-1504328474178067797
-473230870284028290
-8851273634846309827
5354439450740215602
6283939499038917080
6343761228531630887
-5902004381564885465
-5900752395030741988
7917114328392506711
8328949814454176713
-7964181949890846210
8515116296731338907
-8384070020906758721
2137877128913355413
2286317046198046088
7582239727708547744
6321197530646809889
-1507162220251308725
-2336957928892322499
7597096603902047423
-1870996193722788954
9175107120355047741
4372538481006596693
-9168010098479126334
252657899841782127
-1341984325294664370
-1464239565850127984
-7322191097527324785
-8248154546142371257
1947586402259771238
-8713167757599866309
-8495063730536661567
6371082440081734952
7437151036030633911
-6677948076717591446
5904299951133859137
-708387322495548618
5317633625406673981
5428905289229161882
858151237759490134
-3859001369030105289
-8741266026878099041
5264428823972856450
4287186753942584765
-5853190166936809130
4795476962339521942
4765889902992159872
3771640609471412915
-7371440075118915237
6331359711478946837
1766492209351370270
625335522287355318
3998104062569772521
7719067809403365830
3095368097976230252
1133274409207459294
4501695856688860961
-3652341409063018964
3737754772639985308
5279930774424158252
-2015921756618943387
6264128872638042838
-783601342810862172
1966634962914105563
-390460991450653648
-180790330317312379
-2929647224579088140
10879767465269290
6020794433666013228
4842276032292474664
-8327899491110210570
6818320340062925074
-454235403939642109
-7719409771342712579
5553062978749279621
-5374597798527169621
5317781861735336876
-5863276748156451991
853974333678724300
-5012422548448556952
-8672848036312863946
1693679652396960742
-9140191796248129198
4851978931638797220
7469100023722797998
-6460310142206574617
-4222964252701687659
-864810787836734964
-6792090741507488121
-4059158968157815360
3612596577010886521
-5900677236215487202
-9019754484696643214
5471790115249089651
2254176487140696979
6588911476224386360
-3369226845282737502
-3714149811405428621
2764686080809830297
3418757151531206610
-5440998191365653460
5072107350486700655
-4711924556982733401
-7191195177678317034
-5661728830644743807
706524009245690227
-1434198600579245702
3955050640977929817
-2055323178577286910
6606169369755625757
3786690263848240903
-8439883993837497135
-2761303123260145017
7556926821925699311
1502687759993688114
2718479465652657768
7288147537412213460
-8606478591973620728
197321512819683620
3200940589248837394
715605871632104466
-8711862988375204586
5742754746839683041
-497332267064750662
1549719368003789541
1881866880524863061
968956092905194088
8204197502133301724
5980545614413296091
-3018043986365036075
4275687155413898397
-2979216600584698602
-9210452613980739780
7453150245565375459
-6507757818568387120
2205219309799344772
9004463750962486115
-1492230397677202137
-1902850062539684100
6125698560826452619
-8791149832921884186
8729572626737729057
-5788954011148019959
-6837322816067492961
-6365902233811612363
8713856797838584004
-4482842608204959199
-8286262378705384093
-6161038917315504872
-1592191458890599038
2089738156162527609
-8099500714579108852
-7442867229402470978
-5972249740751032987
4694716321079715931
-7232915877419434744
-3630247423646249893
179626830344004628
-9217550433446713524
-8673988860489082333
-4512984260131956188
-6345156902957266753
3148300015059114952
7454540083654965327
-8738115923797097006
-7966632693962107877
-7699729946631787502
-4713475745418655640
2208260398832664403
1034169763774739006
-5693112616795580501
-5819878753448618845
5093570299264814919
3268815068559347570
-6249512599296953584
-4949415986612651769
2116836205650633519
4537038983034174078
3730795811785727544
1713105948448233414
-7660182098345664738
6999234398661066893
-607131559732040290
7883045750990073670
5921851475747822921
-5988258192943516774
3347222826141490318
657042933282293205
8038666235939306124
-3677132393490162457
-7683967280547241275
-512160816925824017
-106865578526043541
-2971955584254231778
5016980946201251549
-2286962474588652770
-8664008966346393414
2622928765247421324
8726959516956027906
-1376055981710464941
8662628700290865530
7198954317633115015
6679554970406649056
6089618364391348169
-8967943332713459076
-4333590968665232242
3306140943180368243
114017969970201883
-1205938118222681279
2409661977246267333
7285173177071321269
6005113165087470052
8951182322116785498
-6431282097371011556
7661350041133937841
2085813139280126315
2757947831027636441
2205134419469965214
-8007708689047112062
6496826432189718966
-8863748067095614480
-9123044288082051013
-6100367521114846716
8890710153768385489
6507748642141561292
684602225925254510
9052626567905775299
-3998518667275065719
8709139005956493394
9138839386541062217
-8210199770716173426
6212365049910288290
-6425810830750168586
-2843196400477099303
8258057958149469062
5527769302140111009
5015599567161814731
-1088858598483722955
4693823251796603339
8628839411614051549
-4120524883664686306
1939040718470335883
-2391018979812893358
-4813834716045109158
-211399977363172395
-2567491983038019267
-7545213985076803648
6234893428966539005
-6461749421297198268
-8959737973448772094
7057041342026689997
3378705636480023095
6331925004026445152
6787901540383376506
-6435988798077684166
6122945725091825742
2307061959960600398
-2068535703747686498
4026258026005907875
8380816882195244755
5189815610035603177
2276358940079033049
-5505777745946225433
4690842823689966800
7021930710668722709
-9132750850943983329
8401954625386825183
2299540152555242765
7814527250469369021
-6979464481400629621
-5374451850425054328
2981045116178339732
-6575900917058530463
863651507074128422
-7401018881752244152
-5768328809344763416
4218303397746107854
-5361896327093420946
3396542411306092251
6557795536016393603
1391529344757550380
-1930122880703833212
8991397176406592354
7628989765985908048
1643745674624739473
-19814966877125533
4119300692739755429
-7422936978498831362
4245916661434157869
288078944950197683
5325223949929566224
4505429018169951800
8999455789894525082
-4135651591167629159
-7969322276676566309
6998449117522407392
3657267179487623428
8145824718412066049
-9209906573792305553
-731558115909922173
-2686897078454250777
6703464207697743891
7556318794390714912
-6945037268665641436
-2210675645987353997
-4806666367548961857
5302338369123134128
1679232022362702408
-3839443735945506298
-872697291703042218
-2307455288934861184
-8721298393222641842
-6992775306284028236
5610162427885959718
8377069844385101191
-8981534315144257561
797199016931239128
1733908782463453173
5835832639433593037
6047528617886113528
951041984480710136
-3667593711525786371
-4947471042999582184
-4480134614283772885
-1609266362756643342
470098422845920130
8826266480164834440
5054772317707938874
-1871769258940630867
-4773251514163889029
8511274627161307694
3863871007901899308
-3261169799074022149
393058267451891551
-751723396206028413
-9134492592520539610
5953245581886580577
-969865075977438201
-6657726935454218549
2854116718398506282
8942295239290384320
-8256758079303341114
-1161831182576980226
-8374376919275858393
-8207963769555027060
6309832119763090421
4665080473282815331
5533609524378515965
156813870067034151
-6015121026434153049
6396568664470829497
8904485220587936292
6266845999457880079
-2763453488790883209
-5076961737184746529
1111917683572484210
3794423483241248627
1564163388652633195
4845770129771039772
-6161360137828064885
-295702898543444024
-7937253942692433352
-2473741381862167174
-3584102382472670313
2886566337896657064
-8283583604517636401
6414363744404308280
8478835930844402292
5859408520504279693
427755642404568769
-5275839115288983798
1167120202537656338
3620315320630908163
-7377553252848403308
774214086264854350
3106906137513113183
3364347160125654287
-2305552311792328599
-827358178918476812
-7314226096223301937
4726798190593143720
2079415819175326627
-6705841304607284718
7370040591955217251
-823779198711414765
7422229565584348448
7393674374818002342
-4255918889553644968
-8252483375596364825
3895328022506694085
-516538628991491438
7588482477309121821
-8007526635604450897
-2524596394701679158
4104690556051465806
-6566797485756813662
-8117021124918289192
-7960913409814819979
4478850752523079837
3335291016353076536
-2403284338717082624
2512189155680340835
3192503217965741755
6940562481021332985
-4236496224261193089
-7041613327303752175
-1759997532030128515
-8050672276116501443
7195213267276090092
1765996471898429021
-6325636058985532682
-2213848452585436403
4653227723535834602
-7170209630474168777
9080122098538650382
-5896915737407707790
7332152885557360651
-8443646160257667741
-8825097399996163875
-5126615460675777676
3934078695953828071
96353836268717473
3652398179003884625
-221863509689545659
8314024560321562284
-2463053151012097467
7280933724778158692
6849289662735767826
-2109862798224066667
7762145782503881459
-7703234604860342706
-3744941335886974552
-5887429127926223254
-2445224890736566686
4428927905317905039
6928304627359971704
-7372695741067760760
1265146517931704259
-5387554342238303226
2059085424302138405
-4591105251577477436
9215803448234820335
-7363511767039985778
-408443377192377051
-7882276705782865757
-3013358009280349222
-6714472301917674206
5586105696517685930
5433043538997355380
-191828609025473350
-6165002753832454244
7406840294964890235
-2114781397286321249
-5603271638484243516
3318513843951555924
-5434257672372370711
3765768020545197537
-5507686981080581438
-3071482343532483832
7626997909100504683
4785753765902818446
7275494962394815240
1731554463083257463
-6449483587593607136
28997291629572984
-361957537610905251
7127826397274018925
-7336009644215780054
1724100127032430916
5121006793103822759
-992361790292308285
2478481621342435280
1448767449789638532
-4500079944992035147
7320111196290934030
7271183298666211941
2483073077019170310
-3028881045035502355
518863369149219862
1309312138113141873
8028233599233739800
-1451826496568095707
6225814267165002287
-1689298447294089153
2071148839243979966
6143665181872035177
-2302153310380503274
-7280490492568703385
-4028471918943727472
-1695097025025291547
-7902865688628500970
8403222809167496910
919606134817427702
2693100551742792618
-3308456971443396064
6764991008870305295
7518948541302082393
-3937957172090002658
-7782974214449696105
5364222754563201958
-7736921210538540806
-1375511936784731692
3946175458505041021
-3914085027299264547
-442746158826170688
4370622847754668204
4009971854646473245
-1192217419859620015
1019489690037676861
3295743130886172336
-3004861153921985143
840587068570538897
-7269621836395112071
799250145735967066
2706724362734290064
-5062357847635808331
5574744788273128825
-5040438267627919193
8482365947583275489
-359423843235370687
-1748874296163624489
1849106459156549467
5835090340449471181
3709658553769252472
-2081478066819634080
5096914747486873817
-7988843685725556492
-607928171379196395
-7028455182838692608
-2317446642241482583
4777235168777859422
-7837111434869852875
321041396398113598
9112987784643077884
1566302997529151534
-7611704772656110923
-3940228371093447787
-5549061673082434147
-11552996964250720
2435722145399532846
7316947922791877722
-1031135664488247283
4595802413215068307
-6757043580378214283
-4422577377575381092
1329177467528966715
-1266587851727783519
8958775274527512058
-7180866229432432256
5285058191070680744
4540883552129692729
7932030628904798358
-254151022634241825
7335105318570865158
6628206412439085755
-5142370280060769535
-4982755510894308963
4847918720074530668
6534616681608745042
-8230806395914070236
-3648901842323641046
3466435809092838106
-6688118872302326638
4053502660823875516
3054760615614214203
7066481259097983828
8940723628190464784
333156837865611190
5044312133042280858
1332413672411331614
-7939637317418229151
2342512088632464386
-5446750332873760104
-7174220517314098812
9037242585267989068
2501223302367518643
2417910832000469924
-263681657280692881
-8980478584724384038
4888501813841639921
-6821932653123816256
-8293197177249908654
2718501201060383185
-3979347366674816921
636450067619063474
4824605949981906823
5519626386069771217
3236740563852783199
-472619763130334179
3226869899170930025
5163876794358902910
3325227586634794401
-2961778907320980960
-7060471384571300391
5408323118562236279
-6168633040472790807
-7213731257473126232
2832736133817114761
2053804855777587738
-5494709405781685205
-4029066731072238144
3441395910841138138
-6496053279192482745
2926577870830645770
-690234275196283223
639033040963303064
3484205136461303012
-4022816500173788222
-2749125881128293870
-5302589614758897102
2397840167913025610
-4493130358442803319
7587131081805012326
2630601091006406539
-6905137191553008799
5825575935316202033
8047051155991001708
-4096130413904362827
2127334870641150687
-4256605886699721063
6396872025258762994
4795416468195864250
2656614744421942026
2701745884815419848
-1756752004830577820
-2127376035470700639
-6294453471361636422
1718811065646236228
-3362490630404370977
673351732030594366
-2053105657241527225
-3739919457283942671
4675465692160332437
-7739269875882563463
8008060395977892788
2219073813593633175
-214157071025053755
-6591515873313215243
-4595437486051645979
501239010966611843
1449146178229366635
5280711334721812355
-7579702894755241479
4442706326876133351
-7367023667213339644
4066060747494497693
-45248088099403370
8167592650905711044
542772813233859832
4872849727517679198
4881165978894873826
5422046850782241622
3875726992251434906
5626315154782220507
5022099545622016260
3433664676940760191
2797143901985140068
525154341367851507
6613951805309821577
-4991258019301146661
5535750914012811224
9114083517576328860
7396777023147706307
-8813084440714732614
-6708047396463749351
8667862328184762337
7620094707169062251
-6468966856717389432
-7649985478302945785
3291648740467838458
875235278666028290
-2591380690203114215
8405951419425374838
-8147139160451481890
-6786138159791309854
-3322541760688476847
8268326282745703281
-1521173376490258844
1968258563995608646
-5281082559870387131
7623698016813389474
-5382479790624298806
-6901851221819896402
-6893081245071842239
5943077151415803627
3148373593838668034
2705947445128352733
1230132750772212230
-7772968909781346222
7229429724147181406
-6641402674690715643
-4917954255279124817
4981948283657904044
4591741472095102439
1585906380708091209
-1448041814837694044
8192381732241703985
5141492491129942981
-8909170477676218271
-5675918340457229834
5773402747712868563
5666764222473707354
-3236306418109676497
-8554054535513754284
3026665767266601636
5649246643029108783
117712529462381316
6673412961655742582
5806820547340004308
-2685020245631910815
-7485454821230941567
8774312334454511749
-4177602023951327020
6620925934018280029
-6184530823353563095
-1507934774961601799
7043852357137479403
-2855083704006341979
1144418425857684438
-2298246317778570028
-4800111123482398906
190082305093260891
5219876944845720601
-6406863778342045172
-8470312944217667596
-4694595716686826424
8024001406998078320
1593315468772418889
-3554888391632028414
8508795726697697299
8761506259519066070
4416384514854565987
-4147080234552172301
6276700590903251216
7743496120712458388
5960402059274936932
-3575123765357629555
4610567386008619877
145652919888246365
-5032237898290996320
-543775836609679110
-3645873510954963044
-2851988141226781381
8470134916190980511
-1717474870693681038
-538854065561911494
-7691638011138383569
3797814895032897860
2835426952152148214
-3290922338637175835
736285081790912099
-5209031362952650754
7768668106281503298
1582061899639802472
-320867628902715223
-1253964908420629780
5721643961681159701
-3011438824528228009
9136790753326017060
825094492787264694
-7765682215454369640
2876337227214254373
187329067217296098
770252545888924863
7083537941239741263
-6810837010722935934
8165661910534993577
5561294080679434405
-3787221448905915633
4054828308847182050
-7721310284872252739
6400395569421561977
843274745115428443
-5039535422603184289
-3847641284263775857
-2284916476617979527
-7482975547490384153
-4825006171418774918
-887289983290404178
-8353559991950498891
415555662081058591
6984082423284911231
-5960493547131703272
-433085167934663502
-1775493535022211772
5365714903307880885
1933620456891120482
-8100397289493165201
-1341619202753983720
1696165973963826115
-1568157049936589659
-1446428226507273623
-7964306926812884549
1039561143212137113
8005967721843613671
-6861608457504911680
-6851728005273797437
514495953969287566
-3280953794114565051
-1095430340038299928
8537929121549092788
5636105934020901078
-8412697027383840441
-36172913132912887
3264783299235858369
-8906015214079680295
-1942165460874871481
-1985656522757647767
-8654318234768086965
-6761927632413372456
-6710713806359541267
-6995573910780821485
7428047531686292806
5982800623778184833
7952921926897174129
8400513323914907934
-6676698887953853952
227429460773985198
-2580502281322671041
-5784694902944127661
5172946359122955607
6437525470484783206
8751248586710986362
6790922664531634056
-1729258464822602254
-2609959390854314466
5702283541934518331
2230782707625214048
-1994020156354975711
1122094443400972688
-4021367979086848319
8483327297740570366
652157264466351614
-9085354940579532475
6311707112640098818
8285394920015740262
-5043060944813741535
-4451004835252642567
1498739851437317615
-189830010078695367
6299930024308234663
2241458616363876806
-4251924603129278574
3805939514558980527
5910177961521465570
-7690468483306521854
4790363088052600662
-365659979983079773
8067192507022750754
4167937557947008983
-6458245513883129622
-2418066314345138260
3373221973631448047
7944378076475744401
6386262126444278675
2196925351432857109
5047302033320309896
-8338949837370726670
414878401864749052
2924278878467392098
-8540756150282508623
4198869943565846309
8897031028340247182
-7266457420948985840
-5982395552935889019
-248366287896494561
-8778467397251892571
-353705819493911813
9002653162517560247
4310120238464020167
464297971906588448
-7537327419107831836
2976102342894635649
-6284127724496591605
4160829181772219207
94345760252025125
3117147116356383655
5939576196250044261
-514229523558845808
-5341992605308711140
3807633437755967016
-6000793733197656251
6260630233261479071
-4074919174801220396
6164429446573709382
4338110132398751071
-6992766525241310312
8657903887713994863
5222371859832365925
-482599046179478436
8493639261836703586
-2807397240509711116
621718007175415173
-8089414487388029261
-2396633593966480539
6635723332163089747
6701503837838042897
8129556976499368080
-8727365773496201336
3781252857660189253
-8253916627546543833
7547552749718371574
-7318270926275487922
-1048356040389975315
-7269339196794654266
-4099506242165940264
9193609083764064066
-6813515030955158222
-7937193541786905280
-7279555972851354487
4463046649818519815
-7781692719121151880
6436309934313115815
870403322023323310
6090432179435894186
3699544992845708451
-6204061456886083888
-3280272911628698441
6552249791126561828
7828790381697573850
-1311126566010988384
3078833557591008170
-7754508967000791536
-1666110390097990301
8411905433327164332
-6718635093421221859
-7630484980663627628
-184204090085972341
-7423538625011162305
1457761804574814626
4724452974294157065
1592516455738528216
3911883765094647259
7913165700611553474
8825381665693902737
-2482433294366599906
-6227947682125397513
1045102147812248531
7301346141044138353
8396780489258135949
-6005499515339304552
-7831082790136638849
2651226850006225565
5101636054828192962
3467425564132046999
-3238954101470306739
-2619358274398085451
-8470105591285438374
-5823103788187314948
-4172083958261325601
-7447640311263540185
3743986153448134387
8295004289252013858
-6377582186531658075
6647043283689422261
8802546637428913881
-6328192570073294466
-9134015173169152842
-2337536245630735359
4324990952666991898
-399447439533382965
-1530932086268865654
11012901300084708
-6671838847604416901
-8869276677059325104
1538026183336402761
4968252855739306397
2193435351403751559
6568001765068882921
6264965381943383932
-1834132460248756682
-7939125463578562584
5981279410203536868
6064632598470954653
-7670126881376595107
-6576166182784457945
-1601165441735693436
3517753487517833709
-5845308687224400376
-5295654538261819694
-2975765338910368613
8029796523834513128
-1963987191800620013
-2570736954793453846
8008277445491225400
-2937000377157650703
-2381960500904737419
698378408148406102
-7915543090292344348
-3727940916819120057
4808107114348158237
-9076921538883969332
705260960396368597
2514078427609078796
-7810151705003718554
52804868733075167
-5050649188254698990
7283156407754235597
-4934522700943741090
-4440766369109274757
2576069522082241332
-2825415504357842168
-6055751807599882661
586356811069363603
-2093860844249600349
4288938867442202364
2083655739772892541
3334083530676232305
-9188875831822929142
-5503136720467558328
7744437654741776038
-7250249420018392781
1159858154800687190
5057675068118933202
9099033757243722801
1045983406096819888
-1642278776991761677
3065413605154182825
-8614522260857168971
-3098834529418551472
-8417727922862906366
-8237772614073312474
-2530331729332118116
-7634047418605154993
3317560952963189628
-5580598292739945203
2262623493539352922
-5805769551008405214
-6852337233659742834
-4688219875681359630
-8272501061826458120
1669072594890857367
3976618944960895510
4505795080241208848
2905198011084420392
-3704387835464447778
-1971649370185436724
-905404101616008071
180325931007331933
6226140118876292006
3058772680263669596
-1363476251276237469
761778371806783795
-8588188301048175533
-1736388102312976643
832520116829963476
-1609872932279154404
-1159645127374478405
-2642606850583996412
4162564285110095460
2925531720285581255
8673447697678719376
3874456637089287244
6997313199787418474
-4220958052351247825
5881862292837563048
4929758922697115402
3961166923171052855
-5301679509338837626
1064965032545546100
-8871067294074296345
1935217943030099353
-2458603259839334236
242856672894776128
-8670125669763292411
-3339390279277839049
-4361981825072046727
8593770461016420041
8931919352392857303
-3841384105975287666
3387656608063038331
6817670727792740434
8747149696476963640
3250665739844513192
6394771991493526060
-4173815265226603003
6979424270997127961
-7588956738793229331
7972591484561184113
5739802671038800406
1227370504851509437
8330869786088999952
-3772256768071699538
3819424603316983132
1069980283571368162
-8191489072253973210
-7659878097901070433
6332511453780430038
5811399503967302932
-1302273237644757202
-1323334452175665801
-5829698609316784734
-35681775653726868
1145882828635410701
-8481146269711304885
5398290031957153463
-2622911619048023017
-6645352050563490102
-1241001267628638090
-3050303981456808166
-2447124595511063745
-5256393352821936380
7152733019263297364
-4104751097362995246
6130340295332449308
-6437287729124268228
84797612646588208
-4431665155826653689
-1791705599621683683
-8330866292057419408
-8775165200657619831
1271793867696329449
8785932112544229070
-8851149459586991810
3395231926102404357
7744643638591101566
2978958155682035208
-7139065422283079965
5569532895121489329
7680371900274086232
-3385147653786326635
674979186072852840
487989115543962029
7174363631833922820
-6334418967718842377
-4770294618944450709
1626265975936714993
-6810369263181120990
5242878348037581388
-85686156486609220
5884895871141662250
7715449107009136987
8639207902261747309
8742441342932901023
-1251281355302087811
-904881243603414962
-2241744341032416864
-209059385253302645
7067164962820242393
5165011092658395430
4726233942317550877
8650174227399554194
-8663203751636219967
3784830540499800424
2958675324486420183
-8266014388004897900
5793780066574120450
-7859022132840950433
6026265259002376845
961489167297027230
-3292871880480663074
-5013816055370102374
-5457250669812792415
-2590246833071164838
5846898545081911195
-7083744590006424223
8272944092846137269
5243139556022055273
4062365394544806272
4582869625334583412
2273412123690076681
-2411028890366063017
8233149168430189239
-8882656243311252216
6016974077535288227
-4121610842407128267
2699697582552463661
2539586370317318385
5495517858206143462
-4279714607531253934
2201495689681974125
949309035719925162
1462364145933707466
7672599997618476514
-6232015743791660366
-4854116230129854792
5498988475864645618
-8159545812139065351
2933717706763517315
2613112463604213852
-3727187867866700253
7582561010332940476
-6951347576327563701
-5354099261795140431
2326673436433555072
-8107216871146893050
-414474387325856230
940453188230263424
-972751233389031723
8113538433503078329
-846413597074418519
-5520184051865774553
3191320865917541038
-5935447450067562244
-8696008731083018582
2433747145070804326
7992974316500648165
3601691249268558771
8543117239368348785
8911529084860181172
-6739691031167706739
182371019266914039
-4415705143652215738
-6981173168824183204
-7210868492431225129
-2685411810847765007
9166169672799041234
-7881964090546043758
-8186024588700164176
1436816526229214251
-6998324820181346393
-4791891488402243290
4283084466883047134
-54052113345436943
5085214408571724841
3058188605535314798
6540295879588858181
-6312434246906259566
-3509392256356643580
-3260676423224998477
-1839925009884633954
-580130707775315064
1134128906177707231
714213730022050589
-2722066664649526241
-1960675054825138245
3114400321513972924
2521300528538258102
7939680539726657258
8338586269910754785
-197513281004393018
-6694509996782745082
1098060500058453150
4204624227780194788
714196269403848273
2702739768218957827
-1598843420950849693
1749399897415546205
-2338046107411958296
-5939774360967407732
3809158978665429214
-1509055729870810809
1822013320069171990
-6027435809037916542
-3074116108926234119
-9101192831162385585
5393664972544919752
559839234307295740
2416786214803492919
-1523037538979429308
-1597527321956496233
4036582679259894545
6376844590846569302
-4677433640248033789
2627612975158656847
-5328053715853862444
155116827614442130
6665359240377083107
5143551549091933783
-1422932395167534558
6727142254264958973
671293929452199314
-6963977958811627854
6980716954795637743
-5819589066176556990
7378699488557071926
-1492175576513263238
380612688090721055
-6012503607073741780
7821686428887322368
-4915054991716705151
5046135788551558833
4315323833644824453
-767578735610345959
5853163499207890964
-7711119951714742293
-214842183769710771
-5220457998295569405
911692923277788203
6390217070591776136
1019242740245818932
4855054788065239812
5666459619394013682
-646165188758712593
-6457340396137283709
1188228678409690615
169704558393882352
-2127542002980212677
-1993365209952978389
1743360545549282846
-3022054303123011029
809751661955398552
8372877044391193634
-1682746469427933733
-7562894834422026360
659746632864204178
-4170246517365506973
-2486829177574164376
-4213290874277739727
2570334575605694431
4208705957055621527
-2704600280823360117
-2703049255913151140
4250625561906078031
-7490147599717207470
1734219697228999338
3893104395916166006
1659121211737461615
-7915964212450814302
5872746533425139785
2131616763562648836
5293970640735009401
-5543158529692956805
5662850579079844620
2243560885264687679
716403467715634411
-6796171193400627243
-6813361865806455537
-1620689256826574034
-7786732529311811265
3697652410964266268
-7174246834526429926
2008562055741632326
-7120041176913180562
-4097153089647256334
8409686945275683522
5138097772700842624
-8281420021665147730
655251347926757670
-2283889028359311640
2695048040922339556
3101076521393430000
6625632743124918636
-2238882111604864497
-4097080598170553518
1999298352689941666
7294470051724441250
7416987659939626183
-2192253528675910976
952185741955206661
7743092215158291688
8743866662121035512
1233475618824262089
1537993461734635641
5558941794524161038
4521637249731016838
-1436701405140305157
-4188057731469331268
-2440258161137100624
2956984348738378860
766887272989332837
-1283000100923843203
5582883095633480675
-1779539082211798518
-6254529138478384228
-4486097213581590810
1401088740251995052
8827900112634331043
5393260119305445012
2533214007781527179
7205530061190108298
774737501384397824
4518862504392025266
-205629424433808740
4418777423347188284
1475835110908874481
-4044629629085237070
2114355125534533944
-1297655887506906785
1595402250647191051
2529985047012518765
-7949358093383582773
-1748607454428876672
-4867074836938955585
1801481780544414421
8589689525717208262
-6965057029527539672
5151872648621487373
-8217223408235904732
-1953441794783285868
3979133984081808389
-6714057422758687860
-2988644262854000662
2315010343404347232
4918975752975868559
-1922487734343641453
-5774321858034659235
-1380689491486703676
6547935070142785877
6504618835301662832
8088301838452490468
8699761172599775270
-6675278320658224379
4699794399347506912
-4035330185073851000
4368886055402319240
-6476085445600750024
6494206744065291416
-5375563220220142260
244957602904626974
-7755985882773107138
-198860974427343708
-6468468191672583373
8717153444919423357
-7786936457028568646
-705363607719974766
8054591137161988883
-4828120545355775696
1753385273577018456
8945014568748581846
3791957931332418654
-7524102976994336576
862153673359451439
-3761966814039296910
3176288054401975975
-3249385436856688551
-1422525344384491891
-3852255307319210310
-5048910386940142717
-8476893636360224745
8035367971772455252
-5130515065100946538
9052699286574281993
4536056731681375763
-6459510405114314517
2112304459810845923
-7287901683531073861
7700809032723860630
-4624826297490209849
-1807248011944230421
5869947312314662249
-4584768139883358819
4143962463999347433
9097819128574993278
8574769807325167388
-7306846913168511773
-2375370004425246593
5918934431723466741
3896761382140880626
-4035342152033184876
-2283815562593048077
7714415992769273748
-3744097447242442052
1276042260531154026
-8055950272805388576
-6116918005664137404
-51224438914859211
3439398180845982651
-2100988062016257341
-2740314244437423979
-8648734293503860953
4827599854538520567
-8933157892559351251
7779407397020144237
-8786530328853568855
-4626057015368576368
-2967674259138935012
7857314028459812745
6092528999616722880
6786807883779815579
-4176029274210901575
-3935200569628489397
2037151351477040259
-3790922511710287953
-7865756362142803366
3443741638063641764
594699127504303740
7658395245296850426
6912140635428422535
-6476224410433816281
6030873846669327372
-1882150958362264535
6796122137483246300
-482951649381453909
5259688482998666381
-1294328451027789088
539274430665088150
6430638358389289832
7759228501060791922
4974197448938279693
5698335819545769341
6773912150097367561
-3753332187941763825
-3230308156229793612
-7725608053782067174
-1813540549848083356
920370701046518764
6141326261636562647
-2754664694998532406
6263565233787278513
-3084371390279214695
-4869200440289717488
1710332245405590735
2419607186839954426
2104724160897104255
-9204908720279531740
8451988770293193199
-2748482120770506844
7398001737484753099
-2514015933248401168
78423099703358919
-2125288628962430683
6011215466395513890
-5027720246442624863
1599745168091621399
-1741056336847284348
7401730865084940931
-4164453489442932933
6793924378170345209
6767540703572008433
-7737743789235441594
5213546009939087623
6188053917510799154
7824911243598879739
6996372255321328475
5603229107452082462
4697006651483698747
1124984462701783722
-3456202012392283802
-5185210696794738860
5571147090154141254
175031137403322648
2616192370139484503
-3195630274743066837
4270224225858426326
3804658381133588805
-3629546879085852921
8885487132474694751
-5964335118596206553
-8956368699562142432
5987223865608281715
-8052792460036854174
-7477054711832637233
-8463577530102836392
7986810613440092680
-3017057161997952900
6083136355211940200
2425034830935546941
-7998788894500230394
-2794200968586740012
1706293560421879893
1742036586461421439
4778949472016591543
5198345756211381098
-7170282818955040619
5014788004533837572
-8492498296129883893
-7180257106320553169
1872339728178501304
-7316879624488537632
-4760672354008969598
2962884965188374706
7721547544541562779
4437552808679203286
-7880161762920872945
-4461336825655145299
-3798519072755230597
-6986907351216300578
-3012860093083496873
-7013309088644090189
-3615723055842251982
3734248315110047465
1674986109377421845
-852912496213153119
-4895332822396189476
1355017380281626322
-397281548150978986
-6882935963103371391
5891421247380847253
-6721376304946053044
1301614827178044033
9219940936689637422
-2527342812483194668
-268064109113754486
-4450597229843303122
-7379548892060575770
1881060282776576028
-2119821811226408130
5701561795515928489
-6004299431199988146
-6428434510912382888
2115501498331738485
4241431735533740779
5491257783360784013
6898620261188994140
-5832128261378278044
229794747210616670
-9001646663633032888
5121366290918469624
6250996778158519770
-338805138755074795
5839237810581631161
-366703425620947446
1770923255814845700
237107001076166804
4178298749689571886
-8235510305667492139
-2546931918236654692
5960557300811437549
561094827089518615
-6941101145330327834
-9157422836739417942
-1696292056241033110
2641258616468276735
-980619628231473996
4807612821088527327
9015410013524251119
-716672905161488305
-2321652138269792040
8127137054244846576
2256303926126156613
-8754760718699456170
-5835228615569457771
-1391436562145741567
-4793656642100220553
298789554272748673
2533521540831440127
-4958467951628242420
-8777652339572026657
-73279484558992014
7224234875256396732
5929722696778472903
4834959254328842234
-8695042983726208284
7813050991401012224
-2254538968066835778
6886579324783792409
3694728565823140870
-2671612470315675330
6495311342482702282
6015858905930697910
-8334113253533973641
-1433436872438131186
-7581408228874265417
4855865974983670225
-6745519488864105846
2269833844708270308
-3975944682092067381
485237766904501402
-4006635897876145428
-1825741137027414489
1746386241022320216
-4152269838865467929
-6328140082037911159
983061922055767615
6104793391493240242
8550340009557405589
-4875175808507266433
5557227371236913018
8196541908401401120
-4246600428054251048
2335306262019501561
-4057640478667277145
-7754007668347165197
-3839642331370862222
-4404548479730931983
-4835914799204661416
-8386748141332911943
5184855352045150047
3124091335176731990
-4967019620250816907
5622477061226993483
-2596847370699670868
-2351341330883523832
3224855254888807491
7327515337863518839
3761217542091891295
-6730674089073749874
-5280953202547349849
-273205223904089923
-514370656728109006
-4251468784966088146
5077985040587884613
5718744738209401252
-7838433478977238807
-5717532318864104676
-6032998621009311457
-2395898201986165981
-4479600166684171865
-798034451321015861
830471045466867743
4156646927660615407
6015539358652118457
-4486540601390087807
4333474136655462840
6990437073664565206
-1982488352629385189
-909192727352836331
-3272496325882360761
2555690181814141156
5409808933204458192
20385247573639332
5361962525027173431
7362195933277840408
6432696475105197543
-896359288239760975
-7010017915012974634
3198831269379449729
7949213199643297541
456844658062780771
-4736206901000409373
-6732458187290952136
4494874655420293968
-7767496560139223120
-2063401251805094871
-6854904771911389699
6678679350195812386
-4927319891474822970
-4727284098285687616
6039656968530528303
-3042094735775848031
-19352158657770151
614942381009432
-8772629951862412355
8396377856096693618
626157307985750833
6998828972671430913
-8999489632479631981
-3362233589903967025
-912255660431548277
-5821340046071972384
2218559746577949520
-8681232112011975068
-3540013553556681082
-2769919581212349608
-224774967735159686
-888610148614656789
7204858260696002568
-3510557691159657316
6956068706565774923
-1744342204542598252
8300095236469820637
-8765843261316510051
4272086307737800297
732193184744144991
-7036165888013373534
650811506752201459
3374016711514182166
-7060243273043115164
2779480502301211788
-6134337285482022766
-3950748939753870396
6163845657618864921
-9146880006589869030
6937842480994119872
-6769197415323797418
153900210345903712
-874710522777666024
8444780893969463195
8850613412114286215
-3554262985807741324
-6195596590437908882
5255558068131771517
-8383999195861619700
7226222846834615602
-2476764123031183492
-8280749243241639384
-7752629840120085527
2697167123427791295
-4870472587821489418
-7047696303764854671
6415438538799827967
-82333948330186520
5447624516692901682
-5326305815487517760
5452024768874015864
-2253121163595721026
-2246301592951360185
-2386385237016740356
-1446156439366751572
-8601503209174760535
346166951667740941
-2137301317909891068
-5042480886715898778
-9108935437150343368
3619155713734225031
5546787613026122977
4117868668054169868
1078781944054691376
-1577009162400040624
7690562989755017270
5485802920288034819
-771917335734706341
1108447816817388344
-7120303201446276603
-936634656221532969
5309674732888103025
3402138991285358664
-3833799333673334935
1643567927365486620
3608272624074479599
916754257338150134
1968677821837389074
-2496250235845008966
-2365833661732159166
1432427482331401614
-4580531351710307289
2669118459160646194
-1257461614967506692
7069096787154371849
4962494477728167180
7360312402397448709
365499779715783167
-3140569573645343329
-4188256906915203916
811770648868362091
-3990629479763682986
-950098633835232844
-558466674841600977
2991750127409020948
1236956809302237029
-2824611079764348338
-106222482383406699
-526364790159978079
7888979154272684193
-3051280478959426310
9099827190479172141
-5178798279275747434
-6612827273510760090
-1418040425197847058
-8430358447159937871
3590439826999955179
1895389798423219034
2357435827547063591
-6786752282773687553
-9216028486566287599
-5499115241003438689
-5226153325920988145
-2867957591347016252
-1056518011250140149
-6796727149406749877
9158664747725131130
-5869805788605450965
-8987878820597684124
-7523406805843366810
8189045660671463355
2036707691530318643
6644153074648440573
6875957661201157381
-4369227543001892265
-60053354666628276
-8816913969489735820
-1997968628748273946
1047685398480427722
-5447161290461283989
8074574253360474745
2739404892162615257
-8200262638720205890
8766680411098111881
2649471571420652782
987904120048976729
4256746339578271914
1433555120115918718
-1476559899986721021
6354102615803181513
-7365113657110651881
-2981190296683716180
5647728300233210362
-8375564148784617403
-4206913531875303248
-426111589624993291
6655607146885211814
7864910895574045482
3495205528756594849
-5922248589254296940
9027159236156460500
8504402298492901475
-1888736015788784397
6511198022400371276
7215642559434226971
-3565508603511904398
-1505698906253985923
7814318329935399486
4100665984048717730
7675302516973600422
5340619915596890110
3295275917833729358
-8622699957026992795
5398786755963667145
7515729671235947434
1256377723995799688
3955152093906708203
1781510663386465652
4943938768988274535
-3624501588396620306
8464368288964204748
-4242612712583636457
984742715783618817
-2758840839893035162
6196855965941284999
-1723032417549115874
7341847182925201856
-6628410250679746155
-7788998896971368227
1626004416910885538
8524944714987917173
6187261856024003201
-1522944932203613842
5757266872093707662
2786065291528656564
2611173404322934759
6424487353152795372
3589133724416116484
5668841270381890215
8354983660662882266
1159241990640738440
-3327843527371551292
6047720201334858211
-1010674609469073824
-3887954041927951279
1836813051842273879
3258734021403653255
-2230391699922050198
-2394440864279208820
2134183678389832015
-961699942888264180
3940522265651195557
7487177411756780069
8638690485957225024
814529425213422811
-8367713407669337841
5198517148567257396
-1546202326142794229
-913540509308510020
5049343819498293495
-4938960709685235493
-1577181492290002871
676335163384405633
8846825098790500451
-971097867533404247
6104035714469212374
1911655124357498040
-7140558047511921670
-4371344197714773356
-8296439961279087804
-6808553615460913331
-6469540360676921373
-3258151412797232443
-2987860408839525159
-2575394947325870767
-5815254814595986814
447877477996645567
-7887540326122733127
3109225780029974137
5031054632128223502
7438579707178074630
7504295746383363691
-2247332438220908927
-4794976413321743798
-3078278351175859713
4502386465175755414
-5632484991346509071
7806775925562210881
5640581327041870180
5593412910460296962
7357171988274078007
-2571710861822964099
2526223757097992133
-6156126689340614533
5792627981433479522
-5763668849383926099
-2169036559284022894
-9049581424381930440
8091307080179103770
-8854554725010022690
-6838605161135134301
-3100290616230936527
7870616860828502573
-989499352952289597
5568724308209124246
9195475503843239114
-8128011692504563644
-5461898307512455171
-8022099923096073073
6391021775074129139
7692831780770133424
1194934002973202729
-5708482552144745410
6340855108466944595
873919384986168167
8216249567128558190
3958175534945898948
4957567514829667780
-929970450156230885
4204472205979885138
4814773616242496112
4115301953155355933
5516843809899214807
1749995966024792026
1478708781542193724
8371549202166255333
-4982866806753106959
-8427341755291284879
-4275786887612629706
4082225569745054179
3346396649374901873
-2353677116077519164
785731823002161367
7070621189120739892
732044319898099895
-3434672418145021580
-1564108562224345076
4783240928147061066
-411869804504513075
3204208324603444600
-3534497637577844964
-3137202178555856738
-7853907090783069044
6764300083266860521
3879894301022511728
-1507543893262335989
-3643644510192148941
389453293081552029
-3576095629612795823
8885435619531876942
2980568947683327475
-6628645880929196886
439469444658829302
-3850684565057916501
2882151769106949257
8368791311692985640
1306444849572104803
-3560898601559142784
-4776356281697674404
5458782828352165245
-6345970480805050312
4608258935171843360
2484369434362879988
7437076508126032387
3975338542220354278
-6051502194956234767
-2215759460298812647
8049041233598314338
5343584493149772684
-566368630662288162
-9024341869912200724
-5379170668443168944
-7428915790499318932
4781246502235545204
843426408805037368
5974313478178405430
-6396726907191089406
-3040143738754500075
6555932804732742886
2034201284304270427
7737141282374258401
158046557217709543
-5536744809187565408
5470966884087336611
-5639148022481086314
3910026733020083322
-130251778285012292
-345196610420611485
3123966452569694926
-9144760197443727848
4970098214477983144
-3795399095672242580
-940527748867521312
-549908106275854630
5308777513892545748
535601925489645214
-6661702746021230546
8181688197783108799
-8199444839148029472
8394147948755107165
-868370865317559175
6219843873746996668
3336243491069069875
-1581302533556524945
578546915209888403
-8125674201565406988
1020444145059356279
-1262621539896664148
-5256534096881190904
-1369928745017222625
-5191612624562401202
8054075636812081317
-7772100115357887805
6747988758741132005
-8556876633042548115
73176579779222267
-142509126525049640
2190611289838637401
8595185595628839883
5532180485789069748
-7930272890645684089
2852989260658156357
3957639785826217477
8075378513223187172
-5750449887962074400
1691944757953343220
8846877553588445925
8822990490394480835
-5793891963944165281
-5281565822419201010
4295267371751275685
3607826349635128405
1258662057714683883
622340301117116105
-2318617896244092069
-3434330608768892952
-6726888507129737510
4615301862227920494
1162942595071990456
5089279932752236620
-7864904538951225774
-6388218525693569855
6645420812505485486
3282082715544843389
-2858342046847368206
-8875025891527984374
8506053485359755400
2374058970130372988
1248278685548532491
-1819114862258644409
-5292725676903272968
-6200115132031491065
-5238730543113373751
-5066343027612853226
5667871018809135385
-4529709574089743351
146608975029287805
3558120163689139879
5291418320826676431
-8864785974482855982
7632469198249199466
-8647883607006613695
4835883155079919982
-1677508558738987672
-1429539248157062579
6249132408454221564
-122415006451002584
-1572735278663946764
1742665798072210788
-5475904808036265106
-5593931127642216897
2927328300678746073
-3899391765284991079
5920739567752745155
4120999436775394398
-5323445622446159749
6806109644849065077
494123241389729497
-4427852130580903282
-5856007691385630761
-8776581861161505588
-7150377759601481435
-1292994032613588230
-6147399999630446940
9062062086266224071
6034944002399118884
-8235983026953606229
5802355985346649919
-2713950273341265952
6370463755391903777
4579858359080125335
-513920267098572306
-2324003792008653702
-7615185794862913483
-2439104074332499684
2308424856398998998
-2639349243613958883
-6583770273174590784
-594649349505801632
3812857585655240273
-7736438652319199695
-3944912188174457873
8439248472800580657
6893100514223398870
1060963059589731869
2763411681880711554
-8767203769765077779
8150657285225393273
-7154591418906719013
-3728129794115520574
260010395504110169
-1137547916087742776
-3403290962062472015
-3646531925880050406
6778015809158089850
-6265546377216101619
6598206962040851579
5371122754264759478
848736013205318554
1868864917174293772
3694515684877544173
-6801471683474380363
6615359076423725860
8088553512785114301
8730913114624735852
-2743097318974404465
-1739868993153569247
-6625974794240899114
5085754014732319028
-3521524917093161513
-479109462819347153
-3526097986173285759
6073220693732617966
7053485641967177007
7593616593830486606
895586978484406377
-1623657272703010216
1504244621397628160
-4187543895350261465
-689592721194322293
-551765694459243188
6865425284764778111
7537014503296219627
2493104056428408145
2595865078611765522
920166214919550582
-463780110836327021
877034639579400350
-7773395139538853753
9206223414206311744
6719151696354514160
4528173753887234464
-995351043230240058
-4147318707999001136
1583249988046858880
2178094510301575527
2565902059851072207
-7369243351473769869
6788230564715653067
-6301066740353223512
1300579276582337063
6918681639629290384
6110725602549721809
1921703808758732973
5299020302308797165
-3738403777338300530
-995877850069298932
-6102680398734729255
2339493638702410209
3936434129619858182
5345367456321129557
-4528949488015282033
8947284454824999023
1483931003245224673
-3433704345986928341
9098163975136382749
-1146889263603502064
-3636695477248512532
-142454730928926157
-7919279531700442255
-5218022013480045541
3815103501427277276
2801029889603382064
-5660039017508539301
570639847347909553
3528444980894489640
8444985536275183911
-6690735573959955606
2309137349114879568
2290447315424575984
-2786046558262517189
-6465528746174144131
659619798959704047
3352405784113363322
2497503410668319515
5132787296172893052
-1403880363284432659
1535471271912576829
-1015158031050978123
-3995326695807902673
-8420444597611341836
8132900620117658634
-8673409416472543020
3138330149589115092
-2458867546224932731
8464145886152299119
8423910097505904743
8803818131299003093
7701688161774905972
-1269034804009828376
-5034059295285453334
2064852080616846993
3891901083887683507
-5546841822879322735
-1429105849342871813
-4848548996042582740
-1728799787338288720
8924744591587143165
-2539969979605904987
8508674257465787230
6236832905580269109
1500689929926835814
-493048014104586771
-7820429877024550686
-1128391850350915749
-5441384196147876453
6727963456214511298
8493882306044205070
-5735452038385861610
7121053219061095124
-2103052951461330057
-3608508019823860456
-7344845184900861664
7216124233636316539
2011130337282168198
6192166584802883492
1595245714909676587
-3060515146301074282
-9155701571061044362
3770931409091620263
-2321097611894345272
8004889648356759730
875396545366711615
1695405949170560084
8736834548864818707
6867601939366157755
-5360324388102653446
-487796197552864132
4379810376672277846
-2612723113675937889
-4674010104282739288
4256629387303475246
-3896620772594109838
4429707651068669864
-8433585658027728081
8295398207753345511
-5745648378437101236
8015030320058105025
-3167292179037197564
416663154852750260
-6945533646775320582
-535349739994132876
-2444373937417401538
3508412947991635032
8735370720384601148
2801064582320916546
-1823639387254068743
-7687166267469599711
946185602215869756
-177339532432412326
575152271516455024
-5367519747251591443
-6453824457549427723
109532001617173187
3874694532883523131
458048700252498666
-925051023368842099
5971154728072345349
6370966157827364669
4947641194672283878
-8798729605743877881
-6979904486038106326
-5385476957769573720
7948742646340645652
7856216315173089326
-1605123766891264327
7569831493621795303
-8351884601800893818
1153514291824532911
5764880521807355719
4867112108469860764
-2315049244052011746
-2365650757158921228
134970164612610233
1185197789667505907
4730291801884902346
-1981300908624412438
7835664950220047470
-4434412972073064374
-8221710681133282984
5829694196024070976
-4340289982739281539
-3562345172390442920
-2535613322033872543
-1554461449428499217
-6701679894940579692
-5043075224340771922
4590951567485070896
2191239553288398780
-8852603645441546522
-2685026031277496386
-688949934825008252
-891733535426320093
1532417332856043460
-8206866639088125654
-6710054364632622779
-454488744051068792
6117044200653579475
972539978493372603
-4892411733588957408
-5220811011194596966
2445750699452726060
2790664440425557572
2925677978150145034
7926485123610973348
7582490689947976347
-1826929515063280066
4288075997624082794
4207734633100960984
7462637219787702828
-3910684747088665394
2128549724445300858
-1117706474575872555
-4157937725465735989
3511100472873717807
-8845705786789972239
8692111221059464778
-4984832066119693482
-3459169870169490481
1897491730405912446
4021620246904011916
656588197294350048
-8321134214169006885
-6214003609400719544
-706430656904654867
1671785076354632
3198156116088935622
-5529296857717052339
-5691756955259739535
4998940808131876603
-771247050178732718
5061838095335900831
3153094131708373640
2591556770729567095
7452276851910812667
8798788344578031093
-7089095116222686228
775175596030614080
-8453180067813720609
4470804752677238093
-155563576643042822
596650153500993309
-6720945572021511159
765190533926668391
-3964215620020154765
-6512559326898972322
4046836145998259173
6969945857801874813
1403806534747457614
-5180252509075003564
7734509138381185976
-2511239414253899431
-2354147745836786564
-5710494385803613023
-5763066977949054570
-4581254694605369931
-2481259846357398256
-4644118494731197631
7598943521431399222
-1339362357465883146
7123092357098488164
1952388589213163056
-7998547751964173528
939261568263630961
3503413002963355665
-4317497598852111616
-1038043443561984198
2261661919627311754
-3048674221813081871
-4183258489541207115
3548988477115813696
347849814294670011
5292079665937400853
-150816364827178331
-7917676769535409777
769549738115235699
-4197222954271159099
1197198240449944986
-8411705325710743611
1304468895270257413
-6929085887558105060
4506970179451375077
-2497537320183061909
5420611756436087844
-7486171190875303143
-2322930109143950022
-7413294566582009243
-535033960358099766
9043681379266880774
4894243102701759293
-589165568492945279
4014909375449395802
-5746895145844539831
6496841350094888927
-319533504221156471
8896394370902783083
-4273579860415220468
-5453867364402188177
-8165273416229148747
8103857099248168379
4049803991095357270
1313636606345662164
-8137651768298441467
-5856969951590178583
-1700642088998368374
-4360517478102309714
5071008062517425626
-3587536785683314673
3252435832389138826
5832262186629437788
120215107998243314
-5212671802112792882
-9137854792008060253
9157181625596906198
6145724239759284813
6660601576579455651
1082302310936422574
5945749245660614983
-5215227123773634958
-5300077417983287140
737904525144159942
6932556386426937512
-1872897679379856017
6164427448368782056
9067027757041444057
5459685784914627337
-3434166541519348462
4955864342231000735
8226357114356573697
-256126155550227904
8628960552021921422
6704309873301482372
-5769329980771053206
4468617566483603635
-2837950547114510655
-6611532791945348657
-2063956961691332604
6981287592029099074
-2840044584288747123
-1791159674964912130
3153652293445350158
4697352646078779393
-6624727803987432226
8414887834004568066
-4346234242531417388
-2300494202176372614
-6521035016169361394
-4215991913988949167
1060876225892188071
-4510787586795645391
-1811509761579874551
-4795764160446099539
5523136294036476571
4328861564103914123
893535919506266924
-3446034257311135020
4361919992009500331
-3218621421666373162
-3241153128108622363
-976707726013506394
-7248420573495951036
3252869333070792197
7420340031022580573
-3969706204401246303
-5234998783246795876
-7313877203852807739
6372454254870072312
-1319701100236154636
1936496347017454213
-3533360967089807602
3399757175824406788
-2125554871931421486
-3190366136289941527
7852544249046508004
6772070057157136240
3581754941752567832
-7168079572237732466
-7684411424293402307
8990677107894716806
-7461849192776053476
-788275072754847739
6203069085788245143
-5886466747201839824
557508420638090777
3642560815408492051
4803093560601876850
8864395305831862026
-2757387280994321631
-6510565697594487193
-3491489700974899840
-4696766219917831091
-8685948256237529244
-4403503609295015822
629827883158779142
-5717682616279148030
5871909462528106993
3443248641405509441
-3439843258705543205
-5354776100746569498
-917395111005682905
2743481980419808675
887971013158678936
2783749852071549478
7481658359817878846
-208009834488104414
5420560115190910284
-4831902862240217022
-3447350322477084169
-8665765219275137674
2802657208117922267
-5108864995485201348
-8684329568505888391
-2761891229473472276
-1722506288144691158
1381648301021565870
19168173872314363
997412360654119119
5948410875482740362
2738978759926252765
7432023198468720872
621095391930234917
1063592899016315930
4594363756116042953
4310087327231884651
-7875674696197023843
-7655095351526877308
-7634739688602176473
-6174320438782062466
-8933787495069827051
8449444343683322889
-908213484594615945
2400925015738660161
5440946203559488536
7737742275033784698
-732990911749425043
-4315757873051169759
8336007212995410467
1684817394398735227
-1502956319428482250
-2989950356168603260
-1398625500381329557
-2933693434059080241
-6809226273449502423
-3310047488491139350
-1906550983414972044
-1326496918517567107
8660857078442218859
1894228926742841415
-8211228336769368643
-5711298979054582133
1741317190228834161
6169852969655600001
-3683299382964613529
1441487956247740039
3681765227494933789
7314822369921887469
1377592995838585466
2125991015555384321
6138325137468727932
-8399925328813150142
6344544766517564462
7720474939944552738
-4356968398209827928
5381016538071637746
-2498674606325617268
-3969142386548168034
-5760753314388930500
2538831950114121588
-8470499048399850919
8932361526794680310
1230522010757695010
5846628820495890602
5107783601894932223
-4718397770540457570
-4688159101040068610
1383171826654684809
3049486617632951804
-5846358161015138946
-8938433320820849268
2236819384808492260
2858824576303168582
5810219619029538944
-6188172386650849528
-4671940877213638822
2843437130661462870
4507380047139872647
-1553928038307954688
-8915768891927689016
-5888838015095513150
-6644519612107665990
1227234991470093862
2241353450621383278
8320196496223584926
5190832745981178718
-8719633591043461628
-4377216405372436844
8903675399953792855
4017257374530123869
3827767567893529669
8840441965655867255
5367235503307440340
2734393539438013391
-7386924153997740990
-8480609623693869157
7112946707428224173
218007727800402092
-2841200698466744185
-6045690947722113626
678427735073486628
5683477893414832917
2502521271414638883
-1003806932748957584
-138047527815462772
-6566788889612642846
9008160521942225999
-260627457932768734
6833620719619668258
6686305527382382371
1936800616922067462
3095709139042463443
8590777187032487177
-5748599478874936074
-3249140027176973643
5530928578272922233
7957150056758741134
562864183953796816
8734692436271473608
-5201610941569913201
-8668954694362764169
4969348977791374663
-3970287693213799975
7272906034483461649
-4132240590144821631
-3883578539146740967
8017140591486136635
-8231612751633912871
-8747247529768874709
6079983984817847070
8451928723342707531
4842262666633220507
1603336837116597805
-2677049810065696337
2644602718033568730
6096281279400350685
1839242838377775484
-2788067143716839792
8181474117455689060
-229150791088169100
-1639176489201110248
2331848941297881332
6740456229629983835
-8039548807356680203
-5038026336674709825
5755537620684593366
2412070834585447891
8166548137023234834
3743352732264359596
-2188301935619662900
484178009366199877
2931624896870594799
1959363398559137935
2396838111371783939
-357614708221498953
5903891801905123875
-8496368099544968764
8242490643877131798
-8668345992712395509
7127472686447367875
5606437767319967102
-5794665830269733975
3890554849152752442
5883525926575393613
-3061826437343316584
6995007139627664559
1578189237355985184
5574857224864062194
-1861859545278386390
5855092142080121905
-8187166060346544948
-4699652248154841054
4632862475922086793
4162029408610430777
7766273255197103801
-7884173144531722307
6359692216291828953
-6758270592339852843
-6755023504261438761
-5230342968365302092
-5372589695047924358
563412574670081563
3629176657008003288
1573861005119782024
854291995497710148
-7353642011488797063
2979282233340381490
8144009223920852799
6056521001692232860
-5279695146336959275
1231022530566503971
2413409319090501453
-5552635742056945600
7836947432409611356
-6771963056610273205
3989277688961974528
8138964279168464135
5634305260753023970
-444048959409596142
4392868330414661395
-2106026021894234333
6774262466834310270
-7761400905102570540
-5920841566115982484
-3060076903555103178
8158936371643697141
2975633464074209965
2277196099181264964
6765440539553555136
-488442878178161294
6627446521312190625
2293834614270743281
7209780156195620796
1133233192247030511
5208233033118747294
-952391158205439887
694854274052601348
7866138421998978560
-5459049589927009665
-6254809629774687114
3058026599702505026
-5532727688676023908
2416769683377251775
-4150387228336760711
4828117112645546174
-1810557431627305535
-2966847976607105
-8035808457386013669
2282791460603757290
2289413267903729932
-1009044906478953435
-5090270373630606920
3740625659411290719
5367143690908301081
4397726038462607366
3906868639759395924
-514724728896315691
3245534013009491403
-8956704425837535270
-6291611976889448732
-6901755595762232364
981203356688579273
-2766532398796730821
4715921463793146477
-2611682268782940479
-4614802122794102086
2083904176525864741
1186221444223208909
6823096921950264119
-8736318463482671966
947539140632656665
-6198352316368369456
-4209149055405901767
3424961642625766344
3749454060182867106
-7807773906004916149
-3354537814518152300
-3406550811371690866
236408553059462813
-3259648381012634485
7045241920045590756
-2191924173076286506
-9113669323908796585
4827017132022630480
-7731745234742454606
-6752554709328957387
2192714449429261509
-4350175668217684010
-1357590869918468010
-6345399316544920570
-2141741332017004835
3275498752559679421
4623306881490649763
6833711773139721453
2222219284781653668
674996246779592464
8069793551143086736
4886751189458902460
1149331419983673402
-294167148133386764
7589509832489703971
-2289798458933114266
-6191126584459787221
-6487192621200232070
3002275386006703202
-8323825874913474686
-7516518467375971332
4546131425101509973
1710524391276765261
7754453761117978054
7825980485249245387
4333227999654259571
-1136318930997270099
-3556716685898502151
4145400409139370764
3356319241405237992
9063096571654290173
4995924506711689556
5698638056221369660
1533080336151413639
4634395221124424397
-5570030489704786918
-7771246224100167131
-5900357230946845997
5616168746751181094
-8397865938296039169
-3310381075039844787
29608312373194600
2330862347915151224
-5327663321994483729
-904353143062040480
-3776981729796028924
2587672264927707808
-7999056432087972123
-7647339392597220069
5276179785306535053
854227267513532656
4639595102466887063
7095777967982945095
-4190248512751024845
1157383886583534331
7754223951377964293
-1678059210072038190
-48544298062494661
3000476747888445965
3672385939564633276
435892478606544561
-3451787987230123514
-2300544717290938133
-7015304359372690636
-1664519816727489118
4266847607745549581
8720941172559310798
-296180477937580091
-8080489676435237528
-8723548566790390733
3456394853932055866
4306069084924129907
6073791426405120418
549526200231656968
9199251840683615562
1402546618993958223
7179129104460446696
-8588060045764884298
-8808225010296993596
8285684051227707746
4529130319896763822
-3707261904761873179
-7840968344720945672
-331825018101946819
8818364699865063148
-8600240102700755396
2894106146928740276
1626760244855081143
5924422532702851261
-6350724565831542521
-7464056709743900800
4993505940257713379
-5863797027023671128
-4307195619868329898
4281122884273628015
1256182364673986971
8201889365543413513
-8238695208816671884
-127877489622632479
-3514552395152348312
-1231855154953298736
4893104911853124841
-1814871335197755206
-5249248636588176683
3867432913830746599
6032995404032276156
4184374356653431894
-4853679571439902638
2726675956355820668
-6075835757342996072
4062033067278583354
871479976036062565
-5174439340574782776
-8061500949363326482
8628840834902417774
6726491346515038552
-5339953187767594394
-2416457405527365706
3676209698042434226
-1731395195219640897
9112854649132687113
4789787129078321193
5296013165432745387
-9145662167978197612
6817462203458962722
2520058096975765182
1523472575607302182
4240611213771740509
-8039537159855869036
-2907559627062276310
-2729319113314259303
-5869930328656057310
2401329411988263195
8713245370945485222
7969353747156915191
815370333451339802
3613346877432205341
7569457409849887572
-767006615993860262
8187848638554334732
-2163319085906093966
-2987693599710474445
1046427882256389914
-8394537118903149113
-2839343909534439696
5395487330073050113
-5755234591347939486
-8576989857520051730
7560675292048627302
-7039232164230022151
-1489213309977272271
4696404700171544611
-765525416518063812
9103343404940960478
9140191182835274370
2566863929871201615
6543947977789683382
1506699527612478487
-2085151440363389812
-5465282895960891112
3285967993591946273
-3282159707058464228
440817146066261574
-1224051988843065826
406004070712790598
7345774769577819857
3819065025706154706
1759835009300484333
3015501737290674782
6948582650999206636
2470357650087217620
7934606447539746387
8910252325561434627
5524107354014649952
-4614003393046830190
-6825027304202231319
-5506413083607828051
-2223577692802058879
6032457688778656720
-7863249483685376817
3383829422940724208
5461745936786069609
6770861845943682516
-2154894943295133086
6275837739835846805
8843717520993139786
-4237756758157283567
-6571116747832071777
-7519368206011678445
-5194293447509204650
6800514676240306199
-8844889009753715097
7443079779593481762
-3976490975284629340
706317643372722694
5965948030082624370
3472253359096808292
7835402948555559840
7451060981563831151
-3059846920052545411
2009035754932616259
3147218194645916418
-8839360350514994291
-6795826313091764505
-1647498278583774146
-5906178116105698053
-7058738804002694003
7653157354535897683
-7922594716588661915
4387376221719118946
-4473962899562292868
-212258020929194474
6966113006012234136
5195124115403186292
-7022494386836955487
5578116803542700913
6709946478039603620
6622225369744255913
-4424410454735990049
-625585902219365446
-1247404695277165251
-2814717391501831317
4105903021898597766
-7509397234727680427
-6395872827002709676
-5443635923245641860
4608793300474629593
-6570233352492318692
-7942415580733615121
-3628924835441183748
-4472078962332912592
-860571844833431633
-164697863575418307
-6647208928767972599
1844848015792020166
8541297831794428009
-7747756933192703659
4234944640153733016
631363533308786091
-6132175215765780366
8850042101175897332
-4789768329151233043
-7595247143883981650
6452220403728222088
4902929640178989057
257313068286726885
-1984687682380029070
7516894065815588312
3253905841198903829
6818300309529391352
-1379334141301647539
4811730973396387773
4302422381583538476
-1660428402923981980
-1757427579298635015
1814561330792145057
-6334373433421118676
-9022305395799068728
-1357797353357851581
-5393678471662434402
-8345844992265096983
-2607971192165906689
460002597366027787
-745831155864591784
-2839036287554324376
8317701982421794882
-270499924668813298
-7803519834337785798
4833952348714091831
5138696410708622806
-6383285893238864122
489261848092333877
-2397970602498819400
-1877340734278862992
6030811604845441785
3008580420918801938
-2257253864918936830
-3510056852290254227
-5506139831967125004
-4123143877996340124
-242983988671832374
8564962558600774352
8301943901708187927
-3008363081017618444
229874313225715084
2996750002811463501
-5082834544666008252
2124516381931831692
-8777589069057437059
4634051465816444123
2048235996356149371
-2855291359223559526
493170824893650446
-2153432273796006832
5909833707019892710
4879446088223454410
7255201709487612286
-2531301212940485072
-1518411019724699625
4922711088335840158
-3519364620722657080
-482466455290824052
-2561015630670363831
1842853110630129114
1735763490713091274
-8419465689109190332
-865957284766164710
7379191981182818292
-7416866312805005435
-680512229465445086
-4975288038293125864
-1861281914298256918
-4108020330958489281
-8789839980676990133
-7543323911425205156
-5576837603423166181
-809472646068205787
7831626619616803363
-5528758239485164138
-3245653156458944639
-4268229981046201612
-7613949844320627050
23069575929475013
5413957148820855399
-5910158723781581911
3505698336018825931
-1752526907999272589
6233236384808807360
8595544981078589685
-7798654364573154181
-7553353947005774014
931943776055936370
-41914754128148659
5088715964484710358
-8481869278454578777
-8360431818223828861
-8507958942698937857
-3235919657378376302
1043284855652958674
2281691495612763698
-5178625646527202615
-5895543429704280168
8288079943510801204
-2189234906134056627
-1632902622146389060
-5542021604033189017
7593760580672886880
-7872957344918552413
-8475937923469992942
-3761309896318746784
-4181614860765552314
7865688094243130439
-6125963800977013249
6675366705367783778
-307662969622225886
-6423976674812824815
-6391532845588971935
-3445523706960337703
-4938181628048633264
1799909390731906295
-3426224974052762340
3829297803769505232
1215720499234550010
-1587041899729038519
3484825870845948445
4791278469640340862
-2061978965766010051
-3927639221755975043
6967805687393712538
-7165678329342158225
2862900259254795543
-6766372399826512779
-5027212568501594691
-7359964288652943148
4920641550921163570
604824240247485848
5286713167912584542
-3649635272105032132
-3291196861214391880
-9197538042417571367
2323281480039120947
7525977243905106297
735046279457921018
3136019984355178759
-6670200221935978399
1743779494301802562
8089427818090543640
-3426211723584608938
-8658153536893449672
-271092877501989961
-131773745329554694
4934286125373582896
5769233708636524252
2329273457591223218
6833980463661441576
2082638965830365981
1851598793751311814
-1763374781686394098
-3725110038527651521
3318115800520314800
-1767439573213915098
3903403867089086268
-3204945659434970119
-1694956623602341772
2091542157516743990
-9145084923668026634
-6001839902099371970
6598031485999951247
3700905389944692810
-7615713544692957827
-3409606812110684942
5687612421804524231
771719139744531202
-7956006380058454194
2444396922307209996
-2243949992291065784
6505565240433284452
3935501720783851725
-4098801291800319481
-21209081771541974
-6591952799291942316
2036267553019616509
2683012062405869209
-8998452026189207224
-3014518001081927644
-2788395417074933814
-7892815610987063784
-6286968899615520583
-3153182015323605169
-693160489072599955
4163551292920088330
1363075928587759351
-6947538863416252025
300772823134670301
8267672023317685698
-4299569528381381962
2207455458465478554
430251796396438261
-2050392752537832315
4376467224455947488
7778901525838536496
-3605034966477100595
4806902824772605506
-4919120346608460802
4081673713455876071
-6562437567486159272
-4484693606381361917
-6856031734901863600
-9080204632279645394
8558478383085810432
-2289687349900414231
3987218141363580610
6720101828419807255
-2947649529219474551
1084323156364864384
-4502958314017416550
3544147995858955605
8024878685697889457
-2630506211056914839
-9008516850472087194
985315881262582660
-2280609974345102144
-3334081776870834127
-2651355140271709512
-7968086451505616800
1249246506111657483
1269638854775680195
4641388204518903844
-7763410771050465646
2274405631787941245
1660090950355640150
-1079490508983309437
3960711967864282405
6243491923625217097
-1944058441523522837
1980953314515869430
3502922440792245596
-8024520869827037695
-4741255592463779106
-2679560440140717840
-3165942314998547967
3327929549841459396
-5281590582358495375
-8820319196089775227
-1243606392905578700
-4915151931290109310
5609360684276675845
-3242075950519013616
-2375328276786583502
6243822979442434479
-4494289292329732316
556373912679747785
-8976013912376854748
-3930459243225081117
-9092152132427970814
-8915054275175091785
-3585562690845632366
3896917303587494909
-2665833965955767396
-7823295437574115802
-1074135251199668542
-6100963385387343630
-6866712015607273731
-4718283115760057626
-4106131289713498305
4894827068146289132
-1374500728757689109
6341148706645321277
8715471620530452182
-3922893511403731456
840514903292190772
-6564886197174117505
-3479728715776935879
6554909336235409901
6397517812543885904
671590567306517905
8438209357118406644
-4021870649225595839
-7204920469836197393
5402102523915508339
393455180140730195
-5490782009194071854
-6835433363349510425
-6152501673026919762
-3358362024408661433
4866825360532210841
7524513915300909429
7313100222346362172
480297783168125558
2078784965529999696
-895785510365939093
3635153989507578896
8811088147390829205
-3701955894073899942
-213722155238268872
-3610711776527462636
-529648236835986823
-5167986465747622338
8752872904603953260
4611924340097565819
-953642216114822323
2744546568355002186
-4353600813975985940
-5721818005741065527
-408000560051009350
3532731554751400950
-8066872462759684246
-6385057858756683840
225586442687357217
3822352880431486222
-4139986913494457210
-7420679904277948119
1386647975273921025
992894625376171177
3302172871298403783
7991438905142665592
-4881577684730009595
1446431511026662787
4469301750225023735
-6969494193563218508
1016474655030017895
2210758621849892300
2403933110150116221
-3247654516231162687
7094742558752506097
-2293052837656379318
3819631725057472608
8529653865255868581
3518850546227709624
-5479882800057486333
3111812693033035791
-7807183910374956117
862557215567264415
5816349236048356602
897845305953714093
-3475690256242522124
4510377429574830111
-4901550809855615972
-3810607539432864000
4037085248318350735
6876324336041225739
-2424666958115596506
7689164101684506302
-7444970950241050467
-5257569876908646075
-9023514433403908746
4187761354246404778
-6455531746349642858
2170742089129702932
6420239830755384883
57411102565319464
1423748397815924048
2316800340362016295
-7758671057359781344
-1566698743345909987
-910025718013488826
-2997277092665950048
3541031796663279756
503854442038040356
-3449536162009817775
-5001770628733696664
-3030963062969083744
4010234095759965725
-3507126385514378791
-8724951706541124702
-3237325073527404266
5935035588518547128
-3138433966200819443
3719813427823105001
8505940441225012696
-247218266773053964
-2835633873559562526
-5535734018643574870
5275664558216743949
-5150256323412905167
-1593648797406579543
-5212868230251592439
3346953923364692916
-672074857692979400
-5678217469116436090
-3134636218243306915
-8050719079897068942
-4909214516071686449
-3142657262089827285
3532812878056745945
1351172311831348791
4103944351790892382
-5065205246747979145
-6774121109205209394
600607401990393579
3839082983034250370
4968054215245844188
5406952100019094572
7274204949141166061
-4149142542390637453
-6848991862298677786
432169304600544692
-5534392970147707046
-6072737147235266547
-1484156382522435441
-7690040052136292657
-230165097134630032
-3201067303191269950
6359737821464289090
-6366669089584031998
6587236738746699470
3968055554159499618
6987084379470126876
-6119330444274011669
-7888927273046497337
-5551734140184112849
1019261581361341874
-3521898795484655818
-7745576508582314265
3778620533781389058
-554645190920274718
5026642655893928357
3571503023507145432
-5317632337742737222
-3176228210046753189
6533995685469918724
2851432345777127891
-8813345465116504240
-5007717206401301903
-53154250542466731
-8722725994487154282
8427457171668608152
8527908455826187447
1535147690015228095
-9214159392173639297
270433288452331231
6714037592952910130
-2838989596799742554
8415170352863980159
-3246911038457634891
-4912589984216942819
-2062163964884346055
-2099232489700185996
4957935106673346390
-1444746394845082973
-4946935697443277585
-6454852552584773616
-3002853813933485267
-4544820752091371779
2480325367980135796
-2799151339918603557
-6792096541547392113
-3149221006167875446
2007953710969211986
-2969301847165851388
-7980788592950500773
-4266558801964082967
865199483035566259
-4265010468703192077
7759632302333556879
3302727661580174402
-2134386182554988602
1709054517501987509
8119139002131309587
3885786404204581113
435186195464641942
2577895313567738660
251986771597743391
3194471162560540471
-1015139627611869080
-2396697955507380978
8256407950020273496
1623020863399409532
499921099213606366
5285960069188334346
1368329368482680464
8521536720970897101
-2516488553349554885
-6939243074870916552
1132131286612709656
1585615363125447931
7260482013905033562
643111352725621824
-1136059849495365256
-5103801907005557407
-8461941177478285188
-3856326697364517468
1678447030526001735
-4674666945325486955
-3519226457831871372
-2176963793042826623
7919881531740273070
7769040737964486389
7271504163951742016
-3597464472096934168
5348204602831538175
3601318443249823538
7561397361010946884
1131996318482393932
1403232792960870657
-8319256071951744023
4764332460980313881
7189076881113131731
8235600705789406903
5314822958989052035
7561860924389463754
1734702810701181436
-6042638604960656504
-3639973871795585689
3368897086572058279
4770869381076764311
1962674142691495192
-139993907551925850
-4038292432096167508
6116892128011608519
-597623124307185566
-7654774106058188550
-210169679845512351
-5606939071332018595
-7144163977643189473
6531358457501282134
224258823089429886
172271515350965099
3037008847649872942
219990807736761754
550541367340220179
434701157301569296
-653736173851181084
-6206288472484379987
6768855894772091342
-1226626977991537162
2107323315163766593
-2167820989396836328
4577739677293460825
2141563775637071084
2147582908033371023
3942452864888164707
7662145497996746036
-7838023439365523775
6011014181296723781
-3144694781896918376
124284510593470589
-6114254913515403883
7261163230165076734
2136086087688907839
8800322118521264138
-2129270140480058960
-7805611429369207526
5337198147523529460
-6022239493348460435
-7831469563368450976
-7538347752236278536
-6435762338634359489
-2076433377394910490
3892495979843776997
3505971357566798098
-7270854545835730233
6828680398233247303
-7578302797111948311
6618954440529272466
-3205377017695806511
-1511262749115680715
3176743524934616166
-1922011000703363804
-214740344691233628
-834012798647795076
-5546007296456733789
-6803100626531025280
-8373930428274805351
1164467549681668497
-1172082635889167606
-3104191055289821204
133144255680538592
-9126806808678893749
-4314300304349340077
5554957815453082597
3577642784808106486
3672588001963840106
-2793493145492870786
-5358455569087210169
-3839416954345724761
1388866849333130693
-4624901853149291285
-3939629353832708636
-5066926695135986365
3248613637849729019
4391735879874787641
-8330568560087434290
4591804434755895462
-8728121655275981726
7764233964699335469
-1607910632286911920
-6819772572618389770
-2853236666087369648
6227139122925126210
-134342212301803066
1079139617063394171
-2702163915883343748
-7311217020027527619
8145775813091082501
-4403130266614787768
-3133949969461750267
346434785694402414
6193356453783359652
3457434158527368076
8214938720065187461
-5209576657150579354
-7988081948174178444
2562565596809580327
592667365255657712
4006014379937101093
-44132015754992957
-7316351436073787164
-6987680690102394821
7633215249821222584
4262320075737589202
8262541969852396663
-6964701256674843897
7188398005642734709
-4289846992116242076
5240906962209660071
1821717098892850772
5646226856197259856
3033220528994518818
-1222259300786807652
2925455119342185577
2238336425677254753
-5710365353288135161
496773690597465766
8639060410398267232
-1354167548765540433
5075961278802040521
3669000703594756081
6160145952743695684
3404448341402339770
1735806420570199211
8759210789657543007
7124348734013401121
4983160642698126497
8599833114573672507
-4200801370925303801
-8265083679064300440
8297242712754055556
-1876765353702674157
-4216814015707739274
-6142926002979496144
-8279965524676760420
-3810501115263484291
-7071576117699522321
1803099043690964499
1964724151612121331
-7427036981122982721
-3291875133987102166
8948950784546704738
1924576245248005923
4931476912304792890
-1463999056887941763
-8474468557213314909
-155682410999423583
7464688991155479844
4868340752358919243
2359848597627933274
7859253194542932449
-7200315462375479879
-6450323465625086916
2176529218606935382
-3612035401432226791
7233765309510037433
-4450157818739067345
-8278763231977897222
-5758429085424980350
-3984520737668646924
3524418209562572113
-1159274616256698214
6842093996408024163
5973125089346812344
-81081527619535570
-6124083091944861876
-696336089479262665
7011162347874735583
-2524337886354102411
3942504502087426046
-4444506369682110710
-1245768080211973958
-8697128828584809405
-5356342659835828498
-4250337998755103849
852539615073835497
-3468512894754132303
6878539377332136222
-6904433076890971000
-8042606141155011992
-8443748926162751478
-4220596358765882954
2078569060298436511
7237873903633972280
-6154009617690075403
3690435359983915144
-1390405315842620500
5780915726511335013
-4242409994073933060
9096009551116341379
509186856856552760
558394330826610114
-7282325021041708854
6423706613117433162
-3038896604728006597
-1379911892948423199
719223622088158552
-5052389877190766612
-5951616962412934527
658031719963093977
1748448813757899721
468045637678582077
-7567783246443260004
4127396686124211448
-2434810524258206960
-1261107929087640249
6711299181762580534
-7600558646144757615
-6417230059015071052
-4921069077132368463
7253529841877737180
-3610854780552332398
-4817520740490450872
6877015354835893456
4791085684124194614
188514997671204970
-7601847234436778614
-4754464382131715699
-8204211427092493392
-2750435484593723676
-6079330135121398914
9000174129050739407
3522532198090302731
-6020046028631902295
-2164237872421136496
-1365368184552449439
6602270033546652067
-4394708559619512856
6880693310085059990
-2352677299363018227
523436680668395323
-3833469548302435490
-2869078426392740084
-1859382030655026877
8573080859301858352
-3183818332931892566
2320439542090909776
4907961684941553570
-4908164570442310032
5845368563347932143
-2854587223758257697
-5403906979656460122
-6996444299940676153
-199395379592513508
4839241472866763891
-5348267524221102122
932026211289256781
9061492177537091350
1872092944566780470
8413037541582929800
-5658496587259439087
704675198420981725
-3525449913308629112
-3416307260017849259
-8660483291985447396
1350548007725824400
-2426305717242607378
-5662527699460991150
9123384409176743346
-3678518571799656859
-1801196023669711152
-4064900664239255865
-7007002100293540499
8611564341582832214
-6494779311346660000
3847146483037091488
8848631615591118754
1835630503777257808
-4748314482491298280
-983820649980730839
3777741501542276612
-81925982465631660
-4317854654272028165
408311431269983778
4994218986403478203
-3271323412539242080
8835119181525825650
-7166264327829284999
3360594609301993596
-8433551593517296317
-337393558463059488
3940343748839383711
-2915135874872818278
-2330619895334225764
-2780222288544100786
2159173156736791915
8353738476976091769
-4833516600613096370
-8608984792866418693
4131282040834675124
1741404600066409759
3989311087996547832
-3465720716820442058
-7515949920976127365
-435598616386502130
-5859646014888057663
-6239201997733141948
5229233561724472604
-1599088682844305476
-3396152789824135350
-6439066577033543772
4891873166774085521
-7955400273165496072
-7120909947305955080
-3725787570593099804
-4894516892128217724
-8596843583421539217
-6525317374810450416
7930821185891840688
-6670568840132071400
8196953288046555786
-5475804119706286916
7318084721768234399
1747765250560812297
1636954022292608143
-1413246486178100990
8241859925089978
1890105854546490876
9035207862908606432
8455551268794044542
4706718203759097750
7018744985966803864
-5700171481168498448
-2004260103377951290
2666966021170826672
6270779770287751470
5411639848144717714
572850819992848966
-5799794561655742148
-6014233625700057973
-4672572085081285123
8763480051304038094
-5850192853353501976
-2120586800188737767
3192468965147707357
4422365832829543597
-8303720868391969072
-6434099564485132778
-2480430406496005192
2290511027754751085
-3625242998425167928
7289068726365645297
8128711281505908886
3676370844860755502
1562231020982739595
-2032601097907684131
5602843856042367232
-3136850669192615776
1615146117285866263
6854206419613408115
4674670928548909345
6866585114440353557
2076407500729022381
-5081112484822159451
-4103508239302493328
-4764454709544985663
6095030123595357317
4979261906268787082
1659742871156735921
1647011196134024026
-2071725565300691475
7902681775321354698
7652338206242250588
-424463079900111226
-3556341773972271378
6066411580415602364
-4644044164374342457
152905839260361076
-2598072973822664971
1870929821217917362
4071447990098840382
-474705682067473281
3886936722101505785
-7437975669735261099
439944015271754958
7153079143455409413
5286733125715707330
-7337827547679555794
5470695275306608542
-5240130902958382509
-4149247525985760860
5956211340761381387
-7757185636531021809
-61913325940082358
-5200657200882334095
-2791616825333658736
-5645706202585896669
3717454578895092306
-7521850679606672170
6563410662312998922
-9157007338465275759
-253367378956852903
571178083855340520
5140776316471902879
-6010908997089665828
2704807135471213876
3950560168752140313
-1743706519808374169
8381672705848898061
2153298773130309634
-8849987045845367284
-753763744260222186
-4726681042630234984
-3483292844531932997
1634523060774546642
3822059682956367729
7015176353464993992
-431219826751187157
189029252219791388
6465162581466747567
3257205130829274360
5144061748470480435
-7298736286971075391
-6692862527077616786
-8762787204804024463
-1366043540982415507
713723737150684441
-3911120158735572640
-7801477868810857611
-6207931663070142567
-8768605924467154852
4622844974648159742
-7136322833514938224
6668496057787726091
1439231834019115868
7479514816503160571
-5165902008875926824
-6313826329386408107
-4656235868661079042
575865032592774822
-1925939353989994050
1159586530450948108
-3084920047643203747
-4889275218269453157
-9115870997892222340
-2912153322788949432
-2759553170472489200
8925991192413971239
-8372121529178617991
1432093759743870566
4845724831342851807
-7817969317224921925
7795925852903439647
8087884003380050514
-3151919035394352384
156446578109400859
-8455673643125371603
858722264863299906
6389790865320314078
-3786753069469195588
-553197813341456753
4045522958162655580
5536210752922493224
1930897548668824948
2978630447140592325
2872043347601495608
7334483662151443274
1604373186756602279
-5628082616133261019
-7957164118316620544
988635904074816295
-5950071607594128124
-3514091717302406539
-1737929143874840555
2009241504325531878
7640868315111325904
-1356505595627961960
-8410426573353265309
-8113212039693920432
-5325615841308130938
8168832873260624218
-956951866266637508
1962839805905891934
2873700979015680957
3288748021603743809
-3648186322371030939
-9100400581937000510
3691392705024909573
2418042099367018170
4684348530359781776
1594017573057356728
3534723649522769753
-8420896012736167476
4341455233050121184
-5378217074626293783
2492678204525565446
7285011483166877499
5429824607494894329
-6234379867825267556
6248309905779093188
4026012152117103824
1131461866412196742
6040876536344302791
5017729961953067199
4163066086340655206
-5835852405467793623
6950343135141266657
-2213726036353943498
-4351731960134810562
-3869536448366766368
2448984519666052702
-5810587367612040092
-353833194258494804
-2171802124856697598
-552032075157239252
8693013801714930606
-556190874790541294
584810972303037082
-3657170556958042088
640602411394838431
-6212798375172647092
-3132901316209864667
5753406074450388804
-3010122315530143759
-7715671857590664802
-3569957200195499234
3855095375275177096
8207498143363692165
-5558925238728236624
2956297132182160579
3223398963475347395
-5302283677258626086
6598660664319535197
-5864956859780546137
-3228259890459191375
-6513860831852067437
306467611274875238
-5547291582013815695
2032485582456837560
-6893837250390024446
-4719790804922453429
7332006526116728729
-6036236008605683148
1422124219777820323
-9096286045237934937
-8177003860116810457
1631715901559504526
339998374397249267
-3088772618147374361
6067085406173369629
-5553013415300684540
-7561212740551196940
-8994828241635516537
-711159839946948895
-2305828469953386574
7031659312508089432
6319275227740565258
-105572067821129739
-7699713380485343821
-185539263785055350
-8160788323132544550
251998735479449399
5603784027861470475
8094591203708846177
2039845784500627150
-8072230205250772712
-8170289262288736998
1041808109558383621
-3437020830882925682
-8438172459500987766
-1667988815611094587
624354195278555157
-3925190519432856353
-5741686319388541465
-6231853504356291805
4545887958640101228
-2878706838278766459
-5003427125979517879
-6465441689889657940
4256632555800068829
7230097905454686201
-8366295562318455545
8169307884125250000
1367591778066072796
3160720839767744792
-5270958491260248781
4981691390142911770
907101713104205239
-6103929639860589207
358031978993851914
-2312309428924764032
4445784887272776833
-2328089701495175987
5632918919167170638
9089582599191840442
-3223843751766361810
-2726517971711430207
-6877446958797200839
3336127249378947961
-4446522711359899395
9042873474508904981
-2636049451338423251
-4855623474916168782
1048665420328169190
-5634669306660626508
-1021055598709779224
781711656661058903
-6250857310657438062
-4234564001302681426
3715033293140017168
7795716005770345095
6954626063580835977
5449435443530148090
-1187096412004939790
1688661718363262697
-974215302644169874
-453320863643740130
-5408766921150623520
2835294566099059593
-8872577436551988182
3503141643000118653
-4423440774412905106
-5190360025993019393
5169618042043183667
-1526570455893259133
6274472549796702869
-2208769943160966275
-4630828173318625030
-6666787061586858671
7000833250408933402
7090950045091222667
4133454374875243266
-378528201272001392
2324223648663797656
-8477111487078866697
1500487568976671938
-2897610074257429852
2687475860229368133
-6786922234303908141
8034374494921941620
-4576798784012867171
-6500014237379665077
1562331325557644697
-6486727922604003099
2577953157886209275
8793404672035931635
2434961850136090473
-3577106438677985151
4190869543040608579
4117044824243372472
-9169940929061436171
-7721555649836165228
-232850329367392767
5537576060518319243
3227681836295884254
6819066189235413025
-1862279964915994334
-7446288209315853773
3467671271683446695
-5991240744557430704
-8374518160636176836
1973076368809906207
9204086281806716109
-6318216154643346041
-7460585838313106637
2280366335509188323
5761575666106265200
-7006774757956659743
-4199550388638061936
5931346402484887887
-3884372424042936525
-2209939440590461917
-8418224368933657519
658749961858198915
-6452031555285585699
-3465496256689529063
-2184863729210184650
4516198718476280344
-5319268545705467530
-5247595729819003709
579621753355693089
-3031027411773640456
3943642728359921035
569929467851486993
1307282739419490419
-6957953145820185391
-8665453304869722450
3789959047388174275
-3177116237072245278
-4422089301057333807
1167245266338849046
4377648790415991025
285950931910766879
2531590197371200370
8897063766906666092
7625528120769203434
-448056968100774068
-4673197080633955905
-8533918008658332734
-7187947320185289142
-1197027881174801949
-3879409081887861427
2429651658786803420
1972395633575433598
-4643757754412441701
-5848922904560875312
8664357734309610606
-7835051452907879994
-7130031001036830617
-2855113450116000044
6412606470543734453
-9177625643694962894
8196444011781207053
-5347424636973935202
7858004166703186593
-1968988713430516950
5514245545561336835
6605702302314213901
-5625753643246742808
4451843215653421686
-3191152250182651458
-2161841070208757513
7531270358815689254
3333784733668889176
6462824119997421289
1922116401472951539
906064834364087034
-1736135270716935962
-8950129324111130908
1869638939523367114
3304069120629654269
-3187464131506458959
30560289452815345
-8026401416167116138
-6815874868452873809
-227449050879233214
-4658756106411770745
4519037383433186721
7663444592279814302
3771298811570296801
2836795139014694626
-3008379242947090751
-3917866830676100132
-7854400742674421842
7575301899468263971
4325165794568467661
5993351931052489092
9151978572987837958
-6738057685470519951
3068795143512892628
-3623445612266266750
4227339011241513535
1576689133724527843
-6095545129091623758
7236086583594465520
4947014083698016875
-3580438662421736491
-1186415771223500112
-8766970521548485248
-8434924841883232882
2048357787886815607
-6885781270016557775
8383608586011226504
-4914127285862066524
-7196590634104176230
4240982004194157081
5767978237304187692
3747059269913296807
-1585702668044584941
471394819186164107
-6142347549177384764
7442056208197085704
787982329341581893
-4520272302908561555
-1788462569999337134
-8386856860570925523
-8819328678993871617
-8579895767640344217
6341460232895637979
-31989871159486140
-4627567723810743791
-480063323601738557
5538874923889453210
8896279671968906477
-403299808468590232
7794825007574236161
4022572870979194946
-6538519441496334545
-8605770197329535223
-5263093284061281248
5104173517616873469
681241859091231290
-4686937201691134493
445965203824026763
-8519240966619024238
-45699352033171616
-2548298191107924027
8267306062972283923
682157684319284894
472473232143652662
1898098391386337567
4559917252549173985
-6933250346464153751
3324169222536404262
-8999238776318840579
6035291902035353917
7320196426441487949
-3417276797135376215
3337004889537084332
8675260211186114909
-7382237627089903643
-6926116495194904633
-3463553201513268149
-5364701196540722102
8944005773509672079
722809928332785201
-2361847348961858930
581610706967466324
823548170274035206
-4745972784259624937
6213515497632811928
6866402928416370198
2091034808535898721
-5168141998176731854
987533216691344313
6150577197608325622
3498341211567978829
-3341628691703566017
-774214053359566823
409235614858394922
-5181260595610367993
-7657155775974540549
-2772018985606102238
6385208543024690287
-6514142138020328350
9046346237230561596
4618989194505641872
6701812704444559510
-5216270894261549206
-230681509539483303
-260691003104997993
8628133963676490856
-5783874281742696697
-7447245809549327500
-1617400978164874398
-673788299649628053
5870064760431762703
-2972697592672882845
7158683271597855083
-1213497449636275733
7488386053907079929
-5699940146935660458
-7686006770163639814
-2896524883098532838
2420366636834823411
-6725234389319091893
-6867155060841961013
3770290969728077700
-8837256173318623845
-4547285978853321976
861431465388307924
1044191596689994119
-7320729192655348642
13019615590951224
-8128616722095038327
-2475746098359633162
3762552847240670622
6045799575893312069
-1007539880446061096
-2290332326466647970
5123970644354843088
-8511180704514552199
-2683606943461388507
-4651422333871577215
6351893851159692802
-7257856705830489018
-7552893984832441913
1767792092404203556
7245160980337379419
-2237127613998567621
9127773486188917671
-5106948930557784962
2286809357478389021
-4735133078342430650
1332920136509789976
-4967888889847486992
-3223262407775188594
-418946736424147623
-4515220130676855766
262171423044309274
-3190088783733609266
-1940765191951515613
-1011880029017630045
6389151107697341651
-5880711416848715800
-6066432725548501635
-6745940647461288120
-7648853111802764331
7941588851585221832
-7580100006642775099
2210719226943036812
-6299508102847935127
-4750883776635671436
1698464518254569381
7280678438694589801
-7251329331456484742
4017368614870200592
7492778004156548207
7191021310098345865
4828583827701914112
3981767803222754799
-2490558786984180713
6225201534772570410
353203238432346318
-5045094880145679290
4204503440240802200
5340014818844356708
-8221756202988309158
-2886589666840079117
5125647423404466779
-6102652563131979174
-91292903200668922
5168870298622900983
1474356581414193385
2305769867587298859
-5883607997632758546
8568178450812445348
409529915997511325
379822667878929089
2334314542847870559
7660763185306696939
2052316641598545761
-8043299609920027015
-2092849871648815695
-4233293558554618934
251729560966920604
-1176916313655103456
-3105634161321343603
-8201245523769377808
3481885325249122974
1820876023201004996
-4079159920476499836
-7293817186219198864
-3877069834259958440
-7894931898477111054
-4098389573672672190
4835338977932627410
4771395363460846933
-4277615013698906637
-2883473931168522541
-884087730249647971
3907001254255443454
-6197559012374651653
-3940024227291148049
5551187714676959600
-8767194222116010589
748593119387586276
794471984211501069
4026349067532348599
-1934307869646679503
4291586561650832452
6106776158051930651
5579759947726880234
-4333403442086716652
-4619307642646011253
-7151128066288026769
3804636156782407672
-2497511234793386892
4037161073409756976
386137386334657948
-4819398527276228604
8054702727505053592
3020503147764922344
-6863355734382349027
8548016154100776413
-3103141596298244628
5480467196646862790
-6590411614705749184
2877419607956872534
237379116802703937
-2138437832050105250
6394867838324819255
5966319408675672852
-1031014204924111313
2689551638936052791
-2782717777980005125
-106073431758793010
-466390430765095090
4501124071551446850
-8175706589379703064
704550018695402547
-2661720621162746333
1989663190441763172
-7023524194384587386
-1030061687255702930
-211787861045345161
-8974522260673365529
-1438278491742664278
6083272999816847119
3640572984484222370
1944120739885247060
-2998717229254431952
-5793793555630218503
3515198196408087674
6036957194915120602
2616517218332006799
885783330473611642
-468049968560273657
-5514362109821630531
720172871131504486
2935787736634089215
-1681174255011995954
-8975891987279887532
5513937815156530754
3885708859239400501
5872877693959359118
3429283042443592740
9095867562882963552
8769800569597951352
7097207410263128969
-6947556090112460539
8000848551458787967
4383688514333256144
3762725419417587420
-4196968157615607671
4804578777682803549
1828357489665232129
-2762908402533042879
-1291060383551931401
-1597030729324698846
-7518147582883530590
-2748408201430066923
6556324676322605404
-7105340193986356781
-5446694410156378170
-6671918684095163525
3108821967043366833
2321408493893499238
-2522770458993353155
-6163783954655394772
5389414745124633618
-1789199678044253315
5422562518322090498
9092161113165212553
2615852114636555797
-284072239895513481
-3089343814696791326
8255618432685845241
-935760317647193478
858204887489614240
-4653780711215938110
1686632282158742208
2652293925698943195
4530258824741198158
-9186986281781252410
7869169886743303966
3150753405385749178
1633635743427605812
-5313421516043951992
-836965001097389047
5424988295500377548
3059353159950649657
1572248376808665915
8101913783682044525
7829569183644363807
-5209717037937091193
8218766491801336841
393445092928366908
-9097406315681571445
2615583645140454914
-3720715824877241205
6989491720587256221
5221776546455991720
-6524701058878060933
-2000182298645009576
-3497085803965592106
-8997846817177818660
-6107519424206679832
-4429961758087214682
-8536069757975964377
-6537864236074832128
-5665549858799185275
2079736526411821104
4170109247435563450
5229232196614110255
5287941627682650506
923897575998441062
2779063423200030800
-3444978154710771570
-6074284997781256873
-4000453009940810206
-3700528765517241687
-2718926955769124874
1958809337761720077
-3117183552409331298
-7037095303995753841
4900996357910414151
527428615153857344
2434374092013770738
-1578702656339420364
-2293779393304684147
4878707998258067885
854901006846890389
-768843444249454304
5716936135364460715
-2995710841434398495
5395134114075382464
-710709529049819327
-7921223688684657555
-2325136183217980700
1764780423794923686
4948761042792890440
-8185054382780030538
-2387127678786683569
4178584384431648451
-4350869633339817394
-8695062069890429956
1014578154048155034
2193476089619087410
-45333602007576356
-3555380499733025971
5117202921915609443
169472009159655277
4967798637390544352
410047312094424187
-6253531139984171655
-120209621178423184
-5027669770587739404
-6551959199557297595
-2465016552313243815
-4985379344440786351
1685472730231929711
-7635234836243927603
3164337945421303869
-3287276904092529590
-7721987456082914166
3101465429764252212
1231573237005521008
7289031675115085190
5642877022284634437
-797458740169754759
-1140781826203973230
1460598584280747722
6548343888914407823
-9127013338574467140
-6640826099097505661
-2723504685545449879
1653447398490943574
8715582365409176948
-2778592802780262062
4957438769441943452
7077345467017669007
7095277733497007057
-8141732526162306582
-6641404988785252881
4211476945486923493
-5584787462772496095
-647189971663069703
-7811425400051983196
-6171093023986988318
6843865297656798876
-3177650883763573949
8689923825223047248
8225136737190528162
7051326919841052089
-5553806387821313440
-856034295366856677
3520948772115191279
-8513865598809085424
-2003417616235716382
-8108792977549945899
-5474050132894482172
-3036229958188688197
-869446569015192020
3899887186259357317
-1006291539884540181
-8108016570213960755
-6918767634580092206
-8407784933462327638
-3302336626676413386
-458154126055261767
1593027651273972787
4206054819659397398
195092889366408374
3870086935863546047
2624128700804657211
-4944647285043969158
-6651806046255340758
-794981975049571060
-8465872511362111460
-4672938544137104141
8864006579490951382
8526230494248352586
-6615368406830526423
-7170995190486174065
3529978050873028158
-3497617080252537463
-2882213118882223640
-7681046653736175108
6900036133040337642
1591200331398740566
-4206637325716568233
-6210801274943839187
-5322417871477468858
-825201895940147950
1019902064212118596
5717313214177797865
-987641739019646507
-6213160854523918077
-1953268205841839211
4636602395781517592
3523903667084737867
521678669104773238
139704436502713696
-190151577031090401
426468243067966395
-6656709781659406753
7958560537214564157
1502017075935114714
4521396547122960703
9031978107621134009
1025425548041903054
-1349895487809817478
-8377753001325268928
-4778577896881379467
-4415683319309443892
-1450531911869742883
6997279277102711117
-2359474177441453376
-8287954779520491870
7831462450712321833
7316912242871670926
4661757269830874794
-1676567266307663372
-2531091913357740322
8475330200230362493
3789631479230687291
-1280938867573436353
-480063201350669271
6829599975540369749
-416275019844230714
5433644706315924355
-1800725743941024960
-3263250323272293255
-4608286345645705167
-2870005375538121537
7193473579365751514
-4433816587373898613
-2562609672102986297
-1221906371736492590
2702462076936540420
-9092444427208706756
5176169322049492182
7982404258442017899
6974780381095983419
4100316866164800868
-7448703126072166253
-5990511347023094124
-5319004449583890268
8227449510106008664
8286931702763336916
4389690711308515498
-8184318842881993387
566810197225174416
-7647049016463558569
3965287048519935207
-8247791509006945898
-1024216152258202927
-4834416756888995001
7359632330855708676
1757739121473104145
7937579854834664057
6726218257022320785
-8718024969314135334
-651185177735106776
6214509874892953875
1648295789650778322
7016966206703211257
6974478222357923900
-8132435507609077583
-592990983392885148
-2947005980795465913
1749388519030321976
987439087632738414
-5287010780690260413
7006280563249796245
8529374295881259519
4210033440034738938
-8487912452907310469
-7921451650504905985
5981761482930251899
-8473218864829474685
-4291475067735963529
-4087239103472286296
-6975564927475740164
-6212417015776949112
2248476389552238931
-5953571562579485528
3066091059561205255
7936075213616995896
299652732165349048
29088421356921228
-6923029511702846065
3184123847466905816
5829677154231055885
-7704916499751749450
6497176855204039719
4491916338205431160
4208273575851993525
-2997888394271449782
-7320189926681843787
2267640290610763590
-2299919947730041431
-3392743859629503222
-8032318352143342304
4541917871360493273
-3002543712177499543
2271321633784308476
6420901719661217676
1155737622933029100
-8530173880320287524
-7827460328675947727
7833735536044093851
4485813670946421606
5809417746624631060
2698433504445598612
-7216073431701390117
8211016185162413507
-7871935610048182476
-5207013918357690765
-3554924377551047137
-1279500022847660039
-3196644271780007869
-327804943908360654
-1308237100321347621
-1624941192641870189
-2134924374890678823
-2466864499418512693
-437323186741294969
4898580626312394428
-1971906860391144274
-7311330511991919265
-6376875259928111276
-4307825115570967407
3020406770174615293
-8037611886139543177
-868042370345400471
-2637422199693157254
-4474543476166623284
7357659767075977778
2785946418203015346
3253899205996812390
-1800971072911572792
5334095420382473918
-6171048961501503354
-6665350020287189589
-5748886695512101149
-6656574262520129526
1429173215598708311
-4996812918319865784
-7510952366008676619
-3755302353332779685
-497084966205598170
5419387237334640167
-4479441429556803859
6499032034499371813
7872749708511484085
2902814647959170116
-6496936983260032146
9102460680000476037
253248120258143933
1879835604677331712
3050155132416114904
1163653577620778083
3085671455001345714
-6879843256691255048
1720311184584441114
8175546377398917698
-6737830710740146446
-5780404049266218972
-5332027901678813591
-8677602001600534585
2105773405418980578
-2292261073794118056
4552153084989786744
-5083498404004332084
758031220538357013
7723998384906495401
-4014365476833548857
-6814411888892180465
-4044742681806992187
-2523776390996612963
4301639946207443133
7978287823367625096
-8200186795010161740
-4373353783427310697
7630913173156869718
-4798148387607837275
7093112662978934237
-2020455739918504110
6299395004800963751
2330523142562883289
1067148676941956964
-7900460322540461174
-6649415560501502699
4446372533695179397
3879416077068789381
5831994924053718441
7583772860922231513
6342663324648879255
-5616684173903048898
-7364793160178927405
-5514976288688708463
-7650716309361892562
-5317969541352542712
1844910499524200042
-8980394360535911541
131767643702717456
-8163401655520774509
1508748485596346220
7518209701332505490
3902376651741218617
5750227429293476813
3558227423071288667
-1071280975624648065
-8426176762530906306
-453421657101911465
8684019601068813231
-1500705697825766620
-4999077243892377468
4157330287826312115
1256898165860206369
1835181509583474732
74512287225842170
8305502515456130979
-441068777480163655
-5371819103970235699
-7689982926124193761
-4003213355931312611
5353965773817183265
-4379053300174746390
7432733794669268200
-7659491178564621105
3979501484354806762
-6403404915266435277
4344661142550696254
5148289207407345667
-1745881357539252036
-5839577006851584861
699932145207552891
5466888981684500358
-7163865274887197637
-3035524953901707847
-5471668561945091829
8581845672694801499
185475685263397747
-8353143595716139190
4122383167036671211
-548792391752194049
-9062171112262363663
1515438098938773083
-3563876550561294127
-2050792904546356600
1053295985811013742
6705236407156252936
2262282620366256081
8765697233760456949
-356016419509386679
-1166074747576328189
8834327793480024443
-684857098715377151
-512383005132935848
5764810244745894766
3365046268866128889
-3886513888340507938
-1248654538224656957
-7491824654547066153
4073065705831404760
-228424496632188075
2276040413770041608
1068707312690981521
3449140389297559449
7768047321812180851
-275246711782509940
9111551585973155804
-4085222035457391440
-4429368552787103216
8074764504950048323
-3872565408761433050
8593867990099674677
-9127705296800656192
-9017126482191813078
-4200184204627466784
-4062957925519439409
-1270973014887460036
-8320227678290915792
8196511893139405892
8339020031773511310
-8800603316418529622
1833429292657915056
-2961015297139516805
8976398750371289504
7770752115000086839
2033512110382348991
6988001878089244771
-7243063254560550468
-5205668415374647306
-7600927065729913477
-8051026733435248166
1891573777919289816
-5462410624728714557
6199432690468510510
-4917096257710005406
4815571770618452580
-8163972787570076958
-3262952555761644601
1556567737300185355
-249320570695229632
-7146095901934625392
-3400860185143768119
8404954074053863689
-3280219477483027469
8759409842024353762
-4612156252887147653
6201448281132568749
6536872061673141276
-4494764982125297585
-8240704436146209048
-4652182941871432019
7790942863120450442
-1920553151365145469
-8121007099558246760
-985983943897100846
-5367743109808344285
-4463714638014393007
-2592967262322631599
-8443856800945348182
506117245563552814
-741560199642368511
2138163358167704100
8869534592208145683
-3497798447665994977
-5524470923245319566
1899885644031158084
2116456034212011612
-3186863835324439435
-5847773521887287732
-3720320749463313371
-8515801347966003642
-4144669028504755499
-4655785762941042784
-79781371277948056
2916804187583415465
-403819310816653590
-8784455758135216858
-2579341235086117485
7583134945457962239
2693136371320904319
4547549292342643261
7185837745156585752
8541065145185022109
-373185512523411127
-7991614333982648431
8746419621225150814
-1445722480609754423
-6202362567568996081
-1625928047854258888
4630822619509696675
9189570576251028408
7116064247394695161
595596815463338483
-7980891201848738551
-3127102787649207756
-8750844403342075323
2195889435619142854
1413215334933718817
-1690647569178637962
-2908288201344875313
7041531869833010008
7044238060849285953
-1528869478008899184
2958008865669711510
-8144676497676496355
-435322714251311360
8616669484859181629
-7104746933679052813
4308836737881585767
-5605775805089180985
-5996419623113254770
587344985862427759
3068650177378230057
7823268766882927299
5930064557407322206
5164280238692840724
2124435883289072830
-4248144337471555652
5649541806098816090
8580095616744165898
-7516532880800279311
8907055519814950007
-8900909761262316817
-831816621956743984
-6098610246456281187
4358839464215301433
-8501639009120045423
3336450130897223233
-8921990938019205152
7567503500130281791
-6935187320708179511
-5187355400977936490
-5765138798193154397
5107345547847650284
-8288211651010625397
-1804004679157389728
-5671599020717342257
-6552677131205696784
3605051059919653076
7570635152051219701
493558679981027559
4268144599319962198
-3592062319639110871
-3567814919107178210
-98219640167439887
3345836822880815494
823940722865406812
3645597209180572633
-3623149696919658783
6110431675821904555
5562510179529030729
-6069515214934665691
1427576913907085163
6914006704879982653
-4928071993298349157
5152750126418507569
-1410245007276667722
-3122100528159859904
-6485251885704488621
-2282080214146326391
-2583983391152615065
4221260818194124326
-6591121780694502765
2239508506571103729
-5770072992779474146
-2819142221686171892
-526362972963949978
3598589789978407677
629462079706619086
-980806758881987340
-7868737804464449048
-509501811137521093
235470683010260533
-2654643604624048867
-7330679967839052687
-2040890582220555825
-7696567841664561493
7917937465608927202
4448550422523470551
-8238574051012169570
551340506967963554
-106513175361690118
-8656462759738020006
-3285241093381573961
-3103414151156142216
-5199854267633342672
3387931609204260779
8533541355832569168
-533460084243285176
3392150188001079967
-6864771891443119984
8159950109928779167
-5456791425532398609
5434302488398369048
-6300672923378742775
-8574922744649546219
-226526638583155051
7695986788533944524
-1445680662006176751
7850501855088770126
-4595784260359575453
-666307674894456929
-2484064486398035212
3124147447213855769
-4519676648464690160
2400232651490461075
2219114684353112111
-4182585597417557105
-4610462618500375802
-596768311620512582
8109682956403719105
3562659079831961174
316136241080022282
-8384834969564386243
-2315118088618014631
-4172097298564170908
-8151705089053167563
-3025632246481827034
-3780909640366460813
-7326503578898131250
2700307586975426822
2233609493476872212
-7721476967147659392
4849681761699202365
1546350448009892693
8579323427475682896
-6153075144674968128
5455314950454963426
1583823584543537854
-3713487746356274727
-7825062332214359292
-2377822366193841116
-5636411264603057169
-3749754214671867467
302865321475279296
-2211890071219390624
-1025353209759761847
-2841999079598565092
-1197988343733075225
-230144957927874599
-5147896916230889938
3850714325830915758
-2844703359833051190
-6167359446695139037
-8970877440411448452
6581723884774961648
-2501968200106788319
5280504022826816788
150183030290884442
-8550248708507620631
-6181082268817358702
-7509622673684857811
-1608888139277901512
8793238073641717770
-8164616933811484019
-3148817144352526383
5338459531268711191
-8594434347759375641
-847425162136680557
4520697144514969519
-4831088435022402407
4032948259581306235
348746771219676172
4158841238075458022
-6509228689455486949
4638276607096299621
3643730684954429097
2044387326862032858
-1781758295976689082
-8933101110458804971
-7128713854889899687
-244328899965288391
5540197613208875410
8847073546103199857
-480478602146729722
9187094000445011889
-8138508734988069251
-7190170764344774909
-3047633896251713549
1884932943191454103
-41510353946411415
-8851764862877244611
-4364923654762445747
530202101908702415
2538812471104205950
-588815065808631210
3718922343382383680
-2265263818222804903
-4647366136792565163
-617766567194890703
-7524151296043188221
-6450709093565511935
8844786657590418255
-3755453179317030571
1745163513596696128
-1667356193698937896
-3807735011312981418
802885196085374571
-2761531178897883584
-1917493923479311669
5767133976422968524
-2566386578596912964
-3367172303165373449
8803743296831132535
-2527456698120576851
-872137894517481191
421114653678693484
-2340413198433637552
-2477570182236362996
8381450598925213483
-8893466379362456043
9193907936834884901
4936409470718130849
-2465516992004176775
4060325940858535262
5739859758354233116
-285888348435886999
4022330441124905345
7149539878899055741
-5600901876598506711
-9131720690591127678
5560777527172118835
4359220350410965174
-1089870586034468273
-7255467658529126561
-7818147346338618070
-181548951413677081
5848977898937942504
-2750699575444699087
-7183079266514881223
-4106953960480195884
5686463463866810610
6320888448349214207
-3079872640557706458
-2000498259935764937
4366032865784688600
834079689636891366
1666765057765136499
264485451000936540
2301530701285982985
-8890254999470566984
-6980639897197802019
5635403573369058845
-5232995267036582503
4350282267568009314
-3566816051008060776
5130674292181195252
366318467716697652
760368927492972265
617872786733490790
-1601590185738268831
-9085698631037254066
6147966173380408122
6029814958021804059
-6364182759076069873
4593084285249923461
-1997683841946316097
-6362868180970195857
-4414366339066011237
6132748627227717992
4883987933823107578
-1675229389505825031
8788583284704735953
-3640614436627992121
5002022014239232272
-8609594954935811545
7037242222647464401
5774870243863141209
9003231806102254165
-7823673457926300346
1140102351096413935
1024161577613126221
-8015790113767442638
-2663646808766029755
-3029252801540841229
-2323575118963135619
-3405960986325261508
238390475164193597
-2269283424317271167
-6134863260670659507
2152978681457996511
3607685202973844159
1278643005098926559
-3268663991003612829
-2417613052955916957
-5725748448838437988
8740373875890740288
-5174514196291416464
7942200282555165048
4027022800787098356
6317893226084836903
-4946688587448957842
8483426955849666551
-6715138407660425246
3340107327845464131
-5596088147233752722
1288199056268839747
682118045863004926
-5080212730131117631
-2272208346746086020
-3623822647736993536
-133326051493294231
140301728011336761
-6402215066580541193
5427638410490532375
6030736662841844744
-5680619184097442429
2441240861988182293
-105845914520090152
6776924916482327569
-1520371740433305096
2899659228042989703
-2721732587286357216
4704571130384152849
1065394101618625807
-4823024425239621143
-3360652365808117820
3852929566869009989
6221490740072210120
-3709361169184169978
-527911734009201475
7049479077765982336
2420376935708063016
-3136424522605979156
-1591070472152964888
-3570371033612000830
2409100220826097582
6040670490997215312
4899971467113860414
6057293684713717496
-4271656130217598566
5160848171105879673
-6530250466626002282
-5441414146662987087
7539056556310153270
-1864386598587034016
1056770416370953978
6174099355851491371
3913925181880564218
1980470493727031092
1997124303509132055
-7574549542689053638
2711837717007225044
-769216794349755620
-8836300210685446559
-2572418987620110581
-1080759851793352993
-7804657149972793139
6587468106883337824
-8953848900173247733
-3439269499114626662
-195007501428487004
6130871727040233986
-4109037186295980689
-3579289778875675886
-7512229193045198044
5655523861147069595
4488464678907899257
4033126885522497002
5904041755115996116
8657972542015637083
8607790172393688280
7389253469598472620
3760058587958523744
2963455146568340582
3456571407199300860
-4504411191792445459
-1695763799270838604
-2533561117450498641
2985796572310764837
-9149595558923416484
472788599060141595
2447842158035159566
3744698224708638625
4748314119656353174
668027628983264326
-5642761399634369264
3338321361192915965
9118200420587323182
7565254477616263499
6698623083046679880
974200567409820810
-5047613172427286743
-6792581879011567000
6907762962060761717
-9069524637884202708
-5238845762831673905
3332818041489888514
-4379760304966171686
-6921144112768174492
-1543291434764121876
5832205627863406915
2146067613846106193
-1945595364645459847
-2764840983935228411
3147853625082833276
-2291917361394259598
7587617960091462938
1142571239515944023
2802682779222524041
8494342365946622641
6668394228356714109
-386493279904580636
-5913964407475513652
-5388945187312792444
3914591203265138237
-195192067783827084
3486581335720038977
1143910714876689989
5020084869384168088
-8028278808302267807
8126691219704389158
-2969858998372372575
-1543217538584849777
-1192265543921007883
8122369832755814388
7468239383682155712
-5056547323011613836
1100359181052019607
-8472079629820441032
-3187484364069626169
8241650306134600543
4629133073942912844
-5321867684113499370
-7243501102811741529
-3504293623404599522
971838422239967263
4157154673272089661
-7988464109315972153
-7791605507034348268
-2442106770244653200
7836357995717832919
-6560681646068956169
-6444122415289025736
6787426120231508288
916132368174762110
3027508224894110953
451765548421792569
8275279331333606925
4999888090246079725
2321295998286872072
-8010696625178816378
-5044494543854727919
7933318585118555852
-5553667964988415665
-950188107421002910
-2374905479560402683
-4421305605984442704
-1065926266166148116
6675645564912216998
-578015337103395353
-5098800966144465010
2292508600774370394
-2182164327052584231
-9123825708977579426
-7684912767933022448
-3427314488010203519
8728997287628313603
7228818585835245619
-8651961414758438599
-6502774207188415929
-5860871411647582522
4475322399257876667
-6646768182791466394
3750249498130422809
-6158452414529361366
7408685580377858602
6025442117562765875
-6319924055485047244
8029539873820751213
-2890124384143869031
-7050110086900941329
-8351321681590110322
1023303967244130059
-444259153981064400
-9187061486392159586
237108089361384569
-1603012674857654392
8653481628581774605
-1986269472505944855
-8185683791770377599
-2499511212597560971
7073821677054621968
-6938737946038419901
-4022041320328978997
-4174173673328920356
3467877669934236664
8074168108010002597
-4167745613040230076
-1330173578449003426
-7228505453175421413
2712385066727734044
818573965220069541
-7291785370197211097
237175439247325400
3421586548194831448
433254553029880543
-4592903224569151741
113692477444560549
8230645656486841017
7048768529619645727
3390081840829865837
-4684401341102489044
2813873485492557032
2943061840834379671
8611349627365442745
7699748334591710224
5818988727486435827
-5683826456378738255
3770380472865661786
-2398160816698744092
-4604666097577383757
-1212700322953509456
3805479331812991916
-1304975680849613061
-8141515450944337439
4508015445681614762
3239365500660692738
7376582461598580073
1638388713472375612
3790862763752773074
7538678953252602355
-5785257674056474800
-1117830377237179680
-1603524492318121906
-3346844910881971052
781413060296333891
3335915784570332468
4873440858612657675
7224998908671440032
1851532503550241205
2295973219509019040
-906699212165372379
7907947585808024334
2948935313882003879
-6892606481735235809
8320781141915055876
-9161054265592439905
-2077275041358213323
-8062327796334710362
-4358029392925108527
7967138247949066729
8355885771887347267
-7624402432012398245
-7620490369586326398
-4036831455250334988
-734571543369984228
7832762600164069823
8212770393644204577
799850989763500153
-6058421861377964851
-6127913888515117446
3623513647149109890
-3374495179664963644
1511170228158233106
-1565291852597737856
-6472499301054257609
-4954051003016087564
1468103852252759876
-1792543999073748726
-8516648862125490417
3554047028757915336
-7166604753507267018
-8122827407840931536
-8126089768378823774
-2274331179435787685
-1237723271499520815
-5977987409871408937
-1957227896739124662
-569643961304093856
6900889576770083161
6330336485335045463
1617388497633878106
-8274588704337917755
-4601357679988547385
-7071862322322569184
-78439220227319141
2837108953637971271
8796842969486981114
3616826822721632301
802155495069117301
2987689887976989740
5096836802112011489
4399027001991117356
-556587428118023411
7333740999731182806
-2098326299356972680
9139296865932696915
-7319381189643631512
-4849939533181655613
-4501139047959080983
270887799574800090
-1106360734873050105
-1178288790554224980
-9178268494044034678
-6901434430465511892
-627769879886819354
-676473561766730529
-6431340086495244053
4950978827358789190
4726182251996478168
-6693228037894920451
-2390042840141774615
1871175657528338185
-4363568186485287238
-1253892081257777659
2744790140683155157
-5813661638680230693
-1532187549355860635
-3655953473683488289
4085600159208053726
-3997430159084683556
7440882475688901016
3254378898090079873
-781119946145338378
-4363771278581122256
-9138308221251606671
8152360681098121179
-6740794475424314276
5756876073105048775
-6256220603800809384
5733955446430221741
-5602780314824143539
-4436866854362686951
4885827031876225407
8463148720981857771
5244306812713215807
-1327145260028214574
2830011189784526073
3621288340264566231
-1840119762060940635
-5662901689683698065
219384385451638438
7340999012583695371
6280897764836430869
3548482758374669848
456133858764543578
-8176240825949706020
5670672471311372932
-1507150657410582283
5349686227846906899
5222022715818104310
-8935099438586971797
3504283877607297059
-6996689282668681391
4333273216480074335
3294863789087288784
4243073181932855784
9055991909117493072
5908618874421286623
8202816873535260403
3930628728560012922
-1512164271830926140
6217640159961283010
-6873717430395973889
8484413345564685894
-5816535860385780238
4764984121284258312
-591908277197973162
8307642769512847443
8006795158560785275
7464059718267099150
2046201235576308294
8990969418302822236
5650664440655872976
8776600621400138522
-2433861293575242323
-6152810318732056516
872309177824746172
-7198842526563013592
8990910765705958684
-7335155003289885399
-5740967071758583285
6687657590050308932
-922564433893300431
-2884373043565000792
-7559340205796553314
6833578030600210025
8271668983491693840
1260055069746802377
-3853766712496498303
-5904851561241786212
-247226722661710508
5785559635824899484
-8709069035285146131
6563949789107359976
-1098302997753794719
-855834421868414594
8102999224785749114
-33616589250203174
6524077430908388730
9177666321235701949
2820557378019794244
-8076950705800314469
8622801415773659168
3235726812879681895
7439409058882912071
4984868679592939002
2908206218941208191
-2400162549909071529
-7096421950747481842
-4644220408066766665
6501097741341361143
8162847490677909359
-2471486222645038271
3936308506580526791
146785809278082750
-8704525312600721191
1353421102569161830
-7568021353619236029
9217272366584717658
8772131003789460417
-4574149022931376519
7926475587488332256
-3432882374314195615
6213033106766638795
4585674070938365594
4730879325981011008
-5107630542228828054
-1529513262556225212
5429804580870109469
-8646188765430398646
5479409436095513949
-8986829683502834862
-2173955643550014252
-8175104611044798879
2504110457668568898
8562863103857666444
-2034288913989361311
4786544713700969057
-3586969105497011142
5904083354053734725
-5799042493551316108
359391815237837514
8437186735160390451
-7821429231413798509
-133301119088582794
752142152687674307
-4047810256003506043
-2183587609414229457
-1088864894834121468
4305804983153018625
6219607388110950521
2106102905776507971
-5499251977318488430
-2291660413444806529
5667862855489999008
-4128876141637132585
-6328109977548882742
6458294054001080021
6406456978689584417
-190340727830720636
-8106821021991570457
-791312538568636908
3118889712256554797
-793401332824352419
2615626947590529163
9114529221259914523
-2518507250962324684
-6793395592640234081
1788420712543648957
-3285659405419511280
-7788194696052348745
5582811614540698877
-1389443379327814107
-2423155879045018282
5400720563170800230
7345235665560146289
7343498266541945891
-7813538537613732226
-2938128823821992821
2244229686929852465
-8429811611924353256
-5666860871909239543
-789429166824060275
7525686972980927243
6685666851731855996
284092261537270694
3955355311117419413
8733913096863724344
5412934188962261414
-1451597068219335079
-4652052807970177701
2373410844995394434
3092396088662749306
6570519759036313639
-2649166709961974693
-8714972260751389561
1422665449024934268
-899857302282304336
-2530974355250017583
1419694017119146699
-2906241108459817546
-2052060764283386708
-5029029459169753707
-8500415684722637361
-33438223755978655
5408980475947534825
-1141554304726605492
-2037893162873009347
-4314586201035279452
-8270919796328429370
-1184439285401063905
5962838368406687276
-2290696280707296947
-5418336692230288639
3134766341788968881
4076659040266665289
-7945053388705470432
8173996024039006826
-310449419324360796
-1560117156825831172
2391617282012511450
2061071285498751467
-2228748750622908628
6394918652881596556
1996870095748937945
-1353424507005177810
198150613366400231
-4511013765959673421
5051287086034619804
-190024712874504654
-344432241856134415
1015606229149895322
-7839041265219686337
6328789626721065289
3411728395920258775
-3896503252414682651
-3540517841057975221
-943565792521113491
-8101798985901258027
5215237966540449036
5397641949799701614
8102512547413997209
-976581037352309769
-3097521118613181876
-3618822029594742992
8036177140312666134
-2975301677092822097
8228737627551034200
8716838245857977364
-5825925961941570608
-3857710096860749874
-4838741331388380875
-9150654564608328421
5638018308513420144
-7734934539767620173
8677269278803929552
3213690468865565076
6334554577827365883
-4814084218490204454
7753171967950198420
7604490897537863670
-6174728840230182928
-6948479056898349804
-6191718544153871626
-6868026673673120730
8506668956150486468
-9110552069103916301
8475895953723617177
-3468289178441214753
-6600032150908286813
-4860730174257001774
9164437279665415768
8214531598384486302
-3811095791402060432
-3809433353066882911
8582912720943035755
-8443298842133824605
-6182352689167250034
-753912971232491242
-554915924737510827
8285408903651327886
-5899643925578417559
-7822590493406901315
-840820019641850023
-1206733377423973166
3158485212448509040
-8792433985519691278
-5755511322202513799
5814451043900360186
8795112587979272052
-2565025341171005785
-7302707335902679864
546649059195691399
-5729621138270613856
-1150553816314511197
-7056850111234754537
-7666047894408785636
542134823949235299
5878287988676834572
-8515196137638300061
892942972388258888
6092553728442366136
-126453924460507806
-4613313719829206186
-201636573999456298
-9154623805522306376
-2623273447262956717
8502629044010155833
-6587550535392230048
2813974498613402900
-8842736502327193467
-294006371537424092
-3082616787036780099
-8895794175219447937
-8619121011018278123
7156631483941931499
2944973162631842207
-1663947336613664430
-3414961127926349632
8609340196091522990
8827461574688540076
6689416785454981010
-415633633826658446
-5222900785982655550
-1722886439194869627
-4473665346204078400
3851891277282425452
-3569762419107166580
-1571830430298679574
-7491320587737859254
-1659451897273412509
-8111444499282985507
-7946759991670771077
1059273548153156099
768748021157972777
-2475067108507097541
2395798937610246995
1894277688375963811
-529630186650939487
-4898400048484953637
3931438575874433908
2447919847159676010
-7886508039338284330
-2469806546601779602
-7909835193547236596
-565291878266698229
-5290990511960518628
6089504212995556399
-5311773240903243932
-71996918429603817
-7578082604435531173
-4993805865561965509
-3564112660983833688
6057935206883725530
-8356200690211768182
-3806904111593337077
-1393933801721094201
21595244020825572
8253268886700225932
411583494731144974
-705863370234594386
-6571221461318244065
7624590596073139984
286714984117940142
-4072992342702920747
6665884510093957985
-3065359569415145337
-3128675046457232251
8625007478474470374
-6091324009381597491
2135303227811280900
97055013951730145
7681343439988269784
1171903825081667106
-5222062159131205795
5313809247455677620
-984385620024223107
5161545006597639345
36929280245623370
1051528761326311372
7542516969839907758
6893050717608412148
6472285401051154900
-6621954587503098381
-60104613666242645
-5014301770028112382
6697668997078642177
4061235599237166446
259689674149391406
869675233804245616
-3539532519603744190
-1984079636098012651
-579494911335746815
8422262866276634209
-5536181457713522021
-5041630674093865048
5826399304446777795
-5734975000994196387
-4708478926704139339
-4088467848920054761
3895796416659850723
6619163431956442399
-5447804500704452041
2591212054125276954
-6336459199322040198
-2910118969625281395
-1358480893200459921
4748776546347048332
3439739233751509162
-7939498199517011383
32593190876338564
-2237056334235397457
394228136167435230
6148102652367349589
8811925022643658193
-5045087888081183735
-8789821132651382927
-3554500937635595634
-8196871195956900199
-1259132594108702922
-9199854964146918275
1430149867766283701
-5965238291044285692
3308826838391795053
2312420098725000636
-7150741964092795263
-4624288429701005248
2035923292327560893
4726909468228384056
-4963666824104464695
5584256479308666801
1280398060809154255
-8977758987479378278
493119866281893065
8543276968003896086
6692075003267234108
1177306395909688007
-2347033265150999293
5995616342250383506
7384811657522367149
4857762662044661608
6622966986589904198
4924573318708123990
-2144423900609134808
3270395811015812744
-4663938950050585117
-2009491789464653456
6871100343603403317
5479051673636648084
-6568938161157236390
-6972634086522312010
5267015622376243171
7021702486159825460
412037358011696226
-2528595806150372759
-3245247065508726208
-2004110580320612883
3786191776272533641
-3252348388848262709
-5931458185074155957
-7694343885874280006
362977303882026619
4911443254194287716
7937534296703816214
6248131002691431007
-916119221454942462
-8838529184873399378
1227977696561169600
-795469118416374778
-7333803702753098626
-6501671081182705698
3614915022286026968
6312636675766489600
7761517747993471478
6018003034946248437
5003836073533774345
-1712930097252780652
3811216987103463345
3900999234698434323
206937632350253147
-5583445807325656703
6078540420549655364
3676087833611692528
7468768980207767176
965251129873433858
1713182174334427007
-3985657446214411591
-5067505958361156499
-3247499863732093157
-3934464862441255304
1855186632728128331
-8802033998511600223
7078888077307473686
137723392649567070
-7058702838064450210
2575406846397729888
-4817503714822625001
-5535953244769854862
-6362299041207798237
7260716116258415314
-3308676148207788725
-5796775854568520821
-4379068349057286796
-835715857994634479
6981638546336089294
1610981539526647317
596444318176777554
-4237591532989871131
-4366901442499938162
-7609814205183416515
-6118256886972803413
-7944851102981642370
683926043394801935
2657267191638147699
-7332302878180698879
7024901135697960633
9188271012664208314
8417046084453151429
5481550460521392994
-2427728545889964579
-5783727559801188976
-4418108659911970543
828912173017058747
2472488470795010643
8532071073883967791
-511842600607578887
-8274360863953999728
-158341050734113279
-5455615114114369854
3149958206527903746
-4585397447323058216
-221479085677689847
-1415732502184779969
7320772476300074688
-4675387783398059738
-3034938472537886713
5705650207554402059
6248594862488467409
-8954294167800740402
6315898749108905034
9020471962520803682
2201913315532122076
5597645674818197895
3527335771476838257
1391533450043507684
-1152150051717668992
1179711122596606842
-1299012840435961647
-3035832803900918602
3308401446501394459
-8358768860698163901
7962931780382289609
-6079233172690392643
6225599008742949078
4896380335226212465
-8461636686456898465
946863927370562708
6252080567919168668
7385925018775230958
9115957133150568841
-3344212151146255164
-7058622535835255292
439896121925855010
1279837093079764038
-5285097606346294628
-1094582116800850678
2559785413191569951
8572199992207813141
-495138690211412479
577052096347979441
-8638816901035098991
1285336309152732560
-2471178753138625236
9221506942817751776
7307997600048168611
2877050409110331632
-8993651077999443558
-3312279403510587980
-1673913836080784134
-8333116240033479040
-7919211158889156209
-2541764140402827854
-2667338757521640601
1935695689219008658
171974143303438444
-7449006381904314096
9210865961871541204
5181082531680604514
6667670183689362418
5687656700721292726
-6715832562964118998
-8921170581079872799
2040443242898085393
-4498609278492418606
5444143355320574697
8446637973511165405
-3306853397496193588
7260894427130917810
3044061504262517120
8131020383931356796
-3600055904476173404
-1861984764077603755
6563957663321893030
6864158048516778001
-8080028597469477449
-2819608055597671648
-7217125931123466234
-5706548089836290698
498151817259936931
4037435522982668645
4632236907728776412
-4980176027420764587
-6946850733325147009
987656404067847610
1948226401403345106
-907893156224861948
7303856382753428531
-5211640574232422992
5116454114144998298
-3926670430686255618
-3037191443008189559
4285325950091977171
-4512792657435046253
-5625856447790374002
-6569235601935175047
404120466607011770
3790173321549656387
4436487952108410926
5769771041219717389
3968018359867432652
-2644673828418902573
-5152782985896051497
1630974624950351285
4497670546767725755
3004007223817456935
84988395083278284
-9079129351463625184
7798220704989093052
5457768967244485809
1667369598278134972
-7148518149848740194
5463515193762480088
4901687055700630935
4486832127122509162
-1968615788626882208
5415397012520136508
-8683405334868903174
-8156715077252470460
8970856264396793872
6388547937187663634
1176974785523920769
210053854438104541
-1921643068759538814
294043224444635476
-2798442307288804462
5235401844395534144
-3099094319919369881
6385880397343859060
5987097801570016982
4932188094079144614
451110385995018890
-2182382429618830187
-1530598505631072441
5378838594013297709
7805524012656158745
-8027732768618460870
5154569205628105213
-8488024396309305260
829112097633728961
1090031950052881121
-8778475278625222785
5334212145264203562
-6908725516896234524
3451375465583208977
-3408355182743722371
-7264915746355366919
352386517968933151
-7795083944260093772
2331596575509494879
8351528052958069611
2492249261686803515
373571156520164428
-1435933459955077395
-1037296753996997850
-7162004827955699128
9058012025505441624
-5885068458770380279
8496795722768921852
1290328738899326098
-721544815694759544
-925462693445148159
-4600839732661290798
-8659238947066648077
7041157376404600452
7838417041428181266
-2062753811856894484
-1159120335668931100
-925710259970922792
3080571682020905873
-3492368485018451959
-9014238867917503836
-2835560595002618092
7177951569591680683
6285392377173471562
-8825620575485911086
3635425585254257577
-2798104863559061612
-7397537102563735901
7311715830919799098
-1982325108974294593
1724546615033556613
5425762137185582244
-1850239738743208021
1647223132562270064
221379084611577110
-5211065933306349284
-1865320874942899852
5931702490351452148
-75249664028742928
3659506573739253588
-1974321528470438980
-1348086996858690436
-5912880689066959010
-9200937231556560193
-8895821882418867334
6028417655023690861
-1376782753629761165
38788027334547534
-4165165799291041003
441454756274693294
-3401390045393003580
-56319215618240206
8369667392043647754
-6649101151614618019
-4437016518968024505
-2114270434842158746
4926381844580948994
-5745042102865819084
-856123033394302593
-1587547153877094267
-6553905287649318573
-4998606593834630323
-8022844988817262299
7447493475779415303
832775615693382015
-9157666021952175390
2555519339431169012
-4342488687788437460
-4302780196835601034
1634013527288824840
-1553178985534699949
5937626015067526767
6923878021181979311
-8938407745534881114
-4380128864751671412
1099470232752644697
-5146902958668959079
-6281354133105942896
-5671162111095758641
-359265383034524637
-87855252755700672
5473982317978348936
-4703355425081356865
6877130085884014846
4603889955381194602
-8012311238137440629
226210409514887271
5418812102814460561
-8156246118862262427
-2273986637787921592
-1335317920108807931
-3924418993107878430
2510994558709099498
3799965163619784617
-1362416114704568413
6492887025756846673
-6907977495391653419
-6946885485886388514
2440608768654191316
1824200690905391007
-3488759389596048186
-7060701067010625059
6840240827667802315
-4826623028203812857
293924705088838179
-4716945574032020403
3505055020142232073
-7362233366901861244
5599688015529353308
-7794487952974541523
-8666733400888956282
7691179766739236801
3792268447648302861
4875655655660227368
8648903575203869615
6421183222275770807
-2190895164807687283
7003001093845634965
-7485207555451917777
-4533145415531636418
5849098369686675838
-8206361787404173894
6047844629344052716
5132449657604059659
-8156886694803944377
-2359949249956286050
-876658244319252579
2003096047295447612
7986555191338140506
-2601400337566285448
-6621064992440773608
2452152148855613497
-2298418712545985663
-9169516822467205255
-8944708022912357258
-4631341554638313936
-8727988930645622047
3229357573588020433
-5814857675884430507
-8154694409529876606
-5918948600787030419
7775036904024992889
1990757931787874128
-1509175613096295971
-8237170546531523014
8168039657663829892
-3942476764735941494
-274502647460883316
2639598543312854322
7130077488518092982
1961753409984328909
788192359103275785
-2034327941045227906
4099389478876591392
5555943029749713703
-6094764966855326900
601593901733778665
3644933389459515090
2170237009456649850
-9004473121692483618
-686204620571469171
-8752308882646270035
-3998393410962222084
3552978348679562763
-533580258024379576
5032601869876443225
-7239471234956269513
4505389672101267326
-6533706102154348026
2852908859719812158
-5804053077418048757
5561700491917085253
-4017663500295272956
6271318126947068700
-4955033446400288664
-4354516544380331578
-1331708156241122328
6899342946032411883
3585902346848588194
3571293063073856591
-1941701474078035106
-4891827430135580670
-3113718953275000647
-8557570449409466158
-1092238146043677958
8703247809439826148
2205111491164350928
3137165436727180788
-7981738930885187562
7389337153659167959
-8988729030525160385
4637553405217060338
-1400151151725943951
6211537611779950303
6161667356043486323
-6437790133059800964
6301641081427744807
-4472013034481731400
-2647110798621944283
1589723254065026199
440397583813264312
3016489793938518363
8134839465007454702
8051548303837431445
-5907809747618246173
-8419814268022890537
2051844148515652039
-6095156396209681169
-7763592294308786769
6748207032336394340
-711346821442598171
-871728460685472414
7788292037407739538
-8447745367804388633
-3171703013310841150
3059106318193661035
-2692245765938586305
-7996124086676571065
11059829340306090
3026667165190168251
1587324081145039575
2525206383306646224
-3365750239234680288
-3754620696151923810
-3122507686527256159
9054436902004019507
-3217235833481598223
-6418487756957044009
-7284688554897173924
5884664915130285794
-8173155173201392007
-9101851401504131470
4960120791689348434
7688821312917258286
-5009777085568371214
-2278532448279589257
5882743132742287540
-4477400223404385398
4768314218005210174
-5759155021746525712
1922614501810911804
-4790581019177469607
3057730763404635658
7385414681005964857
-7537425707488260139
-4000343055419842487
-4517295720359156207
3179655202934917494
-6703378811721476825
7365613633655272837
-4526240588075202735
5512891039966625400
-3463176961133829554
-6822279738673903216
1893018004491073015
224456721419241557
802293259247022452
4355794897563697190
3105411153799503944
-7535986063385223774
-6727123016237467778
7391774265092096479
-1733262986855717121
2150664892462691479
-8205506230425345302
71875379641885267
5934553078386743269
2596033107468479962
7687177455299726696
-2156307961552699210
8603346355713462416
1493824971204283444
2994944085703312191
4840455936299677588
1722299758833004188
-867071741434193322
-6010638901209024600
-8395323826629638359
-2295981735625897354
1250206978253374365
6265908702198027101
-5597882948297153441
-1593058152755427520
1723915902059311321
-8610475056398565854
7274118218244158697
7468754503267899713
-1679161452638842385
1525934048792443937
-7436270871203332715
1276718496504701118
487373277326959046
5228628499510295084
6822200799734568560
6038363094734241121
8073676338069790236
3303031887725724444
1024827874523402475
-7289129143674615087
1745770259280375395
-1700805696879701874
-5240981718397187045
4413741103474825765
1538724878010808376
-4926318177612197338
-3771830895927966099
-4584725366957438150
-4390065905298589404
-6921262938859944142
-2831086498932437380
764556784025769776
6610597090880097365
-1385128801869807828
-5499506313807458521
-56735087341564548
3472041581629091365
-7882361536736988635
4119944076843700227
-9055203089390510635
-1006897719324439668
3554241423748547057
-8360193412249847717
2248746240418045632
4553092729721006381
1487605972778712679
-2511142132787772902
1609984803140613593
6362486893915297041
-1155342245364274384
-7551720946317712307
-2571027564216741428
-6120764260514758511
1240699758463781839
4686534773826663444
-4753661606593567049
8321811542928299848
7065770017441269494
6269941751484303328
5030641193301891135
-7299544784440378776
-8376090129352772792
5874831409662439998
-5517411372488759344
4794779553916852369
3067742029390624052
-3318992320367160660
963419075243123106
-366670786078992141
752336194279351606
-8845817373593798505
2709290093539590288
8707877923012535957
-6573068998422857951
-2816341715033438850
-3614051907308972276
4739834988241531892
6696106953984511599
1486733773184126302
4352242075449438486
2039532473586188439
-1177019718719273792
-2210438127213725762
-6821323598522725828
8196024225989844010
3660870481885183521
1861145259508643041
-616173720781449198
9162875492108548982
-4567067385827561214
7862890615250320009
-2001474465958057714
6503643176848376213
-3373847622505183194
436893294395394812
4320739984695224037
2917642026857040960
3181217078042490354
3492718448872298828
-9104778836277083709
4911208383731215685
-3950954983847485603
2985966459714589109
-1142333216477681062
-5965251475467181097
1109463617566183199
-6054771737142518177
-8529074017035849951
5971863244944938433
-285392611192748484
7780341557868544219
-380247627140688156
7727912414521973885
-4610455343148585748
2842915990314589173
-7435819219649480190
-6638274802503610805
3228981432467886119
-9031492346026546328
7584435894279801031
-6058931763606881686
-3575402642899267313
-5099140824871757695
8506107802290564313
-6194341691418649924
-4040717184243834048
7129003513698790712
8583006451479008017
3095788216322629958
6891228534659336146
-4176848977858337085
3292410871346496087
517709616906932269
5462488333258963496
-5916735013374029367
-6888768550735790606
5113341164995298009
6013499769530050024
8614728312135951672
-8463707245361105048
9151686015784539612
-3749415887369109072
8812409232397274044
-4758450985779020522
6110003454877904994
-8445817570540215447
-4583929744705084726
6970305766561233179
-3837014797928859127
-3179307667513166788
-1343490857279537458
6559191537653454856
4305698301551543984
-5860340385951586146
7099690165218073124
-5174756726314959305
-8536526754494435594
-6012367528097231329
7065927198565814940
4460855655649963388
-2420512691359317598
1382023201001455352
3604854348899032167
1681643987720378228
-876400325669517088
-3296669322560412735
3668763924389935629
3702052114875908639
-3191633334368005719
6954766713097564656
-461315940179746658
-2449343819617664618
3095672172108814249
-238757779053258622
7010771064154810860
-3322475266613572328
-1602798444676414327
9180299360244135357
7799637199953587253
7585837125413837920
-1261210268205321044
4023307245868966632
-6118365150055597285
-6099422757685175841
3492442156990947975
-8864733202484405453
6382959361506874473
5903429507654826306
5072088496136160530
1588983479245290023
4620429814237846841
977583690161865511
-4270655829600782046
-5498605458048300544
-5656227069779975363
4776878036430540925
-1561732976847857589
-5671228455984276120
-8982086499970173499
2072936470942408624
7081923311233447936
-4119907691948248767
6748405338131869780
5398766799810862565
-5465987458702691846
171937448794416270
2552774864607965341
-4709168685953573969
-591295231968723847
-5556792322242676566
5078304535382387413
3353029686198885051
4746066547306243302
5437736047590972795
3670470822611000237
3905940204211564107
2293950876889468560
4816184816178108493
610769016364748058
1403480007904635320
-5311316497822571163
7089829461386326084
-4656187892661031240
-718718534883418369
-6207343242502049889
2625462903368264270
4623159426367261197
1727295131692752873
7297822757268223189
-7458855951552915485
3230471047919191691
7140708997985051814
2187757866861053737
4209900748677498079
-3813411608123376949
-4693766157530596502
-3859095003286848333
7415790572082759609
-7342293291234726496
-1502702778186181982
4754680475333373019
-6323003905108096076
-794063211323913342
7673317309121298650
5555661289413230198
2470324231868348575
-8638495090918648467
-5846658927939577583
2197987000921596964
962589069204817019
1409481905342531517
-6531295452719903367
6924650393346002561
5780826890457704618
-3847217356551314757
3244072845478510769
-2462020036141080710
-8961596303507243086
5152478514229103078
3404823837128460864
-251601543004166262
2590146198645483609
2973051652473633401
-7719350176703522145
-9043468370887979580
8862470379640449491
-2844694683199654170
36139120876574698
-8300780817881191064
-7136990174730979220
1998412934161073261
7379994754820280680
28329907047709909
-533031537894049211
-5105417800133811113
3720813704720730924
-647358669622200485
2809049174680358599
-3757628155107340580
-427547161788943791
-7977764641611260948
4154084938628580040
-8064880036566301550
2599187924683354285
601172227096312207
42631764157286567
5190602884905702848
-5345634574026608752
-562474056676462055
-2889960260338942241
3044960556039035643
8872885769918523011
4827947994197450262
-4711463053563405185
736832271507855214
-424277992655103462
-1151870359146193483
5912736872699704234
-1576977704525108145
3640451950932653740
5821735435042167430
7318005939843864907
-3983943023074235404
3359046721822091351
2438923511908697255
-8031809923149368428
7429903054510716235
7189013546026516857
5278103162384544050
-8238720477315537636
-6784149761719197045
1161231339353334837
5069714971460517065
5144840610788634427
7483368569554450115
8710327201598929505
-6071285630098398783
-4357089796563530049
2358487127175242512
666743607208137085
-7045358592927737689
-7166190879225786118
4429742302350820080
-8841875552380753081
86005270847577544
-6678996895356429905
2117036946377150075
-6520954130603591019
-1154522174856636670
-1684884667680779708
-1308379796762549583
1398938935887536043
1492627183709520159
-4650160398787600756
1258525091006959632
2287041129821181338
5001941527106484838
-5962602952307708062
3295843293010553621
-3185012498628297587
6936544390030668393
1555228129621941685
-1364125039070167156
5611847624824450166
-798523807217717238
8862100931383868084
3095940718817026544
-8106654021250204074
6406968984570504374
7525019479361912201
378050604894166625
-219285721078516899
-1551210162562781221
-1692690075652370361
-6054367257489550873
-7442158752686129299
6344184871962937927
-4091937989958416140
257506633549278183
3681825062781988255
-8886188549938928356
-3295057852505042106
-2792048081818452871
-494515057890201435
-3762697527480895262
6636036885238029375
2650859488643928629
6968131090843731158
8678515780064778915
-2285679261072432712
-7988518515183726764
-7395230279968932744
9212183989916217945
9109569674996330907
3154537921201817473
-2280242038567226561
4594338548123001220
7432426154197404115
-4980668699041705494
6583776234144516798
-2284408818682422023
9041428526281694035
6431085923544394957
8351724908892829274
1612867977441990061
7702145464683636253
-8750887220673489685
-7436994016236082963
3713948150137574355
-4783907038635537694
9121501765788136483
-8025622635795534740
4941720289901726051
1828418084474939721
-8584541404060316957
-8925528074898736603
-5299552585303993804
7366926938957547051
-3270735953818115617
-67951417055446363
1419941186428517862
-4772681692107127669
-2966639617126423811
-4385935986059081188
7752317407920998890
2017957931093545262
-3452321456221637808
8624815947612333733
5924231950525495283
4149372864009589329
-5888691138965140787
4825727233071213532
-633462951954930570
-568391720442482938
2429302433023720405
6290547954089894900
-6666326600290878100
-7748521739995757865
4419629256909927327
4007410564341246201
3458353311070815067
-4368982788772004128
7523487136229789023
687599532848145978
8820013743177069534
-7257283689026558217
618765894050437717
4011331269513917276
-8098620395087504512
-7032253132364625303
7462532956054894341
2206073396300731444
-5437204883372878290
-2183977629614140583
-2632392896846613525
4112632643535811171
7187463712877732795
-5483655504740962387
-1289559063359972333
-4824799241317952739
5121176636502389161
6115408640757112912
8753194262395805247
-756507476619030320
-4343817345765041836
5874029457626846199
-7587973822371371302
3408742138756726278
7143308745177609957
-8031256593294767555
-2860136064372918037
-3660481302517006952
-6745000208419278342
7269957839770565735
831249308586602698
2682947728548206378
-6568585129235134218
-526734008972602530
7289848090145766551
-5010914942214886842
-7717983185975749773
-6477963156719524267
3401589269241859298
-4366241609243364750
-3856820499862727727
-3621686721157411332
4877668458323086849
606016988483324210
-3610044345611348216
4987168817314989003
4344245340622475732
5690770293151889028
-6338440920064524938
-4724134508744248798
-3855033384787699623
-2614116544463693454
7514911914560475396
-5742138804202313638
1802811893171571742
-1271527164986392768
2476264608519608316
-4362282271887957042
1149083149020672460
1906425973027241750
-7703573464448860030
-295577786454178034
-4098392024046871079
-6464868159738970536
-95829335284866630
4463706180581425737
-4619005458196543462
-3805390448799469726
-1206233628887636038
-3506260586691609053
-5181407786654810777
6195765618507645677
573727142358319450
3950406897899529293
4554373207510825720
-3191755365626436124
3551281868556173795
5563145012161918997
4641165853055073085
-4256537001125513848
1961236051987254782
-2865666657240958264
5589812712308240321
8556505769345878565
1711678222668574604
7088296875762292054
1446277278777615706
-3425156035875853480
7662946791199312137
-3747304069678107550
8939700460450638069
3819293605386740284
-6472228395316734049
-5879321068354224848
-5393432384008878580
2498410863863882480
8077856387714125834
5410886448646145433
-7675246402711779744
-4417524101463347797
2084530615847139774
7975652670567283468
3774385909119265838
-7242675804651916272
-8956932952251357257
-1341967083699241988
-1372870677359696614
-2803172101571594290
6779518001365159475
-2684588287732732403
-2362277540313258155
2121674776880351627
6345965910695645170
-3706773789268207177
5603858915185051288
-4215072347549294192
-6499290262446805252
8435523886535064041
7506353702279566913
1513738992970842202
-8978848429781457813
3778361055284244573
5292505097739294526
1690407016344813137
-8206525352346359033
380267270647016761
-5164457702755148429
-154146353730104327
1774161038378119306
-1837857334286793246
-4024364846087628523
-3580375580947878324
-3544777141312686094
-3097979257999156824
-7509945687173476205
-8452314410757194689
5074401652027584394
3719897310171975649
599106071025656180
-1287820897876452560
-4415057390073234500
1167252559771330190
-3258888225015728680
-655522787642276248
5570919706910351688
-8694245574643038706
-1129496419778488944
-4462082395583659957
-8700641063236432298
-2116433018129435701
-6054460118685247075
-5168471995762413131
-4717328688063917669
-4510988534879502552
-4724545448540981258
3967957542451025313
-1975206333413713997
100261829163671578
-1650152939603622258
-4810415565365447204
5016626379394462160
-862881542802392493
6915667740804849771
1368560520754749560
6439820477044198010
-6487832002411964611
6075365098745229535
-8539273767771998536
-624453992470685160
-6891012088865050197
104054355337767474
1216165234387400026
2490310616909846423
5005371633518188121
4051458712421620753
1550673585573344166
-1939784483706263811
-7778998415385361131
4112046555807232983
-1377532763027348144
-2100957849087604592
-2317769718986524261
9097370568248380061
-191741188299572260
6869056198553247656
4828359385998740170
6420926980280310776
-41567515367728965
4846245914913102584
9091421570244135685
-1326184859915500033
-4012303960802091535
9063032710190195464
6761776100641581678
8355798067631381332
7841389937712899292
1867853098769243094
3213179707754691783
-5770958382954603960
-7212767846246839167
-8230805643527847745
7878459370663479567
-4374668649294070241
-8648417026970109473
8675600460750812391
7924222662541635825
-2341367359148188783
-2726118716700400429
6883035058002890873
4199055742042859076
-6386933540884150008
-8757337348113642435
-908869721261257389
-8849034962279017476
6371782335451677839
3206077089613736916
-1419828135663713887
7651441203017473654
7961153591829436644
-5739283902362557547
-3195201970026099205
-3274043304926229894
-1497660645292613893
1935065637443732896
-6332588933095192435
-3046308009070121819
-3111249591360854670
2228707658519318709
8492093298458241005
4590759094234626954
-3150722431865204900
7487435377189936296
-6945620602908826134
-7128517659350140999
7067842362411293058
-6238049997918096493
4107932940193244842
1251458982192806817
-8629548141666446030
2248835782718714160
3610415167428450007
8496111956917293182
-867212493998796516
4428014953854955216
3620155011536927189
5256170760616073227
6534756119186506743
7356714954465788858
1373869233948593112
-4264587383357477246
-587921877503640462
6891424544311124989
7007850544037857589
-3362669020970340102
-8293260239285124941
4318043780596825139
-9109414656681824717
-8157348903531909276
-2082824480103290392
-4655006628787336364
-5751460961669704623
8015998046806690838
-7963237204368041605
-5830695643671097579
-2934085473815273295
1263110696005394021
4401185898873033307
1314957018527946620
9168761242867785773
5925788226162646395
5661944907829457740
8370325579816431980
-262564965311191971
7549543938407850530
-6589884183437204659
-8517701834922970796
4801324636018295476
4540529466019560806
7094263846445006725
9218066214033804208
3539671364463690099
-6555598325259152760
-465903388336518710
-7224121768877280279
-121313841896447125
-3822174522343486552
-8408816755496733925
-1987852070634627144
7543027535764788004
-7736077164979613556
5746805749640514292
-1645594253860050252
1650709449170658544
6525110544761930513
8328618736265403599
-6646492002255487926
7220904524444379818
-549290043058090074
-1841489915214301141
-4443862878960314891
1176977512607085875
929968363615679925
-2769295688690254358
6677336834127768236
93415311307448523
-5942077030498355818
-208776783026671484
-4814250743729464881
-4645734253376585290
8184663995732556807
-4624015876950068489
-1679932431366817215
212780423476903654
4981943613126507943
7079563993555705550
-937124095541641518
4925801563875915278
-611650535392585416
-6657316769800802518
-6504085714703609293
-4778359769643014694
-4462792652194987683
-3334664252596835303
4775180521510476602
8361500961121124441
-5873678854716374551
559101395909226078
-7870016860774873565
6396621572203076356
3125496499084875950
-8705210701142647653
4726170677369228329
4306772982941563364
-5486463759301895119
6995241903432804099
2373221678357086819
5520739131255254660
7418768269359972488
2750856384514613464
-2563810821557001240
-3273867241946351686
-6818050581587191922
5778362402871419934
-4600390801390570618
4486080399510529685
-2718231406066328521
1186849591491561518
-8014190051663024638
5571667611797083524
9063630763161848268
-4635592221577526601
-1858368416851943556
7402026754908911717
767587382353078985
9038028432948002343
-8163634505601149561
-2370891746494792728
3275001887143731308
-2175393258375531934
-3137032488299486485
1898904684364229250
-5666708955572952772
-7389812146985794853
-6578753523035045488
-5692712436889047961
9080449029975049806
-3358995744403636129
8617071458756179831
-950599404478892696
247881040435123576
-7689821709186957687
4484375038353091931
-7379660187844111987
-7734598265514583642
-3378696610930757529
-1949594995601773181
6786902332007057280
-2635980911275808923
-7135964033782306828
6134007375556427678
-3645774791421445937
-8013228976793370102
-6189374449207832436
-1516560383312252095
5753132583911120053
-6570862260584688525
5936876487216166048
-1312169493610005165
7591599863427609881
-7528253415450766947
492792687935910344
8071261450306678668
-6753888557547935291
-1753595504569620503
-4328939328130506617
-64584088577243000
8325944438685754822
-4933730274470692745
-6688653698573259364
-8694293536848841182
-3851112050970245493
7480398191636848231
-3115528267076488669
-7395072982582130778
-2185298598620984162
4691941941142358338
-2242607866970175001
4591648346701926685
7947111309271867921
2476407489052978406
-7561260438071705492
7985673326799753024
5074068357432445968
-8893380674840056616
4661179407262863289
3313645378178217525
-9182226417995751717
-6589300838567123911
-666334895477572958
2525407745896110158
9155525457039357107
-2005073081163512230
-3620200524485283171
-8350374278289761011
-7015199012822754465
-4478877203392587876
3863549082872016111
-6672905706884667718
-7697650179217597345
6331312245597444307
1142980512736221695
-8536837429513816843
-3183149017940428034
-2056014086042137060
4705656751518652663
7084898176249791950
-4340843922493729437
-5704664556377373628
-5610304081484030626
-737519042378415311
-5553994567750050160
1797135599076838292
-8804194824510195327
-5425251094597732374
-1151620180736340897
-2229572600136663899
-8443059363437184359
7931632865891229535
-2521314287496074012
7796880180597264130
-5102918241834907054
7249094804243377095
6425373968523161212
-8312131266021483932
1480460950331779979
7755327640821298271
-2310180786975931531
3534568642298237841
8615784002850111328
-6342425989485676390
-4053523962142444889
-7634877374449310572
-2735615608749118956
-740295810840836783
8091105993104149851
3455446607984771604
3801738008556640512
3135194050048675593
3257388531194620620
-7454103181761881456
-5889698221765977438
5925109244628723826
7549720149178438852
-6638976454580424437
-490608921119803381
288502355260084726
-3857032321163355324
-4432425628965784830
5662794770919786254
1797003426502118843
7942970651695160514
2191120037194862582
-1862819799793477398
5434101251610794605
-8277166688920589180
-9026629829841542435
6557093721570544916
-1134943605132728255
-7733068490081468818
4554680865927635633
-4820585503762739
8823660905445988178
-812280389741679037
-3533525856260206169
-487096951302592508
-8519980140383719149
-4763232980553460631
-775824290155756886
8747075191771784961
4439605374914142498
-1772624778113014312
-8280335149963368012
-1361005730932783910
2419366075459111541
-2733886003273896429
-770594622292058395
-4921818511537045316
-2109528513023555150
997320359641907146
244817396287306526
-5627976428680511363
1150383334874297385
-2176113961207851783
3846359546601241417
-179326670752521798
-7029897426486982978
-8467592542212028722
-6045483565069692219
-5434855343173071979
2839332610404252853
4065958675187879373
-4076749847396610254
-3498122053742343534
-7168640240314643335
-6245831960120918478
394091516299844942
8261075544521363587
-691554202987802456
-6789867785668714073
4226957416757150311
-2440168547416489384
4731531986743483707
6236335421401626518
-7779897038805670109
-1634707016657128419
-7165494849256471027
7509673704224460242
-3671648869103968726
-6350282236129507547
7370298259992744453
-4612452980095257001
-6421107004912229527
8147227453365803233
-4386356358001299873
1699446728364210669
-5599788280420269009
4570908473263239958
3218241326302718813
-8904986643239682936
3269916307723962436
8419321532186540706
8095772172891379299
5414161777462144217
-9136729228907593922
-2750352885789772717
-6701528993850700690
8458682970119599686
6612821002418184519
-4103826411345382621
6377902486714649039
-2966954811227027705
-2290637844396516094
-6103046687825369081
4756084470734334335
675668699408723761
6811185923913203136
-2495420954404034687
5084163420059513257
-3960960302491809528
159465384484319215
620349984068361575
5902182684796767474
-5847607688626184138
8324230910925505240
-3342078185095876436
-3544826916475761209
1746667464657357821
-6779928049195593986
-3871511102485448634
5213559501415041838
-1490589259371604113
-3063288808696449540
-6785736859631056926
2022213082916830066
3609598067844729860
-9057423840429098754
16380604981121097
-8857577770831543366
4621169052058408910
-1046137558062971425
-89996843271880483
-5246260822557852708
-8193123007823682983
-5591841745335108859
2182035952591434417
7067553644468023893
-4500171179322543909
-1631818210700585279
-4541953531213636847
-6948316000194800557
-2138018595839350046
1197258274058361560
4442411206569174069
-2960019180782130005
-7602475029017009152
7487417301096769808
-6339922221516895063
-8186264827514715518
3519144353917370423
2464102719115873151
-8744854297424111520
-394746908801145176
-6579715886315912842
