ore,layer,centre_x,min_y,centre_z,tp,dist_from_spawn,west_x,east_x,north_z,south_z,size_x,size_z,dimension,route_stable
netherquartz,ore.mix.netherquartz,26,41,19,/tp 26 41 19,7,11,42,2,37,31,35,-1,yes
iron,ore.mix.iron,23,28,-25,/tp 23 28 -25,43,2,45,-43,-6,43,37,-1,yes
redstone,ore.mix.redstone,-28,18,20,/tp -28 18 20,47,-51,-4,-3,44,47,47,-1,yes
quartz,ore.mix.quartz,70,103,19,/tp 70 103 19,51,55,85,6,32,30,26,-1,yes
tetrahedrite,ore.mix.tetrahedrite,27,103,78,/tp 27 103 78,61,5,50,58,99,45,41,-1,yes
netherquartz,ore.mix.netherquartz,65,68,-22,/tp 65 68 -22,61,45,86,-46,3,41,49,-1,yes
tetrahedrite,ore.mix.tetrahedrite,-29,103,-25,/tp -29 103 -25,64,-53,-5,-54,5,48,59,-1,yes
iron,ore.mix.iron,-25,24,73,/tp -25 24 73,70,-48,-2,51,95,46,44,-1,yes
saltpeterelectrotine,ore.mix.saltpeterelectrotine,77,32,70,/tp 77 32 70,78,62,93,58,83,31,25,-1,yes
saltpeterelectrotine,ore.mix.saltpeterelectrotine,20,26,-68,/tp 20 26 -68,86,3,37,-86,-50,34,36,-1,yes
sulfur,ore.mix.sulfur,-76,6,32,/tp -76 6 32,96,-92,-60,16,48,32,32,-1,yes
sulfur,ore.mix.sulfur,-71,10,-24,/tp -71 10 -24,99,-100,-42,-54,6,58,60,-1,yes
beryllium,ore.mix.beryllium,71,7,-67,/tp 71 7 -67,100,62,80,-84,-49,18,35,-1,yes
iron,ore.mix.iron,120,10,20,/tp 120 10 20,101,110,130,-5,45,20,50,-1,yes
iron,ore.mix.iron,-21,17,111,/tp -21 17 111,101,-46,4,94,128,50,34,-1,yes
iron,ore.mix.iron,-17,33,-78,/tp -17 33 -78,103,-35,2,-100,-56,37,44,-1,yes
sulfur,ore.mix.sulfur,25,8,123,/tp 25 8 123,105,13,37,105,142,24,37,-1,yes
sulfur,ore.mix.sulfur,-75,7,68,/tp -75 7 68,106,-87,-62,45,91,25,46,-1,yes
iron,ore.mix.iron,113,25,69,/tp 113 25 69,107,91,136,56,83,45,27,-1,yes
iron,ore.mix.iron,124,21,-14,/tp 124 21 -14,110,98,151,-32,4,53,36,-1,yes
tetrahedrite,ore.mix.tetrahedrite,78,97,119,/tp 78 97 119,117,62,95,105,134,33,29,-1,yes
netherquartz,ore.mix.netherquartz,-76,48,-72,/tp -76 48 -72,131,-87,-64,-80,-64,23,16,-1,yes
netherquartz,ore.mix.netherquartz,120,72,-74,/tp 120 72 -74,137,93,147,-96,-51,54,45,-1,yes
iron,ore.mix.iron,-20,13,-114,/tp -20 13 -114,138,-36,-4,-130,-97,32,33,-1,yes
beryllium,ore.mix.beryllium,-70,11,124,/tp -70 11 124,138,-91,-49,110,139,42,29,-1,yes
copper,ore.mix.copper,-122,34,22,/tp -122 34 22,141,-145,-99,5,40,46,35,-1,yes
beryllium,ore.mix.beryllium,22,19,-124,/tp 22 19 -124,142,3,42,-140,-107,39,33,-1,yes
iron,ore.mix.iron,121,11,119,/tp 121 11 119,144,112,131,102,137,19,35,-1,yes
netherquartz,ore.mix.netherquartz,31,49,168,/tp 31 49 168,150,16,46,152,184,30,32,-1,yes
netherquartz,ore.mix.netherquartz,169,69,24,/tp 169 69 24,150,154,185,16,33,31,17,-1,yes
beryllium,ore.mix.beryllium,-122,18,71,/tp -122 18 71,151,-143,-101,63,80,42,17,-1,yes
tetrahedrite,ore.mix.tetrahedrite,166,112,-16,/tp 166 112 -16,151,155,177,-38,6,22,44,-1,yes
sulfur,ore.mix.sulfur,74,12,-124,/tp 74 12 -124,152,48,101,-149,-99,53,50,-1,yes
sulfur,ore.mix.sulfur,-124,5,-34,/tp -124 5 -34,152,-146,-102,-55,-13,44,42,-1,yes
redstone,ore.mix.redstone,-22,19,170,/tp -22 19 170,157,-47,4,143,198,51,55,-1,yes
iron,ore.mix.iron,169,31,72,/tp 169 31 72,159,155,183,41,103,28,62,-1,yes
redstone,ore.mix.redstone,69,24,172,/tp 69 24 172,162,47,91,155,189,44,34,-1,yes
tetrahedrite,ore.mix.tetrahedrite,-75,88,-121,/tp -75 88 -121,168,-93,-56,-149,-92,37,57,-1,yes
tetrahedrite,ore.mix.tetrahedrite,163,90,-70,/tp 163 90 -70,169,144,182,-81,-58,38,23,-1,yes
iron,ore.mix.iron,-119,18,-80,/tp -119 18 -80,169,-138,-100,-97,-63,38,34,-1,yes
iron,ore.mix.iron,119,27,-121,/tp 119 27 -121,171,92,146,-134,-107,54,27,-1,yes
manganese,ore.mix.manganese,117,20,163,/tp 117 20 163,175,103,132,149,177,29,28,-1,yes
iron,ore.mix.iron,-67,28,170,/tp -67 28 170,175,-92,-41,159,181,51,22,-1,yes
netherquartz,ore.mix.netherquartz,-125,51,123,/tp -125 51 123,178,-144,-105,109,138,39,29,-1,yes
iron,ore.mix.iron,-160,32,15,/tp -160 32 15,179,-183,-137,-5,36,46,41,-1,yes
copper,ore.mix.copper,168,21,122,/tp 168 21 122,182,139,198,99,145,59,46,-1,yes
saltpeterelectrotine,ore.mix.saltpeterelectrotine,27,13,-169,/tp 27 13 -169,187,10,45,-186,-152,35,34,-1,yes
sulfur,ore.mix.sulfur,74,7,-162,/tp 74 7 -162,188,48,100,-186,-138,52,48,-1,yes
sulfur,ore.mix.sulfur,-163,9,-32,/tp -163 9 -32,189,-179,-147,-54,-10,32,44,-1,yes
iron,ore.mix.iron,-21,28,-168,/tp -21 28 -168,190,-47,6,-177,-158,53,19,-1,yes
beryllium,ore.mix.beryllium,-166,15,70,/tp -166 15 70,192,-178,-153,51,90,25,39,-1,yes
netherquartz,ore.mix.netherquartz,212,59,22,/tp 212 59 22,193,189,236,-1,45,47,46,-1,yes
beryllium,ore.mix.beryllium,210,7,68,/tp 210 7 68,197,195,226,54,83,31,29,-1,yes
sulfur,ore.mix.sulfur,-116,13,-125,/tp -116 13 -125,197,-135,-96,-148,-101,39,47,-1,yes
copper,ore.mix.copper,26,43,217,/tp 26 43 217,199,-2,54,195,239,56,44,-1,yes
netherquartz,ore.mix.netherquartz,214,43,-32,/tp 214 43 -32,201,188,240,-49,-14,52,35,-1,yes
quartz,ore.mix.quartz,166,80,-121,/tp 166 80 -121,202,148,185,-134,-107,37,27,-1,yes
manganese,ore.mix.manganese,-114,24,170,/tp -114 24 170,202,-128,-100,151,189,28,38,-1,yes
iron,ore.mix.iron,-25,16,215,/tp -25 16 215,202,-50,0,186,244,50,58,-1,yes
sulfur,ore.mix.sulfur,-160,13,115,/tp -160 13 115,204,-180,-140,102,128,40,26,-1,yes
manganese,ore.mix.manganese,68,23,216,/tp 68 23 216,204,50,87,200,232,37,32,-1,yes
sulfur,ore.mix.sulfur,-76,13,-165,/tp -76 13 -165,206,-88,-64,-193,-137,24,56,-1,yes
copper,ore.mix.copper,-172,35,-73,/tp -172 35 -73,212,-193,-150,-88,-58,43,30,-1,yes
iron,ore.mix.iron,129,10,-168,/tp 129 10 -168,216,112,147,-184,-151,35,33,-1,yes
sulfur,ore.mix.sulfur,172,12,173,/tp 172 12 173,218,149,195,147,199,46,52,-1,yes
molybdenum,ore.mix.molybdenum,220,21,-69,/tp 220 21 -69,219,208,233,-88,-50,25,38,-1,yes
quartz,ore.mix.quartz,116,96,214,/tp 116 96 214,219,98,134,197,232,36,35,-1,yes
iron,ore.mix.iron,-69,28,222,/tp -69 28 222,222,-90,-48,205,240,42,35,-1,yes
sulfur,ore.mix.sulfur,-119,9,-159,/tp -119 9 -159,224,-145,-92,-180,-138,53,42,-1,yes
netherquartz,ore.mix.netherquartz,222,53,120,/tp 222 53 120,227,206,239,107,133,33,26,-1,yes
tetrahedrite,ore.mix.tetrahedrite,-165,113,-120,/tp -165 113 -120,230,-186,-144,-135,-105,42,30,-1,yes
sulfur,ore.mix.sulfur,-165,12,158,/tp -165 12 158,231,-179,-151,140,177,28,37,-1,yes
sulfur,ore.mix.sulfur,28,11,-214,/tp 28 11 -214,232,4,52,-227,-201,48,26,-1,yes
iron,ore.mix.iron,-214,12,12,/tp -214 12 12,233,-234,-194,-7,32,40,39,-1,yes
manganese,ore.mix.manganese,-20,22,-214,/tp -20 22 -214,235,-32,-7,-233,-195,25,38,-1,yes
redstone,ore.mix.redstone,171,13,-165,/tp 171 13 -165,238,153,189,-183,-146,36,37,-1,yes
netherquartz,ore.mix.netherquartz,68,42,-216,/tp 68 42 -216,239,53,83,-228,-204,30,24,-1,yes
copper,ore.mix.copper,160,40,211,/tp 160 40 211,239,143,177,194,229,34,35,-1,yes
sulfur,ore.mix.sulfur,-121,11,214,/tp -121 11 214,241,-139,-103,197,231,36,34,-1,yes
netherquartz,ore.mix.netherquartz,-219,53,-27,/tp -219 53 -27,242,-243,-194,-51,-2,49,49,-1,yes
iron,ore.mix.iron,261,26,33,/tp 261 26 33,242,250,273,13,53,23,40,-1,yes
sulfur,ore.mix.sulfur,-218,12,80,/tp -218 12 80,245,-231,-204,64,97,27,33,-1,yes
redstone,ore.mix.redstone,219,16,-123,/tp 219 16 -123,245,199,240,-144,-101,41,43,-1,yes
copper,ore.mix.copper,28,22,265,/tp 28 22 265,247,15,41,237,294,26,57,-1,yes
redstone,ore.mix.redstone,-208,10,115,/tp -208 10 115,247,-225,-191,93,137,34,44,-1,yes
netherquartz,ore.mix.netherquartz,260,56,76,/tp 260 56 76,248,239,281,51,101,42,50,-1,yes
copper,ore.mix.copper,217,51,167,/tp 217 51 167,248,190,244,154,181,54,27,-1,yes
sulfur,ore.mix.sulfur,267,11,-20,/tp 267 11 -20,251,243,292,-46,6,49,52,-1,yes
redstone,ore.mix.redstone,-19,13,267,/tp -19 13 267,252,-44,7,248,287,51,39,-1,yes
sulfur,ore.mix.sulfur,-84,9,-213,/tp -84 9 -213,253,-103,-64,-237,-189,39,48,-1,yes
iron,ore.mix.iron,70,20,267,/tp 70 20 267,254,58,82,255,280,24,25,-1,yes
tetrahedrite,ore.mix.tetrahedrite,114,114,-219,/tp 114 114 -219,255,97,131,-237,-200,34,37,-1,yes
netherquartz,ore.mix.netherquartz,258,74,-71,/tp 258 74 -71,255,240,277,-97,-45,37,52,-1,yes
iron,ore.mix.iron,-220,12,-75,/tp -220 12 -75,256,-243,-196,-102,-47,47,55,-1,yes
iron,ore.mix.iron,-165,15,-162,/tp -165 15 -162,257,-189,-140,-187,-137,49,50,-1,yes
netherquartz,ore.mix.netherquartz,263,58,117,/tp 263 58 117,263,254,272,100,135,18,35,-1,yes
redstone,ore.mix.redstone,215,19,-164,/tp 215 19 -164,267,203,228,-179,-149,25,30,-1,yes
tetrahedrite,ore.mix.tetrahedrite,-166,81,211,/tp -166 81 211,267,-188,-143,193,229,45,36,-1,yes
iron,ore.mix.iron,-69,13,270,/tp -69 13 270,267,-89,-49,256,284,40,28,-1,yes
netherquartz,ore.mix.netherquartz,124,40,265,/tp 124 40 265,268,109,140,253,277,31,24,-1,yes
sulfur,ore.mix.sulfur,-218,8,-111,/tp -218 8 -111,270,-246,-189,-129,-93,57,36,-1,yes
manganese,ore.mix.manganese,-116,21,-220,/tp -116 21 -220,274,-131,-100,-235,-204,31,31,-1,yes
redstone,ore.mix.redstone,257,20,-122,/tp 257 20 -122,276,243,272,-143,-101,29,42,-1,yes
redstone,ore.mix.redstone,-215,13,168,/tp -215 13 168,278,-231,-199,155,181,32,26,-1,yes
netherquartz,ore.mix.netherquartz,-259,59,21,/tp -259 59 21,278,-276,-241,-7,49,35,56,-1,yes
tetrahedrite,ore.mix.tetrahedrite,164,106,258,/tp 164 106 258,280,145,183,234,282,38,48,-1,yes
iron,ore.mix.iron,262,31,158,/tp 262 31 158,280,245,280,138,179,35,41,-1,yes
saltpeterelectrotine,ore.mix.saltpeterelectrotine,-259,9,-22,/tp -259 9 -22,281,-272,-246,-42,-1,26,41,-1,yes
sulfur,ore.mix.sulfur,-123,9,262,/tp -123 9 262,282,-140,-105,249,276,35,27,-1,yes
redstone,ore.mix.redstone,218,11,219,/tp 218 11 219,283,191,246,202,237,55,35,-1,yes
manganese,ore.mix.manganese,21,24,-266,/tp 21 24 -266,284,10,33,-279,-252,23,27,-1,yes
redstone,ore.mix.redstone,-22,9,-264,/tp -22 9 -264,285,-50,6,-281,-247,56,34,-1,yes
beryllium,ore.mix.beryllium,172,10,-222,/tp 172 10 -222,285,154,191,-236,-207,37,29,-1,yes
beryllium,ore.mix.beryllium,72,14,-264,/tp 72 14 -264,287,57,87,-278,-249,30,29,-1,yes
beryllium,ore.mix.beryllium,309,7,19,/tp 309 7 19,290,297,322,6,33,25,27,-1,yes
iron,ore.mix.iron,-25,31,306,/tp -25 31 306,291,-41,-9,282,331,32,49,-1,yes
copper,ore.mix.copper,21,12,310,/tp 21 12 310,292,10,32,297,324,22,27,-1,yes
tetrahedrite,ore.mix.tetrahedrite,77,81,306,/tp 77 81 306,294,57,98,283,329,41,46,-1,yes
sulfur,ore.mix.sulfur,311,9,63,/tp 311 9 63,295,284,338,46,80,54,34,-1,yes
copper,ore.mix.copper,-75,10,-263,/tp -75 10 -263,296,-90,-60,-278,-248,30,30,-1,yes
saltpeterelectrotine,ore.mix.saltpeterelectrotine,314,8,-20,/tp 314 8 -20,297,302,327,-32,-8,25,24,-1,yes
netherquartz,ore.mix.netherquartz,-167,64,-216,/tp -167 64 -216,299,-195,-138,-238,-194,57,44,-1,yes
copper,ore.mix.copper,-275,45,72,/tp -275 45 72,299,-295,-254,43,102,41,59,-1,yes
iron,ore.mix.iron,-267,19,-77,/tp -267 19 -77,301,-293,-240,-99,-55,53,44,-1,yes
manganese,ore.mix.manganese,-215,24,-171,/tp -215 24 -171,301,-225,-205,-187,-154,20,33,-1,yes
netherquartz,ore.mix.netherquartz,-69,60,307,/tp -69 60 307,302,-96,-41,283,331,55,48,-1,yes
copper,ore.mix.copper,118,27,306,/tp 118 27 306,305,94,142,283,330,48,47,-1,yes
redstone,ore.mix.redstone,-160,28,266,/tp -160 28 266,306,-183,-137,247,285,46,38,-1,yes
redstone,ore.mix.redstone,-269,13,121,/tp -269 13 121,306,-289,-248,98,145,41,47,-1,yes
sulfur,ore.mix.sulfur,122,5,-271,/tp 122 5 -271,307,102,143,-291,-250,41,41,-1,yes
manganese,ore.mix.manganese,-216,23,216,/tp -216 23 216,307,-224,-208,204,228,16,24,-1,yes
sulfur,ore.mix.sulfur,312,5,-75,/tp 312 5 -75,307,301,324,-93,-56,23,37,-1,yes
saltpeterelectrotine,ore.mix.saltpeterelectrotine,264,9,-173,/tp 264 9 -173,311,243,286,-189,-156,43,33,-1,yes
iron,ore.mix.iron,215,12,-224,/tp 215 12 -224,311,186,245,-247,-201,59,46,-1,yes
iron,ore.mix.iron,260,21,215,/tp 260 21 215,311,245,276,196,234,31,38,-1,yes
saltpeterelectrotine,ore.mix.saltpeterelectrotine,-122,34,-264,/tp -122 34 -264,315,-135,-109,-278,-249,26,29,-1,yes
copper,ore.mix.copper,171,18,-258,/tp 171 18 -258,315,155,188,-278,-238,33,40,-1,yes
redstone,ore.mix.redstone,319,30,122,/tp 319 30 122,318,295,343,102,143,48,41,-1,yes
sulfur,ore.mix.sulfur,221,13,264,/tp 221 13 264,318,202,240,247,281,38,34,-1,yes
iron,ore.mix.iron,-263,13,165,/tp -263 13 165,318,-281,-245,153,178,36,25,-1,yes
tetrahedrite,ore.mix.tetrahedrite,164,81,307,/tp 164 81 307,323,152,177,292,322,25,30,-1,yes
sulfur,ore.mix.sulfur,-271,8,-124,/tp -271 8 -124,323,-285,-256,-139,-109,29,30,-1,yes
tetrahedrite,ore.mix.tetrahedrite,-124,106,310,/tp -124 106 310,325,-145,-103,289,332,42,43,-1,yes
tetrahedrite,ore.mix.tetrahedrite,-255,98,-162,/tp -255 98 -162,328,-274,-236,-176,-147,38,29,-1,yes
copper,ore.mix.copper,-311,34,20,/tp -311 34 20,330,-325,-296,-6,47,29,53,-1,yes
netherquartz,ore.mix.netherquartz,-216,50,-215,/tp -216 50 -215,331,-228,-204,-224,-205,24,19,-1,yes
manganese,ore.mix.manganese,22,22,-313,/tp 22 22 -313,331,8,36,-334,-291,28,43,-1,yes
iron,ore.mix.iron,351,30,21,/tp 351 30 21,332,332,371,10,32,39,22,-1,yes
sulfur,ore.mix.sulfur,-312,5,-21,/tp -312 5 -21,333,-334,-290,-38,-3,44,35,-1,yes
netherquartz,ore.mix.netherquartz,316,52,169,/tp 316 52 169,333,290,343,160,179,53,19,-1,yes
iron,ore.mix.iron,320,29,-126,/tp 320 29 -126,334,298,342,-139,-112,44,27,-1,yes
redstone,ore.mix.redstone,-306,12,-67,/tp -306 12 -67,336,-328,-283,-82,-51,45,31,-1,yes
iron,ore.mix.iron,-22,21,-316,/tp -22 21 -316,337,-47,4,-333,-298,51,35,-1,yes
sulfur,ore.mix.sulfur,-173,13,-260,/tp -173 13 -260,338,-186,-159,-276,-244,27,32,-1,yes
iron,ore.mix.iron,70,16,-316,/tp 70 16 -316,338,43,97,-329,-302,54,27,-1,yes
beryllium,ore.mix.beryllium,-314,7,74,/tp -314 7 74,338,-324,-304,61,87,20,26,-1,yes
quartz,ore.mix.quartz,29,84,356,/tp 29 84 356,338,15,44,343,370,29,27,-1,yes
iron,ore.mix.iron,255,12,264,/tp 255 12 264,341,234,276,240,288,42,48,-1,yes
iron,ore.mix.iron,309,15,-162,/tp 309 15 -162,341,288,330,-184,-139,42,45,-1,yes
redstone,ore.mix.redstone,62,22,356,/tp 62 22 356,341,41,84,333,380,43,47,-1,yes
copper,ore.mix.copper,-306,13,125,/tp -306 13 125,342,-329,-283,105,146,46,41,-1,yes
sulfur,ore.mix.sulfur,-225,13,259,/tp -225 13 259,343,-242,-207,244,274,35,30,-1,yes
beryllium,ore.mix.beryllium,-73,23,-313,/tp -73 23 -313,344,-89,-56,-323,-302,33,21,-1,yes
copper,ore.mix.copper,-172,23,305,/tp -172 23 305,345,-190,-153,289,322,37,33,-1,yes
iron,ore.mix.iron,113,21,-315,/tp 113 21 -315,346,92,135,-329,-300,43,29,-1,yes
sulfur,ore.mix.sulfur,270,8,-220,/tp 270 8 -220,346,252,288,-242,-197,36,45,-1,yes
iron,ore.mix.iron,366,21,-19,/tp 366 21 -19,349,347,386,-33,-5,39,28,-1,yes
tetrahedrite,ore.mix.tetrahedrite,358,104,-67,/tp 358 104 -67,349,329,387,-83,-51,58,32,-1,yes
sulfur,ore.mix.sulfur,-265,14,222,/tp -265 14 222,350,-275,-255,207,238,20,31,-1,yes
sulfur,ore.mix.sulfur,-75,7,356,/tp -75 7 356,351,-87,-62,332,380,25,48,-1,yes
tetrahedrite,ore.mix.tetrahedrite,368,98,72,/tp 368 98 72,353,349,388,53,91,39,38,-1,yes
iron,ore.mix.iron,-115,28,-310,/tp -115 28 -310,354,-131,-99,-328,-291,32,37,-1,yes
tetrahedrite,ore.mix.tetrahedrite,-28,94,369,/tp -28 94 369,354,-54,-1,347,391,53,44,-1,yes
tetrahedrite,ore.mix.tetrahedrite,-304,105,-126,/tp -304 105 -126,354,-322,-286,-140,-112,36,28,-1,yes
sulfur,ore.mix.sulfur,227,5,-270,/tp 227 5 -270,355,208,247,-287,-252,39,35,-1,yes
iron,ore.mix.iron,358,27,131,/tp 358 27 131,357,343,374,112,150,31,38,-1,yes
redstone,ore.mix.redstone,220,8,313,/tp 220 8 313,357,205,235,287,339,30,52,-1,yes
tetrahedrite,ore.mix.tetrahedrite,118,94,361,/tp 118 94 361,357,92,145,336,387,53,51,-1,yes
sulfur,ore.mix.sulfur,164,9,-309,/tp 164 9 -309,358,138,191,-336,-282,53,54,-1,yes
manganese,ore.mix.manganese,-310,20,169,/tp -310 20 169,362,-328,-292,151,188,36,37,-1,yes
copper,ore.mix.copper,-115,24,354,/tp -115 24 354,362,-139,-91,332,377,48,45,-1,yes
redstone,ore.mix.redstone,321,11,217,/tp 321 11 217,362,303,340,197,237,37,40,-1,yes
iron,ore.mix.iron,-212,22,-263,/tp -212 22 -263,364,-231,-193,-289,-236,38,53,-1,yes
iron,ore.mix.iron,162,16,354,/tp 162 16 354,365,148,176,338,371,28,33,-1,yes
copper,ore.mix.copper,-257,10,-222,/tp -257 10 -222,366,-274,-240,-243,-201,34,42,-1,yes
sulfur,ore.mix.sulfur,356,7,-129,/tp 356 7 -129,368,343,370,-148,-109,27,39,-1,yes
iron,ore.mix.iron,303,13,-221,/tp 303 13 -221,371,284,322,-238,-204,38,34,-1,yes
iron,ore.mix.iron,-23,17,-351,/tp -23 17 -351,371,-34,-12,-370,-332,22,38,-1,yes
netherquartz,ore.mix.netherquartz,21,61,-354,/tp 21 61 -354,372,2,41,-370,-338,39,32,-1,yes
iron,ore.mix.iron,259,25,-266,/tp 259 25 -266,372,243,275,-280,-252,32,28,-1,yes
beryllium,ore.mix.beryllium,-355,10,23,/tp -355 10 23,374,-370,-339,4,42,31,38,-1,yes
beryllium,ore.mix.beryllium,-212,14,314,/tp -212 14 314,375,-228,-195,294,335,33,41,-1,yes
beryllium,ore.mix.beryllium,-311,15,-167,/tp -311 15 -167,378,-328,-293,-188,-145,35,43,-1,yes
sulfur,ore.mix.sulfur,-303,5,217,/tp -303 5 217,379,-321,-285,207,228,36,21,-1,yes
iron,ore.mix.iron,366,22,175,/tp 366 22 175,381,349,383,154,196,34,42,-1,yes
iron,ore.mix.iron,-160,24,-319,/tp -160 24 -319,382,-179,-141,-337,-301,38,36,-1,yes
netherquartz,ore.mix.netherquartz,308,55,268,/tp 308 55 268,382,297,320,247,289,23,42,-1,yes
iron,ore.mix.iron,264,28,313,/tp 264 28 313,383,250,279,287,339,29,52,-1,yes
sulfur,ore.mix.sulfur,399,10,66,/tp 399 10 66,383,381,417,53,80,36,27,-1,yes
redstone,ore.mix.redstone,-270,14,270,/tp -270 14 270,383,-286,-253,248,292,33,44,-1,yes
beryllium,ore.mix.beryllium,21,23,402,/tp 21 23 402,384,1,41,385,420,40,35,-1,yes
netherquartz,ore.mix.netherquartz,-364,49,-21,/tp -364 49 -21,385,-379,-349,-46,5,30,51,-1,yes
sulfur,ore.mix.sulfur,-358,11,-70,/tp -358 11 -70,387,-384,-332,-83,-57,52,26,-1,yes
saltpeterelectrotine,ore.mix.saltpeterelectrotine,216,23,-315,/tp 216 23 -315,387,205,228,-328,-302,23,26,-1,yes
iron,ore.mix.iron,74,22,-367,/tp 74 22 -367,389,53,95,-388,-346,42,42,-1,yes
manganese,ore.mix.manganese,408,23,24,/tp 408 23 24,389,396,420,9,39,24,30,-1,yes
sulfur,ore.mix.sulfur,405,11,-27,/tp 405 11 -27,389,389,422,-37,-16,33,21,-1,yes
beryllium,ore.mix.beryllium,-367,23,70,/tp -367 23 70,389,-381,-352,53,88,29,35,-1,yes
sulfur,ore.mix.sulfur,-69,6,-361,/tp -69 6 -361,389,-95,-43,-386,-335,52,51,-1,yes
netherquartz,ore.mix.netherquartz,-205,47,-303,/tp -205 47 -303,391,-225,-185,-325,-281,40,44,-1,yes
copper,ore.mix.copper,127,10,-358,/tp 127 10 -358,391,103,151,-381,-335,48,46,-1,yes
sulfur,ore.mix.sulfur,-24,9,407,/tp -24 9 407,391,-41,-7,384,430,34,46,-1,yes
redstone,ore.mix.redstone,-162,20,367,/tp -162 20 367,393,-184,-139,350,384,45,34,-1,yes
sulfur,ore.mix.sulfur,-116,9,-351,/tp -116 9 -351,393,-139,-92,-373,-329,47,44,-1,yes
tetrahedrite,ore.mix.tetrahedrite,-363,107,115,/tp -363 107 115,394,-391,-335,97,133,56,36,-1,yes
tetrahedrite,ore.mix.tetrahedrite,-306,99,-207,/tp -306 99 -207,395,-327,-285,-225,-188,42,37,-1,yes
manganese,ore.mix.manganese,360,20,217,/tp 360 20 217,395,342,378,198,237,36,39,-1,yes
tetrahedrite,ore.mix.tetrahedrite,370,94,-166,/tp 370 94 -166,396,351,389,-186,-145,38,41,-1,yes
redstone,ore.mix.redstone,-70,34,404,/tp -70 34 404,396,-92,-48,379,430,44,51,-1,yes
sulfur,ore.mix.sulfur,-354,6,-118,/tp -354 6 -118,397,-370,-337,-138,-97,33,41,-1,yes
saltpeterelectrotine,ore.mix.saltpeterelectrotine,308,19,-259,/tp 308 19 -259,400,297,320,-275,-243,23,32,-1,yes
beryllium,ore.mix.beryllium,-268,12,-262,/tp -268 12 -262,401,-281,-254,-281,-243,27,38,-1,yes
copper,ore.mix.copper,73,50,415,/tp 73 50 415,401,47,99,393,437,52,44,-1,yes
iron,ore.mix.iron,407,31,-83,/tp 407 31 -83,401,399,416,-102,-64,17,38,-1,yes
netherquartz,ore.mix.netherquartz,216,63,369,/tp 216 63 369,403,203,230,350,389,27,39,-1,yes
quartz,ore.mix.quartz,-359,101,166,/tp -359 101 166,406,-371,-346,146,186,25,40,-1,yes
iron,ore.mix.iron,124,11,410,/tp 124 11 410,406,111,137,386,434,26,48,-1,yes
netherquartz,ore.mix.netherquartz,411,40,124,/tp 411 40 124,406,391,431,112,136,40,24,-1,yes
tetrahedrite,ore.mix.tetrahedrite,350,85,-223,/tp 350 85 -223,409,332,368,-242,-203,36,39,-1,yes
netherquartz,ore.mix.netherquartz,-274,69,305,/tp -274 69 305,410,-295,-253,290,321,42,31,-1,yes
iron,ore.mix.iron,175,26,-362,/tp 175 26 -362,411,157,194,-373,-351,37,22,-1,yes
redstone,ore.mix.redstone,400,6,171,/tp 400 6 171,411,377,424,156,187,47,31,-1,yes
copper,ore.mix.copper,-117,40,407,/tp -117 40 407,412,-133,-101,384,430,32,46,-1,yes
tetrahedrite,ore.mix.tetrahedrite,407,85,-124,/tp 407 85 -124,413,385,429,-137,-110,44,27,-1,yes
beryllium,ore.mix.beryllium,310,7,312,/tp 310 7 312,414,296,325,289,335,29,46,-1,yes
sulfur,ore.mix.sulfur,-168,14,-355,/tp -168 14 -355,417,-185,-150,-375,-335,35,40,-1,yes
iron,ore.mix.iron,-312,33,271,/tp -312 33 271,417,-331,-293,247,295,38,48,-1,yes
copper,ore.mix.copper,268,19,-318,/tp 268 19 -318,418,254,283,-332,-303,29,29,-1,yes
sulfur,ore.mix.sulfur,175,10,407,/tp 175 10 407,419,152,199,379,435,47,56,-1,yes
manganese,ore.mix.manganese,218,23,-353,/tp 218 23 -353,421,207,229,-369,-337,22,32,-1,yes
redstone,ore.mix.redstone,272,14,356,/tp 272 14 356,422,256,289,339,373,33,34,-1,yes
sulfur,ore.mix.sulfur,362,12,266,/tp 362 12 266,423,347,378,241,292,31,51,-1,yes
netherquartz,ore.mix.netherquartz,-358,41,-173,/tp -358 41 -173,423,-374,-341,-196,-150,33,46,-1,yes
sulfur,ore.mix.sulfur,-218,9,370,/tp -218 9 370,424,-244,-192,349,391,52,42,-1,yes
manganese,ore.mix.manganese,-17,23,-404,/tp -17 23 -404,424,-32,-1,-419,-389,31,30,-1,yes
copper,ore.mix.copper,-261,52,-305,/tp -261 52 -305,427,-272,-249,-323,-287,23,36,-1,yes
sulfur,ore.mix.sulfur,-361,9,212,/tp -361 9 212,427,-375,-347,190,235,28,45,-1,yes
copper,ore.mix.copper,-408,7,19,/tp -408 7 19,427,-433,-383,5,34,50,29,-1,yes
tetrahedrite,ore.mix.tetrahedrite,-307,96,-259,/tp -307 96 -259,428,-328,-286,-283,-234,42,49,-1,yes
tetrahedrite,ore.mix.tetrahedrite,18,81,-412,/tp 18 81 -412,430,4,33,-435,-389,29,46,-1,yes
sulfur,ore.mix.sulfur,447,7,78,/tp 447 7 78,432,430,465,59,98,35,39,-1,yes
copper,ore.mix.copper,-80,18,-404,/tp -80 18 -404,433,-100,-59,-416,-392,41,24,-1,yes
redstone,ore.mix.redstone,406,8,-178,/tp 406 8 -178,434,387,426,-199,-156,39,43,-1,yes
saltpeterelectrotine,ore.mix.saltpeterelectrotine,-412,5,66,/tp -412 5 66,434,-429,-395,52,81,34,29,-1,yes
iron,ore.mix.iron,-165,20,412,/tp -165 20 412,435,-189,-141,400,425,48,25,-1,yes
beryllium,ore.mix.beryllium,405,9,219,/tp 405 9 219,435,394,417,206,232,23,26,-1,yes
manganese,ore.mix.manganese,73,23,451,/tp 73 23 451,436,64,83,435,467,19,32,-1,yes
sulfur,ore.mix.sulfur,19,14,454,/tp 19 14 454,436,6,32,431,478,26,47,-1,yes
tetrahedrite,ore.mix.tetrahedrite,63,92,-416,/tp 63 92 -416,436,41,85,-432,-400,44,32,-1,yes
tetrahedrite,ore.mix.tetrahedrite,-416,108,-27,/tp -416 108 -27,437,-434,-398,-39,-14,36,25,-1,yes
redstone,ore.mix.redstone,-408,23,116,/tp -408 23 116,438,-424,-391,102,130,33,28,-1,yes
copper,ore.mix.copper,458,30,33,/tp 458 30 33,439,439,477,15,51,38,36,-1,yes
saltpeterelectrotine,ore.mix.saltpeterelectrotine,-26,20,456,/tp -26 20 456,440,-41,-11,448,465,30,17,-1,yes
saltpeterelectrotine,ore.mix.saltpeterelectrotine,214,39,412,/tp 214 39 412,440,195,233,398,427,38,29,-1,yes
tetrahedrite,ore.mix.tetrahedrite,359,113,-261,/tp 359 113 -261,440,331,388,-285,-237,57,48,-1,yes
sulfur,ore.mix.sulfur,-268,9,353,/tp -268 9 353,441,-289,-246,330,376,43,46,-1,yes
redstone,ore.mix.redstone,-414,14,-68,/tp -414 14 -68,441,-432,-396,-88,-48,36,40,-1,yes
sulfur,ore.mix.sulfur,458,12,-19,/tp 458 12 -19,441,435,481,-39,1,46,40,-1,yes
quartz,ore.mix.quartz,-311,109,310,/tp -311 109 310,441,-326,-295,295,325,31,30,-1,yes
iron,ore.mix.iron,118,32,-412,/tp 118 32 -412,441,97,139,-439,-384,42,55,-1,yes
iron,ore.mix.iron,-214,13,-359,/tp -214 13 -359,443,-225,-203,-370,-348,22,22,-1,yes
redstone,ore.mix.redstone,317,33,-310,/tp 317 33 -310,443,304,331,-336,-284,27,52,-1,yes
iron,ore.mix.iron,310,20,356,/tp 310 20 356,446,291,330,338,374,39,36,-1,yes
netherquartz,ore.mix.netherquartz,455,74,114,/tp 455 74 114,446,443,467,90,139,24,49,-1,yes
manganese,ore.mix.manganese,-115,23,-409,/tp -115 23 -409,448,-132,-97,-431,-387,35,44,-1,yes
redstone,ore.mix.redstone,-409,14,-116,/tp -409 14 -116,448,-423,-395,-131,-100,28,31,-1,yes
sulfur,ore.mix.sulfur,460,12,-68,/tp 460 12 -68,449,446,474,-80,-55,28,25,-1,yes
beryllium,ore.mix.beryllium,-366,16,-217,/tp -366 16 -217,451,-380,-351,-231,-203,29,28,-1,yes
saltpeterelectrotine,ore.mix.saltpeterelectrotine,119,12,458,/tp 119 12 458,451,103,135,448,468,32,20,-1,yes
quartz,ore.mix.quartz,360,110,316,/tp 360 110 316,453,340,380,300,333,40,33,-1,yes
iron,ore.mix.iron,266,13,-362,/tp 266 13 -362,453,241,292,-388,-335,51,53,-1,yes
sulfur,ore.mix.sulfur,406,10,253,/tp 406 10 253,453,393,419,234,272,26,38,-1,yes
iron,ore.mix.iron,-407,30,174,/tp -407 30 174,454,-428,-385,150,199,43,49,-1,yes
iron,ore.mix.iron,-73,13,466,/tp -73 13 466,457,-99,-46,446,487,53,41,-1,yes
sulfur,ore.mix.sulfur,-359,5,274,/tp -359 5 274,457,-375,-343,254,295,32,41,-1,yes
iron,ore.mix.iron,412,33,-222,/tp 412 33 -222,460,395,429,-237,-207,34,30,-1,yes
iron,ore.mix.iron,170,27,-417,/tp 170 27 -417,460,151,190,-439,-394,39,45,-1,yes
redstone,ore.mix.redstone,-405,5,-164,/tp -405 5 -164,461,-418,-392,-177,-151,26,26,-1,yes
redstone,ore.mix.redstone,-218,18,414,/tp -218 18 414,462,-228,-207,391,438,21,47,-1,yes
redstone,ore.mix.redstone,461,9,-118,/tp 461 9 -118,462,439,484,-140,-95,45,45,-1,yes
copper,ore.mix.copper,-307,18,-313,/tp -307 18 -313,465,-323,-290,-329,-297,33,32,-1,yes
iron,ore.mix.iron,275,11,407,/tp 275 11 407,466,256,295,395,419,39,24,-1,yes
netherquartz,ore.mix.netherquartz,163,40,463,/tp 163 40 463,468,146,181,447,480,35,33,-1,yes
iron,ore.mix.iron,-123,30,464,/tp -123 30 464,468,-142,-104,447,482,38,35,-1,yes
tetrahedrite,ore.mix.tetrahedrite,-265,97,-356,/tp -265 97 -356,470,-286,-244,-380,-332,42,48,-1,yes
tetrahedrite,ore.mix.tetrahedrite,-157,109,-418,/tp -157 109 -418,470,-177,-137,-439,-396,40,43,-1,yes
copper,ore.mix.copper,452,14,-169,/tp 452 14 -169,472,426,479,-191,-146,53,45,-1,yes
netherquartz,ore.mix.netherquartz,310,40,-353,/tp 310 40 -353,472,287,334,-372,-334,47,38,-1,yes
netherquartz,ore.mix.netherquartz,450,60,211,/tp 450 60 211,472,428,473,186,237,45,51,-1,yes
beryllium,ore.mix.beryllium,-454,16,26,/tp -454 16 26,473,-466,-441,9,43,25,34,-1,yes
iron,ore.mix.iron,466,29,172,/tp 466 29 172,473,447,485,153,191,38,38,-1,yes
iron,ore.mix.iron,-355,12,309,/tp -355 12 309,474,-381,-329,299,320,52,21,-1,yes
sulfur,ore.mix.sulfur,63,5,-454,/tp 63 5 -454,474,44,82,-473,-434,38,39,-1,yes
manganese,ore.mix.manganese,219,23,-413,/tp 219 23 -413,475,205,234,-428,-397,29,31,-1,yes
manganese,ore.mix.manganese,-171,20,454,/tp -171 20 454,476,-186,-156,434,475,30,41,-1,yes
tetrahedrite,ore.mix.tetrahedrite,-74,114,-449,/tp -74 114 -449,476,-84,-64,-465,-432,20,33,-1,yes
manganese,ore.mix.manganese,-310,21,364,/tp -310 21 364,477,-325,-295,347,381,30,34,-1,yes
copper,ore.mix.copper,-454,30,76,/tp -454 30 76,477,-473,-434,61,91,39,30,-1,yes
sulfur,ore.mix.sulfur,-360,7,-274,/tp -360 7 -274,478,-388,-331,-294,-254,57,40,-1,yes
netherquartz,ore.mix.netherquartz,22,73,496,/tp 22 73 496,478,10,35,481,512,25,31,-1,yes
tetrahedrite,ore.mix.tetrahedrite,-417,107,217,/tp -417 107 217,479,-439,-394,204,230,45,26,-1,yes
saltpeterelectrotine,ore.mix.saltpeterelectrotine,-23,35,-459,/tp -23 35 -459,479,-38,-7,-478,-440,31,38,-1,yes
copper,ore.mix.copper,31,24,-462,/tp 31 24 -462,480,10,52,-485,-439,42,46,-1,yes
copper,ore.mix.copper,-401,17,-218,/tp -401 17 -218,482,-420,-382,-238,-198,38,40,-1,yes
sulfur,ore.mix.sulfur,360,14,361,/tp 360 14 361,484,348,373,344,378,25,34,-1,yes
netherquartz,ore.mix.netherquartz,503,61,20,/tp 503 61 20,484,479,527,-2,42,48,44,-1,yes
sulfur,ore.mix.sulfur,501,13,-21,/tp 501 13 -21,484,476,526,-41,-1,50,40,-1,yes
copper,ore.mix.copper,365,17,-321,/tp 365 17 -321,484,352,379,-343,-299,27,44,-1,yes
netherquartz,ore.mix.netherquartz,-463,73,-30,/tp -463 73 -30,484,-479,-446,-46,-14,33,32,-1,yes
copper,ore.mix.copper,79,25,500,/tp 79 25 500,486,60,99,473,527,39,54,-1,yes
tetrahedrite,ore.mix.tetrahedrite,414,98,-266,/tp 414 98 -266,486,399,429,-295,-236,30,59,-1,yes
iron,ore.mix.iron,213,31,466,/tp 213 31 466,488,203,224,448,484,21,36,-1,yes
beryllium,ore.mix.beryllium,504,6,74,/tp 504 6 74,488,487,521,61,88,34,27,-1,yes
iron,ore.mix.iron,-458,20,121,/tp -458 20 121,488,-482,-433,102,141,49,39,-1,yes
tetrahedrite,ore.mix.tetrahedrite,309,108,410,/tp 309 108 410,488,288,330,382,439,42,57,-1,yes
redstone,ore.mix.redstone,-23,15,505,/tp -23 15 505,489,-34,-11,492,518,23,26,-1,yes
sulfur,ore.mix.sulfur,446,6,-222,/tp 446 6 -222,490,427,466,-245,-198,39,47,-1,yes
manganese,ore.mix.manganese,-121,21,-452,/tp -121 21 -452,490,-143,-98,-464,-439,45,25,-1,yes
redstone,ore.mix.redstone,-271,13,414,/tp -271 13 414,491,-295,-246,393,436,49,43,-1,yes
copper,ore.mix.copper,113,53,-464,/tp 113 53 -464,491,91,135,-486,-442,44,44,-1,yes
tetrahedrite,ore.mix.tetrahedrite,-221,104,-411,/tp -221 104 -411,492,-237,-204,-422,-400,33,22,-1,yes
redstone,ore.mix.redstone,-464,22,-75,/tp -464 22 -75,492,-483,-444,-98,-51,39,47,-1,yes
quartz,ore.mix.quartz,500,97,121,/tp 500 97 121,492,488,513,110,133,25,23,-1,yes
tetrahedrite,ore.mix.tetrahedrite,-449,89,176,/tp -449 89 176,494,-471,-426,158,194,45,36,-1,yes
copper,ore.mix.copper,121,39,501,/tp 121 39 501,494,99,143,485,517,44,32,-1,yes
beryllium,ore.mix.beryllium,-457,17,-118,/tp -457 17 -118,495,-478,-436,-131,-104,42,27,-1,yes
beryllium,ore.mix.beryllium,-212,20,457,/tp -212 20 457,496,-224,-200,440,475,24,35,-1,yes
copper,ore.mix.copper,263,9,-414,/tp 263 9 -414,496,250,277,-438,-389,27,49,-1,yes
tetrahedrite,ore.mix.tetrahedrite,415,101,318,/tp 415 101 318,497,399,431,294,342,32,48,-1,yes
saltpeterelectrotine,ore.mix.saltpeterelectrotine,166,36,-457,/tp 166 36 -457,497,145,188,-475,-439,43,36,-1,yes
manganese,ore.mix.manganese,510,20,-78,/tp 510 20 -78,500,493,527,-93,-62,34,31,-1,yes
copper,ore.mix.copper,-68,43,513,/tp -68 43 513,503,-91,-44,494,533,47,39,-1,yes
sulfur,ore.mix.sulfur,363,5,-351,/tp 363 5 -351,504,340,386,-368,-334,46,34,-1,yes
copper,ore.mix.copper,-418,8,271,/tp -418 8 271,505,-439,-396,253,290,43,37,-1,yes
sulfur,ore.mix.sulfur,-370,5,-304,/tp -370 5 -304,505,-387,-352,-326,-282,35,44,-1,yes
manganese,ore.mix.manganese,503,21,163,/tp 503 21 163,505,492,515,147,180,23,33,-1,yes
beryllium,ore.mix.beryllium,268,10,459,/tp 268 10 459,506,256,280,448,470,24,22,-1,yes
tetrahedrite,ore.mix.tetrahedrite,-132,108,503,/tp -132 108 503,508,-151,-112,481,526,39,45,-1,yes
manganese,ore.mix.manganese,462,24,267,/tp 462 24 267,508,445,479,249,286,34,37,-1,yes
manganese,ore.mix.manganese,-262,22,-408,/tp -262 22 -408,510,-272,-252,-420,-396,20,24,-1,yes
copper,ore.mix.copper,-314,8,-368,/tp -314 8 -368,510,-343,-285,-391,-344,58,47,-1,yes
redstone,ore.mix.redstone,509,19,-124,/tp 509 19 -124,510,491,527,-147,-100,36,47,-1,yes
tetrahedrite,ore.mix.tetrahedrite,406,96,-315,/tp 406 96 -315,511,377,435,-332,-297,58,35,-1,yes
iron,ore.mix.iron,171,19,506,/tp 171 19 506,511,152,190,485,528,38,43,-1,yes
copper,ore.mix.copper,-454,48,-176,/tp -454 48 -176,511,-470,-437,-197,-154,33,43,-1,yes
sulfur,ore.mix.sulfur,-361,7,363,/tp -361 7 363,513,-378,-344,349,378,34,29,-1,yes
sulfur,ore.mix.sulfur,-409,6,-264,/tp -409 6 -264,513,-437,-380,-287,-240,57,47,-1,yes
iron,ore.mix.iron,398,34,366,/tp 398 34 366,515,381,416,347,386,35,39,-1,yes
sulfur,ore.mix.sulfur,-458,8,212,/tp -458 8 212,515,-472,-443,196,228,29,32,-1,yes
quartz,ore.mix.quartz,-315,100,410,/tp -315 100 410,515,-327,-302,395,425,25,30,-1,yes
sulfur,ore.mix.sulfur,-170,13,-462,/tp -170 13 -462,516,-181,-159,-484,-440,22,44,-1,yes
iron,ore.mix.iron,70,20,-497,/tp 70 20 -497,518,47,94,-519,-475,47,44,-1,yes
copper,ore.mix.copper,-262,18,453,/tp -262 18 453,518,-276,-247,439,468,29,29,-1,yes
redstone,ore.mix.redstone,313,23,-409,/tp 313 23 -409,518,290,337,-423,-394,47,29,-1,yes
manganese,ore.mix.manganese,-170,20,502,/tp -170 20 502,520,-188,-151,489,516,37,27,-1,yes
sulfur,ore.mix.sulfur,459,8,-260,/tp 459 8 -260,520,436,482,-279,-241,46,38,-1,yes
iron,ore.mix.iron,222,23,-462,/tp 222 23 -462,521,198,247,-480,-443,49,37,-1,yes
beryllium,ore.mix.beryllium,-411,24,313,/tp -411 24 313,521,-427,-394,297,330,33,33,-1,yes
sulfur,ore.mix.sulfur,509,7,-161,/tp 509 7 -161,522,495,524,-180,-141,29,39,-1,yes
iron,ore.mix.iron,-211,27,-451,/tp -211 27 -451,522,-226,-195,-477,-425,31,52,-1,yes
sulfur,ore.mix.sulfur,-450,8,-214,/tp -450 8 -214,523,-465,-435,-232,-196,30,36,-1,yes
sulfur,ore.mix.sulfur,-501,6,75,/tp -501 6 75,523,-522,-480,52,99,42,47,-1,yes
copper,ore.mix.copper,-505,33,25,/tp -505 33 25,524,-522,-487,6,44,35,38,-1,yes
tetrahedrite,ore.mix.tetrahedrite,-23,100,-504,/tp -23 100 -504,524,-51,5,-523,-485,56,38,-1,yes
netherquartz,ore.mix.netherquartz,457,72,307,/tp 457 72 307,525,447,467,282,333,20,51,-1,yes
quartz,ore.mix.quartz,-505,102,-22,/tp -505 102 -22,526,-520,-489,-42,-2,31,40,-1,yes
netherquartz,ore.mix.netherquartz,316,54,454,/tp 316 54 454,528,291,342,433,476,51,43,-1,yes
netherquartz,ore.mix.netherquartz,367,74,415,/tp 367 74 415,528,349,385,395,435,36,40,-1,yes
redstone,ore.mix.redstone,18,10,-510,/tp 18 10 -510,528,3,34,-531,-488,31,43,-1,yes
iron,ore.mix.iron,-353,17,-356,/tp -353 17 -356,528,-376,-329,-382,-330,47,52,-1,yes
tetrahedrite,ore.mix.tetrahedrite,265,92,-449,/tp 265 92 -449,528,238,293,-472,-425,55,47,-1,yes
sulfur,ore.mix.sulfur,-116,12,-494,/tp -116 12 -494,529,-129,-103,-513,-475,26,38,-1,yes
copper,ore.mix.copper,511,7,213,/tp 511 7 213,529,490,532,202,225,42,23,-1,yes
copper,ore.mix.copper,-503,40,-71,/tp -503 40 -71,530,-521,-485,-86,-55,36,31,-1,yes
tetrahedrite,ore.mix.tetrahedrite,-455,102,257,/tp -455 102 257,531,-472,-437,240,275,35,35,-1,yes
sulfur,ore.mix.sulfur,-65,9,-507,/tp -65 9 -507,532,-87,-42,-522,-492,45,30,-1,yes
sulfur,ore.mix.sulfur,219,11,512,/tp 219 11 512,533,200,239,490,535,39,45,-1,yes
sulfur,ore.mix.sulfur,21,12,552,/tp 21 12 552,534,-4,47,537,568,51,31,-1,yes
netherquartz,ore.mix.netherquartz,-504,40,124,/tp -504 40 124,534,-531,-476,103,146,55,43,-1,yes
beryllium,ore.mix.beryllium,552,7,-25,/tp 552 7 -25,535,541,564,-34,-15,23,19,-1,yes
iron,ore.mix.iron,115,32,545,/tp 115 32 545,536,92,138,526,565,46,39,-1,yes
tetrahedrite,ore.mix.tetrahedrite,-67,106,547,/tp -67 106 547,536,-80,-53,528,567,27,39,-1,yes
tetrahedrite,ore.mix.tetrahedrite,115,109,-510,/tp 115 109 -510,537,91,140,-525,-494,49,31,-1,yes
quartz,ore.mix.quartz,556,94,23,/tp 556 94 23,537,544,568,14,33,24,19,-1,yes
iron,ore.mix.iron,504,11,-212,/tp 504 11 -212,537,479,530,-231,-192,51,39,-1,yes
saltpeterelectrotine,ore.mix.saltpeterelectrotine,72,17,553,/tp 72 17 553,538,60,85,537,570,25,33,-1,yes
redstone,ore.mix.redstone,-215,22,503,/tp -215 22 503,538,-245,-185,483,523,60,40,-1,yes
netherquartz,ore.mix.netherquartz,268,69,497,/tp 268 69 497,540,246,290,479,515,44,36,-1,yes
iron,ore.mix.iron,-26,33,557,/tp -26 33 557,541,-39,-12,536,579,27,43,-1,yes
copper,ore.mix.copper,-446,35,-258,/tp -446 35 -258,541,-465,-426,-279,-237,39,42,-1,yes
quartz,ore.mix.quartz,-506,103,-118,/tp -506 103 -118,542,-522,-490,-133,-102,32,31,-1,yes
manganese,ore.mix.manganese,-502,20,166,/tp -502 20 166,542,-513,-491,155,177,22,22,-1,yes
sulfur,ore.mix.sulfur,-409,12,-315,/tp -409 12 -315,542,-428,-389,-337,-293,39,44,-1,yes
iron,ore.mix.iron,401,26,-368,/tp 401 26 -368,543,378,424,-385,-351,46,34,-1,yes
redstone,ore.mix.redstone,555,25,-68,/tp 555 25 -68,543,530,580,-80,-56,50,24,-1,yes
redstone,ore.mix.redstone,357,29,-407,/tp 357 29 -407,543,336,378,-424,-389,42,35,-1,yes
saltpeterelectrotine,ore.mix.saltpeterelectrotine,507,26,257,/tp 507 26 257,543,488,527,241,274,39,33,-1,yes
sulfur,ore.mix.sulfur,-307,7,-417,/tp -307 7 -417,544,-328,-285,-439,-394,43,45,-1,yes
iron,ore.mix.iron,544,27,-126,/tp 544 27 -126,544,524,564,-141,-111,40,30,-1,yes
netherquartz,ore.mix.netherquartz,562,62,69,/tp 562 62 69,545,543,582,54,85,39,31,-1,yes
netherquartz,ore.mix.netherquartz,448,61,363,/tp 448 61 363,551,429,468,350,376,39,26,-1,yes
iron,ore.mix.iron,-408,21,367,/tp -408 21 367,551,-418,-397,351,384,21,33,-1,yes
tetrahedrite,ore.mix.tetrahedrite,562,88,115,/tp 562 88 115,552,544,580,95,136,36,41,-1,yes
redstone,ore.mix.redstone,-498,31,215,/tp -498 31 215,553,-518,-478,189,241,40,52,-1,yes
beryllium,ore.mix.beryllium,408,14,411,/tp 408 14 411,553,393,423,398,425,30,27,-1,yes
iron,ore.mix.iron,-262,17,-458,/tp -262 17 -458,553,-289,-234,-478,-437,55,41,-1,yes
beryllium,ore.mix.beryllium,-310,24,462,/tp -310 24 462,553,-327,-293,446,479,34,33,-1,yes
netherquartz,ore.mix.netherquartz,-502,40,-168,/tp -502 40 -168,553,-518,-486,-185,-150,32,35,-1,yes
iron,ore.mix.iron,462,30,-315,/tp 462 30 -315,554,443,482,-343,-287,39,56,-1,yes
iron,ore.mix.iron,363,30,452,/tp 363 30 452,554,337,389,440,465,52,25,-1,yes
tetrahedrite,ore.mix.tetrahedrite,-369,100,413,/tp -369 100 413,554,-388,-350,397,430,38,33,-1,yes
iron,ore.mix.iron,552,11,170,/tp 552 11 170,554,529,576,144,196,47,52,-1,yes
tetrahedrite,ore.mix.tetrahedrite,172,85,-515,/tp 172 85 -515,555,153,192,-533,-496,39,37,-1,yes
iron,ore.mix.iron,-130,29,553,/tp -130 29 553,555,-148,-111,541,565,37,24,-1,yes
tetrahedrite,ore.mix.tetrahedrite,223,110,-500,/tp 223 110 -500,557,206,241,-525,-474,35,51,-1,yes
sulfur,ore.mix.sulfur,-158,7,547,/tp -158 7 547,558,-176,-140,530,564,36,34,-1,yes
copper,ore.mix.copper,-167,6,-511,/tp -167 6 -511,561,-178,-156,-532,-490,22,42,-1,yes
copper,ore.mix.copper,-261,50,504,/tp -261 50 504,561,-274,-247,484,524,27,40,-1,yes
tetrahedrite,ore.mix.tetrahedrite,545,83,217,/tp 545 83 217,562,524,567,198,236,43,38,-1,yes
iron,ore.mix.iron,208,24,547,/tp 208 24 547,562,188,228,532,563,40,31,-1,yes
sulfur,ore.mix.sulfur,167,8,561,/tp 167 8 561,563,148,186,542,580,38,38,-1,yes
netherquartz,ore.mix.netherquartz,321,69,-457,/tp 321 69 -457,563,301,342,-476,-438,41,38,-1,yes
netherquartz,ore.mix.netherquartz,504,49,-269,/tp 504 49 -269,564,479,530,-286,-252,51,34,-1,yes
copper,ore.mix.copper,26,15,-546,/tp 26 15 -546,564,1,52,-563,-528,51,35,-1,yes
redstone,ore.mix.redstone,-460,14,315,/tp -460 14 315,564,-481,-439,290,341,42,51,-1,yes
iron,ore.mix.iron,-407,17,-353,/tp -407 17 -353,565,-434,-379,-372,-334,55,38,-1,yes
iron,ore.mix.iron,-361,11,-405,/tp -361 11 -405,569,-386,-335,-430,-380,51,50,-1,yes
sulfur,ore.mix.sulfur,556,14,-170,/tp 556 14 -170,569,531,582,-193,-146,51,47,-1,yes
tetrahedrite,ore.mix.tetrahedrite,65,105,-550,/tp 65 105 -550,570,41,89,-570,-530,48,40,-1,yes
saltpeterelectrotine,ore.mix.saltpeterelectrotine,450,24,-357,/tp 450 24 -357,571,433,468,-370,-344,35,26,-1,yes
quartz,ore.mix.quartz,-216,108,-503,/tp -216 108 -503,572,-233,-198,-518,-488,35,30,-1,yes
quartz,ore.mix.quartz,312,84,510,/tp 312 84 510,573,296,329,496,525,33,29,-1,yes
netherquartz,ore.mix.netherquartz,260,40,-503,/tp 260 40 -503,574,236,284,-532,-473,48,59,-1,yes
redstone,ore.mix.redstone,509,24,317,/tp 509 24 317,574,492,527,299,335,35,36,-1,yes
netherquartz,ore.mix.netherquartz,-555,47,20,/tp -555 47 20,574,-569,-541,3,38,28,35,-1,yes
iron,ore.mix.iron,-72,34,-549,/tp -72 34 -549,574,-84,-59,-569,-529,25,40,-1,yes
sulfur,ore.mix.sulfur,-408,5,403,/tp -408 5 403,575,-427,-388,378,428,39,50,-1,yes
sulfur,ore.mix.sulfur,595,13,27,/tp 595 13 27,576,571,620,16,38,49,22,-1,yes
quartz,ore.mix.quartz,-554,113,72,/tp -554 113 72,576,-575,-532,62,82,43,20,-1,yes
beryllium,ore.mix.beryllium,-310,15,-456,/tp -310 15 -456,577,-329,-291,-466,-446,38,20,-1,yes
sulfur,ore.mix.sulfur,594,13,68,/tp 594 13 68,577,578,610,55,81,32,26,-1,yes
copper,ore.mix.copper,-509,49,-219,/tp -509 49 -219,579,-530,-488,-243,-194,42,49,-1,yes
tetrahedrite,ore.mix.tetrahedrite,-27,110,-559,/tp -27 110 -559,579,-42,-12,-575,-542,30,33,-1,yes
redstone,ore.mix.redstone,-558,7,-25,/tp -558 7 -25,579,-579,-536,-54,4,43,58,-1,yes
quartz,ore.mix.quartz,-553,113,119,/tp -553 113 119,581,-573,-532,108,130,41,22,-1,yes
iron,ore.mix.iron,-461,29,-310,/tp -461 29 -310,581,-483,-438,-331,-289,45,42,-1,yes
tetrahedrite,ore.mix.tetrahedrite,503,93,-306,/tp 503 93 -306,582,474,533,-325,-287,59,38,-1,yes
iron,ore.mix.iron,-556,23,-70,/tp -556 23 -70,582,-568,-544,-88,-51,24,37,-1,yes
iron,ore.mix.iron,-364,32,456,/tp -364 32 456,582,-378,-349,445,467,29,22,-1,yes
tetrahedrite,ore.mix.tetrahedrite,-510,82,260,/tp -510 82 260,582,-534,-485,247,274,49,27,-1,yes
copper,ore.mix.copper,551,47,-217,/tp 551 47 -217,582,535,568,-232,-201,33,31,-1,yes
beryllium,ore.mix.beryllium,600,11,-27,/tp 600 11 -27,583,590,610,-44,-9,20,35,-1,yes
sulfur,ore.mix.sulfur,-24,10,599,/tp -24 10 599,583,-46,-1,590,608,45,18,-1,yes
netherquartz,ore.mix.netherquartz,24,60,602,/tp 24 60 602,584,13,35,585,620,22,35,-1,yes
manganese,ore.mix.manganese,73,22,600,/tp 73 22 600,584,62,85,578,623,23,45,-1,yes
sulfur,ore.mix.sulfur,124,14,-556,/tp 124 14 -556,584,112,136,-572,-540,24,32,-1,yes
beryllium,ore.mix.beryllium,267,17,547,/tp 267 17 547,584,253,282,533,562,29,29,-1,yes
sulfur,ore.mix.sulfur,357,14,494,/tp 357 14 494,584,344,370,476,512,26,36,-1,yes
sulfur,ore.mix.sulfur,-547,13,165,/tp -547 13 165,585,-567,-526,141,189,41,48,-1,yes
tetrahedrite,ore.mix.tetrahedrite,450,94,413,/tp 450 94 413,585,435,465,392,434,30,42,-1,yes
sulfur,ore.mix.sulfur,417,13,-411,/tp 417 13 -411,585,396,439,-424,-398,43,26,-1,yes
iron,ore.mix.iron,-219,15,554,/tp -219 15 554,586,-231,-206,543,566,25,23,-1,yes
copper,ore.mix.copper,-458,43,358,/tp -458 43 358,586,-473,-442,338,379,31,41,-1,yes
copper,ore.mix.copper,362,5,-460,/tp 362 5 -460,588,350,374,-485,-435,24,50,-1,yes
netherquartz,ore.mix.netherquartz,602,49,-69,/tp 602 49 -69,589,589,616,-83,-54,27,29,-1,yes
copper,ore.mix.copper,593,13,-119,/tp 593 13 -119,590,576,611,-144,-93,35,51,-1,yes
beryllium,ore.mix.beryllium,502,12,359,/tp 502 12 359,591,484,520,347,372,36,25,-1,yes
redstone,ore.mix.redstone,-555,26,-122,/tp -555 26 -122,591,-583,-526,-131,-112,57,19,-1,yes
iron,ore.mix.iron,-502,34,-262,/tp -502 34 -262,591,-524,-479,-272,-252,45,20,-1,yes
copper,ore.mix.copper,-166,7,-543,/tp -166 7 -543,591,-191,-141,-564,-522,50,42,-1,yes
netherquartz,ore.mix.netherquartz,412,48,461,/tp 412 48 461,592,388,437,445,478,49,33,-1,yes
copper,ore.mix.copper,602,20,118,/tp 602 20 118,592,579,626,89,148,47,59,-1,yes
sulfur,ore.mix.sulfur,-314,13,507,/tp -314 13 507,592,-328,-300,481,534,28,53,-1,yes
quartz,ore.mix.quartz,168,113,-556,/tp 168 113 -556,593,147,190,-573,-538,43,35,-1,yes
tetrahedrite,ore.mix.tetrahedrite,-70,99,604,/tp -70 99 604,593,-84,-56,580,628,28,48,-1,yes
sulfur,ore.mix.sulfur,-117,10,-559,/tp -117 10 -559,593,-142,-91,-577,-540,51,37,-1,yes
tetrahedrite,ore.mix.tetrahedrite,-547,101,-160,/tp -547 101 -160,593,-564,-530,-179,-141,34,38,-1,yes
manganese,ore.mix.manganese,-260,20,-508,/tp -260 20 -508,595,-277,-242,-524,-492,35,32,-1,yes
redstone,ore.mix.redstone,562,8,261,/tp 562 8 261,595,544,581,245,278,37,33,-1,yes
manganese,ore.mix.manganese,-499,24,313,/tp -499 24 313,596,-514,-483,296,331,31,35,-1,yes
tetrahedrite,ore.mix.tetrahedrite,122,86,605,/tp 122 86 605,596,103,142,584,626,39,42,-1,yes
sulfur,ore.mix.sulfur,598,5,174,/tp 598 5 174,600,573,624,158,191,51,33,-1,yes
beryllium,ore.mix.beryllium,309,23,-508,/tp 309 23 -508,601,298,321,-525,-490,23,35,-1,yes
iron,ore.mix.iron,-551,31,210,/tp -551 31 210,601,-580,-521,188,233,59,45,-1,yes
sulfur,ore.mix.sulfur,-408,7,-408,/tp -408 7 -408,603,-421,-394,-426,-390,27,36,-1,yes
iron,ore.mix.iron,-262,18,551,/tp -262 18 551,603,-278,-245,528,575,33,47,-1,yes
beryllium,ore.mix.beryllium,551,5,305,/tp 551 5 305,604,540,562,289,322,22,33,-1,yes
copper,ore.mix.copper,-121,14,606,/tp -121 14 606,604,-140,-102,592,621,38,29,-1,yes
redstone,ore.mix.redstone,-360,28,-454,/tp -360 28 -454,605,-385,-335,-481,-426,50,55,-1,yes
iron,ore.mix.iron,597,17,-160,/tp 597 17 -160,605,587,608,-176,-143,21,33,-1,yes
redstone,ore.mix.redstone,304,5,552,/tp 304 5 552,605,282,327,523,581,45,58,-1,yes
iron,ore.mix.iron,557,21,-263,/tp 557 21 -263,607,532,583,-280,-245,51,35,-1,yes
redstone,ore.mix.redstone,594,28,216,/tp 594 28 216,608,569,619,206,226,50,20,-1,yes
iron,ore.mix.iron,-157,32,600,/tp -157 32 600,608,-177,-137,570,630,40,60,-1,yes
copper,ore.mix.copper,176,21,605,/tp 176 21 605,608,160,192,592,619,32,27,-1,yes
sulfur,ore.mix.sulfur,-401,9,459,/tp -401 9 459,609,-421,-380,446,472,41,26,-1,yes
copper,ore.mix.copper,26,34,-591,/tp 26 34 -591,609,12,40,-609,-572,28,37,-1,yes
tetrahedrite,ore.mix.tetrahedrite,461,106,-403,/tp 461 106 -403,610,442,480,-416,-389,38,27,-1,yes
redstone,ore.mix.redstone,-546,28,-214,/tp -546 28 -214,611,-569,-523,-227,-200,46,27,-1,yes
saltpeterelectrotine,ore.mix.saltpeterelectrotine,-460,23,-363,/tp -460 23 -363,612,-476,-443,-381,-345,33,36,-1,yes
beryllium,ore.mix.beryllium,408,9,-455,/tp 408 9 -455,612,391,425,-476,-433,34,43,-1,yes
redstone,ore.mix.redstone,225,19,-559,/tp 225 19 -559,613,205,246,-583,-534,41,49,-1,yes
copper,ore.mix.copper,216,26,600,/tp 216 26 600,614,189,243,577,623,54,46,-1,yes
copper,ore.mix.copper,-311,30,-501,/tp -311 30 -501,615,-331,-291,-523,-478,40,45,-1,yes
sulfur,ore.mix.sulfur,-24,10,-595,/tp -24 10 -595,615,-36,-11,-618,-572,25,46,-1,yes
sulfur,ore.mix.sulfur,-595,6,-24,/tp -595 6 -24,615,-618,-572,-53,5,46,58,-1,yes
netherquartz,ore.mix.netherquartz,-360,50,504,/tp -360 50 504,616,-369,-350,482,527,19,45,-1,yes
sulfur,ore.mix.sulfur,-461,14,406,/tp -461 14 406,617,-481,-440,394,419,41,25,-1,yes
iron,ore.mix.iron,501,18,-369,/tp 501 18 -369,618,481,522,-387,-351,41,36,-1,yes
beryllium,ore.mix.beryllium,-501,21,356,/tp -501 21 356,620,-513,-489,343,370,24,27,-1,yes
sulfur,ore.mix.sulfur,68,7,-601,/tp 68 7 -601,621,45,92,-612,-589,47,23,-1,yes
saltpeterelectrotine,ore.mix.saltpeterelectrotine,409,38,501,/tp 409 38 501,621,395,424,483,520,29,37,-1,yes
sulfur,ore.mix.sulfur,-75,11,-596,/tp -75 11 -596,621,-101,-49,-611,-581,52,30,-1,yes
netherquartz,ore.mix.netherquartz,-504,51,-319,/tp -504 51 -319,622,-513,-494,-342,-296,19,46,-1,yes
sulfur,ore.mix.sulfur,-217,12,-557,/tp -217 12 -557,622,-233,-200,-575,-538,33,37,-1,yes
copper,ore.mix.copper,-597,6,-72,/tp -597 6 -72,623,-610,-584,-81,-63,26,18,-1,yes
tetrahedrite,ore.mix.tetrahedrite,550,101,-309,/tp 550 101 -309,624,531,569,-332,-285,38,47,-1,yes
copper,ore.mix.copper,269,41,-554,/tp 269 41 -554,624,253,285,-578,-529,32,49,-1,yes
sulfur,ore.mix.sulfur,-309,9,549,/tp -309 9 549,624,-328,-289,531,567,39,36,-1,yes
copper,ore.mix.copper,507,46,409,/tp 507 46 409,625,487,527,398,421,40,23,-1,yes
copper,ore.mix.copper,-606,23,31,/tp -606 23 31,625,-627,-584,16,47,43,31,-1,yes
copper,ore.mix.copper,-604,53,66,/tp -604 53 66,625,-618,-589,48,85,29,37,-1,yes
redstone,ore.mix.redstone,455,17,467,/tp 455 17 467,626,425,486,447,487,61,40,-1,yes
beryllium,ore.mix.beryllium,-598,6,122,/tp -598 6 122,626,-617,-578,111,133,39,22,-1,yes
copper,ore.mix.copper,125,9,-599,/tp 125 9 -599,626,102,148,-626,-572,46,54,-1,yes
tetrahedrite,ore.mix.tetrahedrite,370,106,-501,/tp 370 106 -501,627,350,390,-517,-485,40,32,-1,yes
tetrahedrite,ore.mix.tetrahedrite,159,110,-594,/tp 159 110 -594,628,143,176,-613,-575,33,38,-1,yes
iron,ore.mix.iron,-561,12,259,/tp -561 12 259,628,-581,-540,243,276,41,33,-1,yes
netherquartz,ore.mix.netherquartz,596,56,266,/tp 596 56 266,628,570,623,248,284,53,36,-1,yes
copper,ore.mix.copper,22,43,647,/tp 22 43 647,629,6,38,631,663,32,32,-1,yes
iron,ore.mix.iron,65,13,645,/tp 65 13 645,629,46,84,628,662,38,34,-1,yes
netherquartz,ore.mix.netherquartz,256,55,601,/tp 256 55 601,629,234,279,578,624,45,46,-1,yes
sulfur,ore.mix.sulfur,123,6,639,/tp 123 6 639,630,101,145,620,658,44,38,-1,yes
iron,ore.mix.iron,-269,10,-543,/tp -269 10 -543,631,-283,-254,-562,-523,29,39,-1,yes
tetrahedrite,ore.mix.tetrahedrite,-215,83,605,/tp -215 83 605,632,-235,-194,588,623,41,35,-1,yes
copper,ore.mix.copper,-454,12,-401,/tp -454 12 -401,632,-480,-427,-423,-379,53,44,-1,yes
iron,ore.mix.iron,549,27,363,/tp 549 27 363,632,527,572,351,375,45,24,-1,yes
quartz,ore.mix.quartz,607,83,-217,/tp 607 83 -217,633,592,622,-237,-196,30,41,-1,yes
netherquartz,ore.mix.netherquartz,-23,45,651,/tp -23 45 651,634,-39,-7,636,666,32,30,-1,yes
copper,ore.mix.copper,651,52,69,/tp 651 52 69,634,627,675,58,81,48,23,-1,yes
manganese,ore.mix.manganese,-120,21,-601,/tp -120 21 -601,634,-142,-98,-613,-588,44,25,-1,yes
netherquartz,ore.mix.netherquartz,654,43,23,/tp 654 43 23,635,636,673,3,43,37,40,-1,yes
manganese,ore.mix.manganese,-552,21,-263,/tp -552 21 -263,636,-564,-539,-279,-246,25,33,-1,yes
netherquartz,ore.mix.netherquartz,-602,73,-123,/tp -602 73 -123,637,-618,-586,-134,-111,32,23,-1,yes
saltpeterelectrotine,ore.mix.saltpeterelectrotine,641,24,-120,/tp 641 24 -120,637,625,657,-129,-111,32,18,-1,yes
tetrahedrite,ore.mix.tetrahedrite,312,105,-549,/tp 312 105 -549,638,297,327,-568,-529,30,39,-1,yes
sulfur,ore.mix.sulfur,655,14,-28,/tp 655 14 -28,638,631,679,-48,-8,48,40,-1,yes
netherquartz,ore.mix.netherquartz,361,41,556,/tp 361 41 556,638,335,388,531,582,53,51,-1,yes
beryllium,ore.mix.beryllium,-68,22,651,/tp -68 22 651,639,-81,-54,636,667,27,31,-1,yes
netherquartz,ore.mix.netherquartz,653,50,-72,/tp 653 50 -72,640,628,679,-94,-49,51,45,-1,yes
netherquartz,ore.mix.netherquartz,597,47,-260,/tp 597 47 -260,641,571,624,-281,-238,53,43,-1,yes
manganese,ore.mix.manganese,-554,21,307,/tp -554 21 307,642,-565,-543,294,321,22,27,-1,yes
tetrahedrite,ore.mix.tetrahedrite,-360,100,-502,/tp -360 100 -502,643,-377,-343,-523,-481,34,42,-1,yes
iron,ore.mix.iron,453,30,-456,/tp 453 30 -456,643,426,480,-475,-437,54,38,-1,yes
quartz,ore.mix.quartz,-404,106,502,/tp -404 106 502,643,-419,-388,484,521,31,37,-1,yes
netherquartz,ore.mix.netherquartz,-608,64,163,/tp -608 64 163,644,-630,-586,142,185,44,43,-1,yes
copper,ore.mix.copper,-594,53,215,/tp -594 53 215,644,-615,-572,197,233,43,36,-1,yes
redstone,ore.mix.redstone,655,14,122,/tp 655 14 122,644,634,676,106,139,42,33,-1,yes
tetrahedrite,ore.mix.tetrahedrite,-449,81,461,/tp -449 81 461,644,-472,-426,442,481,46,39,-1,yes
redstone,ore.mix.redstone,-598,27,-165,/tp -598 27 -165,644,-613,-582,-189,-140,31,49,-1,yes
netherquartz,ore.mix.netherquartz,-166,41,-599,/tp -166 41 -599,644,-188,-144,-619,-578,44,41,-1,yes
iron,ore.mix.iron,-504,18,-360,/tp -504 18 -360,645,-515,-493,-379,-340,22,39,-1,yes
netherquartz,ore.mix.netherquartz,-260,71,599,/tp -260 71 599,645,-277,-242,577,622,35,45,-1,yes
saltpeterelectrotine,ore.mix.saltpeterelectrotine,598,29,311,/tp 598 29 311,649,579,618,302,321,39,19,-1,yes
iron,ore.mix.iron,502,34,-415,/tp 502 34 -415,649,486,518,-438,-392,32,46,-1,yes
saltpeterelectrotine,ore.mix.saltpeterelectrotine,167,8,650,/tp 167 8 650,649,158,176,639,662,18,23,-1,yes
tetrahedrite,ore.mix.tetrahedrite,-417,104,-464,/tp -417 104 -464,650,-434,-399,-481,-447,35,34,-1,yes
copper,ore.mix.copper,641,48,211,/tp 641 48 211,651,627,656,192,231,29,39,-1,yes
quartz,ore.mix.quartz,216,112,-603,/tp 216 112 -603,651,196,236,-621,-585,40,36,-1,yes
netherquartz,ore.mix.netherquartz,-115,67,655,/tp -115 67 655,651,-128,-102,637,673,26,36,-1,yes
netherquartz,ore.mix.netherquartz,654,65,162,/tp 654 65 162,651,638,671,144,180,33,36,-1,yes
copper,ore.mix.copper,447,34,508,/tp 447 34 508,651,428,466,495,522,38,27,-1,yes
copper,ore.mix.copper,555,7,-354,/tp 555 7 -354,652,544,567,-378,-330,23,48,-1,yes
sulfur,ore.mix.sulfur,403,6,-509,/tp 403 6 -509,652,386,420,-533,-485,34,48,-1,yes
redstone,ore.mix.redstone,545,11,405,/tp 545 11 405,653,523,568,393,417,45,24,-1,yes
sulfur,ore.mix.sulfur,-355,8,553,/tp -355 8 553,653,-370,-340,539,568,30,29,-1,yes
tetrahedrite,ore.mix.tetrahedrite,-505,88,411,/tp -505 88 411,655,-534,-475,395,428,59,33,-1,yes
beryllium,ore.mix.beryllium,-165,12,647,/tp -165 12 647,655,-181,-148,629,666,33,37,-1,yes
beryllium,ore.mix.beryllium,-213,15,-596,/tp -213 15 -596,656,-227,-198,-611,-580,29,31,-1,yes
beryllium,ore.mix.beryllium,-546,18,354,/tp -546 18 354,657,-562,-529,339,369,33,30,-1,yes
netherquartz,ore.mix.netherquartz,-312,45,-550,/tp -312 45 -550,657,-330,-294,-576,-523,36,53,-1,yes
iron,ore.mix.iron,-640,21,-20,/tp -640 21 -20,660,-658,-621,-35,-4,37,31,-1,yes
copper,ore.mix.copper,650,30,-174,/tp 650 30 -174,660,621,679,-189,-159,58,30,-1,yes
sulfur,ore.mix.sulfur,218,5,647,/tp 218 5 647,660,193,243,624,671,50,47,-1,yes
copper,ore.mix.copper,312,46,609,/tp 312 46 609,660,300,325,592,627,25,35,-1,yes
redstone,ore.mix.redstone,506,16,465,/tp 506 16 465,661,485,527,448,483,42,35,-1,yes
iron,ore.mix.iron,-313,34,594,/tp -313 34 594,665,-332,-294,572,616,38,44,-1,yes
tetrahedrite,ore.mix.tetrahedrite,411,101,555,/tp 411 101 555,665,394,429,544,566,35,22,-1,yes
iron,ore.mix.iron,-560,10,-309,/tp -560 10 -309,665,-582,-538,-332,-286,44,46,-1,yes
beryllium,ore.mix.beryllium,355,10,-557,/tp 355 10 -557,666,337,374,-573,-540,37,33,-1,yes
sulfur,ore.mix.sulfur,-647,12,24,/tp -647 12 24,666,-675,-619,-5,53,56,58,-1,yes
redstone,ore.mix.redstone,641,18,-221,/tp 641 18 -221,666,623,660,-244,-198,37,46,-1,yes
sulfur,ore.mix.sulfur,-606,14,-218,/tp -606 14 -218,668,-621,-591,-227,-208,30,19,-1,yes
saltpeterelectrotine,ore.mix.saltpeterelectrotine,-647,5,72,/tp -647 5 72,668,-658,-635,50,95,23,45,-1,yes
iron,ore.mix.iron,-646,19,-66,/tp -646 19 -66,670,-672,-619,-89,-42,53,47,-1,yes
tetrahedrite,ore.mix.tetrahedrite,-445,102,501,/tp -445 102 501,670,-464,-425,473,529,39,56,-1,yes
saltpeterelectrotine,ore.mix.saltpeterelectrotine,262,11,-606,/tp 262 11 -606,670,242,282,-619,-592,40,27,-1,yes
netherquartz,ore.mix.netherquartz,20,45,688,/tp 20 45 688,670,5,35,669,707,30,38,-1,yes
iron,ore.mix.iron,597,29,356,/tp 597 29 356,670,579,615,342,370,36,28,-1,yes
manganese,ore.mix.manganese,604,23,-310,/tp 604 23 -310,671,587,622,-323,-297,35,26,-1,yes
quartz,ore.mix.quartz,359,110,597,/tp 359 110 597,671,344,375,579,615,31,36,-1,yes
iron,ore.mix.iron,-608,17,261,/tp -608 17 261,672,-626,-590,234,289,36,55,-1,yes
redstone,ore.mix.redstone,272,20,641,/tp 272 20 641,672,249,295,620,663,46,43,-1,yes
tetrahedrite,ore.mix.tetrahedrite,73,100,-653,/tp 73 100 -653,673,64,82,-665,-640,18,25,-1,yes
tetrahedrite,ore.mix.tetrahedrite,125,101,-647,/tp 125 101 -647,673,102,148,-660,-634,46,26,-1,yes
sulfur,ore.mix.sulfur,-22,14,-655,/tp -22 14 -655,674,-38,-5,-678,-631,33,47,-1,yes
redstone,ore.mix.redstone,693,15,26,/tp 693 15 26,674,681,706,12,40,25,28,-1,yes
sulfur,ore.mix.sulfur,-591,7,304,/tp -591 7 304,674,-612,-570,287,322,42,35,-1,yes
sulfur,ore.mix.sulfur,644,11,272,/tp 644 11 272,675,628,660,253,292,32,39,-1,yes
saltpeterelectrotine,ore.mix.saltpeterelectrotine,-71,17,-651,/tp -71 17 -651,675,-88,-53,-669,-632,35,37,-1,yes
netherquartz,ore.mix.netherquartz,-400,62,-513,/tp -400 62 -513,676,-418,-381,-535,-491,37,44,-1,yes
redstone,ore.mix.redstone,-225,8,648,/tp -225 8 648,676,-244,-205,627,669,39,42,-1,yes
tetrahedrite,ore.mix.tetrahedrite,19,95,-658,/tp 19 95 -658,676,1,37,-676,-639,36,37,-1,yes
iron,ore.mix.iron,-461,15,-459,/tp -461 15 -459,677,-476,-446,-471,-446,30,25,-1,yes
tetrahedrite,ore.mix.tetrahedrite,501,104,-457,/tp 501 104 -457,677,473,529,-485,-428,56,57,-1,yes
tetrahedrite,ore.mix.tetrahedrite,694,109,72,/tp 694 109 72,677,680,709,55,89,29,34,-1,yes
netherquartz,ore.mix.netherquartz,460,55,-496,/tp 460 55 -496,677,444,477,-518,-473,33,45,-1,yes
iron,ore.mix.iron,546,33,-409,/tp 546 33 -409,678,530,563,-429,-388,33,41,-1,yes
tetrahedrite,ore.mix.tetrahedrite,-257,112,-601,/tp -257 112 -601,678,-280,-234,-613,-589,46,24,-1,yes
iron,ore.mix.iron,697,20,-25,/tp 697 20 -25,679,688,706,-34,-16,18,18,-1,yes
redstone,ore.mix.redstone,-31,8,695,/tp -31 8 695,679,-47,-15,681,710,32,29,-1,yes
redstone,ore.mix.redstone,67,12,695,/tp 67 12 695,679,55,80,684,707,25,23,-1,yes
sulfur,ore.mix.sulfur,-120,10,-647,/tp -120 10 -647,679,-131,-109,-661,-632,22,29,-1,yes
sulfur,ore.mix.sulfur,-655,13,111,/tp -655 13 111,680,-677,-632,89,134,45,45,-1,yes
sulfur,ore.mix.sulfur,-499,5,458,/tp -499 5 458,680,-514,-484,445,472,30,27,-1,yes
netherquartz,ore.mix.netherquartz,-602,40,-259,/tp -602 40 -259,680,-611,-592,-282,-235,19,47,-1,yes
sulfur,ore.mix.sulfur,-511,11,-408,/tp -511 11 -408,680,-525,-496,-423,-393,29,30,-1,yes
netherquartz,ore.mix.netherquartz,-353,65,-552,/tp -353 65 -552,681,-369,-336,-577,-526,33,51,-1,yes
beryllium,ore.mix.beryllium,-650,7,-120,/tp -650 7 -120,683,-663,-636,-135,-104,27,31,-1,yes
beryllium,ore.mix.beryllium,-649,19,168,/tp -649 19 168,685,-666,-631,147,189,35,42,-1,yes
netherquartz,ore.mix.netherquartz,309,54,-603,/tp 309 54 -603,685,290,329,-631,-575,39,56,-1,yes
tetrahedrite,ore.mix.tetrahedrite,-407,80,555,/tp -407 80 555,685,-429,-384,528,582,45,54,-1,yes
tetrahedrite,ore.mix.tetrahedrite,697,89,125,/tp 697 89 125,686,688,706,100,150,18,50,-1,yes
sulfur,ore.mix.sulfur,164,12,-652,/tp 164 12 -652,686,150,178,-677,-627,28,50,-1,yes
sulfur,ore.mix.sulfur,-542,8,414,/tp -542 8 414,687,-561,-522,399,430,39,31,-1,yes
netherquartz,ore.mix.netherquartz,701,44,-66,/tp 701 44 -66,687,678,724,-87,-45,46,42,-1,yes
sulfur,ore.mix.sulfur,-266,9,643,/tp -266 9 643,687,-278,-254,619,667,24,48,-1,yes
redstone,ore.mix.redstone,-355,19,596,/tp -355 19 596,688,-379,-331,581,612,48,31,-1,yes
redstone,ore.mix.redstone,126,24,698,/tp 126 24 698,688,109,144,674,722,35,48,-1,yes
iron,ore.mix.iron,503,24,508,/tp 503 24 508,689,478,529,496,520,51,24,-1,yes
sulfur,ore.mix.sulfur,592,5,400,/tp 592 5 400,689,576,609,381,420,33,39,-1,yes
iron,ore.mix.iron,-176,13,-643,/tp -176 13 -643,689,-197,-154,-669,-617,43,52,-1,yes
sulfur,ore.mix.sulfur,694,8,160,/tp 694 8 160,690,669,719,143,177,50,34,-1,yes
redstone,ore.mix.redstone,-559,33,-361,/tp -559 33 -361,691,-574,-544,-372,-350,30,22,-1,yes
iron,ore.mix.iron,455,12,554,/tp 455 12 554,691,442,469,538,570,27,32,-1,yes
tetrahedrite,ore.mix.tetrahedrite,654,84,-257,/tp 654 84 -257,692,638,671,-274,-239,33,35,-1,yes
saltpeterelectrotine,ore.mix.saltpeterelectrotine,-76,22,703,/tp -76 22 703,692,-94,-58,688,718,36,30,-1,yes
sulfur,ore.mix.sulfur,401,7,595,/tp 401 7 595,692,377,426,575,616,49,41,-1,yes
redstone,ore.mix.redstone,210,15,-647,/tp 210 15 -647,692,194,226,-670,-624,32,46,-1,yes
tetrahedrite,ore.mix.tetrahedrite,557,113,455,/tp 557 113 455,693,539,576,430,480,37,50,-1,yes
iron,ore.mix.iron,409,21,-555,/tp 409 21 -555,693,384,434,-571,-538,50,33,-1,yes
iron,ore.mix.iron,599,22,-361,/tp 599 22 -361,693,583,615,-384,-338,32,46,-1,yes
netherquartz,ore.mix.netherquartz,698,73,-126,/tp 698 73 -126,694,682,715,-141,-110,33,31,-1,yes
sulfur,ore.mix.sulfur,-648,14,214,/tp -648 14 214,695,-677,-619,195,234,58,39,-1,yes
copper,ore.mix.copper,-648,47,-176,/tp -648 47 -176,695,-667,-629,-198,-154,38,44,-1,yes
sulfur,ore.mix.sulfur,303,11,652,/tp 303 11 652,695,286,320,639,666,34,27,-1,yes
iron,ore.mix.iron,-127,15,702,/tp -127 15 702,699,-147,-107,686,718,40,32,-1,yes
redstone,ore.mix.redstone,-457,27,-495,/tp -457 27 -495,700,-469,-444,-512,-477,25,35,-1,yes
copper,ore.mix.copper,-211,6,-643,/tp -211 6 -643,700,-228,-194,-663,-622,34,41,-1,yes
tetrahedrite,ore.mix.tetrahedrite,654,91,316,/tp 654 91 316,701,635,673,303,329,38,26,-1,yes
tetrahedrite,ore.mix.tetrahedrite,-598,85,-314,/tp -598 85 -314,701,-627,-569,-335,-293,58,42,-1,yes
redstone,ore.mix.redstone,174,33,703,/tp 174 33 703,702,153,195,688,718,42,30,-1,yes
beryllium,ore.mix.beryllium,700,14,-161,/tp 700 14 -161,704,684,717,-176,-146,33,30,-1,yes
tetrahedrite,ore.mix.tetrahedrite,-644,85,260,/tp -644 85 260,706,-657,-631,236,284,26,48,-1,yes
sulfur,ore.mix.sulfur,-174,10,697,/tp -174 10 697,706,-197,-150,682,713,47,31,-1,yes
iron,ore.mix.iron,-323,34,-602,/tp -323 34 -602,708,-342,-303,-613,-591,39,22,-1,yes
redstone,ore.mix.redstone,264,18,-646,/tp 264 18 -646,708,239,289,-657,-634,50,23,-1,yes
sulfur,ore.mix.sulfur,-648,14,-221,/tp -648 14 -221,709,-674,-621,-236,-206,53,30,-1,yes
iron,ore.mix.iron,-499,18,502,/tp -499 18 502,709,-512,-486,479,526,26,47,-1,yes
redstone,ore.mix.redstone,-447,22,552,/tp -447 22 552,709,-464,-430,532,573,34,41,-1,yes
iron,ore.mix.iron,698,27,225,/tp 698 27 225,710,687,710,203,247,23,44,-1,yes
beryllium,ore.mix.beryllium,-691,20,-27,/tp -691 20 -27,711,-708,-674,-45,-8,34,37,-1,yes
sulfur,ore.mix.sulfur,221,9,700,/tp 221 9 700,711,207,235,675,725,28,50,-1,yes
iron,ore.mix.iron,358,34,-607,/tp 358 34 -607,711,334,382,-624,-590,48,34,-1,yes
netherquartz,ore.mix.netherquartz,653,71,-304,/tp 653 71 -304,711,627,679,-321,-286,52,35,-1,yes
iron,ore.mix.iron,-512,14,-457,/tp -512 14 -457,712,-529,-495,-475,-439,34,36,-1,yes
redstone,ore.mix.redstone,-310,12,649,/tp -310 12 649,712,-320,-300,628,671,20,43,-1,yes
copper,ore.mix.copper,-694,10,19,/tp -694 10 19,713,-717,-670,-3,42,47,45,-1,yes
sulfur,ore.mix.sulfur,-611,14,354,/tp -611 14 354,714,-630,-592,329,379,38,50,-1,yes
beryllium,ore.mix.beryllium,509,22,-502,/tp 509 22 -502,714,492,527,-515,-489,35,26,-1,yes
sulfur,ore.mix.sulfur,-594,7,-351,/tp -594 7 -351,715,-611,-577,-369,-332,34,37,-1,yes
iron,ore.mix.iron,80,30,-694,/tp 80 30 -694,715,62,99,-712,-675,37,37,-1,yes
iron,ore.mix.iron,-401,27,-562,/tp -401 27 -562,716,-419,-383,-580,-544,36,36,-1,yes
saltpeterelectrotine,ore.mix.saltpeterelectrotine,-403,16,597,/tp -403 16 597,716,-420,-386,584,610,34,26,-1,yes
sulfur,ore.mix.sulfur,-264,12,-640,/tp -264 12 -640,716,-276,-251,-658,-622,25,36,-1,yes
sulfur,ore.mix.sulfur,647,14,362,/tp 647 14 362,716,632,663,350,374,31,24,-1,yes
beryllium,ore.mix.beryllium,-23,14,-698,/tp -23 14 -698,717,-33,-12,-708,-687,21,21,-1,yes
iron,ore.mix.iron,28,14,-699,/tp 28 14 -699,717,15,41,-727,-671,26,56,-1,yes
saltpeterelectrotine,ore.mix.saltpeterelectrotine,692,14,265,/tp 692 14 265,717,674,710,251,279,36,28,-1,yes
iron,ore.mix.iron,-550,13,454,/tp -550 13 454,717,-563,-537,426,483,26,57,-1,yes
iron,ore.mix.iron,364,32,647,/tp 364 32 647,717,344,385,622,672,41,50,-1,yes
netherquartz,ore.mix.netherquartz,556,40,-458,/tp 556 40 -458,718,534,579,-475,-440,45,35,-1,yes
beryllium,ore.mix.beryllium,-72,8,-695,/tp -72 8 -695,719,-86,-57,-714,-676,29,38,-1,yes
copper,ore.mix.copper,75,43,735,/tp 75 43 735,719,64,87,714,757,23,43,-1,yes
quartz,ore.mix.quartz,700,85,-213,/tp 700 85 -213,719,682,718,-230,-196,36,34,-1,yes
redstone,ore.mix.redstone,597,15,448,/tp 597 15 448,720,570,624,427,469,54,42,-1,yes
netherquartz,ore.mix.netherquartz,601,52,-406,/tp 601 52 -406,720,580,622,-432,-379,42,53,-1,yes
copper,ore.mix.copper,507,19,547,/tp 507 19 547,720,482,533,528,566,51,38,-1,yes
redstone,ore.mix.redstone,-218,16,699,/tp -218 16 699,721,-235,-200,686,713,35,27,-1,yes
sulfur,ore.mix.sulfur,-700,5,70,/tp -700 5 70,721,-722,-677,56,84,45,28,-1,yes
redstone,ore.mix.redstone,116,9,-697,/tp 116 9 -697,722,95,138,-719,-675,43,44,-1,yes
iron,ore.mix.iron,-563,14,-409,/tp -563 14 -409,722,-583,-543,-437,-380,40,57,-1,yes
iron,ore.mix.iron,-362,14,-597,/tp -362 14 -597,723,-389,-335,-613,-581,54,32,-1,yes
saltpeterelectrotine,ore.mix.saltpeterelectrotine,-648,38,-262,/tp -648 38 -262,723,-658,-637,-279,-244,21,35,-1,yes
copper,ore.mix.copper,268,27,698,/tp 268 27 698,724,247,289,686,710,42,24,-1,yes
redstone,ore.mix.redstone,465,26,-552,/tp 465 26 -552,724,445,485,-568,-535,40,33,-1,yes
quartz,ore.mix.quartz,742,107,-27,/tp 742 107 -27,724,728,756,-45,-8,28,37,-1,yes
redstone,ore.mix.redstone,-699,15,-76,/tp -699 15 -76,724,-716,-681,-102,-50,35,52,-1,yes
iron,ore.mix.iron,-647,18,301,/tp -647 18 301,724,-670,-624,281,322,46,41,-1,yes
iron,ore.mix.iron,553,20,508,/tp 553 20 508,725,539,567,492,524,28,32,-1,yes
iron,ore.mix.iron,-697,19,130,/tp -697 19 130,725,-712,-681,109,151,31,42,-1,yes
netherquartz,ore.mix.netherquartz,689,66,-262,/tp 689 66 -262,726,670,708,-286,-238,38,48,-1,yes
netherquartz,ore.mix.netherquartz,-258,58,689,/tp -258 58 689,726,-280,-236,674,704,44,30,-1,yes
saltpeterelectrotine,ore.mix.saltpeterelectrotine,745,18,28,/tp 745 18 28,726,732,758,11,45,26,34,-1,yes
iron,ore.mix.iron,-692,13,169,/tp -692 13 169,727,-714,-669,156,183,45,27,-1,yes
sulfur,ore.mix.sulfur,166,14,-694,/tp 166 14 -694,727,141,192,-719,-669,51,50,-1,yes
manganese,ore.mix.manganese,17,20,746,/tp 17 20 746,728,2,33,728,764,31,36,-1,yes
tetrahedrite,ore.mix.tetrahedrite,741,87,114,/tp 741 87 114,728,722,760,90,138,38,48,-1,yes
sulfur,ore.mix.sulfur,-497,11,-499,/tp -497 11 -499,730,-514,-479,-522,-476,35,46,-1,yes
iron,ore.mix.iron,-697,20,-123,/tp -697 20 -123,730,-723,-671,-137,-109,52,28,-1,yes
sulfur,ore.mix.sulfur,454,5,604,/tp 454 5 604,730,434,475,585,624,41,39,-1,yes
quartz,ore.mix.quartz,407,98,-600,/tp 407 98 -600,730,387,427,-613,-586,40,27,-1,yes
sulfur,ore.mix.sulfur,306,13,-653,/tp 306 13 -653,730,286,327,-672,-634,41,38,-1,yes
sulfur,ore.mix.sulfur,118,13,742,/tp 118 13 742,731,102,134,731,753,32,22,-1,yes
netherquartz,ore.mix.netherquartz,-17,73,749,/tp -17 73 749,732,-36,2,730,769,38,39,-1,yes
sulfur,ore.mix.sulfur,-605,11,400,/tp -605 11 400,732,-624,-586,377,423,38,46,-1,yes
netherquartz,ore.mix.netherquartz,738,60,-121,/tp 738 60 -121,732,717,759,-144,-98,42,46,-1,yes
sulfur,ore.mix.sulfur,750,9,68,/tp 750 9 68,733,734,767,46,91,33,45,-1,yes
netherquartz,ore.mix.netherquartz,-132,56,-700,/tp -132 56 -700,734,-151,-112,-722,-677,39,45,-1,yes
tetrahedrite,ore.mix.tetrahedrite,747,107,-72,/tp 747 107 -72,734,725,769,-85,-59,44,26,-1,yes
netherquartz,ore.mix.netherquartz,646,59,-365,/tp 646 59 -365,735,634,659,-384,-346,25,38,-1,yes
tetrahedrite,ore.mix.tetrahedrite,740,93,165,/tp 740 93 165,736,719,762,146,185,43,39,-1,yes
redstone,ore.mix.redstone,214,34,-693,/tp 214 34 -693,737,198,231,-712,-674,33,38,-1,yes
redstone,ore.mix.redstone,-695,12,-166,/tp -695 12 -166,737,-709,-680,-182,-149,29,33,-1,yes
redstone,ore.mix.redstone,-693,30,214,/tp -693 30 214,738,-717,-668,188,240,49,52,-1,yes
netherquartz,ore.mix.netherquartz,166,57,741,/tp 166 57 741,738,151,181,730,753,30,23,-1,yes
saltpeterelectrotine,ore.mix.saltpeterelectrotine,-361,10,651,/tp -361 10 651,738,-373,-348,637,666,25,29,-1,yes
tetrahedrite,ore.mix.tetrahedrite,-73,100,751,/tp -73 100 751,739,-95,-51,734,768,44,34,-1,yes
tetrahedrite,ore.mix.tetrahedrite,-455,96,-549,/tp -455 96 -549,739,-469,-441,-566,-532,28,34,-1,yes
manganese,ore.mix.manganese,648,21,406,/tp 648 21 406,739,640,657,391,421,17,30,-1,yes
netherquartz,ore.mix.netherquartz,-120,56,746,/tp -120 56 746,741,-139,-100,717,775,39,58,-1,yes
saltpeterelectrotine,ore.mix.saltpeterelectrotine,698,39,314,/tp 698 39 314,741,688,709,296,332,21,36,-1,yes
sulfur,ore.mix.sulfur,-552,8,-456,/tp -552 8 -456,742,-583,-521,-474,-438,62,36,-1,yes
manganese,ore.mix.manganese,499,22,-548,/tp 499 22 -548,742,483,515,-561,-534,32,27,-1,yes
sulfur,ore.mix.sulfur,-305,9,-649,/tp -305 9 -649,742,-323,-286,-678,-619,37,59,-1,yes
copper,ore.mix.copper,-174,46,-699,/tp -174 46 -699,743,-194,-153,-727,-670,41,57,-1,yes
iron,ore.mix.iron,545,32,-508,/tp 545 32 -508,744,530,561,-535,-480,31,55,-1,yes
iron,ore.mix.iron,-166,21,740,/tp -166 21 740,745,-188,-144,719,761,44,42,-1,yes
sulfur,ore.mix.sulfur,314,13,702,/tp 314 13 702,745,302,326,682,722,24,40,-1,yes
iron,ore.mix.iron,361,29,-644,/tp 361 29 -644,745,343,380,-666,-621,37,45,-1,yes
iron,ore.mix.iron,742,18,-165,/tp 742 18 -165,746,724,761,-186,-144,37,42,-1,yes
tetrahedrite,ore.mix.tetrahedrite,-651,95,-311,/tp -651 95 -311,746,-666,-636,-331,-290,30,41,-1,yes
copper,ore.mix.copper,410,13,653,/tp 410 13 653,746,398,423,628,678,25,50,-1,yes
sulfur,ore.mix.sulfur,221,5,738,/tp 221 5 738,748,208,235,717,760,27,43,-1,yes
sulfur,ore.mix.sulfur,-452,10,600,/tp -452 10 600,749,-478,-426,579,621,52,42,-1,yes
manganese,ore.mix.manganese,-596,23,-409,/tp -596 23 -409,749,-614,-578,-431,-387,36,44,-1,yes
tetrahedrite,ore.mix.tetrahedrite,-651,90,356,/tp -651 90 356,750,-672,-629,341,371,43,30,-1,yes
quartz,ore.mix.quartz,-504,109,556,/tp -504 109 556,750,-527,-481,541,571,46,30,-1,yes
beryllium,ore.mix.beryllium,-695,13,-216,/tp -695 13 -216,751,-709,-681,-232,-199,28,33,-1,yes
saltpeterelectrotine,ore.mix.saltpeterelectrotine,696,24,-308,/tp 696 24 -308,751,683,709,-321,-295,26,26,-1,yes
sulfur,ore.mix.sulfur,-412,13,-598,/tp -412 13 -598,752,-434,-389,-617,-578,45,39,-1,yes
redstone,ore.mix.redstone,742,27,225,/tp 742 27 225,752,723,761,206,245,38,39,-1,yes
iron,ore.mix.iron,360,28,689,/tp 360 28 689,753,342,379,669,709,37,40,-1,yes
netherquartz,ore.mix.netherquartz,-217,69,-697,/tp -217 69 -697,753,-235,-199,-706,-688,36,18,-1,yes
saltpeterelectrotine,ore.mix.saltpeterelectrotine,-556,11,505,/tp -556 11 505,754,-574,-537,484,527,37,43,-1,yes
copper,ore.mix.copper,736,16,-220,/tp 736 16 -220,755,718,754,-241,-199,36,42,-1,yes
sulfur,ore.mix.sulfur,504,14,597,/tp 504 14 597,755,489,520,583,612,31,29,-1,yes
tetrahedrite,ore.mix.tetrahedrite,-697,107,260,/tp -697 107 260,756,-724,-670,234,286,54,52,-1,yes
netherquartz,ore.mix.netherquartz,-307,55,701,/tp -307 55 701,757,-329,-284,676,726,45,50,-1,yes
sulfur,ore.mix.sulfur,607,10,-458,/tp 607 10 -458,757,589,625,-481,-434,36,47,-1,yes
manganese,ore.mix.manganese,258,21,-700,/tp 258 21 -700,757,244,272,-717,-682,28,35,-1,yes
saltpeterelectrotine,ore.mix.saltpeterelectrotine,-738,21,-18,/tp -738 21 -18,758,-754,-721,-32,-3,33,29,-1,yes
iron,ore.mix.iron,-600,15,456,/tp -600 15 456,758,-628,-572,444,468,56,24,-1,yes
tetrahedrite,ore.mix.tetrahedrite,449,100,-606,/tp 449 100 -606,758,428,471,-631,-580,43,51,-1,yes
beryllium,ore.mix.beryllium,600,24,506,/tp 600 24 506,759,582,619,488,524,37,36,-1,yes
tetrahedrite,ore.mix.tetrahedrite,647,99,-409,/tp 647 99 -409,759,630,665,-430,-387,35,43,-1,yes
sulfur,ore.mix.sulfur,-23,5,-742,/tp -23 5 -742,761,-49,3,-753,-731,52,22,-1,yes
copper,ore.mix.copper,-743,53,15,/tp -743 53 15,762,-756,-729,-3,34,27,37,-1,yes
sulfur,ore.mix.sulfur,740,6,269,/tp 740 6 269,763,721,759,256,282,38,26,-1,yes
iron,ore.mix.iron,698,12,367,/tp 698 12 367,763,676,721,344,390,45,46,-1,yes
tetrahedrite,ore.mix.tetrahedrite,560,88,558,/tp 560 88 558,764,540,580,544,573,40,29,-1,yes
redstone,ore.mix.redstone,20,19,-748,/tp 20 19 -748,766,6,34,-764,-731,28,33,-1,yes
redstone,ore.mix.redstone,77,30,-746,/tp 77 30 -746,766,60,95,-764,-728,35,36,-1,yes
sulfur,ore.mix.sulfur,460,7,645,/tp 460 7 645,767,440,481,617,673,41,56,-1,yes
tetrahedrite,ore.mix.tetrahedrite,265,84,745,/tp 265 84 745,767,255,275,721,770,20,49,-1,yes
saltpeterelectrotine,ore.mix.saltpeterelectrotine,-412,23,653,/tp -412 23 653,767,-424,-399,637,670,25,33,-1,yes
quartz,ore.mix.quartz,-216,110,749,/tp -216 110 749,768,-231,-200,733,766,31,33,-1,yes
copper,ore.mix.copper,688,39,-360,/tp 688 39 -360,768,670,706,-370,-349,36,21,-1,yes
redstone,ore.mix.redstone,-356,7,-652,/tp -356 7 -652,768,-376,-336,-674,-630,40,44,-1,yes
tetrahedrite,ore.mix.tetrahedrite,787,114,64,/tp 787 114 64,769,767,807,44,84,40,40,-1,yes
sulfur,ore.mix.sulfur,-744,13,-79,/tp -744 13 -79,769,-754,-733,-100,-57,21,43,-1,yes
iron,ore.mix.iron,652,31,456,/tp 652 31 456,770,626,678,436,476,52,40,-1,yes
tetrahedrite,ore.mix.tetrahedrite,-68,88,-747,/tp -68 88 -747,770,-91,-44,-765,-729,47,36,-1,yes
redstone,ore.mix.redstone,788,18,-25,/tp 788 18 -25,770,766,811,-36,-14,45,22,-1,yes
sulfur,ore.mix.sulfur,-261,6,736,/tp -261 6 736,771,-276,-245,717,755,31,38,-1,yes
tetrahedrite,ore.mix.tetrahedrite,-745,102,121,/tp -745 102 121,771,-771,-719,101,141,52,40,-1,yes
copper,ore.mix.copper,-595,10,-448,/tp -595 10 -448,771,-618,-571,-468,-427,47,41,-1,yes
sulfur,ore.mix.sulfur,31,13,789,/tp 31 13 789,771,16,46,769,810,30,41,-1,yes
quartz,ore.mix.quartz,-700,111,-259,/tp -700 111 -259,771,-714,-685,-275,-242,29,33,-1,yes
netherquartz,ore.mix.netherquartz,-751,40,74,/tp -751 40 74,772,-765,-736,52,97,29,45,-1,yes
beryllium,ore.mix.beryllium,-695,10,312,/tp -695 10 312,772,-715,-675,302,323,40,21,-1,yes
tetrahedrite,ore.mix.tetrahedrite,735,87,308,/tp 735 87 308,772,714,757,288,329,43,41,-1,yes
sulfur,ore.mix.sulfur,787,14,-72,/tp 787 14 -72,773,763,812,-94,-49,49,45,-1,yes
redstone,ore.mix.redstone,-651,16,404,/tp -651 16 404,773,-672,-629,380,429,43,49,-1,yes
sulfur,ore.mix.sulfur,-452,9,-596,/tp -452 9 -596,774,-470,-434,-616,-576,36,40,-1,yes
saltpeterelectrotine,ore.mix.saltpeterelectrotine,69,14,790,/tp 69 14 790,774,50,89,773,808,39,35,-1,yes
tetrahedrite,ore.mix.tetrahedrite,120,97,-750,/tp 120 97 -750,775,92,148,-766,-734,56,32,-1,yes
sulfur,ore.mix.sulfur,163,6,-743,/tp 163 6 -743,775,143,183,-771,-714,40,57,-1,yes
iron,ore.mix.iron,-654,11,-367,/tp -654 11 -367,775,-673,-635,-390,-344,38,46,-1,yes
copper,ore.mix.copper,-744,20,-115,/tp -744 20 -115,775,-763,-725,-140,-90,38,50,-1,yes
copper,ore.mix.copper,405,50,-655,/tp 405 50 -655,776,385,426,-674,-635,41,39,-1,yes
quartz,ore.mix.quartz,-744,89,166,/tp -744 89 166,777,-762,-725,149,183,37,34,-1,yes
sulfur,ore.mix.sulfur,-562,7,-499,/tp -562 7 -499,778,-582,-542,-524,-474,40,50,-1,yes
sulfur,ore.mix.sulfur,-125,6,-747,/tp -125 6 -747,778,-150,-100,-774,-719,50,55,-1,yes
saltpeterelectrotine,ore.mix.saltpeterelectrotine,310,5,739,/tp 310 5 739,778,301,320,725,754,19,29,-1,yes
iron,ore.mix.iron,797,21,16,/tp 797 21 16,778,782,813,-6,39,31,45,-1,yes
tetrahedrite,ore.mix.tetrahedrite,121,95,789,/tp 121 95 789,778,98,144,776,803,46,27,-1,yes
netherquartz,ore.mix.netherquartz,603,46,-497,/tp 603 46 -497,779,587,619,-513,-480,32,33,-1,yes
copper,ore.mix.copper,744,50,-270,/tp 744 50 -270,780,730,758,-291,-248,28,43,-1,yes
copper,ore.mix.copper,-271,53,-706,/tp -271 53 -706,780,-289,-252,-727,-684,37,43,-1,yes
tetrahedrite,ore.mix.tetrahedrite,-122,97,785,/tp -122 97 785,780,-151,-92,763,808,59,45,-1,yes
redstone,ore.mix.redstone,-511,14,-556,/tp -511 14 -556,781,-530,-492,-571,-541,38,30,-1,yes
iron,ore.mix.iron,787,16,159,/tp 787 16 159,781,765,809,138,181,44,43,-1,yes
iron,ore.mix.iron,-22,20,798,/tp -22 20 798,781,-36,-7,782,815,29,33,-1,yes
sulfur,ore.mix.sulfur,-406,11,-637,/tp -406 11 -637,781,-431,-381,-656,-617,50,39,-1,yes
sulfur,ore.mix.sulfur,408,6,696,/tp 408 6 696,782,388,429,678,714,41,36,-1,yes
redstone,ore.mix.redstone,794,7,126,/tp 794 7 126,782,780,809,104,148,29,44,-1,yes
redstone,ore.mix.redstone,789,23,-120,/tp 789 23 -120,782,771,808,-141,-99,37,42,-1,yes
iron,ore.mix.iron,647,14,-450,/tp 647 14 -450,783,628,667,-470,-430,39,40,-1,yes
sulfur,ore.mix.sulfur,316,12,-706,/tp 316 12 -706,783,292,341,-727,-685,49,42,-1,yes
copper,ore.mix.copper,-175,22,-742,/tp -175 22 -742,784,-196,-154,-767,-717,42,50,-1,yes
netherquartz,ore.mix.netherquartz,-507,55,599,/tp -507 55 599,784,-520,-493,571,627,27,56,-1,yes
copper,ore.mix.copper,-358,5,705,/tp -358 5 705,784,-379,-336,688,723,43,35,-1,yes
netherquartz,ore.mix.netherquartz,555,52,-554,/tp 555 52 -554,784,537,574,-582,-525,37,57,-1,yes
tetrahedrite,ore.mix.tetrahedrite,-550,101,558,/tp -550 101 558,784,-569,-531,535,581,38,46,-1,yes
iron,ore.mix.iron,-313,32,-693,/tp -313 32 -693,785,-342,-284,-707,-679,58,28,-1,yes
copper,ore.mix.copper,-66,16,798,/tp -66 16 798,785,-84,-48,778,819,36,41,-1,yes
redstone,ore.mix.redstone,357,16,-691,/tp 357 16 -691,785,344,371,-706,-675,27,31,-1,yes
saltpeterelectrotine,ore.mix.saltpeterelectrotine,502,15,-602,/tp 502 15 -602,786,493,512,-614,-589,19,25,-1,yes
netherquartz,ore.mix.netherquartz,-448,46,652,/tp -448 46 652,787,-470,-425,635,669,45,34,-1,yes
redstone,ore.mix.redstone,598,13,553,/tp 598 13 553,788,571,626,525,581,55,56,-1,yes
tetrahedrite,ore.mix.tetrahedrite,700,114,417,/tp 700 114 417,789,677,724,396,439,47,43,-1,yes
beryllium,ore.mix.beryllium,-599,22,509,/tp -599 22 509,789,-620,-577,495,523,43,28,-1,yes
copper,ore.mix.copper,-748,18,-172,/tp -748 18 -172,790,-764,-731,-192,-151,33,41,-1,yes
tetrahedrite,ore.mix.tetrahedrite,-699,90,-311,/tp -699 90 -311,790,-714,-684,-322,-299,30,23,-1,yes
sulfur,ore.mix.sulfur,503,9,644,/tp 503 9 644,791,491,516,617,671,25,54,-1,yes
beryllium,ore.mix.beryllium,-649,19,-405,/tp -649 19 -405,791,-661,-637,-416,-393,24,23,-1,yes
iron,ore.mix.iron,-174,14,786,/tp -174 14 786,792,-199,-149,770,802,50,32,-1,yes
manganese,ore.mix.manganese,-642,24,455,/tp -642 24 455,792,-656,-628,442,469,28,27,-1,yes
iron,ore.mix.iron,158,23,798,/tp 158 23 798,792,140,176,784,813,36,29,-1,yes
sulfur,ore.mix.sulfur,-400,6,693,/tp -400 6 693,794,-416,-384,677,710,32,33,-1,yes
tetrahedrite,ore.mix.tetrahedrite,210,103,-753,/tp 210 103 -753,794,194,226,-772,-734,32,38,-1,yes
netherquartz,ore.mix.netherquartz,550,64,608,/tp 550 64 608,794,522,578,590,627,56,37,-1,yes
beryllium,ore.mix.beryllium,-751,21,214,/tp -751 21 214,795,-765,-736,200,228,29,28,-1,yes
sulfur,ore.mix.sulfur,-698,13,364,/tp -698 13 364,796,-711,-685,345,384,26,39,-1,yes
redstone,ore.mix.redstone,648,13,507,/tp 648 13 507,797,619,677,488,526,58,38,-1,yes
iron,ore.mix.iron,-317,24,741,/tp -317 24 741,797,-331,-302,716,766,29,50,-1,yes
copper,ore.mix.copper,791,14,218,/tp 791 14 218,797,770,813,204,232,43,28,-1,yes
sulfur,ore.mix.sulfur,-738,13,268,/tp -738 13 268,797,-762,-714,250,287,48,37,-1,yes
beryllium,ore.mix.beryllium,-217,11,-744,/tp -217 11 -744,798,-228,-206,-756,-731,22,25,-1,yes
tetrahedrite,ore.mix.tetrahedrite,220,83,790,/tp 220 83 790,798,207,234,775,806,27,31,-1,yes
iron,ore.mix.iron,699,17,-403,/tp 699 17 -403,800,675,724,-420,-386,49,34,-1,yes
sulfur,ore.mix.sulfur,799,9,-163,/tp 799 9 -163,801,780,819,-178,-148,39,30,-1,yes
copper,ore.mix.copper,749,11,-311,/tp 749 11 -311,801,729,769,-329,-293,40,36,-1,yes
redstone,ore.mix.redstone,455,29,-655,/tp 455 29 -655,802,429,482,-679,-630,53,49,-1,yes
iron,ore.mix.iron,258,13,-749,/tp 258 13 -749,803,234,282,-774,-723,48,51,-1,yes
iron,ore.mix.iron,741,23,370,/tp 741 23 370,803,722,761,352,388,39,36,-1,yes
iron,ore.mix.iron,-260,24,-736,/tp -260 24 -736,804,-278,-241,-756,-715,37,41,-1,yes
iron,ore.mix.iron,-750,21,-217,/tp -750 21 -217,804,-770,-729,-231,-203,41,28,-1,yes
iron,ore.mix.iron,785,10,-225,/tp 785 10 -225,804,765,806,-246,-204,41,42,-1,yes
copper,ore.mix.copper,692,40,458,/tp 692 40 458,804,669,716,448,469,47,21,-1,yes
iron,ore.mix.iron,-598,18,-497,/tp -598 18 -497,804,-611,-584,-517,-477,27,40,-1,yes
tetrahedrite,ore.mix.tetrahedrite,358,105,748,/tp 358 105 748,805,340,377,726,771,37,45,-1,yes
iron,ore.mix.iron,-355,24,-696,/tp -355 24 -696,806,-379,-330,-720,-672,49,48,-1,yes
saltpeterelectrotine,ore.mix.saltpeterelectrotine,261,24,787,/tp 261 24 787,806,243,279,773,802,36,29,-1,yes
netherquartz,ore.mix.netherquartz,-498,44,-601,/tp -498 44 -601,807,-512,-483,-610,-591,29,19,-1,yes
tetrahedrite,ore.mix.tetrahedrite,549,96,-590,/tp 549 96 -590,807,533,565,-608,-572,32,36,-1,yes
netherquartz,ore.mix.netherquartz,404,60,-692,/tp 404 60 -692,808,391,417,-718,-665,26,53,-1,yes
iron,ore.mix.iron,80,17,-788,/tp 80 17 -788,808,60,101,-808,-768,41,40,-1,yes
iron,ore.mix.iron,461,21,695,/tp 461 21 695,809,446,477,684,706,31,22,-1,yes
netherquartz,ore.mix.netherquartz,-697,63,-359,/tp -697 63 -359,809,-726,-668,-387,-330,58,57,-1,yes
copper,ore.mix.copper,120,48,-785,/tp 120 48 -785,809,90,150,-801,-768,60,33,-1,yes
iron,ore.mix.iron,-553,17,-556,/tp -553 17 -556,810,-580,-525,-577,-535,55,42,-1,yes
netherquartz,ore.mix.netherquartz,-503,52,638,/tp -503 52 638,810,-516,-489,617,660,27,43,-1,yes
tetrahedrite,ore.mix.tetrahedrite,-789,83,78,/tp -789 83 78,810,-812,-765,63,94,47,31,-1,yes
tetrahedrite,ore.mix.tetrahedrite,-792,85,32,/tp -792 85 32,811,-812,-771,11,53,41,42,-1,yes
redstone,ore.mix.redstone,25,30,-793,/tp 25 30 -793,811,8,43,-814,-772,35,42,-1,yes
sulfur,ore.mix.sulfur,309,6,-740,/tp 309 6 -740,812,297,322,-753,-726,25,27,-1,yes
copper,ore.mix.copper,646,15,-498,/tp 646 15 -498,812,628,664,-512,-483,36,29,-1,yes
redstone,ore.mix.redstone,-787,27,128,/tp -787 27 128,813,-808,-765,107,150,43,43,-1,yes
redstone,ore.mix.redstone,794,10,265,/tp 794 10 265,813,779,809,245,285,30,40,-1,yes
saltpeterelectrotine,ore.mix.saltpeterelectrotine,-19,11,-794,/tp -19 11 -794,813,-37,-1,-813,-775,36,38,-1,yes
iron,ore.mix.iron,-550,17,600,/tp -550 17 600,814,-565,-534,578,623,31,45,-1,yes
saltpeterelectrotine,ore.mix.saltpeterelectrotine,-694,18,410,/tp -694 18 410,814,-712,-676,398,422,36,24,-1,yes
manganese,ore.mix.manganese,-123,24,-785,/tp -123 24 -785,815,-139,-106,-800,-770,33,30,-1,yes
redstone,ore.mix.redstone,-746,27,-266,/tp -746 27 -266,816,-763,-729,-293,-239,34,54,-1,yes
iron,ore.mix.iron,-647,32,-453,/tp -647 32 -453,816,-676,-618,-478,-428,58,50,-1,yes
quartz,ore.mix.quartz,-786,81,-122,/tp -786 81 -122,817,-801,-770,-134,-109,31,25,-1,yes
redstone,ore.mix.redstone,834,16,-33,/tp 834 16 -33,817,819,849,-50,-15,30,35,-1,yes
sulfur,ore.mix.sulfur,-798,8,-28,/tp -798 8 -28,818,-813,-782,-55,0,31,55,-1,yes
tetrahedrite,ore.mix.tetrahedrite,741,81,404,/tp 741 81 404,819,725,757,387,422,32,35,-1,yes
redstone,ore.mix.redstone,744,9,-362,/tp 744 9 -362,819,716,772,-376,-348,56,28,-1,yes
quartz,ore.mix.quartz,24,111,837,/tp 24 111 837,819,7,41,817,858,34,41,-1,yes
saltpeterelectrotine,ore.mix.saltpeterelectrotine,838,10,18,/tp 838 10 18,819,823,853,3,33,30,30,-1,yes
netherquartz,ore.mix.netherquartz,-218,59,802,/tp -218 59 802,819,-231,-205,783,821,26,38,-1,yes
tetrahedrite,ore.mix.tetrahedrite,-745,107,313,/tp -745 107 313,819,-769,-720,298,328,49,30,-1,yes
iron,ore.mix.iron,-787,23,165,/tp -787 23 165,819,-807,-766,139,191,41,52,-1,yes
iron,ore.mix.iron,160,33,-790,/tp 160 33 -790,820,142,178,-805,-774,36,31,-1,yes
iron,ore.mix.iron,598,33,598,/tp 598 33 598,820,584,613,576,621,29,45,-1,yes
copper,ore.mix.copper,-457,39,-650,/tp -457 39 -650,820,-484,-429,-666,-633,55,33,-1,yes
sulfur,ore.mix.sulfur,645,13,547,/tp 645 13 547,820,632,658,523,571,26,48,-1,yes
manganese,ore.mix.manganese,838,23,75,/tp 838 23 75,821,820,856,56,94,36,38,-1,yes
saltpeterelectrotine,ore.mix.saltpeterelectrotine,-604,34,552,/tp -604 34 552,821,-620,-587,533,572,33,39,-1,yes
sulfur,ore.mix.sulfur,607,5,-556,/tp 607 5 -556,822,589,625,-571,-541,36,30,-1,yes
sulfur,ore.mix.sulfur,-798,11,-75,/tp -798 11 -75,822,-815,-781,-89,-60,34,29,-1,yes
iron,ore.mix.iron,836,16,-79,/tp 836 16 -79,823,810,862,-98,-59,52,39,-1,yes
beryllium,ore.mix.beryllium,792,6,-264,/tp 792 6 -264,823,780,804,-274,-254,24,20,-1,yes
iron,ore.mix.iron,-72,20,-800,/tp -72 20 -800,823,-82,-61,-815,-784,21,31,-1,yes
netherquartz,ore.mix.netherquartz,406,43,745,/tp 406 43 745,824,387,425,736,755,38,19,-1,yes
netherquartz,ore.mix.netherquartz,-368,50,745,/tp -368 50 745,824,-383,-352,725,765,31,40,-1,yes
copper,ore.mix.copper,-66,13,839,/tp -66 13 839,825,-91,-41,814,864,50,50,-1,yes
sulfur,ore.mix.sulfur,317,8,788,/tp 317 8 788,826,299,336,775,802,37,27,-1,yes
netherquartz,ore.mix.netherquartz,-740,62,-307,/tp -740 62 -307,826,-760,-719,-328,-286,41,42,-1,yes
copper,ore.mix.copper,832,25,168,/tp 832 25 168,827,814,850,155,182,36,27,-1,yes
netherquartz,ore.mix.netherquartz,494,53,695,/tp 494 53 695,827,477,512,671,719,35,48,-1,yes
sulfur,ore.mix.sulfur,65,5,844,/tp 65 5 844,827,48,83,827,861,35,34,-1,yes
copper,ore.mix.copper,114,21,841,/tp 114 21 841,828,95,133,828,854,38,26,-1,yes
iron,ore.mix.iron,-651,18,506,/tp -651 18 506,829,-678,-623,491,522,55,31,-1,yes
netherquartz,ore.mix.netherquartz,-28,69,846,/tp -28 69 846,829,-41,-14,831,861,27,30,-1,yes
sulfur,ore.mix.sulfur,562,13,646,/tp 562 13 646,830,542,583,617,675,41,58,-1,yes
tetrahedrite,ore.mix.tetrahedrite,699,114,-458,/tp 699 114 -458,830,686,712,-487,-428,26,59,-1,yes
tetrahedrite,ore.mix.tetrahedrite,-302,94,-747,/tp -302 94 -747,830,-322,-282,-761,-733,40,28,-1,yes
iron,ore.mix.iron,781,15,-312,/tp 781 15 -312,830,761,801,-320,-304,40,16,-1,yes
sulfur,ore.mix.sulfur,507,12,-655,/tp 507 12 -655,831,479,535,-673,-636,56,37,-1,yes
saltpeterelectrotine,ore.mix.saltpeterelectrotine,843,16,125,/tp 843 16 125,831,825,861,109,142,36,33,-1,yes
manganese,ore.mix.manganese,-407,24,-696,/tp -407 24 -696,831,-419,-395,-709,-683,24,26,-1,yes
copper,ore.mix.copper,452,23,-691,/tp 452 23 -691,831,440,464,-705,-677,24,28,-1,yes
netherquartz,ore.mix.netherquartz,-698,73,-404,/tp -698 73 -404,832,-720,-675,-422,-385,45,37,-1,yes
copper,ore.mix.copper,-741,21,356,/tp -741 21 356,832,-765,-717,342,371,48,29,-1,yes
manganese,ore.mix.manganese,698,23,500,/tp 698 23 500,833,678,719,486,515,41,29,-1,yes
saltpeterelectrotine,ore.mix.saltpeterelectrotine,-175,20,-792,/tp -175 20 -792,833,-191,-158,-809,-774,33,35,-1,yes
netherquartz,ore.mix.netherquartz,173,40,838,/tp 173 40 838,834,156,190,825,851,34,26,-1,yes
redstone,ore.mix.redstone,737,31,-409,/tp 737 31 -409,835,722,752,-425,-393,30,32,-1,yes
sulfur,ore.mix.sulfur,841,13,-126,/tp 841 13 -126,835,818,864,-149,-102,46,47,-1,yes
sulfur,ore.mix.sulfur,-267,14,803,/tp -267 14 803,835,-295,-239,784,823,56,39,-1,yes
iron,ore.mix.iron,801,15,313,/tp 801 15 313,836,781,822,289,338,41,49,-1,yes
netherquartz,ore.mix.netherquartz,-698,69,447,/tp -698 69 447,836,-714,-682,431,464,32,33,-1,yes
beryllium,ore.mix.beryllium,-796,10,-173,/tp -796 10 -173,837,-811,-780,-188,-157,31,31,-1,yes
redstone,ore.mix.redstone,359,28,-748,/tp 359 28 -748,838,340,379,-763,-732,39,31,-1,yes
sulfur,ore.mix.sulfur,-122,5,844,/tp -122 5 844,838,-147,-96,821,868,51,47,-1,yes
redstone,ore.mix.redstone,-405,14,741,/tp -405 14 741,838,-421,-388,722,761,33,39,-1,yes
tetrahedrite,ore.mix.tetrahedrite,-314,92,787,/tp -314 92 787,838,-327,-300,766,809,27,43,-1,yes
redstone,ore.mix.redstone,787,8,357,/tp 787 8 357,839,766,808,338,377,42,39,-1,yes
sulfur,ore.mix.sulfur,-465,11,705,/tp -465 11 705,840,-483,-447,688,722,36,34,-1,yes
iron,ore.mix.iron,217,14,-798,/tp 217 14 -798,840,205,230,-819,-776,25,43,-1,yes
tetrahedrite,ore.mix.tetrahedrite,840,109,-169,/tp 840 109 -169,842,831,850,-189,-149,19,40,-1,yes
quartz,ore.mix.quartz,-165,106,840,/tp -165 106 840,842,-176,-154,819,861,22,42,-1,yes
copper,ore.mix.copper,-546,19,645,/tp -546 19 645,844,-566,-525,617,674,41,57,-1,yes
copper,ore.mix.copper,-802,29,214,/tp -802 29 214,844,-821,-782,186,242,39,56,-1,yes
copper,ore.mix.copper,-353,45,-740,/tp -353 45 -740,844,-369,-336,-752,-727,33,25,-1,yes
sulfur,ore.mix.sulfur,-215,6,-793,/tp -215 6 -793,844,-238,-192,-806,-779,46,27,-1,yes
beryllium,ore.mix.beryllium,-642,11,-506,/tp -642 11 -506,844,-658,-626,-518,-493,32,25,-1,yes
sulfur,ore.mix.sulfur,-552,11,-605,/tp -552 11 -605,845,-582,-521,-627,-583,61,44,-1,yes
redstone,ore.mix.redstone,839,17,220,/tp 839 17 220,845,826,853,193,247,27,54,-1,yes
saltpeterelectrotine,ore.mix.saltpeterelectrotine,-502,11,-647,/tp -502 11 -647,845,-520,-483,-666,-627,37,39,-1,yes
netherquartz,ore.mix.netherquartz,-599,67,596,/tp -599 67 596,846,-625,-572,584,608,53,24,-1,yes
sulfur,ore.mix.sulfur,458,7,742,/tp 458 7 742,847,443,473,719,765,30,46,-1,yes
copper,ore.mix.copper,-611,11,-549,/tp -611 11 -549,848,-631,-590,-569,-528,41,41,-1,yes
netherquartz,ore.mix.netherquartz,-793,51,261,/tp -793 51 261,848,-811,-774,236,286,37,50,-1,yes
netherquartz,ore.mix.netherquartz,-795,41,-218,/tp -795 41 -218,848,-823,-766,-229,-207,57,22,-1,yes
sulfur,ore.mix.sulfur,647,11,-552,/tp 647 11 -552,848,634,660,-566,-538,26,28,-1,yes
copper,ore.mix.copper,-735,33,405,/tp -735 33 405,848,-755,-714,392,418,41,26,-1,yes
redstone,ore.mix.redstone,-782,6,301,/tp -782 6 301,850,-802,-762,283,320,40,37,-1,yes
redstone,ore.mix.redstone,214,20,845,/tp 214 20 845,850,202,226,819,871,24,52,-1,yes
saltpeterelectrotine,ore.mix.saltpeterelectrotine,-743,8,-360,/tp -743 8 -360,851,-753,-732,-375,-344,21,31,-1,yes
beryllium,ore.mix.beryllium,261,9,-798,/tp 261 9 -798,851,250,272,-815,-781,22,34,-1,yes
beryllium,ore.mix.beryllium,839,9,-214,/tp 839 9 -214,852,825,854,-233,-195,29,38,-1,yes
redstone,ore.mix.redstone,30,19,-834,/tp 30 19 -834,852,8,52,-851,-817,44,34,-1,yes
sulfur,ore.mix.sulfur,-832,5,-24,/tp -832 5 -24,852,-855,-809,-50,2,46,52,-1,yes
copper,ore.mix.copper,354,39,801,/tp 354 39 801,852,338,370,781,822,32,41,-1,yes
tetrahedrite,ore.mix.tetrahedrite,750,102,456,/tp 750 102 456,852,728,773,439,474,45,35,-1,yes
netherquartz,ore.mix.netherquartz,-509,45,688,/tp -509 45 688,853,-526,-491,665,712,35,47,-1,yes
sulfur,ore.mix.sulfur,549,13,-651,/tp 549 13 -651,853,539,560,-677,-624,21,53,-1,yes
sulfur,ore.mix.sulfur,-652,14,545,/tp -652 14 545,853,-676,-628,522,568,48,46,-1,yes
quartz,ore.mix.quartz,410,82,-742,/tp 410 82 -742,855,400,421,-761,-722,21,39,-1,yes
quartz,ore.mix.quartz,603,105,-606,/tp 603 105 -606,855,589,618,-623,-589,29,34,-1,yes
sulfur,ore.mix.sulfur,647,12,599,/tp 647 12 599,856,635,660,587,612,25,25,-1,yes
tetrahedrite,ore.mix.tetrahedrite,-788,94,-266,/tp -788 94 -266,856,-808,-767,-276,-256,41,20,-1,yes
iron,ore.mix.iron,-265,18,-789,/tp -265 18 -789,856,-276,-254,-806,-772,22,34,-1,yes
sulfur,ore.mix.sulfur,-838,10,31,/tp -838 10 31,857,-861,-814,12,51,47,39,-1,yes
quartz,ore.mix.quartz,598,93,651,/tp 598 93 651,858,587,610,638,665,23,27,-1,yes
tetrahedrite,ore.mix.tetrahedrite,-695,114,-458,/tp -695 114 -458,858,-708,-682,-475,-440,26,35,-1,yes
copper,ore.mix.copper,785,16,-369,/tp 785 16 -369,858,765,805,-389,-349,40,40,-1,yes
saltpeterelectrotine,ore.mix.saltpeterelectrotine,699,14,-506,/tp 699 14 -506,858,683,715,-527,-485,32,42,-1,yes
sulfur,ore.mix.sulfur,878,10,26,/tp 878 10 26,859,858,898,4,48,40,44,-1,yes
tetrahedrite,ore.mix.tetrahedrite,844,88,256,/tp 844 88 256,859,823,865,241,272,42,31,-1,yes
iron,ore.mix.iron,-458,25,-696,/tp -458 25 -696,859,-468,-447,-714,-678,21,36,-1,yes
iron,ore.mix.iron,-24,15,-841,/tp -24 15 -841,860,-32,-16,-865,-816,16,49,-1,yes
molybdenum,ore.mix.molybdenum,70,37,-841,/tp 70 37 -841,861,51,90,-851,-831,39,20,-1,yes
redstone,ore.mix.redstone,-363,15,790,/tp -363 15 790,861,-389,-337,769,812,52,43,-1,yes
tetrahedrite,ore.mix.tetrahedrite,562,85,687,/tp 562 85 687,862,542,582,665,709,40,44,-1,yes
iron,ore.mix.iron,832,17,-269,/tp 832 17 -269,862,815,850,-294,-243,35,51,-1,yes
tetrahedrite,ore.mix.tetrahedrite,265,111,844,/tp 265 111 844,862,256,274,828,861,18,33,-1,yes
copper,ore.mix.copper,-839,40,121,/tp -839 40 121,864,-848,-830,96,146,18,50,-1,yes
iron,ore.mix.iron,-453,10,742,/tp -453 10 742,864,-477,-429,722,762,48,40,-1,yes
redstone,ore.mix.redstone,415,8,786,/tp 415 8 786,864,400,430,767,806,30,39,-1,yes
quartz,ore.mix.quartz,-77,103,-842,/tp -77 103 -842,865,-93,-61,-861,-822,32,39,-1,yes
tetrahedrite,ore.mix.tetrahedrite,-218,113,850,/tp -218 113 850,865,-230,-206,832,868,24,36,-1,yes
iron,ore.mix.iron,-844,14,76,/tp -844 14 76,865,-867,-821,49,103,46,54,-1,yes
iron,ore.mix.iron,319,11,-793,/tp 319 11 -793,865,304,335,-823,-763,31,60,-1,yes
redstone,ore.mix.redstone,-698,27,504,/tp -698 27 504,866,-714,-681,492,516,33,24,-1,yes
iron,ore.mix.iron,697,22,556,/tp 697 22 556,866,668,727,529,583,59,54,-1,yes
beryllium,ore.mix.beryllium,-262,5,838,/tp -262 5 838,867,-282,-242,821,855,40,34,-1,yes
manganese,ore.mix.manganese,70,24,884,/tp 70 24 884,868,52,89,867,902,37,35,-1,yes
quartz,ore.mix.quartz,121,113,-844,/tp 121 113 -844,868,101,142,-860,-827,41,33,-1,yes
sulfur,ore.mix.sulfur,-839,7,-115,/tp -839 7 -115,868,-857,-820,-139,-91,37,48,-1,yes
iron,ore.mix.iron,508,16,-699,/tp 508 16 -699,868,495,521,-715,-683,26,32,-1,yes
redstone,ore.mix.redstone,750,7,-451,/tp 750 7 -451,869,731,769,-468,-434,38,34,-1,yes
manganese,ore.mix.manganese,797,23,405,/tp 797 23 405,869,780,814,391,420,34,29,-1,yes
beryllium,ore.mix.beryllium,886,8,73,/tp 886 8 73,869,875,897,56,90,22,34,-1,yes
redstone,ore.mix.redstone,887,6,-31,/tp 887 6 -31,869,857,918,-51,-10,61,41,-1,yes
copper,ore.mix.copper,311,13,838,/tp 311 13 838,870,288,334,824,852,46,28,-1,yes
saltpeterelectrotine,ore.mix.saltpeterelectrotine,21,5,888,/tp 21 5 888,870,2,41,868,909,39,41,-1,yes
tetrahedrite,ore.mix.tetrahedrite,886,94,-78,/tp 886 94 -78,872,869,903,-94,-61,34,33,-1,yes
saltpeterelectrotine,ore.mix.saltpeterelectrotine,451,10,-739,/tp 451 10 -739,872,436,466,-755,-723,30,32,-1,yes
manganese,ore.mix.manganese,-117,22,-843,/tp -117 22 -843,872,-137,-97,-858,-827,40,31,-1,yes
saltpeterelectrotine,ore.mix.saltpeterelectrotine,-548,17,-645,/tp -548 17 -645,872,-564,-532,-663,-627,32,36,-1,yes
sulfur,ore.mix.sulfur,357,10,-787,/tp 357 10 -787,873,345,369,-803,-771,24,32,-1,yes
quartz,ore.mix.quartz,840,81,314,/tp 840 81 314,873,832,848,293,335,16,42,-1,yes
sulfur,ore.mix.sulfur,-642,8,-554,/tp -642 8 -554,874,-666,-618,-571,-537,48,34,-1,yes
iron,ore.mix.iron,-30,16,891,/tp -30 16 891,874,-49,-10,870,913,39,43,-1,yes
iron,ore.mix.iron,508,16,743,/tp 508 16 743,874,495,521,720,767,26,47,-1,yes
netherquartz,ore.mix.netherquartz,209,51,-835,/tp 209 51 -835,874,194,224,-854,-816,30,38,-1,yes
sulfur,ore.mix.sulfur,-850,14,-75,/tp -850 14 -75,874,-870,-830,-87,-63,40,24,-1,yes
iron,ore.mix.iron,-401,26,-750,/tp -401 26 -750,875,-420,-382,-765,-734,38,31,-1,yes
manganese,ore.mix.manganese,117,24,889,/tp 117 24 889,876,101,134,871,908,33,37,-1,yes
netherquartz,ore.mix.netherquartz,-835,71,216,/tp -835 71 216,877,-850,-819,204,229,31,25,-1,yes
tetrahedrite,ore.mix.tetrahedrite,-747,103,-409,/tp -747 103 -409,877,-757,-736,-427,-390,21,37,-1,yes
quartz,ore.mix.quartz,891,95,116,/tp 891 95 116,877,878,905,104,128,27,24,-1,yes
tetrahedrite,ore.mix.tetrahedrite,886,85,-116,/tp 886 85 -116,877,858,914,-133,-98,56,35,-1,yes
redstone,ore.mix.redstone,750,23,504,/tp 750 23 504,878,727,774,482,526,47,44,-1,yes
saltpeterelectrotine,ore.mix.saltpeterelectrotine,-742,38,456,/tp -742 38 456,878,-753,-730,436,477,23,41,-1,yes
redstone,ore.mix.redstone,786,29,-412,/tp 786 29 -412,879,761,812,-432,-392,51,40,-1,yes
tetrahedrite,ore.mix.tetrahedrite,357,95,829,/tp 357 95 829,879,330,385,809,849,55,40,-1,yes
copper,ore.mix.copper,-840,22,-169,/tp -840 22 -169,879,-853,-826,-188,-150,27,38,-1,yes
netherquartz,ore.mix.netherquartz,-847,48,166,/tp -847 48 166,879,-866,-828,149,183,38,34,-1,yes
sulfur,ore.mix.sulfur,-604,13,-603,/tp -604 13 -603,880,-624,-583,-624,-581,41,43,-1,yes
iron,ore.mix.iron,-317,27,832,/tp -317 27 832,881,-341,-293,815,850,48,35,-1,yes
copper,ore.mix.copper,-318,17,-796,/tp -318 17 -796,881,-342,-293,-823,-768,49,55,-1,yes
redstone,ore.mix.redstone,-800,26,-308,/tp -800 26 -308,881,-817,-783,-322,-294,34,28,-1,yes
saltpeterelectrotine,ore.mix.saltpeterelectrotine,-173,23,-843,/tp -173 23 -843,882,-188,-158,-860,-826,30,34,-1,yes
sulfur,ore.mix.sulfur,170,11,-851,/tp 170 11 -851,882,150,191,-870,-832,41,38,-1,yes
netherquartz,ore.mix.netherquartz,691,53,-554,/tp 691 53 -554,882,674,708,-567,-541,34,26,-1,yes
iron,ore.mix.iron,-697,29,-497,/tp -697 29 -497,882,-714,-680,-521,-473,34,48,-1,yes
tetrahedrite,ore.mix.tetrahedrite,889,113,168,/tp 889 113 168,883,877,901,159,178,24,19,-1,yes
manganese,ore.mix.manganese,-552,20,691,/tp -552 20 691,883,-571,-532,679,704,39,25,-1,yes
iron,ore.mix.iron,601,12,-646,/tp 601 12 -646,883,589,614,-674,-618,25,56,-1,yes
molybdenum,ore.mix.molybdenum,-600,40,648,/tp -600 40 648,883,-617,-582,631,665,35,34,-1,yes
iron,ore.mix.iron,454,19,788,/tp 454 19 788,884,430,479,771,806,49,35,-1,yes
iron,ore.mix.iron,-77,11,897,/tp -77 11 897,884,-96,-57,876,918,39,42,-1,yes
iron,ore.mix.iron,651,29,-600,/tp 651 29 -600,884,631,672,-615,-585,41,30,-1,yes
iron,ore.mix.iron,842,20,-306,/tp 842 20 -306,884,830,855,-327,-284,25,43,-1,yes
sulfur,ore.mix.sulfur,-402,11,795,/tp -402 11 795,884,-423,-381,779,812,42,33,-1,yes
netherquartz,ore.mix.netherquartz,-122,55,892,/tp -122 55 892,885,-134,-110,876,909,24,33,-1,yes
saltpeterelectrotine,ore.mix.saltpeterelectrotine,-505,7,-695,/tp -505 7 -695,885,-519,-490,-704,-686,29,18,-1,yes
iron,ore.mix.iron,-801,11,352,/tp -801 11 352,885,-822,-780,329,376,42,47,-1,yes
tetrahedrite,ore.mix.tetrahedrite,-174,80,883,/tp -174 80 883,886,-194,-153,864,903,41,39,-1,yes
redstone,ore.mix.redstone,549,17,-692,/tp 549 17 -692,886,533,565,-706,-678,32,28,-1,yes
saltpeterelectrotine,ore.mix.saltpeterelectrotine,166,11,893,/tp 166 11 893,887,152,181,875,911,29,36,-1,yes
copper,ore.mix.copper,-650,47,602,/tp -650 47 602,888,-664,-635,577,628,29,51,-1,yes
quartz,ore.mix.quartz,886,112,-172,/tp 886 112 -172,888,870,903,-190,-154,33,36,-1,yes
iron,ore.mix.iron,-788,18,-356,/tp -788 18 -356,889,-801,-774,-370,-341,27,29,-1,yes
iron,ore.mix.iron,-211,30,-842,/tp -211 30 -842,890,-231,-190,-866,-818,41,48,-1,yes
iron,ore.mix.iron,265,26,-837,/tp 265 26 -837,890,245,285,-851,-823,40,28,-1,yes
copper,ore.mix.copper,-452,38,-737,/tp -452 38 -737,890,-467,-437,-752,-721,30,31,-1,yes
sulfur,ore.mix.sulfur,-840,14,253,/tp -840 14 253,891,-871,-809,233,273,62,40,-1,yes
copper,ore.mix.copper,-695,31,551,/tp -695 31 551,891,-706,-683,537,566,23,29,-1,yes
iron,ore.mix.iron,796,30,455,/tp 796 30 455,891,781,811,441,470,30,29,-1,yes
netherquartz,ore.mix.netherquartz,889,58,216,/tp 889 58 216,892,872,906,203,230,34,27,-1,yes
iron,ore.mix.iron,642,31,658,/tp 642 31 658,893,628,656,639,677,28,38,-1,yes
tetrahedrite,ore.mix.tetrahedrite,210,109,890,/tp 210 109 890,893,194,226,866,915,32,49,-1,yes
molybdenum,ore.mix.molybdenum,-359,21,-792,/tp -359 21 -792,894,-378,-340,-804,-780,38,24,-1,yes
copper,ore.mix.copper,847,35,359,/tp 847 35 359,895,831,863,338,381,32,43,-1,yes
tetrahedrite,ore.mix.tetrahedrite,739,99,549,/tp 739 99 549,895,722,756,530,569,34,39,-1,yes
sulfur,ore.mix.sulfur,700,10,601,/tp 700 10 601,896,676,724,584,619,48,35,-1,yes
saltpeterelectrotine,ore.mix.saltpeterelectrotine,747,7,-505,/tp 747 7 -505,896,736,759,-525,-485,23,40,-1,yes
beryllium,ore.mix.beryllium,-503,7,746,/tp -503 7 746,896,-522,-484,736,757,38,21,-1,yes
tetrahedrite,ore.mix.tetrahedrite,608,94,694,/tp 608 94 694,897,592,625,668,720,33,52,-1,yes
quartz,ore.mix.quartz,-846,89,-218,/tp -846 89 -218,897,-859,-832,-229,-206,27,23,-1,yes
tetrahedrite,ore.mix.tetrahedrite,889,81,-206,/tp 889 81 -206,898,872,906,-224,-187,34,37,-1,yes
iron,ore.mix.iron,558,23,736,/tp 558 23 736,898,539,578,713,760,39,47,-1,yes
copper,ore.mix.copper,-793,41,402,/tp -793 41 402,898,-820,-766,380,424,54,44,-1,yes
sulfur,ore.mix.sulfur,883,5,267,/tp 883 5 267,899,865,901,253,281,36,28,-1,yes
iron,ore.mix.iron,-30,19,-880,/tp -30 19 -880,899,-52,-7,-896,-864,45,32,-1,yes
beryllium,ore.mix.beryllium,-217,8,887,/tp -217 8 887,900,-238,-196,865,910,42,45,-1,yes
saltpeterelectrotine,ore.mix.saltpeterelectrotine,-357,18,836,/tp -357 18 836,900,-374,-340,821,852,34,31,-1,yes
sulfur,ore.mix.sulfur,411,9,-792,/tp 411 9 -792,900,390,432,-810,-773,42,37,-1,yes
tetrahedrite,ore.mix.tetrahedrite,-879,87,78,/tp -879 87 78,900,-896,-862,53,103,34,50,-1,yes
netherquartz,ore.mix.netherquartz,833,41,401,/tp 833 41 401,900,818,849,387,416,31,29,-1,yes
iron,ore.mix.iron,-451,18,786,/tp -451 18 786,900,-477,-425,763,809,52,46,-1,yes
saltpeterelectrotine,ore.mix.saltpeterelectrotine,-748,6,-455,/tp -748 6 -455,901,-764,-731,-465,-444,33,21,-1,yes
copper,ore.mix.copper,791,7,-449,/tp 791 7 -449,902,764,818,-468,-429,54,39,-1,yes
iron,ore.mix.iron,502,25,-746,/tp 502 25 -746,904,478,527,-764,-727,49,37,-1,yes
saltpeterelectrotine,ore.mix.saltpeterelectrotine,-839,28,-270,/tp -839 28 -270,905,-856,-821,-286,-253,35,33,-1,yes
manganese,ore.mix.manganese,845,21,-353,/tp 845 21 -353,905,827,863,-368,-338,36,30,-1,yes
netherquartz,ore.mix.netherquartz,504,44,783,/tp 504 44 783,906,481,527,763,803,46,40,-1,yes
iron,ore.mix.iron,316,18,-838,/tp 316 18 -838,906,289,343,-856,-819,54,37,-1,yes
redstone,ore.mix.redstone,-839,23,313,/tp -839 23 313,907,-867,-811,296,331,56,35,-1,yes
iron,ore.mix.iron,-748,21,502,/tp -748 21 502,907,-775,-720,488,516,55,28,-1,yes
iron,ore.mix.iron,-644,17,-603,/tp -644 17 -603,908,-669,-619,-628,-577,50,51,-1,yes
sulfur,ore.mix.sulfur,784,5,508,/tp 784 5 508,908,768,800,489,527,32,38,-1,yes
redstone,ore.mix.redstone,22,23,-890,/tp 22 23 -890,908,9,35,-913,-866,26,47,-1,yes
copper,ore.mix.copper,-890,54,24,/tp -890 54 24,909,-903,-876,9,39,27,30,-1,yes
tetrahedrite,ore.mix.tetrahedrite,-601,113,-648,/tp -601 113 -648,910,-623,-578,-659,-637,45,22,-1,yes
netherquartz,ore.mix.netherquartz,400,59,844,/tp 400 59 844,910,378,423,826,862,45,36,-1,yes
tetrahedrite,ore.mix.tetrahedrite,-885,82,122,/tp -885 82 122,910,-904,-866,98,146,38,48,-1,yes
iron,ore.mix.iron,-886,11,-74,/tp -886 11 -74,910,-907,-865,-84,-63,42,21,-1,yes
tetrahedrite,ore.mix.tetrahedrite,928,95,-28,/tp 928 95 -28,910,908,948,-50,-5,40,45,-1,yes
netherquartz,ore.mix.netherquartz,-266,46,-847,/tp -266 46 -847,911,-279,-253,-864,-830,26,34,-1,yes
iron,ore.mix.iron,-891,10,-27,/tp -891 10 -27,911,-902,-879,-50,-3,23,47,-1,yes
saltpeterelectrotine,ore.mix.saltpeterelectrotine,886,21,-265,/tp 886 21 -265,912,870,902,-274,-255,32,19,-1,yes
iron,ore.mix.iron,-400,19,-792,/tp -400 19 -792,912,-418,-381,-804,-779,37,25,-1,yes
tetrahedrite,ore.mix.tetrahedrite,642,93,685,/tp 642 93 685,913,624,660,665,705,36,40,-1,yes
netherquartz,ore.mix.netherquartz,272,68,895,/tp 272 68 895,913,251,294,879,912,43,33,-1,yes
tetrahedrite,ore.mix.tetrahedrite,-553,114,-694,/tp -553 114 -694,913,-583,-523,-717,-670,60,47,-1,yes
beryllium,ore.mix.beryllium,122,20,-889,/tp 122 20 -889,913,103,142,-910,-868,39,42,-1,yes
saltpeterelectrotine,ore.mix.saltpeterelectrotine,-699,17,-546,/tp -699 17 -546,913,-719,-679,-561,-531,40,30,-1,yes
copper,ore.mix.copper,928,29,-75,/tp 928 29 -75,914,909,947,-93,-57,38,36,-1,yes
sulfur,ore.mix.sulfur,-66,5,928,/tp -66 5 928,914,-91,-41,909,948,50,39,-1,yes
copper,ore.mix.copper,72,42,930,/tp 72 42 930,914,42,103,915,945,61,30,-1,yes
saltpeterelectrotine,ore.mix.saltpeterelectrotine,170,9,-883,/tp 170 9 -883,914,155,186,-896,-869,31,27,-1,yes
saltpeterelectrotine,ore.mix.saltpeterelectrotine,931,13,75,/tp 931 13 75,914,916,947,55,95,31,40,-1,yes
iron,ore.mix.iron,-313,17,-835,/tp -313 17 -835,915,-341,-284,-856,-813,57,43,-1,yes
iron,ore.mix.iron,74,27,-896,/tp 74 27 -896,916,59,90,-919,-872,31,47,-1,yes
saltpeterelectrotine,ore.mix.saltpeterelectrotine,-265,6,890,/tp -265 6 890,917,-282,-247,873,907,35,34,-1,yes
beryllium,ore.mix.beryllium,-23,15,934,/tp -23 15 934,917,-44,-2,919,950,42,31,-1,yes
quartz,ore.mix.quartz,930,81,123,/tp 930 81 123,917,916,945,112,134,29,22,-1,yes
redstone,ore.mix.redstone,-886,6,163,/tp -886 6 163,917,-904,-867,149,178,37,29,-1,yes
copper,ore.mix.copper,-600,7,696,/tp -600 7 696,918,-626,-573,676,717,53,41,-1,yes
sulfur,ore.mix.sulfur,31,10,936,/tp 31 10 936,918,10,52,910,962,42,52,-1,yes
copper,ore.mix.copper,125,25,930,/tp 125 25 930,918,104,146,914,947,42,33,-1,yes
iron,ore.mix.iron,937,13,16,/tp 937 13 16,918,913,962,0,32,49,32,-1,yes
tetrahedrite,ore.mix.tetrahedrite,-83,102,-894,/tp -83 102 -894,918,-103,-63,-918,-869,40,49,-1,yes
beryllium,ore.mix.beryllium,-839,16,-311,/tp -839 16 -311,919,-851,-826,-332,-289,25,43,-1,yes
iron,ore.mix.iron,310,30,890,/tp 310 30 890,919,292,329,875,905,37,30,-1,yes
redstone,ore.mix.redstone,692,21,646,/tp 692 21 646,920,680,704,617,675,24,58,-1,yes
copper,ore.mix.copper,652,5,-650,/tp 652 5 -650,920,630,674,-667,-632,44,35,-1,yes
redstone,ore.mix.redstone,-408,20,833,/tp -408 20 833,920,-435,-381,817,850,54,33,-1,yes
tetrahedrite,ore.mix.tetrahedrite,-126,94,-890,/tp -126 94 -890,920,-146,-105,-907,-873,41,34,-1,yes
iron,ore.mix.iron,-656,12,644,/tp -656 12 644,921,-678,-633,618,671,45,53,-1,yes
iron,ore.mix.iron,-836,25,361,/tp -836 25 361,921,-862,-810,346,376,52,30,-1,yes
tetrahedrite,ore.mix.tetrahedrite,892,101,312,/tp 892 101 312,921,874,911,298,326,37,28,-1,yes
iron,ore.mix.iron,698,28,-604,/tp 698 28 -604,921,678,719,-625,-582,41,43,-1,yes
tetrahedrite,ore.mix.tetrahedrite,742,96,590,/tp 742 96 590,922,722,762,571,609,40,38,-1,yes
copper,ore.mix.copper,606,46,-693,/tp 606 46 -693,922,591,621,-715,-671,30,44,-1,yes
molybdenum,ore.mix.molybdenum,-746,32,-497,/tp -746 32 -497,922,-762,-730,-512,-481,32,31,-1,yes
copper,ore.mix.copper,459,46,-793,/tp 459 46 -793,923,442,477,-814,-772,35,42,-1,yes
sulfur,ore.mix.sulfur,-799,9,-409,/tp -799 9 -409,923,-820,-777,-427,-391,43,36,-1,yes
copper,ore.mix.copper,212,36,-885,/tp 212 36 -885,923,193,231,-906,-863,38,43,-1,yes
sulfur,ore.mix.sulfur,-504,12,-742,/tp -504 12 -742,923,-535,-473,-762,-721,62,41,-1,yes
iron,ore.mix.iron,842,11,-403,/tp 842 11 -403,924,824,860,-417,-389,36,28,-1,yes
copper,ore.mix.copper,-170,20,-886,/tp -170 20 -886,924,-186,-154,-908,-863,32,45,-1,yes
netherquartz,ore.mix.netherquartz,365,63,-839,/tp 365 63 -839,924,348,383,-865,-813,35,52,-1,yes
copper,ore.mix.copper,882,48,-312,/tp 882 48 -312,924,868,896,-332,-292,28,40,-1,yes
sulfur,ore.mix.sulfur,835,10,451,/tp 835 10 451,924,814,857,430,473,43,43,-1,yes
netherquartz,ore.mix.netherquartz,555,71,-736,/tp 555 71 -736,925,539,572,-753,-718,33,35,-1,yes
iron,ore.mix.iron,-882,17,226,/tp -882 17 226,925,-900,-864,208,244,36,36,-1,yes
sulfur,ore.mix.sulfur,-797,7,456,/tp -797 7 456,926,-819,-774,447,465,45,18,-1,yes
copper,ore.mix.copper,-895,29,-129,/tp -895 29 -129,926,-917,-872,-149,-109,45,40,-1,yes
tetrahedrite,ore.mix.tetrahedrite,593,104,745,/tp 593 104 745,926,575,612,725,765,37,40,-1,yes
copper,ore.mix.copper,879,29,361,/tp 879 29 361,926,857,902,337,386,45,49,-1,yes
sulfur,ore.mix.sulfur,-699,6,604,/tp -699 6 604,927,-722,-676,587,622,46,35,-1,yes
manganese,ore.mix.manganese,-123,20,934,/tp -123 20 934,927,-141,-104,916,953,37,37,-1,yes
quartz,ore.mix.quartz,-553,96,747,/tp -553 96 747,927,-575,-530,728,766,45,38,-1,yes
copper,ore.mix.copper,785,30,-508,/tp 785 30 -508,929,761,809,-523,-493,48,30,-1,yes
sulfur,ore.mix.sulfur,-303,6,891,/tp -303 6 891,930,-322,-284,866,917,38,51,-1,yes
copper,ore.mix.copper,-834,37,-356,/tp -834 37 -356,931,-853,-815,-368,-343,38,25,-1,yes
copper,ore.mix.copper,939,42,-127,/tp 939 42 -127,931,923,956,-150,-104,33,46,-1,yes
redstone,ore.mix.redstone,939,23,167,/tp 939 23 167,932,928,950,144,191,22,47,-1,yes
redstone,ore.mix.redstone,-893,25,-173,/tp -893 25 -173,932,-909,-877,-187,-158,32,29,-1,yes
iron,ore.mix.iron,-743,14,556,/tp -743 14 556,933,-754,-731,531,582,23,51,-1,yes
netherquartz,ore.mix.netherquartz,-221,67,-884,/tp -221 67 -884,933,-238,-203,-899,-869,35,30,-1,yes
redstone,ore.mix.redstone,-885,16,-214,/tp -885 16 -214,933,-898,-871,-236,-191,27,45,-1,yes
beryllium,ore.mix.beryllium,-508,15,788,/tp -508 15 788,933,-524,-492,777,800,32,23,-1,yes
redstone,ore.mix.redstone,752,33,-559,/tp 752 33 -559,933,735,769,-579,-538,34,41,-1,yes
beryllium,ore.mix.beryllium,454,21,844,/tp 454 21 844,934,438,470,826,862,32,36,-1,yes
sulfur,ore.mix.sulfur,936,10,-167,/tp 936 10 -167,935,912,961,-190,-144,49,46,-1,yes
sulfur,ore.mix.sulfur,789,7,548,/tp 789 7 548,935,777,802,536,561,25,25,-1,yes
iron,ore.mix.iron,-452,12,-791,/tp -452 12 -791,936,-468,-435,-814,-768,33,46,-1,yes
redstone,ore.mix.redstone,504,6,-784,/tp 504 6 -784,937,480,529,-806,-761,49,45,-1,yes
saltpeterelectrotine,ore.mix.saltpeterelectrotine,-886,15,262,/tp -886 15 262,937,-896,-876,250,275,20,25,-1,yes
sulfur,ore.mix.sulfur,358,12,893,/tp 358 12 893,938,342,375,873,913,33,40,-1,yes
iron,ore.mix.iron,162,11,946,/tp 162 11 946,939,144,181,928,965,37,37,-1,yes
redstone,ore.mix.redstone,215,23,936,/tp 215 23 936,939,206,225,909,964,19,55,-1,yes
sulfur,ore.mix.sulfur,-165,9,939,/tp -165 9 939,939,-180,-149,920,959,31,39,-1,yes
tetrahedrite,ore.mix.tetrahedrite,-368,85,-837,/tp -368 85 -837,939,-390,-346,-858,-816,44,42,-1,yes
saltpeterelectrotine,ore.mix.saltpeterelectrotine,937,19,222,/tp 937 19 222,940,927,948,205,239,21,34,-1,yes
iron,ore.mix.iron,407,31,-838,/tp 407 31 -838,940,389,426,-860,-815,37,45,-1,yes
iron,ore.mix.iron,259,28,-892,/tp 259 28 -892,941,247,272,-904,-879,25,25,-1,yes
netherquartz,ore.mix.netherquartz,878,46,-366,/tp 878 46 -366,941,859,897,-386,-345,38,41,-1,yes
saltpeterelectrotine,ore.mix.saltpeterelectrotine,-599,15,-691,/tp -599 15 -691,941,-609,-589,-707,-674,20,33,-1,yes
sulfur,ore.mix.sulfur,552,13,796,/tp 552 13 796,943,526,579,779,813,53,34,-1,yes
iron,ore.mix.iron,-795,17,-459,/tp -795 17 -459,943,-809,-780,-479,-438,29,41,-1,yes
iron,ore.mix.iron,-884,27,-262,/tp -884 27 -262,945,-900,-867,-289,-234,33,55,-1,yes
tetrahedrite,ore.mix.tetrahedrite,840,88,-449,/tp 840 88 -449,945,816,864,-465,-432,48,33,-1,yes
tetrahedrite,ore.mix.tetrahedrite,-653,113,-648,/tp -653 113 -648,946,-668,-638,-658,-637,30,21,-1,yes
tetrahedrite,ore.mix.tetrahedrite,-692,101,-608,/tp -692 101 -608,947,-707,-677,-627,-588,30,39,-1,yes
copper,ore.mix.copper,69,36,-928,/tp 69 36 -928,947,58,81,-946,-909,23,37,-1,yes
iron,ore.mix.iron,-638,18,701,/tp -638 18 701,948,-656,-620,682,720,36,38,-1,yes
beryllium,ore.mix.beryllium,-259,23,-888,/tp -259 23 -888,948,-272,-245,-907,-869,27,38,-1,yes
tetrahedrite,ore.mix.tetrahedrite,-596,98,739,/tp -596 98 739,948,-613,-578,720,759,35,39,-1,yes
iron,ore.mix.iron,-798,26,501,/tp -798 26 501,949,-813,-783,487,515,30,28,-1,yes
iron,ore.mix.iron,-930,33,30,/tp -930 33 30,949,-944,-915,14,47,29,33,-1,yes
iron,ore.mix.iron,-222,15,936,/tp -222 15 936,949,-237,-206,925,947,31,22,-1,yes
iron,ore.mix.iron,939,28,-215,/tp 939 28 -215,949,927,952,-232,-198,25,34,-1,yes
sulfur,ore.mix.sulfur,885,9,405,/tp 885 9 405,949,864,906,389,422,42,33,-1,yes
iron,ore.mix.iron,-356,11,890,/tp -356 11 890,949,-369,-343,868,913,26,45,-1,yes
copper,ore.mix.copper,271,22,934,/tp 271 22 934,950,247,295,906,962,48,56,-1,yes
iron,ore.mix.iron,-550,18,-744,/tp -550 18 -744,951,-566,-534,-761,-726,32,35,-1,yes
netherquartz,ore.mix.netherquartz,-451,56,846,/tp -451 56 846,952,-473,-428,821,871,45,50,-1,yes
beryllium,ore.mix.beryllium,840,23,500,/tp 840 23 500,952,831,849,482,519,18,37,-1,yes
sulfur,ore.mix.sulfur,-845,12,417,/tp -845 12 417,952,-860,-830,397,438,30,41,-1,yes
molybdenum,ore.mix.molybdenum,505,24,838,/tp 505 24 838,953,493,517,827,849,24,22,-1,yes
tetrahedrite,ore.mix.tetrahedrite,937,103,274,/tp 937 103 274,953,914,960,255,294,46,39,-1,yes
iron,ore.mix.iron,695,21,-655,/tp 695 21 -655,954,678,712,-679,-630,34,49,-1,yes
tetrahedrite,ore.mix.tetrahedrite,-700,113,645,/tp -700 113 645,954,-713,-687,617,673,26,56,-1,yes
tetrahedrite,ore.mix.tetrahedrite,643,96,739,/tp 643 96 739,954,631,656,717,762,25,45,-1,yes
saltpeterelectrotine,ore.mix.saltpeterelectrotine,117,17,-931,/tp 117 17 -931,954,101,133,-945,-917,32,28,-1,yes
iron,ore.mix.iron,-69,20,-933,/tp -69 20 -933,955,-82,-55,-955,-910,27,45,-1,yes
iron,ore.mix.iron,935,22,-256,/tp 935 22 -256,956,906,964,-274,-237,58,37,-1,yes
iron,ore.mix.iron,650,20,-701,/tp 650 20 -701,957,638,662,-726,-676,24,50,-1,yes
copper,ore.mix.copper,740,51,647,/tp 740 51 647,957,725,756,632,662,31,30,-1,yes
redstone,ore.mix.redstone,-32,15,-938,/tp -32 15 -938,957,-48,-15,-958,-917,33,41,-1,yes
iron,ore.mix.iron,699,27,693,/tp 699 27 693,958,678,721,669,717,43,48,-1,yes
sulfur,ore.mix.sulfur,930,6,313,/tp 930 6 313,958,907,953,301,325,46,24,-1,yes
copper,ore.mix.copper,752,8,-601,/tp 752 8 -601,959,730,774,-618,-583,44,35,-1,yes
tetrahedrite,ore.mix.tetrahedrite,-751,95,589,/tp -751 95 589,959,-767,-734,569,610,33,41,-1,yes
tetrahedrite,ore.mix.tetrahedrite,-402,109,-844,/tp -402 109 -844,959,-419,-384,-857,-831,35,26,-1,yes
saltpeterelectrotine,ore.mix.saltpeterelectrotine,-936,18,-71,/tp -936 18 -71,959,-944,-927,-85,-57,17,28,-1,yes
tetrahedrite,ore.mix.tetrahedrite,-896,102,308,/tp -896 102 308,960,-916,-875,285,331,41,46,-1,yes
netherquartz,ore.mix.netherquartz,-940,65,-18,/tp -940 65 -18,960,-959,-921,-39,4,38,43,-1,yes
iron,ore.mix.iron,-747,10,-560,/tp -747 10 -560,960,-773,-720,-582,-538,53,44,-1,yes
