"source","phase","table","category","level","rolls_min","rolls_max","to_each","display_name","weight","stack_min","stack_max","pool_total_weight","pick_chance_per_roll","registry_name","meta","entry_class","nbt"
"chestgenhooks","pre","","TinkerHouse","","3","27","","Miniature Red Heart","1","1","1","961","0.001041","TConstruct:heartCanister","1","",""
"chestgenhooks","pre","","TinkerHouse","","3","27","","Stone Pickaxe Head","15","1","1","961","0.015609","TConstruct:pickaxeHead","1","",""
"chestgenhooks","pre","","TinkerHouse","","3","27","","Flint Pickaxe Head","15","1","1","961","0.015609","TConstruct:pickaxeHead","3","",""
"chestgenhooks","pre","","TinkerHouse","","3","27","","Stone Shovel Head","15","1","1","961","0.015609","TConstruct:shovelHead","1","",""
"chestgenhooks","pre","","TinkerHouse","","3","27","","Flint Shovel Head","15","1","1","961","0.015609","TConstruct:shovelHead","3","",""
"chestgenhooks","pre","","TinkerHouse","","3","27","","Bone Shovel Head","15","1","1","961","0.015609","TConstruct:shovelHead","5","",""
"chestgenhooks","pre","","TinkerHouse","","3","27","","Stone Axe Head","15","1","1","961","0.015609","TConstruct:hatchetHead","1","",""
"chestgenhooks","pre","","TinkerHouse","","3","27","","Flint Axe Head","15","1","1","961","0.015609","TConstruct:hatchetHead","3","",""
"chestgenhooks","pre","","TinkerHouse","","3","27","","Bone Axe Head","15","1","1","961","0.015609","TConstruct:hatchetHead","5","",""
"chestgenhooks","pre","","TinkerHouse","","3","27","","Wooden Binding","15","1","1","961","0.015609","TConstruct:binding","0","",""
"chestgenhooks","pre","","TinkerHouse","","3","27","","Stone Binding","15","1","1","961","0.015609","TConstruct:binding","1","",""
"chestgenhooks","pre","","TinkerHouse","","3","27","","Iron Binding","15","1","1","961","0.015609","TConstruct:binding","2","",""
"chestgenhooks","pre","","TinkerHouse","","3","27","","Cactus Binding","15","1","1","961","0.015609","TConstruct:binding","4","",""
"chestgenhooks","pre","","TinkerHouse","","3","27","","Bone Binding","15","1","1","961","0.015609","TConstruct:binding","5","",""
"chestgenhooks","pre","","TinkerHouse","","3","27","","Obsidian Binding","15","1","1","961","0.015609","TConstruct:binding","6","",""
"chestgenhooks","pre","","TinkerHouse","","3","27","","Slime Binding","15","1","1","961","0.015609","TConstruct:binding","8","",""
"chestgenhooks","pre","","TinkerHouse","","3","27","","Paper Binding","15","1","1","961","0.015609","TConstruct:binding","9","",""
"chestgenhooks","pre","","TinkerHouse","","3","27","","Copper Binding","15","1","1","961","0.015609","TConstruct:binding","13","",""
"chestgenhooks","pre","","TinkerHouse","","3","27","","Bronze Binding","15","1","1","961","0.015609","TConstruct:binding","14","",""
"chestgenhooks","pre","","TinkerHouse","","3","27","","Slime Binding","15","1","1","961","0.015609","TConstruct:binding","17","",""
"chestgenhooks","pre","","TinkerHouse","","3","27","","Stone Sword Blade","15","1","1","961","0.015609","TConstruct:swordBlade","1","",""
"chestgenhooks","pre","","TinkerHouse","","3","27","","Iron Sword Blade","15","1","1","961","0.015609","TConstruct:swordBlade","2","",""
"chestgenhooks","pre","","TinkerHouse","","3","27","","Flint Sword Blade","15","1","1","961","0.015609","TConstruct:swordBlade","3","",""
"chestgenhooks","pre","","TinkerHouse","","3","27","","Copper Sword Blade","15","1","1","961","0.015609","TConstruct:swordBlade","13","",""
"chestgenhooks","pre","","TinkerHouse","","3","27","","Bronze Sword Blade","15","1","1","961","0.015609","TConstruct:swordBlade","14","",""
"chestgenhooks","pre","","TinkerHouse","","3","27","","Stone Wide Guard","15","1","1","961","0.015609","TConstruct:wideGuard","1","",""
"chestgenhooks","pre","","TinkerHouse","","3","27","","Iron Wide Guard","15","1","1","961","0.015609","TConstruct:wideGuard","2","",""
"chestgenhooks","pre","","TinkerHouse","","3","27","","Bone Wide Guard","15","1","1","961","0.015609","TConstruct:wideGuard","5","",""
"chestgenhooks","pre","","TinkerHouse","","3","27","","Obsidian Wide Guard","15","1","1","961","0.015609","TConstruct:wideGuard","6","",""
"chestgenhooks","pre","","TinkerHouse","","3","27","","Copper Wide Guard","15","1","1","961","0.015609","TConstruct:wideGuard","13","",""
"chestgenhooks","pre","","TinkerHouse","","3","27","","Bronze Wide Guard","15","1","1","961","0.015609","TConstruct:wideGuard","14","",""
"chestgenhooks","pre","","TinkerHouse","","3","27","","Stone Hand Guard","15","1","1","961","0.015609","TConstruct:handGuard","1","",""
"chestgenhooks","pre","","TinkerHouse","","3","27","","Iron Hand Guard","15","1","1","961","0.015609","TConstruct:handGuard","2","",""
"chestgenhooks","pre","","TinkerHouse","","3","27","","Obsidian Hand Guard","15","1","1","961","0.015609","TConstruct:handGuard","6","",""
"chestgenhooks","pre","","TinkerHouse","","3","27","","Copper Hand Guard","15","1","1","961","0.015609","TConstruct:handGuard","13","",""
"chestgenhooks","pre","","TinkerHouse","","3","27","","Bronze Hand Guard","15","1","1","961","0.015609","TConstruct:handGuard","14","",""
"chestgenhooks","pre","","TinkerHouse","","3","27","","Wooden Crossbar","15","1","1","961","0.015609","TConstruct:crossbar","0","",""
"chestgenhooks","pre","","TinkerHouse","","3","27","","Stone Crossbar","15","1","1","961","0.015609","TConstruct:crossbar","1","",""
"chestgenhooks","pre","","TinkerHouse","","3","27","","Iron Crossbar","15","1","1","961","0.015609","TConstruct:crossbar","2","",""
"chestgenhooks","pre","","TinkerHouse","","3","27","","Bone Crossbar","15","1","1","961","0.015609","TConstruct:crossbar","5","",""
"chestgenhooks","pre","","TinkerHouse","","3","27","","Obsidian Crossbar","15","1","1","961","0.015609","TConstruct:crossbar","6","",""
"chestgenhooks","pre","","TinkerHouse","","3","27","","Copper Crossbar","15","1","1","961","0.015609","TConstruct:crossbar","13","",""
"chestgenhooks","pre","","TinkerHouse","","3","27","","Bronze Crossbar","15","1","1","961","0.015609","TConstruct:crossbar","14","",""
"chestgenhooks","pre","","TinkerHouse","","3","27","","Stone Knife Blade","15","1","1","961","0.015609","TConstruct:knifeBlade","1","",""
"chestgenhooks","pre","","TinkerHouse","","3","27","","Iron Knife Blade","15","1","1","961","0.015609","TConstruct:knifeBlade","2","",""
"chestgenhooks","pre","","TinkerHouse","","3","27","","Flint Knife Blade","15","1","1","961","0.015609","TConstruct:knifeBlade","3","",""
"chestgenhooks","pre","","TinkerHouse","","3","27","","Cactus Knife Blade","15","1","1","961","0.015609","TConstruct:knifeBlade","4","",""
"chestgenhooks","pre","","TinkerHouse","","3","27","","Bone Knife Blade","15","1","1","961","0.015609","TConstruct:knifeBlade","5","",""
"chestgenhooks","pre","","TinkerHouse","","3","27","","Copper Knife Blade","15","1","1","961","0.015609","TConstruct:knifeBlade","13","",""
"chestgenhooks","pre","","TinkerHouse","","3","27","","Bronze Knife Blade","15","1","1","961","0.015609","TConstruct:knifeBlade","14","",""
"chestgenhooks","pre","","TinkerHouse","","3","27","","Stone Pan","15","1","1","961","0.015609","TConstruct:frypanHead","1","",""
"chestgenhooks","pre","","TinkerHouse","","3","27","","Iron Pan","15","1","1","961","0.015609","TConstruct:frypanHead","2","",""
"chestgenhooks","pre","","TinkerHouse","","3","27","","Copper Pan","15","1","1","961","0.015609","TConstruct:frypanHead","13","",""
"chestgenhooks","pre","","TinkerHouse","","3","27","","Bronze Pan","15","1","1","961","0.015609","TConstruct:frypanHead","14","",""
"chestgenhooks","pre","","TinkerHouse","","3","27","","Wooden Sign Head","15","1","1","961","0.015609","TConstruct:signHead","0","",""
"chestgenhooks","pre","","TinkerHouse","","3","27","","Stone Sign Head","15","1","1","961","0.015609","TConstruct:signHead","1","",""
"chestgenhooks","pre","","TinkerHouse","","3","27","","Iron Sign Head","15","1","1","961","0.015609","TConstruct:signHead","2","",""
"chestgenhooks","pre","","TinkerHouse","","3","27","","Obsidian Sign Head","15","1","1","961","0.015609","TConstruct:signHead","6","",""
"chestgenhooks","pre","","TinkerHouse","","3","27","","Slime Sign Head","15","1","1","961","0.015609","TConstruct:signHead","8","",""
"chestgenhooks","pre","","TinkerHouse","","3","27","","Copper Sign Head","15","1","1","961","0.015609","TConstruct:signHead","13","",""
"chestgenhooks","pre","","TinkerHouse","","3","27","","Bronze Sign Head","15","1","1","961","0.015609","TConstruct:signHead","14","",""
"chestgenhooks","pre","","TinkerHouse","","3","27","","Stone Chisel Head","15","1","1","961","0.015609","TConstruct:chiselHead","1","",""
"chestgenhooks","pre","","TinkerHouse","","3","27","","Iron Chisel Head","15","1","1","961","0.015609","TConstruct:chiselHead","2","",""
"chestgenhooks","pre","","TinkerHouse","","3","27","","Copper Chisel Head","15","1","1","961","0.015609","TConstruct:chiselHead","13","",""
"chestgenhooks","pre","","TinkerHouse","","3","27","","Bronze Chisel Head","15","1","1","961","0.015609","TConstruct:chiselHead","14","",""
"chestgenhooks","pre","","TinkerPatterns","","5","30","","Tool Rod Pattern","20","1","3","300","0.066667","TConstruct:woodPattern","1","",""
"chestgenhooks","pre","","TinkerPatterns","","5","30","","Pickaxe Head Pattern","20","1","3","300","0.066667","TConstruct:woodPattern","2","",""
"chestgenhooks","pre","","TinkerPatterns","","5","30","","Shovel Head Pattern","20","1","3","300","0.066667","TConstruct:woodPattern","3","",""
"chestgenhooks","pre","","TinkerPatterns","","5","30","","Axe Head Pattern","20","1","3","300","0.066667","TConstruct:woodPattern","4","",""
"chestgenhooks","pre","","TinkerPatterns","","5","30","","Sword Blade Pattern","20","1","3","300","0.066667","TConstruct:woodPattern","5","",""
"chestgenhooks","pre","","TinkerPatterns","","5","30","","Wide Guard Pattern","20","1","3","300","0.066667","TConstruct:woodPattern","6","",""
"chestgenhooks","pre","","TinkerPatterns","","5","30","","Hand Guard Pattern","20","1","3","300","0.066667","TConstruct:woodPattern","7","",""
"chestgenhooks","pre","","TinkerPatterns","","5","30","","Crossbar Pattern","20","1","3","300","0.066667","TConstruct:woodPattern","8","",""
"chestgenhooks","pre","","TinkerPatterns","","5","30","","Tool Binding Pattern","20","1","3","300","0.066667","TConstruct:woodPattern","9","",""
"chestgenhooks","pre","","TinkerPatterns","","5","30","","Pan Pattern","20","1","3","300","0.066667","TConstruct:woodPattern","10","",""
"chestgenhooks","pre","","TinkerPatterns","","5","30","","Wide Board Pattern","20","1","3","300","0.066667","TConstruct:woodPattern","11","",""
"chestgenhooks","pre","","TinkerPatterns","","5","30","","Knife Blade Pattern","20","1","3","300","0.066667","TConstruct:woodPattern","12","",""
"chestgenhooks","pre","","TinkerPatterns","","5","30","","Chisel Head Pattern","20","1","3","300","0.066667","TConstruct:woodPattern","13","",""
"chestgenhooks","pre","","TinkerPatterns","","5","30","","Full Guard Pattern","40","1","3","300","0.133333","TConstruct:woodPattern","22","",""
"chestgenhooks","pre","","bonusChest","","10","10","","Stick","10","1","3","91","0.109890","minecraft:stick","0","",""
"chestgenhooks","pre","","bonusChest","","10","10","","Oak Wood Planks","10","1","3","91","0.109890","minecraft:planks","0","",""
"chestgenhooks","pre","","bonusChest","","10","10","","Oak Wood","10","1","3","91","0.109890","minecraft:log","0","",""
"chestgenhooks","pre","","bonusChest","","10","10","","Apple","5","2","3","91","0.054945","minecraft:apple","0","",""
"chestgenhooks","pre","","bonusChest","","10","10","","Bread","3","2","3","91","0.032967","minecraft:bread","0","",""
"chestgenhooks","pre","","bonusChest","","10","10","","Acacia Wood","10","1","3","91","0.109890","minecraft:log2","0","",""
"chestgenhooks","pre","","bonusChest","","10","10","","Treetap","2","1","1","91","0.021978","IC2:itemTreetap","0","",""
"chestgenhooks","pre","","bonusChest","","10","10","","Wading Boots","5","1","1","91","0.054945","BiomesOPlenty:wadingBoots","0","",""
"chestgenhooks","pre","","bonusChest","","10","10","","Flippers","5","1","1","91","0.054945","BiomesOPlenty:flippers","0","",""
"chestgenhooks","pre","","bonusChest","","10","10","","Lexica Botania","7","1","1","91","0.076923","Botania:lexicon","0","",""
"chestgenhooks","pre","","bonusChest","","10","10","","Black Lotus","1","1","1","91","0.010989","Botania:blackLotus","0","",""
"chestgenhooks","pre","","bonusChest","","10","10","","Codex","1","1","1","91","0.010989","VillageNames:codex","0","",""
"chestgenhooks","pre","","bonusChest","","10","10","","Broadsword","10","0","1","91","0.109890","TConstruct:broadsword","0","RandomWeaponChestContent",""
"chestgenhooks","pre","","bonusChest","","10","10","","Starter Pickaxe","5","1","1","91","0.054945","TConstruct:pickaxe","0","","{InfiTool:{HarvestLevel:0,Handle:0,BaseDurability:38,BonusDurability:0,Damage:0,Shoddy:0.0f,Broken:0b,BaseAttack:2,Head:0,RenderHandle:0,Accessory:0,ModDurability:0.0f,Attack:2,MiningSpeed:150,RenderAccessory:0,Modifiers:0,Unbreaking:0,TotalDurability:38,RenderHead:0,ToolLevel:1,ToolEXP:0L},display:{Name:""Starter Pickaxe""}}"
"chestgenhooks","pre","","bonusChest","","10","10","","Starter Hatchet","5","1","1","91","0.054945","TConstruct:hatchet","0","","{InfiTool:{HarvestLevel:0,Handle:0,BaseDurability:38,BonusDurability:0,Damage:0,ToolEXP:0L,Broken:0b,BaseAttack:4,Shoddy:0.0f,Head:0,RenderHandle:0,ModDurability:0.0f,Attack:4,MiningSpeed:150,Modifiers:0,Unbreaking:0,TotalDurability:38,RenderHead:0,ToolLevel:1},display:{Name:""Starter Hatchet""}}"
"chestgenhooks","pre","","bonusChest","","10","10","","Purple Drink","2","8","16","91","0.021978","gregtech:gt.metaitem.02","32100","",""
"chestgenhooks","pre","","composting","","1","1","","Bone Meal","10","1","1","10","1.000000","minecraft:dye","15","",""
"chestgenhooks","pre","","dungeonChest","","8","8","","Saddle","10","1","1","1536","0.006510","minecraft:saddle","0","",""
"chestgenhooks","pre","","dungeonChest","","8","8","","Iron Ingot","10","1","4","1536","0.006510","minecraft:iron_ingot","0","",""
"chestgenhooks","pre","","dungeonChest","","8","8","","Bread","10","1","1","1536","0.006510","minecraft:bread","0","",""
"chestgenhooks","pre","","dungeonChest","","8","8","","Wheat","10","1","4","1536","0.006510","minecraft:wheat","0","",""
"chestgenhooks","pre","","dungeonChest","","8","8","","Gunpowder","10","1","4","1536","0.006510","minecraft:gunpowder","0","",""
"chestgenhooks","pre","","dungeonChest","","8","8","","String","10","1","4","1536","0.006510","minecraft:string","0","",""
"chestgenhooks","pre","","dungeonChest","","8","8","","Bucket","10","1","1","1536","0.006510","minecraft:bucket","0","",""
"chestgenhooks","pre","","dungeonChest","","8","8","","Golden Apple","1","1","1","1536","0.000651","minecraft:golden_apple","0","",""
"chestgenhooks","pre","","dungeonChest","","8","8","","Redstone","10","1","4","1536","0.006510","minecraft:redstone","0","",""
"chestgenhooks","pre","","dungeonChest","","8","8","","Music Disc","10","1","1","1536","0.006510","minecraft:record_13","0","",""
"chestgenhooks","pre","","dungeonChest","","8","8","","Music Disc","10","1","1","1536","0.006510","minecraft:record_cat","0","",""
"chestgenhooks","pre","","dungeonChest","","8","8","","Name Tag","10","1","1","1536","0.006510","minecraft:name_tag","0","",""
"chestgenhooks","pre","","dungeonChest","","8","8","","Gold Horse Armor","2","1","1","1536","0.001302","minecraft:golden_horse_armor","0","",""
"chestgenhooks","pre","","dungeonChest","","8","8","","Iron Horse Armor","5","1","1","1536","0.003255","minecraft:iron_horse_armor","0","",""
"chestgenhooks","pre","","dungeonChest","","8","8","","Diamond Horse Armor","1","1","1","1536","0.000651","minecraft:diamond_horse_armor","0","",""
"chestgenhooks","pre","","dungeonChest","","8","8","","Enchanted Book","1","1","1","1536","0.000651","minecraft:enchanted_book","0","",""
"chestgenhooks","pre","","dungeonChest","","8","8","","Copper Ingot","100","2","5","1536","0.065104","IC2:itemIngot","0","",""
"chestgenhooks","pre","","dungeonChest","","8","8","","Tin Ingot","100","2","5","1536","0.065104","IC2:itemIngot","1","",""
"chestgenhooks","pre","","dungeonChest","","8","8","","Iridium Ore","20","1","2","1536","0.013021","IC2:itemOreIridium","0","",""
"chestgenhooks","pre","","dungeonChest","","8","8","","Iridium Shard","100","6","14","1536","0.065104","IC2:itemShardIridium","0","",""
"chestgenhooks","pre","","dungeonChest","","8","8","","Music Disc","5","1","1","1536","0.003255","minecraft:record_blocks","0","",""
"chestgenhooks","pre","","dungeonChest","","8","8","","Music Disc","5","1","1","1536","0.003255","minecraft:record_chirp","0","",""
"chestgenhooks","pre","","dungeonChest","","8","8","","Music Disc","5","1","1","1536","0.003255","minecraft:record_far","0","",""
"chestgenhooks","pre","","dungeonChest","","8","8","","Music Disc","5","1","1","1536","0.003255","minecraft:record_mall","0","",""
"chestgenhooks","pre","","dungeonChest","","8","8","","Music Disc","5","1","1","1536","0.003255","minecraft:record_mellohi","0","",""
"chestgenhooks","pre","","dungeonChest","","8","8","","Music Disc","5","1","1","1536","0.003255","minecraft:record_stal","0","",""
"chestgenhooks","pre","","dungeonChest","","8","8","","Music Disc","5","1","1","1536","0.003255","minecraft:record_strad","0","",""
"chestgenhooks","pre","","dungeonChest","","8","8","","Music Disc","5","1","1","1536","0.003255","minecraft:record_ward","0","",""
"chestgenhooks","pre","","dungeonChest","","8","8","","Music Disc","5","1","1","1536","0.003255","minecraft:record_11","0","",""
"chestgenhooks","pre","","dungeonChest","","8","8","","Music Disc","5","1","1","1536","0.003255","minecraft:record_wait","0","",""
"chestgenhooks","pre","","dungeonChest","","8","8","","Steel Sword","5","1","1","1536","0.003255","Railcraft:tool.steel.sword","0","",""
"chestgenhooks","pre","","dungeonChest","","8","8","","Steel Helmet","5","1","1","1536","0.003255","Railcraft:armor.steel.helmet","0","",""
"chestgenhooks","pre","","dungeonChest","","8","8","","Steel Chestplate","5","1","1","1536","0.003255","Railcraft:armor.steel.plate","0","",""
"chestgenhooks","pre","","dungeonChest","","8","8","","Steel Leggings","5","1","1","1536","0.003255","Railcraft:armor.steel.legs","0","",""
"chestgenhooks","pre","","dungeonChest","","8","8","","Steel Boots","5","1","1","1536","0.003255","Railcraft:armor.steel.boots","0","",""
"chestgenhooks","pre","","dungeonChest","","8","8","","Manasteel Ingot","9","1","5","1536","0.005859","Botania:manaResource","0","",""
"chestgenhooks","pre","","dungeonChest","","8","8","","Lexica Botania","6","1","1","1536","0.003906","Botania:lexicon","0","",""
"chestgenhooks","pre","","dungeonChest","","8","8","","Mana in a Bottle","5","1","1","1536","0.003255","Botania:manaBottle","0","",""
"chestgenhooks","pre","","dungeonChest","","8","8","","Black Lotus","6","1","1","1536","0.003906","Botania:blackLotus","0","",""
"chestgenhooks","pre","","dungeonChest","","8","8","","Overgrowth Seed","2","1","1","1536","0.001302","Botania:overgrowthSeed","0","",""
"chestgenhooks","pre","","dungeonChest","","8","8","","White Stone [Uncharged]","0","1","1","1536","0.000000","RandomThings:whitestone","0","",""
"chestgenhooks","pre","","dungeonChest","","8","8","","Amazing Technicolor Glasses","2","1","1","1536","0.001302","OpenBlocks:technicolorGlasses","0","",""
"chestgenhooks","pre","","dungeonChest","","8","8","","Useless Frame","14","1","1","1536","0.009115","miscutils:frameUseless","0","",""
"chestgenhooks","pre","","dungeonChest","","8","8","","Mutagenic Frame","12","1","3","1536","0.007813","miscutils:frameMutagenic","0","",""
"chestgenhooks","pre","","dungeonChest","","8","8","","Miniature Red Heart","5","1","1","1536","0.003255","TConstruct:heartCanister","1","",""
"chestgenhooks","pre","","dungeonChest","","8","8","","Temple Caller","1","0","1","1536","0.000651","HardcoreEnderExpansion:temple_caller","0","",""
"chestgenhooks","pre","","dungeonChest","","8","8","","Knowledge Note","6","1","1","1536","0.003906","HardcoreEnderExpansion:knowledge_note","0","WeightedRandomKnowledgeNote",""
"chestgenhooks","pre","","dungeonChest","","8","8","","Standard Binding Agent","6","1","3","1536","0.003906","AWWayofTime:standardBindingAgent","0","",""
"chestgenhooks","pre","","dungeonChest","","8","8","","Mundane Power Catalyst","4","1","1","1536","0.002604","AWWayofTime:mundanePowerCatalyst","0","",""
"chestgenhooks","pre","","dungeonChest","","8","8","","Mundane Lengthening Catalyst","4","1","1","1536","0.002604","AWWayofTime:mundaneLengtheningCatalyst","0","",""
"chestgenhooks","pre","","dungeonChest","","8","8","","Average Power Catalyst","2","1","1","1536","0.001302","AWWayofTime:averagePowerCatalyst","0","",""
"chestgenhooks","pre","","dungeonChest","","8","8","","Average Lengthening Catalyst","2","1","1","1536","0.001302","AWWayofTime:averageLengtheningCatalyst","0","",""
"chestgenhooks","pre","","dungeonChest","","8","8","","Greater Power Catalyst","1","1","1","1536","0.000651","AWWayofTime:greaterPowerCatalyst","0","",""
"chestgenhooks","pre","","dungeonChest","","8","8","","Greater Lengthening Catalyst","1","1","1","1536","0.000651","AWWayofTime:greaterLengtheningCatalyst","0","",""
"chestgenhooks","pre","","dungeonChest","","8","8","","Floppy Disk","5","1","1","1536","0.003255","OpenComputers:item","4","Loot",""
"chestgenhooks","pre","","dungeonChest","","8","8","","Broken Relic of Mjolnir","25","0","1","1536","0.016276","EMT:TaintedMjolnir","0","",""
"chestgenhooks","pre","","dungeonChest","","8","8","","§2The One Ring","5","0","1","1536","0.003255","EMT:BaseBaubles","0","",""
"chestgenhooks","pre","","dungeonChest","","8","8","","Disposable Item Turret","15","1","2","1536","0.009766","openmodularturrets:disposeItemTurret","0","",""
"chestgenhooks","pre","","dungeonChest","","8","8","","Turret Base (Tier 1)","15","1","1","1536","0.009766","openmodularturrets:baseTierWood","0","",""
"chestgenhooks","pre","","dungeonChest","","8","8","","Basic Turret Base Crank","15","1","1","1536","0.009766","openmodularturrets:leverBlock","0","",""
"chestgenhooks","pre","","dungeonChest","","8","8","","Broadsword","2","0","1","1536","0.001302","TConstruct:broadsword","0","RandomWeaponChestContent",""
"chestgenhooks","pre","","dungeonChest","","8","8","","Common Treasure","5","1","3","1536","0.003255","Thaumcraft:ItemLootBag","0","",""
"chestgenhooks","pre","","dungeonChest","","8","8","","Thaumium Ingot","5","1","3","1536","0.003255","Thaumcraft:ItemResource","2","",""
"chestgenhooks","pre","","dungeonChest","","8","8","","Amber","5","1","3","1536","0.003255","Thaumcraft:ItemResource","6","",""
"chestgenhooks","pre","","dungeonChest","","8","8","","Uncommon Treasure","4","1","2","1536","0.002604","Thaumcraft:ItemLootBag","1","",""
"chestgenhooks","pre","","dungeonChest","","8","8","","Mundane Amulet","4","1","2","1536","0.002604","Thaumcraft:ItemBaubleBlanks","0","",""
"chestgenhooks","pre","","dungeonChest","","8","8","","Mundane Ring","4","1","2","1536","0.002604","Thaumcraft:ItemBaubleBlanks","1","",""
"chestgenhooks","pre","","dungeonChest","","8","8","","Mundane Belt","4","1","2","1536","0.002604","Thaumcraft:ItemBaubleBlanks","2","",""
"chestgenhooks","pre","","dungeonChest","","8","8","","Knowledge Fragment","4","1","2","1536","0.002604","Thaumcraft:ItemResource","9","",""
"chestgenhooks","pre","","dungeonChest","","8","8","","Rare Treasure","1","1","1","1536","0.000651","Thaumcraft:ItemLootBag","2","",""
"chestgenhooks","pre","","dungeonChest","","8","8","","Thaumonomicon","1","1","1","1536","0.000651","Thaumcraft:ItemThaumonomicon","0","",""
"chestgenhooks","pre","","dungeonChest","","8","8","","Thaumium Sword","1","1","1","1536","0.000651","Thaumcraft:ItemSwordThaumium","0","",""
"chestgenhooks","pre","","dungeonChest","","8","8","","Thaumium Pickaxe","1","1","1","1536","0.000651","Thaumcraft:ItemPickThaumium","0","",""
"chestgenhooks","pre","","dungeonChest","","8","8","","Thaumium Axe","1","1","1","1536","0.000651","Thaumcraft:ItemAxeThaumium","0","",""
"chestgenhooks","pre","","dungeonChest","","8","8","","Thaumium Hoe","1","1","1","1536","0.000651","Thaumcraft:ItemHoeThaumium","0","",""
"chestgenhooks","pre","","dungeonChest","","8","8","","Ring of Protection","1","1","1","1536","0.000651","Thaumcraft:ItemRingRunic","0","",""
"chestgenhooks","pre","","dungeonChest","","8","8","","Apprentices Ring of Aer","1","1","1","1536","0.000651","Thaumcraft:ItemBaubleBlanks","3","",""
"chestgenhooks","pre","","dungeonChest","","8","8","","Apprentices Ring of Terra","1","1","1","1536","0.000651","Thaumcraft:ItemBaubleBlanks","4","",""
"chestgenhooks","pre","","dungeonChest","","8","8","","Apprentices Ring of Ignis","1","1","1","1536","0.000651","Thaumcraft:ItemBaubleBlanks","5","",""
"chestgenhooks","pre","","dungeonChest","","8","8","","Apprentices Ring of Aqua","1","1","1","1536","0.000651","Thaumcraft:ItemBaubleBlanks","6","",""
"chestgenhooks","pre","","dungeonChest","","8","8","","Apprentices Ring of Ordo","1","1","1","1536","0.000651","Thaumcraft:ItemBaubleBlanks","7","",""
"chestgenhooks","pre","","dungeonChest","","8","8","","Apprentices Ring of Perditio","1","1","1","1536","0.000651","Thaumcraft:ItemBaubleBlanks","8","",""
"chestgenhooks","pre","","dungeonChest","","8","8","","Vis Stone","1","1","1","1536","0.000651","Thaumcraft:ItemAmuletVis","0","","{aer:0,perditio:0,aqua:200,ignis:400,terra:300,ordo:400}"
"chestgenhooks","pre","","dungeonChest","","8","8","","Division Sigil","8","1","1","1536","0.005208","ExtraUtilities:divisionSigil","0","",""
"chestgenhooks","pre","","dungeonChest","","8","8","","Steadfast Drone","10","1","1","1536","0.006510","Forestry:beeDroneGE","0","","{MaxH:40,Health:40,IsAnalyzed:0b,Genome:{Chromosomes:[0:{Slot:0b,UID0:""forestry.speciesSteadfast"",UID1:""forestry.speciesSteadfast""},1:{Slot:1b,UID0:""forestry.speedSlower"",UID1:""forestry.speedSlower""},2:{Slot:2b,UID0:""forestry.lifespanNormal"",UID1:""forestry.lifespanNormal""},3:{Slot:3b,UID0:""forestry.fertilityNormal"",UID1:""forestry.fertilityNormal""},4:{Slot:4b,UID0:""forestry.toleranceNone"",UID1:""forestry.toleranceNone""},5:{Slot:5b,UID0:""forestry.boolTrue"",UID1:""forestry.boolTrue""},6:{Slot:7b,UID0:""forestry.toleranceNone"",UID1:""forestry.toleranceNone""},7:{Slot:8b,UID0:""forestry.boolFalse"",UID1:""forestry.boolFalse""},8:{Slot:9b,UID0:""forestry.boolTrue"",UID1:""forestry.boolTrue""},9:{Slot:10b,UID0:""forestry.flowersVanilla"",UID1:""forestry.flowersVanilla""},10:{Slot:11b,UID0:""forestry.floweringSlowest"",UID1:""forestry.floweringSlowest""},11:{Slot:12b,UID0:""forestry.territoryAverage"",UID1:""forestry.territoryAverage""},12:{Slot:13b,UID0:""forestry.effectNone"",UID1:""forestry.effectNone""}]}}"
"chestgenhooks","pre","","dungeonChest","","8","8","","Lesser Ring of Ender Disjunction","1","1","1","1536","0.000651","Automagy:baubleEnderDisjunction","1","",""
"chestgenhooks","pre","","dungeonChest","","8","8","","Phial of Enchanter's Concentrate","3","1","3","1536","0.001953","Automagy:phialExtra","0","",""
"chestgenhooks","pre","","dungeonChest","","8","8","","Music Disc","1","1","1","1536","0.000651","etfuturum:otherside_record","0","",""
"chestgenhooks","pre","","dungeonChest","","8","8","","Music Disc","1","1","1","1536","0.000651","etfuturum:precipice_record","0","",""
"chestgenhooks","pre","","dungeonChest","","8","8","","Music Disc","1","1","1","1536","0.000651","etfuturum:creator_music_box_record","0","",""
"chestgenhooks","pre","","dungeonChest","","8","8","","Music Disc","1","1","1","1536","0.000651","etfuturum:creator_record","0","",""
"chestgenhooks","pre","","dungeonChest","","8","8","","Disc Fragment","1","1","1","1536","0.000651","etfuturum:disc_fragment_5","0","",""
"chestgenhooks","pre","","dungeonChest","","8","8","","Beetroot Seeds","5","1","2","1536","0.003255","etfuturum:beetroot_seeds","0","",""
"chestgenhooks","pre","","dungeonChest","","8","8","","Ultimate Stew","5","1","32","1536","0.003255","Avaritia:Ultimate_Stew","0","",""
"chestgenhooks","pre","","dungeonChest","","8","8","","Cosmic Meatballs","5","1","32","1536","0.003255","Avaritia:Cosmic_Meatballs","0","",""
"chestgenhooks","pre","","dungeonChest","","8","8","","Bacon Mushroom Burger","5","1","32","1536","0.003255","harvestcraft:baconmushroomburgerItem","0","",""
"chestgenhooks","pre","","dungeonChest","","8","8","","Deluxe Cheeseburger","5","1","32","1536","0.003255","harvestcraft:deluxecheeseburgerItem","0","",""
"chestgenhooks","pre","","dungeonChest","","8","8","","Delighted Meal","5","1","32","1536","0.003255","harvestcraft:delightedmealItem","0","",""
"chestgenhooks","pre","","dungeonChest","","8","8","","Epic Bacon","5","1","32","1536","0.003255","harvestcraft:epicbaconItem","0","",""
"chestgenhooks","pre","","dungeonChest","","8","8","","Sausage in Bread","5","1","32","1536","0.003255","harvestcraft:sausageinbreadItem","0","",""
"chestgenhooks","pre","","dungeonChest","","8","8","","Beef Wellington","5","1","32","1536","0.003255","harvestcraft:beefwellingtonItem","0","",""
"chestgenhooks","pre","","dungeonChest","","8","8","","Spaghetti and Meatballs","5","1","32","1536","0.003255","harvestcraft:spagettiandmeatballsItem","0","",""
"chestgenhooks","pre","","dungeonChest","","8","8","","Supreme Pizza","5","1","32","1536","0.003255","harvestcraft:supremepizzaItem","0","",""
"chestgenhooks","pre","","dungeonChest","","8","8","","Curry Rice","5","1","32","1536","0.003255","harvestcraft:curryItem","0","",""
"chestgenhooks","pre","","dungeonChest","","8","8","","Rainbow Curry","5","1","32","1536","0.003255","harvestcraft:rainbowcurryItem","0","",""
"chestgenhooks","pre","","dungeonChest","","8","8","","Hearty Breakfast","5","1","32","1536","0.003255","harvestcraft:heartybreakfastItem","0","",""
"chestgenhooks","pre","","dungeonChest","","8","8","","Dezil's Marshmallow","5","1","32","1536","0.003255","DraconicEvolution:dezilsMarshmallow","0","",""
"chestgenhooks","pre","","dungeonChest","","8","8","","Holy Water","20","4","8","1536","0.013021","gregtech:gt.metaitem.02","32137","",""
"chestgenhooks","pre","","dungeonChest","","8","8","","Purple Drink","80","8","16","1536","0.052083","gregtech:gt.metaitem.02","32100","",""
"chestgenhooks","pre","","dungeonChest","","8","8","","Silver Ingot","120","1","6","1536","0.078125","gregtech:gt.metaitem.01","11054","",""
"chestgenhooks","pre","","dungeonChest","","8","8","","Lead Ingot","30","1","6","1536","0.019531","gregtech:gt.metaitem.01","11089","",""
"chestgenhooks","pre","","dungeonChest","","8","8","","Steel Ingot","60","1","6","1536","0.039063","gregtech:gt.metaitem.01","11305","",""
"chestgenhooks","pre","","dungeonChest","","8","8","","Bronze Ingot","60","1","6","1536","0.039063","gregtech:gt.metaitem.01","11300","",""
"chestgenhooks","pre","","dungeonChest","","8","8","","Manganese Ingot","60","1","6","1536","0.039063","gregtech:gt.metaitem.01","11031","",""
"chestgenhooks","pre","","dungeonChest","","8","8","","Damascus Steel Ingot","10","1","6","1536","0.006510","gregtech:gt.metaitem.01","11335","",""
"chestgenhooks","pre","","dungeonChest","","8","8","","Emerald","20","1","6","1536","0.013021","minecraft:emerald","0","",""
"chestgenhooks","pre","","dungeonChest","","8","8","","Ruby","20","1","6","1536","0.013021","gregtech:gt.metaitem.01","8502","",""
"chestgenhooks","pre","","dungeonChest","","8","8","","Sapphire","20","1","6","1536","0.013021","gregtech:gt.metaitem.01","8503","",""
"chestgenhooks","pre","","dungeonChest","","8","8","","Green Sapphire","20","1","6","1536","0.013021","gregtech:gt.metaitem.01","8504","",""
"chestgenhooks","pre","","dungeonChest","","8","8","","Olivine","20","1","6","1536","0.013021","gregtech:gt.metaitem.01","8505","",""
"chestgenhooks","pre","","dungeonChest","","8","8","","Red Garnet","40","1","6","1536","0.026042","gregtech:gt.metaitem.01","8527","",""
"chestgenhooks","pre","","dungeonChest","","8","8","","Yellow Garnet","40","1","6","1536","0.026042","gregtech:gt.metaitem.01","8528","",""
"chestgenhooks","pre","","dungeonChest","","8","8","","Neodymium Dust","40","1","6","1536","0.026042","gregtech:gt.metaitem.01","2067","",""
"chestgenhooks","pre","","dungeonChest","","8","8","","Chrome Dust","40","1","3","1536","0.026042","gregtech:gt.metaitem.01","2030","",""
"chestgenhooks","pre","","iglooChest","","2","9","","Apple","15","1","3","71","0.211268","minecraft:apple","0","",""
"chestgenhooks","pre","","iglooChest","","2","9","","Coal","15","1","4","71","0.211268","minecraft:coal","0","",""
"chestgenhooks","pre","","iglooChest","","2","9","","Gold Nugget","10","1","3","71","0.140845","minecraft:gold_nugget","0","",""
"chestgenhooks","pre","","iglooChest","","2","9","","Stone Axe","2","1","1","71","0.028169","minecraft:stone_axe","0","",""
"chestgenhooks","pre","","iglooChest","","2","9","","Rotten Flesh","10","1","1","71","0.140845","minecraft:rotten_flesh","0","",""
"chestgenhooks","pre","","iglooChest","","2","9","","Emerald","1","1","1","71","0.014085","minecraft:emerald","0","",""
"chestgenhooks","pre","","iglooChest","","2","9","","Wheat","10","2","3","71","0.140845","minecraft:wheat","0","",""
"chestgenhooks","pre","","iglooChest","","2","9","","Codex","8","1","1","71","0.112676","VillageNames:codex","0","",""
"chestgenhooks","pre","","iglooChestGoldapple","","1","1","","Golden Apple","1","1","1","1","1.000000","minecraft:golden_apple","0","",""
"chestgenhooks","pre","","mineshaftCorridor","","4","9","","Iron Ingot","10","1","5","586","0.017065","minecraft:iron_ingot","0","",""
"chestgenhooks","pre","","mineshaftCorridor","","4","9","","Gold Ingot","5","1","3","586","0.008532","minecraft:gold_ingot","0","",""
"chestgenhooks","pre","","mineshaftCorridor","","4","9","","Redstone","5","4","9","586","0.008532","minecraft:redstone","0","",""
"chestgenhooks","pre","","mineshaftCorridor","","4","9","","Lapis Lazuli","5","4","9","586","0.008532","minecraft:dye","4","",""
"chestgenhooks","pre","","mineshaftCorridor","","4","9","","Diamond","3","1","2","586","0.005119","minecraft:diamond","0","",""
"chestgenhooks","pre","","mineshaftCorridor","","4","9","","Coal","10","3","8","586","0.017065","minecraft:coal","0","",""
"chestgenhooks","pre","","mineshaftCorridor","","4","9","","Bread","15","1","3","586","0.025597","minecraft:bread","0","",""
"chestgenhooks","pre","","mineshaftCorridor","","4","9","","Iron Pickaxe","1","1","1","586","0.001706","minecraft:iron_pickaxe","0","",""
"chestgenhooks","pre","","mineshaftCorridor","","4","9","","Track","1","4","8","586","0.001706","minecraft:rail","0","",""
"chestgenhooks","pre","","mineshaftCorridor","","4","9","","Melon Seeds","10","2","4","586","0.017065","minecraft:melon_seeds","0","",""
"chestgenhooks","pre","","mineshaftCorridor","","4","9","","Pumpkin Seeds","10","2","4","586","0.017065","minecraft:pumpkin_seeds","0","",""
"chestgenhooks","pre","","mineshaftCorridor","","4","9","","Saddle","3","1","1","586","0.005119","minecraft:saddle","0","",""
"chestgenhooks","pre","","mineshaftCorridor","","4","9","","Iron Horse Armor","1","1","1","586","0.001706","minecraft:iron_horse_armor","0","",""
"chestgenhooks","pre","","mineshaftCorridor","","4","9","","Enchanted Book","1","1","1","586","0.001706","minecraft:enchanted_book","0","",""
"chestgenhooks","pre","","mineshaftCorridor","","4","9","","Bronze Pickaxe","1","1","1","586","0.001706","IC2:itemToolBronzePickaxe","0","",""
"chestgenhooks","pre","","mineshaftCorridor","","4","9","","(Filled) Tin Can","8","4","16","586","0.013652","IC2:itemTinCanFilled","0","",""
"chestgenhooks","pre","","mineshaftCorridor","","4","9","","Iridium Shard","8","2","5","586","0.013652","IC2:itemShardIridium","0","",""
"chestgenhooks","pre","","mineshaftCorridor","","4","9","","Copper Ingot","9","2","6","586","0.015358","IC2:itemIngot","0","",""
"chestgenhooks","pre","","mineshaftCorridor","","4","9","","Tin Ingot","8","1","5","586","0.013652","IC2:itemIngot","1","",""
"chestgenhooks","pre","","mineshaftCorridor","","4","9","","Pile of Ashes","25","2","8","586","0.042662","BiomesOPlenty:misc","1","",""
"chestgenhooks","pre","","mineshaftCorridor","","4","9","","Thorns","15","4","6","586","0.025597","BiomesOPlenty:plants","5","",""
"chestgenhooks","pre","","mineshaftCorridor","","4","9","","Creosote Bottle","20","4","16","586","0.034130","Railcraft:fluid.creosote.bottle","0","",""
"chestgenhooks","pre","","mineshaftCorridor","","4","9","","Crowbar","10","1","1","586","0.017065","Railcraft:tool.crowbar","0","",""
"chestgenhooks","pre","","mineshaftCorridor","","4","9","","Steel Shears","5","1","1","586","0.008532","Railcraft:tool.steel.shears","0","",""
"chestgenhooks","pre","","mineshaftCorridor","","4","9","","Steel Shovel","5","1","1","586","0.008532","Railcraft:tool.steel.shovel","0","",""
"chestgenhooks","pre","","mineshaftCorridor","","4","9","","Steel Pickaxe","5","1","1","586","0.008532","Railcraft:tool.steel.pickaxe","0","",""
"chestgenhooks","pre","","mineshaftCorridor","","4","9","","Steel Axe","5","1","1","586","0.008532","Railcraft:tool.steel.axe","0","",""
"chestgenhooks","pre","","mineshaftCorridor","","4","9","","Minecart","10","1","1","586","0.017065","minecraft:minecart","0","",""
"chestgenhooks","pre","","mineshaftCorridor","","4","9","","Chest Cart","10","1","1","586","0.017065","minecraft:chest_minecart","0","",""
"chestgenhooks","pre","","mineshaftCorridor","","4","9","","TNT Cart","5","1","3","586","0.008532","minecraft:tnt_minecart","0","",""
"chestgenhooks","pre","","mineshaftCorridor","","4","9","","Track","30","8","32","586","0.051195","minecraft:rail","0","",""
"chestgenhooks","pre","","mineshaftCorridor","","4","9","","Hopper Cart","5","1","1","586","0.008532","minecraft:hopper_minecart","0","",""
"chestgenhooks","pre","","mineshaftCorridor","","4","9","","Wooden Tie","20","4","16","586","0.034130","Railcraft:part.tie","0","",""
"chestgenhooks","pre","","mineshaftCorridor","","4","9","","Coal Coke","20","4","16","586","0.034130","Railcraft:fuel.coke","0","",""
"chestgenhooks","pre","","mineshaftCorridor","","4","9","","Tin Gear Bushing","5","1","8","586","0.008532","Railcraft:part.gear","3","",""
"chestgenhooks","pre","","mineshaftCorridor","","4","9","","Block of Steel","5","1","1","586","0.008532","Railcraft:cube","2","",""
"chestgenhooks","pre","","mineshaftCorridor","","4","9","","Wooden TNT Cart","5","1","3","586","0.008532","Railcraft:cart.tnt.wood","0","",""
"chestgenhooks","pre","","mineshaftCorridor","","4","9","","Work Cart","8","1","1","586","0.013652","Railcraft:cart.work","0","",""
"chestgenhooks","pre","","mineshaftCorridor","","4","9","","Black Lotus","6","1","1","586","0.010239","Botania:blackLotus","0","",""
"chestgenhooks","pre","","mineshaftCorridor","","4","9","","Overgrowth Seed","2","1","1","586","0.003413","Botania:overgrowthSeed","0","",""
"chestgenhooks","pre","","mineshaftCorridor","","4","9","","Codex","2","1","1","586","0.003413","VillageNames:codex","0","",""
"chestgenhooks","pre","","mineshaftCorridor","","4","9","","Amazing Technicolor Glasses","2","1","1","586","0.003413","OpenBlocks:technicolorGlasses","0","",""
"chestgenhooks","pre","","mineshaftCorridor","","4","9","","Useless Frame","9","1","1","586","0.015358","miscutils:frameUseless","0","",""
"chestgenhooks","pre","","mineshaftCorridor","","4","9","","Mutagenic Frame","8","1","3","586","0.013652","miscutils:frameMutagenic","0","",""
"chestgenhooks","pre","","mineshaftCorridor","","4","9","","Adventurer's Diary","5","1","1","586","0.008532","HardcoreEnderExpansion:adventurers_diary","0","",""
"chestgenhooks","pre","","mineshaftCorridor","","4","9","","Temple Caller","1","0","1","586","0.001706","HardcoreEnderExpansion:temple_caller","0","",""
"chestgenhooks","pre","","mineshaftCorridor","","4","9","","Knowledge Note","7","1","1","586","0.011945","HardcoreEnderExpansion:knowledge_note","0","WeightedRandomKnowledgeNote",""
"chestgenhooks","pre","","mineshaftCorridor","","4","9","","Disposable Item Turret","15","1","2","586","0.025597","openmodularturrets:disposeItemTurret","0","",""
"chestgenhooks","pre","","mineshaftCorridor","","4","9","","Turret Base (Tier 1)","15","1","1","586","0.025597","openmodularturrets:baseTierWood","0","",""
"chestgenhooks","pre","","mineshaftCorridor","","4","9","","Basic Turret Base Crank","15","1","1","586","0.025597","openmodularturrets:leverBlock","0","",""
"chestgenhooks","pre","","mineshaftCorridor","","4","9","","Broadsword","2","0","1","586","0.003413","TConstruct:broadsword","0","RandomWeaponChestContent",""
"chestgenhooks","pre","","mineshaftCorridor","","4","9","","Common Treasure","4","1","3","586","0.006826","Thaumcraft:ItemLootBag","0","",""
"chestgenhooks","pre","","mineshaftCorridor","","4","9","","Thaumium Ingot","4","1","3","586","0.006826","Thaumcraft:ItemResource","2","",""
"chestgenhooks","pre","","mineshaftCorridor","","4","9","","Amber","4","1","3","586","0.006826","Thaumcraft:ItemResource","6","",""
"chestgenhooks","pre","","mineshaftCorridor","","4","9","","Uncommon Treasure","3","1","2","586","0.005119","Thaumcraft:ItemLootBag","1","",""
"chestgenhooks","pre","","mineshaftCorridor","","4","9","","Mundane Amulet","3","1","2","586","0.005119","Thaumcraft:ItemBaubleBlanks","0","",""
"chestgenhooks","pre","","mineshaftCorridor","","4","9","","Mundane Ring","3","1","2","586","0.005119","Thaumcraft:ItemBaubleBlanks","1","",""
"chestgenhooks","pre","","mineshaftCorridor","","4","9","","Mundane Belt","3","1","2","586","0.005119","Thaumcraft:ItemBaubleBlanks","2","",""
"chestgenhooks","pre","","mineshaftCorridor","","4","9","","Knowledge Fragment","3","1","2","586","0.005119","Thaumcraft:ItemResource","9","",""
"chestgenhooks","pre","","mineshaftCorridor","","4","9","","Rare Treasure","1","1","1","586","0.001706","Thaumcraft:ItemLootBag","2","",""
"chestgenhooks","pre","","mineshaftCorridor","","4","9","","Thaumonomicon","1","1","1","586","0.001706","Thaumcraft:ItemThaumonomicon","0","",""
"chestgenhooks","pre","","mineshaftCorridor","","4","9","","Thaumium Sword","1","1","1","586","0.001706","Thaumcraft:ItemSwordThaumium","0","",""
"chestgenhooks","pre","","mineshaftCorridor","","4","9","","Thaumium Pickaxe","1","1","1","586","0.001706","Thaumcraft:ItemPickThaumium","0","",""
"chestgenhooks","pre","","mineshaftCorridor","","4","9","","Thaumium Axe","1","1","1","586","0.001706","Thaumcraft:ItemAxeThaumium","0","",""
"chestgenhooks","pre","","mineshaftCorridor","","4","9","","Thaumium Hoe","1","1","1","586","0.001706","Thaumcraft:ItemHoeThaumium","0","",""
"chestgenhooks","pre","","mineshaftCorridor","","4","9","","Ring of Protection","1","1","1","586","0.001706","Thaumcraft:ItemRingRunic","0","",""
"chestgenhooks","pre","","mineshaftCorridor","","4","9","","Apprentices Ring of Aer","1","1","1","586","0.001706","Thaumcraft:ItemBaubleBlanks","3","",""
"chestgenhooks","pre","","mineshaftCorridor","","4","9","","Apprentices Ring of Terra","1","1","1","586","0.001706","Thaumcraft:ItemBaubleBlanks","4","",""
"chestgenhooks","pre","","mineshaftCorridor","","4","9","","Apprentices Ring of Ignis","1","1","1","586","0.001706","Thaumcraft:ItemBaubleBlanks","5","",""
"chestgenhooks","pre","","mineshaftCorridor","","4","9","","Apprentices Ring of Aqua","1","1","1","586","0.001706","Thaumcraft:ItemBaubleBlanks","6","",""
"chestgenhooks","pre","","mineshaftCorridor","","4","9","","Apprentices Ring of Ordo","1","1","1","586","0.001706","Thaumcraft:ItemBaubleBlanks","7","",""
"chestgenhooks","pre","","mineshaftCorridor","","4","9","","Apprentices Ring of Perditio","1","1","1","586","0.001706","Thaumcraft:ItemBaubleBlanks","8","",""
"chestgenhooks","pre","","mineshaftCorridor","","4","9","","Vis Stone","1","1","1","586","0.001706","Thaumcraft:ItemAmuletVis","0","","{aer:0,perditio:0,aqua:200,ignis:400,terra:300,ordo:400}"
"chestgenhooks","pre","","mineshaftCorridor","","4","9","","Division Sigil","1","1","1","586","0.001706","ExtraUtilities:divisionSigil","0","",""
"chestgenhooks","pre","","mineshaftCorridor","","4","9","","Certus Quartz","2","1","4","586","0.003413","gregtech:gt.metaitem.01","8516","",""
"chestgenhooks","pre","","mineshaftCorridor","","4","9","","Certus Quartz Dust","2","1","4","586","0.003413","gregtech:gt.metaitem.01","2516","",""
"chestgenhooks","pre","","mineshaftCorridor","","4","9","","Lesser Ring of Ender Disjunction","1","1","1","586","0.001706","Automagy:baubleEnderDisjunction","1","",""
"chestgenhooks","pre","","mineshaftCorridor","","4","9","","Phial of Enchanter's Concentrate","3","1","3","586","0.005119","Automagy:phialExtra","0","",""
"chestgenhooks","pre","","mineshaftCorridor","","4","9","","Beetroot Seeds","5","1","2","586","0.008532","etfuturum:beetroot_seeds","0","",""
"chestgenhooks","pre","","mineshaftCorridor","","4","9","","Ultimate Stew","5","1","32","586","0.008532","Avaritia:Ultimate_Stew","0","",""
"chestgenhooks","pre","","mineshaftCorridor","","4","9","","Cosmic Meatballs","5","1","32","586","0.008532","Avaritia:Cosmic_Meatballs","0","",""
"chestgenhooks","pre","","mineshaftCorridor","","4","9","","Bacon Mushroom Burger","5","1","32","586","0.008532","harvestcraft:baconmushroomburgerItem","0","",""
"chestgenhooks","pre","","mineshaftCorridor","","4","9","","Deluxe Cheeseburger","5","1","32","586","0.008532","harvestcraft:deluxecheeseburgerItem","0","",""
"chestgenhooks","pre","","mineshaftCorridor","","4","9","","Delighted Meal","5","1","32","586","0.008532","harvestcraft:delightedmealItem","0","",""
"chestgenhooks","pre","","mineshaftCorridor","","4","9","","Epic Bacon","5","1","32","586","0.008532","harvestcraft:epicbaconItem","0","",""
"chestgenhooks","pre","","mineshaftCorridor","","4","9","","Sausage in Bread","5","1","32","586","0.008532","harvestcraft:sausageinbreadItem","0","",""
"chestgenhooks","pre","","mineshaftCorridor","","4","9","","Beef Wellington","5","1","32","586","0.008532","harvestcraft:beefwellingtonItem","0","",""
"chestgenhooks","pre","","mineshaftCorridor","","4","9","","Spaghetti and Meatballs","5","1","32","586","0.008532","harvestcraft:spagettiandmeatballsItem","0","",""
"chestgenhooks","pre","","mineshaftCorridor","","4","9","","Supreme Pizza","5","1","32","586","0.008532","harvestcraft:supremepizzaItem","0","",""
"chestgenhooks","pre","","mineshaftCorridor","","4","9","","Curry Rice","5","1","32","586","0.008532","harvestcraft:curryItem","0","",""
"chestgenhooks","pre","","mineshaftCorridor","","4","9","","Rainbow Curry","5","1","32","586","0.008532","harvestcraft:rainbowcurryItem","0","",""
"chestgenhooks","pre","","mineshaftCorridor","","4","9","","Hearty Breakfast","5","1","32","586","0.008532","harvestcraft:heartybreakfastItem","0","",""
"chestgenhooks","pre","","mineshaftCorridor","","4","9","","Dezil's Marshmallow","5","1","32","586","0.008532","DraconicEvolution:dezilsMarshmallow","0","",""
"chestgenhooks","pre","","mineshaftCorridor","","4","9","","Silver Ingot","12","1","4","586","0.020478","gregtech:gt.metaitem.01","11054","",""
"chestgenhooks","pre","","mineshaftCorridor","","4","9","","Lead Ingot","3","1","4","586","0.005119","gregtech:gt.metaitem.01","11089","",""
"chestgenhooks","pre","","mineshaftCorridor","","4","9","","Steel Ingot","6","1","4","586","0.010239","gregtech:gt.metaitem.01","11305","",""
"chestgenhooks","pre","","mineshaftCorridor","","4","9","","Bronze Ingot","6","1","4","586","0.010239","gregtech:gt.metaitem.01","11300","",""
"chestgenhooks","pre","","mineshaftCorridor","","4","9","","Sapphire","2","1","4","586","0.003413","gregtech:gt.metaitem.01","8503","",""
"chestgenhooks","pre","","mineshaftCorridor","","4","9","","Green Sapphire","2","1","4","586","0.003413","gregtech:gt.metaitem.01","8504","",""
"chestgenhooks","pre","","mineshaftCorridor","","4","9","","Olivine","2","1","4","586","0.003413","gregtech:gt.metaitem.01","8505","",""
"chestgenhooks","pre","","mineshaftCorridor","","4","9","","Red Garnet","4","1","4","586","0.006826","gregtech:gt.metaitem.01","8527","",""
"chestgenhooks","pre","","mineshaftCorridor","","4","9","","Yellow Garnet","4","1","4","586","0.006826","gregtech:gt.metaitem.01","8528","",""
"chestgenhooks","pre","","mineshaftCorridor","","4","9","","Ruby","2","1","4","586","0.003413","gregtech:gt.metaitem.01","8502","",""
"chestgenhooks","pre","","mineshaftCorridor","","4","9","","Emerald","2","1","4","586","0.003413","minecraft:emerald","0","",""
"chestgenhooks","pre","","naturalistChest","","0","0","","Unlit Dyed Candle","12","7","12","117","0.102564","Forestry:candle","0","","{colour:16777215}"
"chestgenhooks","pre","","naturalistChest","","0","0","","Scoop","8","1","1","117","0.068376","Forestry:scoop","0","",""
"chestgenhooks","pre","","naturalistChest","","0","0","","Propolis","6","2","4","117","0.051282","Forestry:propolis","0","",""
"chestgenhooks","pre","","naturalistChest","","0","0","","Honey Comb","7","4","12","117","0.059829","Forestry:beeCombs","0","",""
"chestgenhooks","pre","","naturalistChest","","0","0","","Frozen Comb","7","2","10","117","0.059829","Forestry:beeCombs","4","",""
"chestgenhooks","pre","","naturalistChest","","0","0","","Silky Comb","7","1","6","117","0.059829","Forestry:beeCombs","6","",""
"chestgenhooks","pre","","naturalistChest","","0","0","","Forest Princess","5","1","1","117","0.042735","Forestry:beePrincessGE","0","","{MaxH:20,Health:20,IsAnalyzed:0b,Genome:{Chromosomes:[0:{Slot:0b,UID0:""forestry.speciesForest"",UID1:""forestry.speciesForest""},1:{Slot:1b,UID0:""forestry.speedSlowest"",UID1:""forestry.speedSlowest""},2:{Slot:2b,UID0:""forestry.lifespanShorter"",UID1:""forestry.lifespanShorter""},3:{Slot:3b,UID0:""forestry.fertilityHigh"",UID1:""forestry.fertilityHigh""},4:{Slot:4b,UID0:""forestry.toleranceNone"",UID1:""forestry.toleranceNone""},5:{Slot:5b,UID0:""forestry.boolFalse"",UID1:""forestry.boolFalse""},6:{Slot:7b,UID0:""forestry.toleranceNone"",UID1:""forestry.toleranceNone""},7:{Slot:8b,UID0:""forestry.boolTrue"",UID1:""forestry.boolTrue""},8:{Slot:9b,UID0:""forestry.boolFalse"",UID1:""forestry.boolFalse""},9:{Slot:10b,UID0:""forestry.flowersVanilla"",UID1:""forestry.flowersVanilla""},10:{Slot:11b,UID0:""forestry.floweringSlower"",UID1:""forestry.floweringSlower""},11:{Slot:12b,UID0:""forestry.territoryAverage"",UID1:""forestry.territoryAverage""},12:{Slot:13b,UID0:""forestry.effectNone"",UID1:""forestry.effectNone""}]}}"
"chestgenhooks","pre","","naturalistChest","","0","0","","Common Drone","8","1","2","117","0.068376","Forestry:beeDroneGE","0","","{MaxH:20,Health:20,IsAnalyzed:0b,Genome:{Chromosomes:[0:{Slot:0b,UID0:""forestry.speciesCommon"",UID1:""forestry.speciesCommon""},1:{Slot:1b,UID0:""forestry.speedSlower"",UID1:""forestry.speedSlower""},2:{Slot:2b,UID0:""forestry.lifespanShorter"",UID1:""forestry.lifespanShorter""},3:{Slot:3b,UID0:""forestry.fertilityNormal"",UID1:""forestry.fertilityNormal""},4:{Slot:4b,UID0:""forestry.toleranceNone"",UID1:""forestry.toleranceNone""},5:{Slot:5b,UID0:""forestry.boolFalse"",UID1:""forestry.boolFalse""},6:{Slot:7b,UID0:""forestry.toleranceNone"",UID1:""forestry.toleranceNone""},7:{Slot:8b,UID0:""forestry.boolFalse"",UID1:""forestry.boolFalse""},8:{Slot:9b,UID0:""forestry.boolFalse"",UID1:""forestry.boolFalse""},9:{Slot:10b,UID0:""forestry.flowersVanilla"",UID1:""forestry.flowersVanilla""},10:{Slot:11b,UID0:""forestry.floweringSlowest"",UID1:""forestry.floweringSlowest""},11:{Slot:12b,UID0:""forestry.territoryAverage"",UID1:""forestry.territoryAverage""},12:{Slot:13b,UID0:""forestry.effectNone"",UID1:""forestry.effectNone""}]}}"
"chestgenhooks","pre","","naturalistChest","","0","0","","Meadows Princess","5","1","1","117","0.042735","Forestry:beePrincessGE","0","","{MaxH:20,Health:20,IsAnalyzed:0b,Genome:{Chromosomes:[0:{Slot:0b,UID0:""forestry.speciesMeadows"",UID1:""forestry.speciesMeadows""},1:{Slot:1b,UID0:""forestry.speedSlowest"",UID1:""forestry.speedSlowest""},2:{Slot:2b,UID0:""forestry.lifespanShorter"",UID1:""forestry.lifespanShorter""},3:{Slot:3b,UID0:""forestry.fertilityNormal"",UID1:""forestry.fertilityNormal""},4:{Slot:4b,UID0:""forestry.toleranceNone"",UID1:""forestry.toleranceNone""},5:{Slot:5b,UID0:""forestry.boolFalse"",UID1:""forestry.boolFalse""},6:{Slot:7b,UID0:""forestry.toleranceNone"",UID1:""forestry.toleranceNone""},7:{Slot:8b,UID0:""forestry.boolFalse"",UID1:""forestry.boolFalse""},8:{Slot:9b,UID0:""forestry.boolFalse"",UID1:""forestry.boolFalse""},9:{Slot:10b,UID0:""forestry.flowersVanilla"",UID1:""forestry.flowersVanilla""},10:{Slot:11b,UID0:""forestry.floweringSlower"",UID1:""forestry.floweringSlower""},11:{Slot:12b,UID0:""forestry.territoryAverage"",UID1:""forestry.territoryAverage""},12:{Slot:13b,UID0:""forestry.effectNone"",UID1:""forestry.effectNone""}]}}"
"chestgenhooks","pre","","naturalistChest","","0","0","","Grafter","8","1","1","117","0.068376","Forestry:grafter","0","",""
"chestgenhooks","pre","","naturalistChest","","0","0","","Apple Oak Sapling","6","2","3","117","0.051282","Forestry:sapling","0","","{IsAnalyzed:0b,Genome:{Chromosomes:[0:{Slot:0b,UID0:""forestry.treeOak"",UID1:""forestry.treeOak""},1:{Slot:1b,UID0:""forestry.growthLightlevel"",UID1:""forestry.growthLightlevel""},2:{Slot:2b,UID0:""forestry.heightSmall"",UID1:""forestry.heightSmall""},3:{Slot:3b,UID0:""forestry.saplingsAverage"",UID1:""forestry.saplingsAverage""},4:{Slot:4b,UID0:""forestry.fruitApple"",UID1:""forestry.fruitApple""},5:{Slot:5b,UID0:""forestry.yieldLowest"",UID1:""forestry.yieldLowest""},6:{Slot:6b,UID0:""forestry.plantTypeNone"",UID1:""forestry.plantTypeNone""},7:{Slot:7b,UID0:""forestry.sappinessLowest"",UID1:""forestry.sappinessLowest""},8:{Slot:8b,UID0:""forestry.territoryAverage"",UID1:""forestry.territoryAverage""},9:{Slot:9b,UID0:""forestry.leavesNone"",UID1:""forestry.leavesNone""},10:{Slot:10b,UID0:""forestry.maturationFaster"",UID1:""forestry.maturationFaster""},11:{Slot:11b,UID0:""forestry.i1d"",UID1:""forestry.i1d""},12:{Slot:12b,UID0:""forestry.fireproofFalse"",UID1:""forestry.fireproofFalse""}]}}"
"chestgenhooks","pre","","naturalistChest","","0","0","","Red Spruce Sapling","6","2","3","117","0.051282","Forestry:sapling","0","","{IsAnalyzed:0b,Genome:{Chromosomes:[0:{Slot:0b,UID0:""forestry.treeSpruce"",UID1:""forestry.treeSpruce""},1:{Slot:1b,UID0:""forestry.growthLightlevel"",UID1:""forestry.growthLightlevel""},2:{Slot:2b,UID0:""forestry.heightAverage"",UID1:""forestry.heightAverage""},3:{Slot:3b,UID0:""forestry.saplingsAverage"",UID1:""forestry.saplingsAverage""},4:{Slot:4b,UID0:""forestry.fruitNone"",UID1:""forestry.fruitNone""},5:{Slot:5b,UID0:""forestry.yieldLowest"",UID1:""forestry.yieldLowest""},6:{Slot:6b,UID0:""forestry.plantTypeNone"",UID1:""forestry.plantTypeNone""},7:{Slot:7b,UID0:""forestry.sappinessLowest"",UID1:""forestry.sappinessLowest""},8:{Slot:8b,UID0:""forestry.territoryAverage"",UID1:""forestry.territoryAverage""},9:{Slot:9b,UID0:""forestry.leavesNone"",UID1:""forestry.leavesNone""},10:{Slot:10b,UID0:""forestry.maturationFaster"",UID1:""forestry.maturationFaster""},11:{Slot:11b,UID0:""forestry.i1d"",UID1:""forestry.i1d""},12:{Slot:12b,UID0:""forestry.fireproofFalse"",UID1:""forestry.fireproofFalse""}]}}"
"chestgenhooks","pre","","naturalistChest","","0","0","","Silver Birch Sapling","6","2","3","117","0.051282","Forestry:sapling","0","","{IsAnalyzed:0b,Genome:{Chromosomes:[0:{Slot:0b,UID0:""forestry.treeBirch"",UID1:""forestry.treeBirch""},1:{Slot:1b,UID0:""forestry.growthLightlevel"",UID1:""forestry.growthLightlevel""},2:{Slot:2b,UID0:""forestry.heightSmall"",UID1:""forestry.heightSmall""},3:{Slot:3b,UID0:""forestry.saplingsAverage"",UID1:""forestry.saplingsAverage""},4:{Slot:4b,UID0:""forestry.fruitNone"",UID1:""forestry.fruitNone""},5:{Slot:5b,UID0:""forestry.yieldLowest"",UID1:""forestry.yieldLowest""},6:{Slot:6b,UID0:""forestry.plantTypeNone"",UID1:""forestry.plantTypeNone""},7:{Slot:7b,UID0:""forestry.sappinessLowest"",UID1:""forestry.sappinessLowest""},8:{Slot:8b,UID0:""forestry.territoryAverage"",UID1:""forestry.territoryAverage""},9:{Slot:9b,UID0:""forestry.leavesNone"",UID1:""forestry.leavesNone""},10:{Slot:10b,UID0:""forestry.maturationFaster"",UID1:""forestry.maturationFaster""},11:{Slot:11b,UID0:""forestry.i1d"",UID1:""forestry.i1d""},12:{Slot:12b,UID0:""forestry.fireproofFalse"",UID1:""forestry.fireproofFalse""}]}}"
"chestgenhooks","pre","","naturalistChest","","0","0","","Mundane Larch Sapling","4","1","2","117","0.034188","Forestry:sapling","0","","{IsAnalyzed:0b,Genome:{Chromosomes:[0:{Slot:0b,UID0:""forestry.treeLarch"",UID1:""forestry.treeLarch""},1:{Slot:1b,UID0:""forestry.growthLightlevel"",UID1:""forestry.growthLightlevel""},2:{Slot:2b,UID0:""forestry.heightAverage"",UID1:""forestry.heightAverage""},3:{Slot:3b,UID0:""forestry.saplingsLow"",UID1:""forestry.saplingsLow""},4:{Slot:4b,UID0:""forestry.fruitNone"",UID1:""forestry.fruitNone""},5:{Slot:5b,UID0:""forestry.yieldLowest"",UID1:""forestry.yieldLowest""},6:{Slot:6b,UID0:""forestry.plantTypeNone"",UID1:""forestry.plantTypeNone""},7:{Slot:7b,UID0:""forestry.sappinessLower"",UID1:""forestry.sappinessLower""},8:{Slot:8b,UID0:""forestry.territoryAverage"",UID1:""forestry.territoryAverage""},9:{Slot:9b,UID0:""forestry.leavesNone"",UID1:""forestry.leavesNone""},10:{Slot:10b,UID0:""forestry.maturationAverage"",UID1:""forestry.maturationAverage""},11:{Slot:11b,UID0:""forestry.i1d"",UID1:""forestry.i1d""},12:{Slot:12b,UID0:""forestry.fireproofFalse"",UID1:""forestry.fireproofFalse""}]}}"
"chestgenhooks","pre","","naturalistChest","","0","0","","Silver Lime Sapling","4","1","2","117","0.034188","Forestry:sapling","0","","{IsAnalyzed:0b,Genome:{Chromosomes:[0:{Slot:0b,UID0:""forestry.treeLime"",UID1:""forestry.treeLime""},1:{Slot:1b,UID0:""forestry.growthLightlevel"",UID1:""forestry.growthLightlevel""},2:{Slot:2b,UID0:""forestry.heightSmall"",UID1:""forestry.heightSmall""},3:{Slot:3b,UID0:""forestry.saplingsLow"",UID1:""forestry.saplingsLow""},4:{Slot:4b,UID0:""forestry.fruitNone"",UID1:""forestry.fruitNone""},5:{Slot:5b,UID0:""forestry.yieldLower"",UID1:""forestry.yieldLower""},6:{Slot:6b,UID0:""forestry.plantTypeNone"",UID1:""forestry.plantTypeNone""},7:{Slot:7b,UID0:""forestry.sappinessLower"",UID1:""forestry.sappinessLower""},8:{Slot:8b,UID0:""forestry.territoryAverage"",UID1:""forestry.territoryAverage""},9:{Slot:9b,UID0:""forestry.leavesNone"",UID1:""forestry.leavesNone""},10:{Slot:10b,UID0:""forestry.maturationAverage"",UID1:""forestry.maturationAverage""},11:{Slot:11b,UID0:""forestry.i1d"",UID1:""forestry.i1d""},12:{Slot:12b,UID0:""forestry.fireproofFalse"",UID1:""forestry.fireproofFalse""}]}}"
"chestgenhooks","pre","","naturalistChest","","0","0","","Apple Oak Pollen","4","2","3","117","0.034188","Forestry:pollenFertile","0","","{IsAnalyzed:0b,Genome:{Chromosomes:[0:{Slot:0b,UID0:""forestry.treeOak"",UID1:""forestry.treeOak""},1:{Slot:1b,UID0:""forestry.growthLightlevel"",UID1:""forestry.growthLightlevel""},2:{Slot:2b,UID0:""forestry.heightSmall"",UID1:""forestry.heightSmall""},3:{Slot:3b,UID0:""forestry.saplingsAverage"",UID1:""forestry.saplingsAverage""},4:{Slot:4b,UID0:""forestry.fruitApple"",UID1:""forestry.fruitApple""},5:{Slot:5b,UID0:""forestry.yieldLowest"",UID1:""forestry.yieldLowest""},6:{Slot:6b,UID0:""forestry.plantTypeNone"",UID1:""forestry.plantTypeNone""},7:{Slot:7b,UID0:""forestry.sappinessLowest"",UID1:""forestry.sappinessLowest""},8:{Slot:8b,UID0:""forestry.territoryAverage"",UID1:""forestry.territoryAverage""},9:{Slot:9b,UID0:""forestry.leavesNone"",UID1:""forestry.leavesNone""},10:{Slot:10b,UID0:""forestry.maturationFaster"",UID1:""forestry.maturationFaster""},11:{Slot:11b,UID0:""forestry.i1d"",UID1:""forestry.i1d""},12:{Slot:12b,UID0:""forestry.fireproofFalse"",UID1:""forestry.fireproofFalse""}]}}"
"chestgenhooks","pre","","naturalistChest","","0","0","","Red Spruce Pollen","4","2","3","117","0.034188","Forestry:pollenFertile","0","","{IsAnalyzed:0b,Genome:{Chromosomes:[0:{Slot:0b,UID0:""forestry.treeSpruce"",UID1:""forestry.treeSpruce""},1:{Slot:1b,UID0:""forestry.growthLightlevel"",UID1:""forestry.growthLightlevel""},2:{Slot:2b,UID0:""forestry.heightAverage"",UID1:""forestry.heightAverage""},3:{Slot:3b,UID0:""forestry.saplingsAverage"",UID1:""forestry.saplingsAverage""},4:{Slot:4b,UID0:""forestry.fruitNone"",UID1:""forestry.fruitNone""},5:{Slot:5b,UID0:""forestry.yieldLowest"",UID1:""forestry.yieldLowest""},6:{Slot:6b,UID0:""forestry.plantTypeNone"",UID1:""forestry.plantTypeNone""},7:{Slot:7b,UID0:""forestry.sappinessLowest"",UID1:""forestry.sappinessLowest""},8:{Slot:8b,UID0:""forestry.territoryAverage"",UID1:""forestry.territoryAverage""},9:{Slot:9b,UID0:""forestry.leavesNone"",UID1:""forestry.leavesNone""},10:{Slot:10b,UID0:""forestry.maturationFaster"",UID1:""forestry.maturationFaster""},11:{Slot:11b,UID0:""forestry.i1d"",UID1:""forestry.i1d""},12:{Slot:12b,UID0:""forestry.fireproofFalse"",UID1:""forestry.fireproofFalse""}]}}"
"chestgenhooks","pre","","naturalistChest","","0","0","","Silver Birch Pollen","4","2","3","117","0.034188","Forestry:pollenFertile","0","","{IsAnalyzed:0b,Genome:{Chromosomes:[0:{Slot:0b,UID0:""forestry.treeBirch"",UID1:""forestry.treeBirch""},1:{Slot:1b,UID0:""forestry.growthLightlevel"",UID1:""forestry.growthLightlevel""},2:{Slot:2b,UID0:""forestry.heightSmall"",UID1:""forestry.heightSmall""},3:{Slot:3b,UID0:""forestry.saplingsAverage"",UID1:""forestry.saplingsAverage""},4:{Slot:4b,UID0:""forestry.fruitNone"",UID1:""forestry.fruitNone""},5:{Slot:5b,UID0:""forestry.yieldLowest"",UID1:""forestry.yieldLowest""},6:{Slot:6b,UID0:""forestry.plantTypeNone"",UID1:""forestry.plantTypeNone""},7:{Slot:7b,UID0:""forestry.sappinessLowest"",UID1:""forestry.sappinessLowest""},8:{Slot:8b,UID0:""forestry.territoryAverage"",UID1:""forestry.territoryAverage""},9:{Slot:9b,UID0:""forestry.leavesNone"",UID1:""forestry.leavesNone""},10:{Slot:10b,UID0:""forestry.maturationFaster"",UID1:""forestry.maturationFaster""},11:{Slot:11b,UID0:""forestry.i1d"",UID1:""forestry.i1d""},12:{Slot:12b,UID0:""forestry.fireproofFalse"",UID1:""forestry.fireproofFalse""}]}}"
"chestgenhooks","pre","","naturalistChest","","0","0","","Mundane Larch Pollen","3","1","2","117","0.025641","Forestry:pollenFertile","0","","{IsAnalyzed:0b,Genome:{Chromosomes:[0:{Slot:0b,UID0:""forestry.treeLarch"",UID1:""forestry.treeLarch""},1:{Slot:1b,UID0:""forestry.growthLightlevel"",UID1:""forestry.growthLightlevel""},2:{Slot:2b,UID0:""forestry.heightAverage"",UID1:""forestry.heightAverage""},3:{Slot:3b,UID0:""forestry.saplingsLow"",UID1:""forestry.saplingsLow""},4:{Slot:4b,UID0:""forestry.fruitNone"",UID1:""forestry.fruitNone""},5:{Slot:5b,UID0:""forestry.yieldLowest"",UID1:""forestry.yieldLowest""},6:{Slot:6b,UID0:""forestry.plantTypeNone"",UID1:""forestry.plantTypeNone""},7:{Slot:7b,UID0:""forestry.sappinessLower"",UID1:""forestry.sappinessLower""},8:{Slot:8b,UID0:""forestry.territoryAverage"",UID1:""forestry.territoryAverage""},9:{Slot:9b,UID0:""forestry.leavesNone"",UID1:""forestry.leavesNone""},10:{Slot:10b,UID0:""forestry.maturationAverage"",UID1:""forestry.maturationAverage""},11:{Slot:11b,UID0:""forestry.i1d"",UID1:""forestry.i1d""},12:{Slot:12b,UID0:""forestry.fireproofFalse"",UID1:""forestry.fireproofFalse""}]}}"
"chestgenhooks","pre","","naturalistChest","","0","0","","Silver Lime Pollen","3","1","2","117","0.025641","Forestry:pollenFertile","0","","{IsAnalyzed:0b,Genome:{Chromosomes:[0:{Slot:0b,UID0:""forestry.treeLime"",UID1:""forestry.treeLime""},1:{Slot:1b,UID0:""forestry.growthLightlevel"",UID1:""forestry.growthLightlevel""},2:{Slot:2b,UID0:""forestry.heightSmall"",UID1:""forestry.heightSmall""},3:{Slot:3b,UID0:""forestry.saplingsLow"",UID1:""forestry.saplingsLow""},4:{Slot:4b,UID0:""forestry.fruitNone"",UID1:""forestry.fruitNone""},5:{Slot:5b,UID0:""forestry.yieldLower"",UID1:""forestry.yieldLower""},6:{Slot:6b,UID0:""forestry.plantTypeNone"",UID1:""forestry.plantTypeNone""},7:{Slot:7b,UID0:""forestry.sappinessLower"",UID1:""forestry.sappinessLower""},8:{Slot:8b,UID0:""forestry.territoryAverage"",UID1:""forestry.territoryAverage""},9:{Slot:9b,UID0:""forestry.leavesNone"",UID1:""forestry.leavesNone""},10:{Slot:10b,UID0:""forestry.maturationAverage"",UID1:""forestry.maturationAverage""},11:{Slot:11b,UID0:""forestry.i1d"",UID1:""forestry.i1d""},12:{Slot:12b,UID0:""forestry.fireproofFalse"",UID1:""forestry.fireproofFalse""}]}}"
"chestgenhooks","pre","","netherFortress","","2","5","","Diamond","5","1","3","76","0.065789","minecraft:diamond","0","",""
"chestgenhooks","pre","","netherFortress","","2","5","","Iron Ingot","5","1","5","76","0.065789","minecraft:iron_ingot","0","",""
"chestgenhooks","pre","","netherFortress","","2","5","","Gold Ingot","15","1","3","76","0.197368","minecraft:gold_ingot","0","",""
"chestgenhooks","pre","","netherFortress","","2","5","","Golden Sword","5","1","1","76","0.065789","minecraft:golden_sword","0","",""
"chestgenhooks","pre","","netherFortress","","2","5","","Golden Chestplate","5","1","1","76","0.065789","minecraft:golden_chestplate","0","",""
"chestgenhooks","pre","","netherFortress","","2","5","","Flint and Steel","5","1","1","76","0.065789","minecraft:flint_and_steel","0","",""
"chestgenhooks","pre","","netherFortress","","2","5","","Nether Wart","5","3","7","76","0.065789","minecraft:nether_wart","0","",""
"chestgenhooks","pre","","netherFortress","","2","5","","Saddle","10","1","1","76","0.131579","minecraft:saddle","0","",""
"chestgenhooks","pre","","netherFortress","","2","5","","Gold Horse Armor","8","1","1","76","0.105263","minecraft:golden_horse_armor","0","",""
"chestgenhooks","pre","","netherFortress","","2","5","","Iron Horse Armor","5","1","1","76","0.065789","minecraft:iron_horse_armor","0","",""
"chestgenhooks","pre","","netherFortress","","2","5","","Diamond Horse Armor","3","1","1","76","0.039474","minecraft:diamond_horse_armor","0","",""
"chestgenhooks","pre","","netherFortress","","2","5","","Music Disc","5","1","1","76","0.065789","etfuturum:pigstep_record","0","",""
"chestgenhooks","pre","","pyramidDesertyChest","","2","7","","Diamond","3","1","3","358","0.008380","minecraft:diamond","0","",""
"chestgenhooks","pre","","pyramidDesertyChest","","2","7","","Iron Ingot","10","1","5","358","0.027933","minecraft:iron_ingot","0","",""
"chestgenhooks","pre","","pyramidDesertyChest","","2","7","","Gold Ingot","15","2","7","358","0.041899","minecraft:gold_ingot","0","",""
"chestgenhooks","pre","","pyramidDesertyChest","","2","7","","Emerald","2","1","3","358","0.005587","minecraft:emerald","0","",""
"chestgenhooks","pre","","pyramidDesertyChest","","2","7","","Bone","20","4","6","358","0.055866","minecraft:bone","0","",""
"chestgenhooks","pre","","pyramidDesertyChest","","2","7","","Rotten Flesh","16","3","7","358","0.044693","minecraft:rotten_flesh","0","",""
"chestgenhooks","pre","","pyramidDesertyChest","","2","7","","Saddle","3","1","1","358","0.008380","minecraft:saddle","0","",""
"chestgenhooks","pre","","pyramidDesertyChest","","2","7","","Iron Horse Armor","1","1","1","358","0.002793","minecraft:iron_horse_armor","0","",""
"chestgenhooks","pre","","pyramidDesertyChest","","2","7","","Gold Horse Armor","1","1","1","358","0.002793","minecraft:golden_horse_armor","0","",""
"chestgenhooks","pre","","pyramidDesertyChest","","2","7","","Diamond Horse Armor","1","1","1","358","0.002793","minecraft:diamond_horse_armor","0","",""
"chestgenhooks","pre","","pyramidDesertyChest","","2","7","","Enchanted Book","1","1","1","358","0.002793","minecraft:enchanted_book","0","",""
"chestgenhooks","pre","","pyramidDesertyChest","","2","7","","Bronze Pickaxe","3","1","1","358","0.008380","IC2:itemToolBronzePickaxe","0","",""
"chestgenhooks","pre","","pyramidDesertyChest","","2","7","","Bronze Sword","3","1","1","358","0.008380","IC2:itemToolBronzeSword","0","",""
"chestgenhooks","pre","","pyramidDesertyChest","","2","7","","Bronze Helmet","3","1","1","358","0.008380","IC2:itemArmorBronzeHelmet","0","",""
"chestgenhooks","pre","","pyramidDesertyChest","","2","7","","Bronze Chestplate","3","1","1","358","0.008380","IC2:itemArmorBronzeChestplate","0","",""
"chestgenhooks","pre","","pyramidDesertyChest","","2","7","","Bronze Leggings","3","1","1","358","0.008380","IC2:itemArmorBronzeLegs","0","",""
"chestgenhooks","pre","","pyramidDesertyChest","","2","7","","Bronze Boots","3","1","1","358","0.008380","IC2:itemArmorBronzeBoots","0","",""
"chestgenhooks","pre","","pyramidDesertyChest","","2","7","","Copper Ingot","9","2","6","358","0.025140","IC2:itemIngot","0","",""
"chestgenhooks","pre","","pyramidDesertyChest","","2","7","","Tin Ingot","8","1","5","358","0.022346","IC2:itemIngot","1","",""
"chestgenhooks","pre","","pyramidDesertyChest","","2","7","","Steel Sword","5","1","1","358","0.013966","Railcraft:tool.steel.sword","0","",""
"chestgenhooks","pre","","pyramidDesertyChest","","2","7","","Steel Helmet","5","1","1","358","0.013966","Railcraft:armor.steel.helmet","0","",""
"chestgenhooks","pre","","pyramidDesertyChest","","2","7","","Steel Chestplate","5","1","1","358","0.013966","Railcraft:armor.steel.plate","0","",""
"chestgenhooks","pre","","pyramidDesertyChest","","2","7","","Steel Leggings","5","1","1","358","0.013966","Railcraft:armor.steel.legs","0","",""
"chestgenhooks","pre","","pyramidDesertyChest","","2","7","","Steel Boots","5","1","1","358","0.013966","Railcraft:armor.steel.boots","0","",""
"chestgenhooks","pre","","pyramidDesertyChest","","2","7","","Black Lotus","6","1","1","358","0.016760","Botania:blackLotus","0","",""
"chestgenhooks","pre","","pyramidDesertyChest","","2","7","","Overgrowth Seed","2","1","1","358","0.005587","Botania:overgrowthSeed","0","",""
"chestgenhooks","pre","","pyramidDesertyChest","","2","7","","Codex","12","1","1","358","0.033520","VillageNames:codex","0","",""
"chestgenhooks","pre","","pyramidDesertyChest","","2","7","","Mutagenic Frame","9","1","1","358","0.025140","miscutils:frameMutagenic","0","",""
"chestgenhooks","pre","","pyramidDesertyChest","","2","7","","Miniature Red Heart","10","1","1","358","0.027933","TConstruct:heartCanister","1","",""
"chestgenhooks","pre","","pyramidDesertyChest","","2","7","","Adventurer's Diary","5","1","1","358","0.013966","HardcoreEnderExpansion:adventurers_diary","0","",""
"chestgenhooks","pre","","pyramidDesertyChest","","2","7","","Temple Caller","1","0","1","358","0.002793","HardcoreEnderExpansion:temple_caller","0","",""
"chestgenhooks","pre","","pyramidDesertyChest","","2","7","","Knowledge Note","6","1","1","358","0.016760","HardcoreEnderExpansion:knowledge_note","0","WeightedRandomKnowledgeNote",""
"chestgenhooks","pre","","pyramidDesertyChest","","2","7","","Floppy Disk","5","1","1","358","0.013966","OpenComputers:item","4","Loot",""
"chestgenhooks","pre","","pyramidDesertyChest","","2","7","","Broadsword","2","0","1","358","0.005587","TConstruct:broadsword","0","RandomWeaponChestContent",""
"chestgenhooks","pre","","pyramidDesertyChest","","2","7","","Common Treasure","5","1","3","358","0.013966","Thaumcraft:ItemLootBag","0","",""
"chestgenhooks","pre","","pyramidDesertyChest","","2","7","","Thaumium Ingot","5","1","3","358","0.013966","Thaumcraft:ItemResource","2","",""
"chestgenhooks","pre","","pyramidDesertyChest","","2","7","","Amber","5","1","3","358","0.013966","Thaumcraft:ItemResource","6","",""
"chestgenhooks","pre","","pyramidDesertyChest","","2","7","","Uncommon Treasure","4","1","2","358","0.011173","Thaumcraft:ItemLootBag","1","",""
"chestgenhooks","pre","","pyramidDesertyChest","","2","7","","Mundane Amulet","4","1","2","358","0.011173","Thaumcraft:ItemBaubleBlanks","0","",""
"chestgenhooks","pre","","pyramidDesertyChest","","2","7","","Mundane Ring","4","1","2","358","0.011173","Thaumcraft:ItemBaubleBlanks","1","",""
"chestgenhooks","pre","","pyramidDesertyChest","","2","7","","Mundane Belt","4","1","2","358","0.011173","Thaumcraft:ItemBaubleBlanks","2","",""
"chestgenhooks","pre","","pyramidDesertyChest","","2","7","","Knowledge Fragment","4","1","2","358","0.011173","Thaumcraft:ItemResource","9","",""
"chestgenhooks","pre","","pyramidDesertyChest","","2","7","","Rare Treasure","1","1","1","358","0.002793","Thaumcraft:ItemLootBag","2","",""
"chestgenhooks","pre","","pyramidDesertyChest","","2","7","","Thaumonomicon","1","1","1","358","0.002793","Thaumcraft:ItemThaumonomicon","0","",""
"chestgenhooks","pre","","pyramidDesertyChest","","2","7","","Thaumium Sword","1","1","1","358","0.002793","Thaumcraft:ItemSwordThaumium","0","",""
"chestgenhooks","pre","","pyramidDesertyChest","","2","7","","Thaumium Pickaxe","1","1","1","358","0.002793","Thaumcraft:ItemPickThaumium","0","",""
"chestgenhooks","pre","","pyramidDesertyChest","","2","7","","Thaumium Axe","1","1","1","358","0.002793","Thaumcraft:ItemAxeThaumium","0","",""
"chestgenhooks","pre","","pyramidDesertyChest","","2","7","","Thaumium Hoe","1","1","1","358","0.002793","Thaumcraft:ItemHoeThaumium","0","",""
"chestgenhooks","pre","","pyramidDesertyChest","","2","7","","Ring of Protection","1","1","1","358","0.002793","Thaumcraft:ItemRingRunic","0","",""
"chestgenhooks","pre","","pyramidDesertyChest","","2","7","","Apprentices Ring of Aer","1","1","1","358","0.002793","Thaumcraft:ItemBaubleBlanks","3","",""
"chestgenhooks","pre","","pyramidDesertyChest","","2","7","","Apprentices Ring of Terra","1","1","1","358","0.002793","Thaumcraft:ItemBaubleBlanks","4","",""
"chestgenhooks","pre","","pyramidDesertyChest","","2","7","","Apprentices Ring of Ignis","1","1","1","358","0.002793","Thaumcraft:ItemBaubleBlanks","5","",""
"chestgenhooks","pre","","pyramidDesertyChest","","2","7","","Apprentices Ring of Aqua","1","1","1","358","0.002793","Thaumcraft:ItemBaubleBlanks","6","",""
"chestgenhooks","pre","","pyramidDesertyChest","","2","7","","Apprentices Ring of Ordo","1","1","1","358","0.002793","Thaumcraft:ItemBaubleBlanks","7","",""
"chestgenhooks","pre","","pyramidDesertyChest","","2","7","","Apprentices Ring of Perditio","1","1","1","358","0.002793","Thaumcraft:ItemBaubleBlanks","8","",""
"chestgenhooks","pre","","pyramidDesertyChest","","2","7","","Vis Stone","1","1","1","358","0.002793","Thaumcraft:ItemAmuletVis","0","","{aer:0,perditio:0,aqua:200,ignis:400,terra:300,ordo:400}"
"chestgenhooks","pre","","pyramidDesertyChest","","2","7","","Division Sigil","5","1","1","358","0.013966","ExtraUtilities:divisionSigil","0","",""
"chestgenhooks","pre","","pyramidDesertyChest","","2","7","","Lesser Ring of Ender Disjunction","1","1","1","358","0.002793","Automagy:baubleEnderDisjunction","1","",""
"chestgenhooks","pre","","pyramidDesertyChest","","2","7","","Phial of Enchanter's Concentrate","3","1","3","358","0.008380","Automagy:phialExtra","0","",""
"chestgenhooks","pre","","pyramidDesertyChest","","2","7","","Beetroot Seeds","5","1","2","358","0.013966","etfuturum:beetroot_seeds","0","",""
"chestgenhooks","pre","","pyramidDesertyChest","","2","7","","Ultimate Stew","5","1","32","358","0.013966","Avaritia:Ultimate_Stew","0","",""
"chestgenhooks","pre","","pyramidDesertyChest","","2","7","","Cosmic Meatballs","5","1","32","358","0.013966","Avaritia:Cosmic_Meatballs","0","",""
"chestgenhooks","pre","","pyramidDesertyChest","","2","7","","Bacon Mushroom Burger","5","1","32","358","0.013966","harvestcraft:baconmushroomburgerItem","0","",""
"chestgenhooks","pre","","pyramidDesertyChest","","2","7","","Deluxe Cheeseburger","5","1","32","358","0.013966","harvestcraft:deluxecheeseburgerItem","0","",""
"chestgenhooks","pre","","pyramidDesertyChest","","2","7","","Delighted Meal","5","1","32","358","0.013966","harvestcraft:delightedmealItem","0","",""
"chestgenhooks","pre","","pyramidDesertyChest","","2","7","","Epic Bacon","5","1","32","358","0.013966","harvestcraft:epicbaconItem","0","",""
"chestgenhooks","pre","","pyramidDesertyChest","","2","7","","Sausage in Bread","5","1","32","358","0.013966","harvestcraft:sausageinbreadItem","0","",""
"chestgenhooks","pre","","pyramidDesertyChest","","2","7","","Beef Wellington","5","1","32","358","0.013966","harvestcraft:beefwellingtonItem","0","",""
"chestgenhooks","pre","","pyramidDesertyChest","","2","7","","Spaghetti and Meatballs","5","1","32","358","0.013966","harvestcraft:spagettiandmeatballsItem","0","",""
"chestgenhooks","pre","","pyramidDesertyChest","","2","7","","Supreme Pizza","5","1","32","358","0.013966","harvestcraft:supremepizzaItem","0","",""
"chestgenhooks","pre","","pyramidDesertyChest","","2","7","","Curry Rice","5","1","32","358","0.013966","harvestcraft:curryItem","0","",""
"chestgenhooks","pre","","pyramidDesertyChest","","2","7","","Rainbow Curry","5","1","32","358","0.013966","harvestcraft:rainbowcurryItem","0","",""
"chestgenhooks","pre","","pyramidDesertyChest","","2","7","","Hearty Breakfast","5","1","32","358","0.013966","harvestcraft:heartybreakfastItem","0","",""
"chestgenhooks","pre","","pyramidDesertyChest","","2","7","","Dezil's Marshmallow","5","1","32","358","0.013966","DraconicEvolution:dezilsMarshmallow","0","",""
"chestgenhooks","pre","","pyramidDesertyChest","","2","7","","Holy Water","2","4","8","358","0.005587","gregtech:gt.metaitem.02","32137","",""
"chestgenhooks","pre","","pyramidDesertyChest","","2","7","","Silver Ingot","12","4","16","358","0.033520","gregtech:gt.metaitem.01","11054","",""
"chestgenhooks","pre","","pyramidDesertyChest","","2","7","","Platinum Ingot","4","2","8","358","0.011173","gregtech:gt.metaitem.01","11085","",""
"chestgenhooks","pre","","pyramidDesertyChest","","2","7","","Ruby","2","2","8","358","0.005587","gregtech:gt.metaitem.01","8502","",""
"chestgenhooks","pre","","pyramidDesertyChest","","2","7","","Sapphire","2","2","8","358","0.005587","gregtech:gt.metaitem.01","8503","",""
"chestgenhooks","pre","","pyramidDesertyChest","","2","7","","Green Sapphire","2","2","8","358","0.005587","gregtech:gt.metaitem.01","8504","",""
"chestgenhooks","pre","","pyramidDesertyChest","","2","7","","Olivine","2","2","8","358","0.005587","gregtech:gt.metaitem.01","8505","",""
"chestgenhooks","pre","","pyramidDesertyChest","","2","7","","Red Garnet","4","2","8","358","0.011173","gregtech:gt.metaitem.01","8527","",""
"chestgenhooks","pre","","pyramidDesertyChest","","2","7","","Yellow Garnet","4","2","8","358","0.011173","gregtech:gt.metaitem.01","8528","",""
"chestgenhooks","pre","","pyramidJungleChest","","2","7","","Diamond","3","1","3","397","0.007557","minecraft:diamond","0","",""
"chestgenhooks","pre","","pyramidJungleChest","","2","7","","Iron Ingot","10","1","5","397","0.025189","minecraft:iron_ingot","0","",""
"chestgenhooks","pre","","pyramidJungleChest","","2","7","","Gold Ingot","15","2","7","397","0.037783","minecraft:gold_ingot","0","",""
"chestgenhooks","pre","","pyramidJungleChest","","2","7","","Emerald","2","1","3","397","0.005038","minecraft:emerald","0","",""
"chestgenhooks","pre","","pyramidJungleChest","","2","7","","Bone","20","4","6","397","0.050378","minecraft:bone","0","",""
"chestgenhooks","pre","","pyramidJungleChest","","2","7","","Rotten Flesh","16","3","7","397","0.040302","minecraft:rotten_flesh","0","",""
"chestgenhooks","pre","","pyramidJungleChest","","2","7","","Saddle","3","1","1","397","0.007557","minecraft:saddle","0","",""
"chestgenhooks","pre","","pyramidJungleChest","","2","7","","Iron Horse Armor","1","1","1","397","0.002519","minecraft:iron_horse_armor","0","",""
"chestgenhooks","pre","","pyramidJungleChest","","2","7","","Gold Horse Armor","1","1","1","397","0.002519","minecraft:golden_horse_armor","0","",""
"chestgenhooks","pre","","pyramidJungleChest","","2","7","","Diamond Horse Armor","1","1","1","397","0.002519","minecraft:diamond_horse_armor","0","",""
"chestgenhooks","pre","","pyramidJungleChest","","2","7","","Enchanted Book","1","1","1","397","0.002519","minecraft:enchanted_book","0","",""
"chestgenhooks","pre","","pyramidJungleChest","","2","7","","Bronze Pickaxe","3","1","1","397","0.007557","IC2:itemToolBronzePickaxe","0","",""
"chestgenhooks","pre","","pyramidJungleChest","","2","7","","Bronze Sword","3","1","1","397","0.007557","IC2:itemToolBronzeSword","0","",""
"chestgenhooks","pre","","pyramidJungleChest","","2","7","","Bronze Helmet","3","1","1","397","0.007557","IC2:itemArmorBronzeHelmet","0","",""
"chestgenhooks","pre","","pyramidJungleChest","","2","7","","Bronze Chestplate","3","1","1","397","0.007557","IC2:itemArmorBronzeChestplate","0","",""
"chestgenhooks","pre","","pyramidJungleChest","","2","7","","Bronze Leggings","3","1","1","397","0.007557","IC2:itemArmorBronzeLegs","0","",""
"chestgenhooks","pre","","pyramidJungleChest","","2","7","","Bronze Boots","3","1","1","397","0.007557","IC2:itemArmorBronzeBoots","0","",""
"chestgenhooks","pre","","pyramidJungleChest","","2","7","","Copper Ingot","9","2","6","397","0.022670","IC2:itemIngot","0","",""
"chestgenhooks","pre","","pyramidJungleChest","","2","7","","Tin Ingot","8","1","5","397","0.020151","IC2:itemIngot","1","",""
"chestgenhooks","pre","","pyramidJungleChest","","2","7","","Steel Sword","5","1","1","397","0.012594","Railcraft:tool.steel.sword","0","",""
"chestgenhooks","pre","","pyramidJungleChest","","2","7","","Steel Helmet","5","1","1","397","0.012594","Railcraft:armor.steel.helmet","0","",""
"chestgenhooks","pre","","pyramidJungleChest","","2","7","","Steel Chestplate","5","1","1","397","0.012594","Railcraft:armor.steel.plate","0","",""
"chestgenhooks","pre","","pyramidJungleChest","","2","7","","Steel Leggings","5","1","1","397","0.012594","Railcraft:armor.steel.legs","0","",""
"chestgenhooks","pre","","pyramidJungleChest","","2","7","","Steel Boots","5","1","1","397","0.012594","Railcraft:armor.steel.boots","0","",""
"chestgenhooks","pre","","pyramidJungleChest","","2","7","","Black Lotus","6","1","1","397","0.015113","Botania:blackLotus","0","",""
"chestgenhooks","pre","","pyramidJungleChest","","2","7","","Overgrowth Seed","2","1","1","397","0.005038","Botania:overgrowthSeed","0","",""
"chestgenhooks","pre","","pyramidJungleChest","","2","7","","Codex","10","1","1","397","0.025189","VillageNames:codex","0","",""
"chestgenhooks","pre","","pyramidJungleChest","","2","7","","Mutagenic Frame","12","1","3","397","0.030227","miscutils:frameMutagenic","0","",""
"chestgenhooks","pre","","pyramidJungleChest","","2","7","","Arborist Frame","24","1","4","397","0.060453","miscutils:frameArborists","0","",""
"chestgenhooks","pre","","pyramidJungleChest","","2","7","","Miniature Red Heart","10","1","1","397","0.025189","TConstruct:heartCanister","1","",""
"chestgenhooks","pre","","pyramidJungleChest","","2","7","","Adventurer's Diary","5","1","1","397","0.012594","HardcoreEnderExpansion:adventurers_diary","0","",""
"chestgenhooks","pre","","pyramidJungleChest","","2","7","","Temple Caller","1","0","1","397","0.002519","HardcoreEnderExpansion:temple_caller","0","",""
"chestgenhooks","pre","","pyramidJungleChest","","2","7","","Knowledge Note","6","1","1","397","0.015113","HardcoreEnderExpansion:knowledge_note","0","WeightedRandomKnowledgeNote",""
"chestgenhooks","pre","","pyramidJungleChest","","2","7","","Floppy Disk","5","1","1","397","0.012594","OpenComputers:item","4","Loot",""
"chestgenhooks","pre","","pyramidJungleChest","","2","7","","Broadsword","2","0","1","397","0.005038","TConstruct:broadsword","0","RandomWeaponChestContent",""
"chestgenhooks","pre","","pyramidJungleChest","","2","7","","Common Treasure","5","1","3","397","0.012594","Thaumcraft:ItemLootBag","0","",""
"chestgenhooks","pre","","pyramidJungleChest","","2","7","","Thaumium Ingot","5","1","3","397","0.012594","Thaumcraft:ItemResource","2","",""
"chestgenhooks","pre","","pyramidJungleChest","","2","7","","Amber","5","1","3","397","0.012594","Thaumcraft:ItemResource","6","",""
"chestgenhooks","pre","","pyramidJungleChest","","2","7","","Uncommon Treasure","4","1","2","397","0.010076","Thaumcraft:ItemLootBag","1","",""
"chestgenhooks","pre","","pyramidJungleChest","","2","7","","Mundane Amulet","4","1","2","397","0.010076","Thaumcraft:ItemBaubleBlanks","0","",""
"chestgenhooks","pre","","pyramidJungleChest","","2","7","","Mundane Ring","4","1","2","397","0.010076","Thaumcraft:ItemBaubleBlanks","1","",""
"chestgenhooks","pre","","pyramidJungleChest","","2","7","","Mundane Belt","4","1","2","397","0.010076","Thaumcraft:ItemBaubleBlanks","2","",""
"chestgenhooks","pre","","pyramidJungleChest","","2","7","","Knowledge Fragment","4","1","2","397","0.010076","Thaumcraft:ItemResource","9","",""
"chestgenhooks","pre","","pyramidJungleChest","","2","7","","Rare Treasure","1","1","1","397","0.002519","Thaumcraft:ItemLootBag","2","",""
"chestgenhooks","pre","","pyramidJungleChest","","2","7","","Thaumonomicon","1","1","1","397","0.002519","Thaumcraft:ItemThaumonomicon","0","",""
"chestgenhooks","pre","","pyramidJungleChest","","2","7","","Thaumium Sword","1","1","1","397","0.002519","Thaumcraft:ItemSwordThaumium","0","",""
"chestgenhooks","pre","","pyramidJungleChest","","2","7","","Thaumium Pickaxe","1","1","1","397","0.002519","Thaumcraft:ItemPickThaumium","0","",""
"chestgenhooks","pre","","pyramidJungleChest","","2","7","","Thaumium Axe","1","1","1","397","0.002519","Thaumcraft:ItemAxeThaumium","0","",""
"chestgenhooks","pre","","pyramidJungleChest","","2","7","","Thaumium Hoe","1","1","1","397","0.002519","Thaumcraft:ItemHoeThaumium","0","",""
"chestgenhooks","pre","","pyramidJungleChest","","2","7","","Ring of Protection","1","1","1","397","0.002519","Thaumcraft:ItemRingRunic","0","",""
"chestgenhooks","pre","","pyramidJungleChest","","2","7","","Apprentices Ring of Aer","1","1","1","397","0.002519","Thaumcraft:ItemBaubleBlanks","3","",""
"chestgenhooks","pre","","pyramidJungleChest","","2","7","","Apprentices Ring of Terra","1","1","1","397","0.002519","Thaumcraft:ItemBaubleBlanks","4","",""
"chestgenhooks","pre","","pyramidJungleChest","","2","7","","Apprentices Ring of Ignis","1","1","1","397","0.002519","Thaumcraft:ItemBaubleBlanks","5","",""
"chestgenhooks","pre","","pyramidJungleChest","","2","7","","Apprentices Ring of Aqua","1","1","1","397","0.002519","Thaumcraft:ItemBaubleBlanks","6","",""
"chestgenhooks","pre","","pyramidJungleChest","","2","7","","Apprentices Ring of Ordo","1","1","1","397","0.002519","Thaumcraft:ItemBaubleBlanks","7","",""
"chestgenhooks","pre","","pyramidJungleChest","","2","7","","Apprentices Ring of Perditio","1","1","1","397","0.002519","Thaumcraft:ItemBaubleBlanks","8","",""
"chestgenhooks","pre","","pyramidJungleChest","","2","7","","Vis Stone","1","1","1","397","0.002519","Thaumcraft:ItemAmuletVis","0","","{aer:0,perditio:0,aqua:200,ignis:400,terra:300,ordo:400}"
"chestgenhooks","pre","","pyramidJungleChest","","2","7","","Division Sigil","14","1","1","397","0.035264","ExtraUtilities:divisionSigil","0","",""
"chestgenhooks","pre","","pyramidJungleChest","","2","7","","Lesser Ring of Ender Disjunction","1","1","1","397","0.002519","Automagy:baubleEnderDisjunction","1","",""
"chestgenhooks","pre","","pyramidJungleChest","","2","7","","Phial of Enchanter's Concentrate","3","1","3","397","0.007557","Automagy:phialExtra","0","",""
"chestgenhooks","pre","","pyramidJungleChest","","2","7","","Beetroot Seeds","5","1","2","397","0.012594","etfuturum:beetroot_seeds","0","",""
"chestgenhooks","pre","","pyramidJungleChest","","2","7","","Ultimate Stew","5","1","32","397","0.012594","Avaritia:Ultimate_Stew","0","",""
"chestgenhooks","pre","","pyramidJungleChest","","2","7","","Cosmic Meatballs","5","1","32","397","0.012594","Avaritia:Cosmic_Meatballs","0","",""
"chestgenhooks","pre","","pyramidJungleChest","","2","7","","Bacon Mushroom Burger","5","1","32","397","0.012594","harvestcraft:baconmushroomburgerItem","0","",""
"chestgenhooks","pre","","pyramidJungleChest","","2","7","","Deluxe Cheeseburger","5","1","32","397","0.012594","harvestcraft:deluxecheeseburgerItem","0","",""
"chestgenhooks","pre","","pyramidJungleChest","","2","7","","Delighted Meal","5","1","32","397","0.012594","harvestcraft:delightedmealItem","0","",""
"chestgenhooks","pre","","pyramidJungleChest","","2","7","","Epic Bacon","5","1","32","397","0.012594","harvestcraft:epicbaconItem","0","",""
"chestgenhooks","pre","","pyramidJungleChest","","2","7","","Sausage in Bread","5","1","32","397","0.012594","harvestcraft:sausageinbreadItem","0","",""
"chestgenhooks","pre","","pyramidJungleChest","","2","7","","Beef Wellington","5","1","32","397","0.012594","harvestcraft:beefwellingtonItem","0","",""
"chestgenhooks","pre","","pyramidJungleChest","","2","7","","Spaghetti and Meatballs","5","1","32","397","0.012594","harvestcraft:spagettiandmeatballsItem","0","",""
"chestgenhooks","pre","","pyramidJungleChest","","2","7","","Supreme Pizza","5","1","32","397","0.012594","harvestcraft:supremepizzaItem","0","",""
"chestgenhooks","pre","","pyramidJungleChest","","2","7","","Curry Rice","5","1","32","397","0.012594","harvestcraft:curryItem","0","",""
"chestgenhooks","pre","","pyramidJungleChest","","2","7","","Rainbow Curry","5","1","32","397","0.012594","harvestcraft:rainbowcurryItem","0","",""
"chestgenhooks","pre","","pyramidJungleChest","","2","7","","Hearty Breakfast","5","1","32","397","0.012594","harvestcraft:heartybreakfastItem","0","",""
"chestgenhooks","pre","","pyramidJungleChest","","2","7","","Dezil's Marshmallow","5","1","32","397","0.012594","DraconicEvolution:dezilsMarshmallow","0","",""
"chestgenhooks","pre","","pyramidJungleChest","","2","7","","Ancient Gold Coin","10","16","64","397","0.025189","gregtech:gt.metaitem.01","32008","",""
"chestgenhooks","pre","","pyramidJungleChest","","2","7","","Zero Point Module","1","1","1","397","0.002519","gregtech:gt.metaitem.01","32598","","{GT.ItemCharge:2147483647L}"
"chestgenhooks","pre","","pyramidJungleChest","","2","7","","Bronze Ingot","12","4","16","397","0.030227","gregtech:gt.metaitem.01","11300","",""
"chestgenhooks","pre","","pyramidJungleChest","","2","7","","Ruby","2","2","8","397","0.005038","gregtech:gt.metaitem.01","8502","",""
"chestgenhooks","pre","","pyramidJungleChest","","2","7","","Sapphire","2","2","8","397","0.005038","gregtech:gt.metaitem.01","8503","",""
"chestgenhooks","pre","","pyramidJungleChest","","2","7","","Green Sapphire","2","2","8","397","0.005038","gregtech:gt.metaitem.01","8504","",""
"chestgenhooks","pre","","pyramidJungleChest","","2","7","","Olivine","2","2","8","397","0.005038","gregtech:gt.metaitem.01","8505","",""
"chestgenhooks","pre","","pyramidJungleChest","","2","7","","Red Garnet","4","2","8","397","0.010076","gregtech:gt.metaitem.01","8527","",""
"chestgenhooks","pre","","pyramidJungleChest","","2","7","","Yellow Garnet","4","2","8","397","0.010076","gregtech:gt.metaitem.01","8528","",""
"chestgenhooks","pre","","pyramidJungleDispenser","","2","2","","Arrow","30","2","7","60","0.500000","minecraft:arrow","0","",""
"chestgenhooks","pre","","pyramidJungleDispenser","","2","2","","Fire Charge","30","2","8","60","0.500000","minecraft:fire_charge","0","",""
"chestgenhooks","pre","","railcraft:workshop","","10","16","","Creosote Bottle","20","4","16","313","0.063898","Railcraft:fluid.creosote.bottle","0","",""
"chestgenhooks","pre","","railcraft:workshop","","10","16","","Coal","20","8","16","313","0.063898","minecraft:coal","0","",""
"chestgenhooks","pre","","railcraft:workshop","","10","16","","Crowbar","10","1","1","313","0.031949","Railcraft:tool.crowbar","0","",""
"chestgenhooks","pre","","railcraft:workshop","","10","16","","Magnifying Glass","5","1","1","313","0.015974","Railcraft:tool.magnifying.glass","0","",""
"chestgenhooks","pre","","railcraft:workshop","","10","16","","Trackman's Goggles","5","1","1","313","0.015974","Railcraft:armor.goggles","0","",""
"chestgenhooks","pre","","railcraft:workshop","","10","16","","Engineer's Overalls","10","1","1","313","0.031949","Railcraft:armor.overalls","0","",""
"chestgenhooks","pre","","railcraft:workshop","","10","16","","Minecart","10","1","1","313","0.031949","minecraft:minecart","0","",""
"chestgenhooks","pre","","railcraft:workshop","","10","16","","Chest Cart","10","1","1","313","0.031949","minecraft:chest_minecart","0","",""
"chestgenhooks","pre","","railcraft:workshop","","10","16","","TNT Cart","5","1","3","313","0.015974","minecraft:tnt_minecart","0","",""
"chestgenhooks","pre","","railcraft:workshop","","10","16","","Track","30","8","32","313","0.095847","minecraft:rail","0","",""
"chestgenhooks","pre","","railcraft:workshop","","10","16","","Hopper Cart","5","1","1","313","0.015974","minecraft:hopper_minecart","0","",""
"chestgenhooks","pre","","railcraft:workshop","","10","16","","Wooden Tie","20","4","16","313","0.063898","Railcraft:part.tie","0","",""
"chestgenhooks","pre","","railcraft:workshop","","10","16","","Stone Tie","10","4","16","313","0.031949","Railcraft:part.tie","1","",""
"chestgenhooks","pre","","railcraft:workshop","","10","16","","Standard Rail","20","6","18","313","0.063898","Railcraft:part.rail","0","",""
"chestgenhooks","pre","","railcraft:workshop","","10","16","","Advanced Rail","20","6","18","313","0.063898","Railcraft:part.rail","1","",""
"chestgenhooks","pre","","railcraft:workshop","","10","16","","Wooden Rail","20","6","18","313","0.063898","Railcraft:part.rail","2","",""
"chestgenhooks","pre","","railcraft:workshop","","10","16","","H.S. Rail","20","6","18","313","0.063898","Railcraft:part.rail","3","",""
"chestgenhooks","pre","","railcraft:workshop","","10","16","","Reinforced Rail","20","6","18","313","0.063898","Railcraft:part.rail","4","",""
"chestgenhooks","pre","","railcraft:workshop","","10","16","","Coal Coke","20","4","16","313","0.063898","Railcraft:fuel.coke","0","",""
"chestgenhooks","pre","","railcraft:workshop","","10","16","","Tin Gear Bushing","5","1","8","313","0.015974","Railcraft:part.gear","3","",""
"chestgenhooks","pre","","railcraft:workshop","","10","16","","Wooden TNT Cart","5","1","3","313","0.015974","Railcraft:cart.tnt.wood","0","",""
"chestgenhooks","pre","","railcraft:workshop","","10","16","","Work Cart","8","1","1","313","0.025559","Railcraft:cart.work","0","",""
"chestgenhooks","pre","","railcraft:workshop","","10","16","","Signal Block Surveyor","5","1","1","313","0.015974","Railcraft:tool.surveyor","0","",""
"chestgenhooks","pre","","railcraft:workshop","","10","16","","Signal Tuner","5","1","1","313","0.015974","Railcraft:tool.signal.tuner","0","",""
"chestgenhooks","pre","","railcraft:workshop","","10","16","","Electric Meter","5","1","1","313","0.015974","Railcraft:tool.electric.meter","0","",""
"chestgenhooks","pre","","strongholdCorridor","","2","4","","Ender Pearl","10","1","1","391","0.025575","minecraft:ender_pearl","0","",""
"chestgenhooks","pre","","strongholdCorridor","","2","4","","Diamond","3","1","3","391","0.007673","minecraft:diamond","0","",""
"chestgenhooks","pre","","strongholdCorridor","","2","4","","Iron Ingot","10","1","5","391","0.025575","minecraft:iron_ingot","0","",""
"chestgenhooks","pre","","strongholdCorridor","","2","4","","Gold Ingot","5","1","3","391","0.012788","minecraft:gold_ingot","0","",""
"chestgenhooks","pre","","strongholdCorridor","","2","4","","Redstone","5","4","9","391","0.012788","minecraft:redstone","0","",""
"chestgenhooks","pre","","strongholdCorridor","","2","4","","Bread","15","1","3","391","0.038363","minecraft:bread","0","",""
"chestgenhooks","pre","","strongholdCorridor","","2","4","","Apple","15","1","3","391","0.038363","minecraft:apple","0","",""
"chestgenhooks","pre","","strongholdCorridor","","2","4","","Iron Pickaxe","5","1","1","391","0.012788","minecraft:iron_pickaxe","0","",""
"chestgenhooks","pre","","strongholdCorridor","","2","4","","Iron Sword","5","1","1","391","0.012788","minecraft:iron_sword","0","",""
"chestgenhooks","pre","","strongholdCorridor","","2","4","","Iron Chestplate","5","1","1","391","0.012788","minecraft:iron_chestplate","0","",""
"chestgenhooks","pre","","strongholdCorridor","","2","4","","Iron Helmet","5","1","1","391","0.012788","minecraft:iron_helmet","0","",""
"chestgenhooks","pre","","strongholdCorridor","","2","4","","Iron Leggings","5","1","1","391","0.012788","minecraft:iron_leggings","0","",""
"chestgenhooks","pre","","strongholdCorridor","","2","4","","Iron Boots","5","1","1","391","0.012788","minecraft:iron_boots","0","",""
"chestgenhooks","pre","","strongholdCorridor","","2","4","","Golden Apple","1","1","1","391","0.002558","minecraft:golden_apple","0","",""
"chestgenhooks","pre","","strongholdCorridor","","2","4","","Saddle","1","1","1","391","0.002558","minecraft:saddle","0","",""
"chestgenhooks","pre","","strongholdCorridor","","2","4","","Iron Horse Armor","1","1","1","391","0.002558","minecraft:iron_horse_armor","0","",""
"chestgenhooks","pre","","strongholdCorridor","","2","4","","Gold Horse Armor","1","1","1","391","0.002558","minecraft:golden_horse_armor","0","",""
"chestgenhooks","pre","","strongholdCorridor","","2","4","","Diamond Horse Armor","1","1","1","391","0.002558","minecraft:diamond_horse_armor","0","",""
"chestgenhooks","pre","","strongholdCorridor","","2","4","","Enchanted Book","1","1","1","391","0.002558","minecraft:enchanted_book","0","",""
"chestgenhooks","pre","","strongholdCorridor","","2","4","","Iridium Ore","1","1","4","391","0.002558","IC2:itemOreIridium","0","",""
"chestgenhooks","pre","","strongholdCorridor","","2","4","","Iridium Shard","8","4","14","391","0.020460","IC2:itemShardIridium","0","",""
"chestgenhooks","pre","","strongholdCorridor","","2","4","","Bronze Pickaxe","3","1","1","391","0.007673","IC2:itemToolBronzePickaxe","0","",""
"chestgenhooks","pre","","strongholdCorridor","","2","4","","Bronze Sword","3","1","1","391","0.007673","IC2:itemToolBronzeSword","0","",""
"chestgenhooks","pre","","strongholdCorridor","","2","4","","Bronze Helmet","3","1","1","391","0.007673","IC2:itemArmorBronzeHelmet","0","",""
"chestgenhooks","pre","","strongholdCorridor","","2","4","","Bronze Chestplate","3","1","1","391","0.007673","IC2:itemArmorBronzeChestplate","0","",""
"chestgenhooks","pre","","strongholdCorridor","","2","4","","Bronze Leggings","3","1","1","391","0.007673","IC2:itemArmorBronzeLegs","0","",""
"chestgenhooks","pre","","strongholdCorridor","","2","4","","Bronze Boots","3","1","1","391","0.007673","IC2:itemArmorBronzeBoots","0","",""
"chestgenhooks","pre","","strongholdCorridor","","2","4","","Copper Ingot","9","2","6","391","0.023018","IC2:itemIngot","0","",""
"chestgenhooks","pre","","strongholdCorridor","","2","4","","Tin Ingot","8","1","5","391","0.020460","IC2:itemIngot","1","",""
"chestgenhooks","pre","","strongholdCorridor","","2","4","","Glowflower","25","1","4","391","0.063939","BiomesOPlenty:flowers","3","",""
"chestgenhooks","pre","","strongholdCorridor","","2","4","","Deathbloom","25","1","4","391","0.063939","BiomesOPlenty:flowers","2","",""
"chestgenhooks","pre","","strongholdCorridor","","2","4","","Steel Sword","5","1","1","391","0.012788","Railcraft:tool.steel.sword","0","",""
"chestgenhooks","pre","","strongholdCorridor","","2","4","","Steel Helmet","5","1","1","391","0.012788","Railcraft:armor.steel.helmet","0","",""
"chestgenhooks","pre","","strongholdCorridor","","2","4","","Steel Chestplate","5","1","1","391","0.012788","Railcraft:armor.steel.plate","0","",""
"chestgenhooks","pre","","strongholdCorridor","","2","4","","Steel Leggings","5","1","1","391","0.012788","Railcraft:armor.steel.legs","0","",""
"chestgenhooks","pre","","strongholdCorridor","","2","4","","Steel Boots","5","1","1","391","0.012788","Railcraft:armor.steel.boots","0","",""
"chestgenhooks","pre","","strongholdCorridor","","2","4","","Mana Pearl","8","1","1","391","0.020460","Botania:manaResource","1","",""
"chestgenhooks","pre","","strongholdCorridor","","2","4","","Mana Pearl","2","1","3","391","0.005115","Botania:manaResource","1","",""
"chestgenhooks","pre","","strongholdCorridor","","2","4","","Black Lotus","6","1","1","391","0.015345","Botania:blackLotus","0","",""
"chestgenhooks","pre","","strongholdCorridor","","2","4","","Overgrowth Seed","2","1","1","391","0.005115","Botania:overgrowthSeed","0","",""
"chestgenhooks","pre","","strongholdCorridor","","2","4","","Oblivion Frame","18","1","1","391","0.046036","MagicBees:frameOblivion","0","",""
"chestgenhooks","pre","","strongholdCorridor","","2","4","","Codex","4","1","1","391","0.010230","VillageNames:codex","0","",""
"chestgenhooks","pre","","strongholdCorridor","","2","4","","Useless Frame","14","1","1","391","0.035806","miscutils:frameUseless","0","",""
"chestgenhooks","pre","","strongholdCorridor","","2","4","","Adventurer's Diary","5","1","1","391","0.012788","HardcoreEnderExpansion:adventurers_diary","0","",""
"chestgenhooks","pre","","strongholdCorridor","","2","4","","Temple Caller","1","0","1","391","0.002558","HardcoreEnderExpansion:temple_caller","0","",""
"chestgenhooks","pre","","strongholdCorridor","","2","4","","Knowledge Note","9","1","1","391","0.023018","HardcoreEnderExpansion:knowledge_note","0","WeightedRandomKnowledgeNote",""
"chestgenhooks","pre","","strongholdCorridor","","2","4","","Disposable Item Turret","15","1","2","391","0.038363","openmodularturrets:disposeItemTurret","0","",""
"chestgenhooks","pre","","strongholdCorridor","","2","4","","Turret Base (Tier 1)","15","1","1","391","0.038363","openmodularturrets:baseTierWood","0","",""
"chestgenhooks","pre","","strongholdCorridor","","2","4","","Basic Turret Base Crank","15","1","1","391","0.038363","openmodularturrets:leverBlock","0","",""
"chestgenhooks","pre","","strongholdCorridor","","2","4","","Common Treasure","4","1","3","391","0.010230","Thaumcraft:ItemLootBag","0","",""
"chestgenhooks","pre","","strongholdCorridor","","2","4","","Thaumium Ingot","4","1","3","391","0.010230","Thaumcraft:ItemResource","2","",""
"chestgenhooks","pre","","strongholdCorridor","","2","4","","Amber","4","1","3","391","0.010230","Thaumcraft:ItemResource","6","",""
"chestgenhooks","pre","","strongholdCorridor","","2","4","","Uncommon Treasure","3","1","2","391","0.007673","Thaumcraft:ItemLootBag","1","",""
"chestgenhooks","pre","","strongholdCorridor","","2","4","","Mundane Amulet","3","1","2","391","0.007673","Thaumcraft:ItemBaubleBlanks","0","",""
"chestgenhooks","pre","","strongholdCorridor","","2","4","","Mundane Ring","3","1","2","391","0.007673","Thaumcraft:ItemBaubleBlanks","1","",""
"chestgenhooks","pre","","strongholdCorridor","","2","4","","Mundane Belt","3","1","2","391","0.007673","Thaumcraft:ItemBaubleBlanks","2","",""
"chestgenhooks","pre","","strongholdCorridor","","2","4","","Knowledge Fragment","3","1","2","391","0.007673","Thaumcraft:ItemResource","9","",""
"chestgenhooks","pre","","strongholdCorridor","","2","4","","Rare Treasure","1","1","1","391","0.002558","Thaumcraft:ItemLootBag","2","",""
"chestgenhooks","pre","","strongholdCorridor","","2","4","","Thaumonomicon","1","1","1","391","0.002558","Thaumcraft:ItemThaumonomicon","0","",""
"chestgenhooks","pre","","strongholdCorridor","","2","4","","Thaumium Sword","1","1","1","391","0.002558","Thaumcraft:ItemSwordThaumium","0","",""
"chestgenhooks","pre","","strongholdCorridor","","2","4","","Thaumium Pickaxe","1","1","1","391","0.002558","Thaumcraft:ItemPickThaumium","0","",""
"chestgenhooks","pre","","strongholdCorridor","","2","4","","Thaumium Axe","1","1","1","391","0.002558","Thaumcraft:ItemAxeThaumium","0","",""
"chestgenhooks","pre","","strongholdCorridor","","2","4","","Thaumium Hoe","1","1","1","391","0.002558","Thaumcraft:ItemHoeThaumium","0","",""
"chestgenhooks","pre","","strongholdCorridor","","2","4","","Ring of Protection","1","1","1","391","0.002558","Thaumcraft:ItemRingRunic","0","",""
"chestgenhooks","pre","","strongholdCorridor","","2","4","","Apprentices Ring of Aer","1","1","1","391","0.002558","Thaumcraft:ItemBaubleBlanks","3","",""
"chestgenhooks","pre","","strongholdCorridor","","2","4","","Apprentices Ring of Terra","1","1","1","391","0.002558","Thaumcraft:ItemBaubleBlanks","4","",""
"chestgenhooks","pre","","strongholdCorridor","","2","4","","Apprentices Ring of Ignis","1","1","1","391","0.002558","Thaumcraft:ItemBaubleBlanks","5","",""
"chestgenhooks","pre","","strongholdCorridor","","2","4","","Apprentices Ring of Aqua","1","1","1","391","0.002558","Thaumcraft:ItemBaubleBlanks","6","",""
"chestgenhooks","pre","","strongholdCorridor","","2","4","","Apprentices Ring of Ordo","1","1","1","391","0.002558","Thaumcraft:ItemBaubleBlanks","7","",""
"chestgenhooks","pre","","strongholdCorridor","","2","4","","Apprentices Ring of Perditio","1","1","1","391","0.002558","Thaumcraft:ItemBaubleBlanks","8","",""
"chestgenhooks","pre","","strongholdCorridor","","2","4","","Vis Stone","1","1","1","391","0.002558","Thaumcraft:ItemAmuletVis","0","","{aer:0,perditio:0,aqua:200,ignis:400,terra:300,ordo:400}"
"chestgenhooks","pre","","strongholdCorridor","","2","4","","Division Sigil","4","1","1","391","0.010230","ExtraUtilities:divisionSigil","0","",""
"chestgenhooks","pre","","strongholdCorridor","","2","4","","Lesser Ring of Ender Disjunction","1","1","1","391","0.002558","Automagy:baubleEnderDisjunction","1","",""
"chestgenhooks","pre","","strongholdCorridor","","2","4","","Phial of Enchanter's Concentrate","3","1","3","391","0.007673","Automagy:phialExtra","0","",""
"chestgenhooks","pre","","strongholdCorridor","","2","4","","Music Disc","1","1","1","391","0.002558","etfuturum:otherside_record","0","",""
"chestgenhooks","pre","","strongholdCorridor","","2","4","","Music Disc","1","1","1","391","0.002558","etfuturum:precipice_record","0","",""
"chestgenhooks","pre","","strongholdCorridor","","2","4","","Music Disc","1","1","1","391","0.002558","etfuturum:creator_music_box_record","0","",""
"chestgenhooks","pre","","strongholdCorridor","","2","4","","Music Disc","1","1","1","391","0.002558","etfuturum:creator_record","0","",""
"chestgenhooks","pre","","strongholdCorridor","","2","4","","Disc Fragment","1","1","1","391","0.002558","etfuturum:disc_fragment_5","0","",""
"chestgenhooks","pre","","strongholdCorridor","","2","4","","Beetroot Seeds","5","1","2","391","0.012788","etfuturum:beetroot_seeds","0","",""
"chestgenhooks","pre","","strongholdCrossing","","1","5","","Iron Ingot","10","1","5","272","0.036765","minecraft:iron_ingot","0","",""
"chestgenhooks","pre","","strongholdCrossing","","1","5","","Gold Ingot","5","1","3","272","0.018382","minecraft:gold_ingot","0","",""
"chestgenhooks","pre","","strongholdCrossing","","1","5","","Redstone","5","4","9","272","0.018382","minecraft:redstone","0","",""
"chestgenhooks","pre","","strongholdCrossing","","1","5","","Coal","10","3","8","272","0.036765","minecraft:coal","0","",""
"chestgenhooks","pre","","strongholdCrossing","","1","5","","Bread","15","1","3","272","0.055147","minecraft:bread","0","",""
"chestgenhooks","pre","","strongholdCrossing","","1","5","","Apple","15","1","3","272","0.055147","minecraft:apple","0","",""
"chestgenhooks","pre","","strongholdCrossing","","1","5","","Iron Pickaxe","1","1","1","272","0.003676","minecraft:iron_pickaxe","0","",""
"chestgenhooks","pre","","strongholdCrossing","","1","5","","Enchanted Book","1","1","1","272","0.003676","minecraft:enchanted_book","0","",""
"chestgenhooks","pre","","strongholdCrossing","","1","5","","Bronze Pickaxe","1","1","1","272","0.003676","IC2:itemToolBronzePickaxe","0","",""
"chestgenhooks","pre","","strongholdCrossing","","1","5","","Iridium Ore","1","1","1","272","0.003676","IC2:itemOreIridium","0","",""
"chestgenhooks","pre","","strongholdCrossing","","1","5","","Iridium Shard","4","3","7","272","0.014706","IC2:itemShardIridium","0","",""
"chestgenhooks","pre","","strongholdCrossing","","1","5","","Bronze Pickaxe","3","1","1","272","0.011029","IC2:itemToolBronzePickaxe","0","",""
"chestgenhooks","pre","","strongholdCrossing","","1","5","","Bronze Sword","3","1","1","272","0.011029","IC2:itemToolBronzeSword","0","",""
"chestgenhooks","pre","","strongholdCrossing","","1","5","","Bronze Helmet","3","1","1","272","0.011029","IC2:itemArmorBronzeHelmet","0","",""
"chestgenhooks","pre","","strongholdCrossing","","1","5","","Bronze Chestplate","3","1","1","272","0.011029","IC2:itemArmorBronzeChestplate","0","",""
"chestgenhooks","pre","","strongholdCrossing","","1","5","","Bronze Leggings","3","1","1","272","0.011029","IC2:itemArmorBronzeLegs","0","",""
"chestgenhooks","pre","","strongholdCrossing","","1","5","","Bronze Boots","3","1","1","272","0.011029","IC2:itemArmorBronzeBoots","0","",""
"chestgenhooks","pre","","strongholdCrossing","","1","5","","Copper Ingot","9","2","6","272","0.033088","IC2:itemIngot","0","",""
"chestgenhooks","pre","","strongholdCrossing","","1","5","","Tin Ingot","8","1","5","272","0.029412","IC2:itemIngot","1","",""
"chestgenhooks","pre","","strongholdCrossing","","1","5","","Glowflower","25","1","4","272","0.091912","BiomesOPlenty:flowers","3","",""
"chestgenhooks","pre","","strongholdCrossing","","1","5","","Deathbloom","25","1","4","272","0.091912","BiomesOPlenty:flowers","2","",""
"chestgenhooks","pre","","strongholdCrossing","","1","5","","Steel Sword","5","1","1","272","0.018382","Railcraft:tool.steel.sword","0","",""
"chestgenhooks","pre","","strongholdCrossing","","1","5","","Steel Helmet","5","1","1","272","0.018382","Railcraft:armor.steel.helmet","0","",""
"chestgenhooks","pre","","strongholdCrossing","","1","5","","Steel Chestplate","5","1","1","272","0.018382","Railcraft:armor.steel.plate","0","",""
"chestgenhooks","pre","","strongholdCrossing","","1","5","","Steel Leggings","5","1","1","272","0.018382","Railcraft:armor.steel.legs","0","",""
"chestgenhooks","pre","","strongholdCrossing","","1","5","","Steel Boots","5","1","1","272","0.018382","Railcraft:armor.steel.boots","0","",""
"chestgenhooks","pre","","strongholdCrossing","","1","5","","Codex","15","1","1","272","0.055147","VillageNames:codex","0","",""
"chestgenhooks","pre","","strongholdCrossing","","1","5","","Temple Caller","1","0","1","272","0.003676","HardcoreEnderExpansion:temple_caller","0","",""
"chestgenhooks","pre","","strongholdCrossing","","1","5","","Knowledge Note","9","1","1","272","0.033088","HardcoreEnderExpansion:knowledge_note","0","WeightedRandomKnowledgeNote",""
"chestgenhooks","pre","","strongholdCrossing","","1","5","","Common Treasure","4","1","3","272","0.014706","Thaumcraft:ItemLootBag","0","",""
"chestgenhooks","pre","","strongholdCrossing","","1","5","","Thaumium Ingot","4","1","3","272","0.014706","Thaumcraft:ItemResource","2","",""
"chestgenhooks","pre","","strongholdCrossing","","1","5","","Amber","4","1","3","272","0.014706","Thaumcraft:ItemResource","6","",""
"chestgenhooks","pre","","strongholdCrossing","","1","5","","Uncommon Treasure","3","1","2","272","0.011029","Thaumcraft:ItemLootBag","1","",""
"chestgenhooks","pre","","strongholdCrossing","","1","5","","Mundane Amulet","3","1","2","272","0.011029","Thaumcraft:ItemBaubleBlanks","0","",""
"chestgenhooks","pre","","strongholdCrossing","","1","5","","Mundane Ring","3","1","2","272","0.011029","Thaumcraft:ItemBaubleBlanks","1","",""
"chestgenhooks","pre","","strongholdCrossing","","1","5","","Mundane Belt","3","1","2","272","0.011029","Thaumcraft:ItemBaubleBlanks","2","",""
"chestgenhooks","pre","","strongholdCrossing","","1","5","","Knowledge Fragment","3","1","2","272","0.011029","Thaumcraft:ItemResource","9","",""
"chestgenhooks","pre","","strongholdCrossing","","1","5","","Rare Treasure","1","1","1","272","0.003676","Thaumcraft:ItemLootBag","2","",""
"chestgenhooks","pre","","strongholdCrossing","","1","5","","Thaumonomicon","1","1","1","272","0.003676","Thaumcraft:ItemThaumonomicon","0","",""
"chestgenhooks","pre","","strongholdCrossing","","1","5","","Thaumium Sword","1","1","1","272","0.003676","Thaumcraft:ItemSwordThaumium","0","",""
"chestgenhooks","pre","","strongholdCrossing","","1","5","","Thaumium Pickaxe","1","1","1","272","0.003676","Thaumcraft:ItemPickThaumium","0","",""
"chestgenhooks","pre","","strongholdCrossing","","1","5","","Thaumium Axe","1","1","1","272","0.003676","Thaumcraft:ItemAxeThaumium","0","",""
"chestgenhooks","pre","","strongholdCrossing","","1","5","","Thaumium Hoe","1","1","1","272","0.003676","Thaumcraft:ItemHoeThaumium","0","",""
"chestgenhooks","pre","","strongholdCrossing","","1","5","","Ring of Protection","1","1","1","272","0.003676","Thaumcraft:ItemRingRunic","0","",""
"chestgenhooks","pre","","strongholdCrossing","","1","5","","Apprentices Ring of Aer","1","1","1","272","0.003676","Thaumcraft:ItemBaubleBlanks","3","",""
"chestgenhooks","pre","","strongholdCrossing","","1","5","","Apprentices Ring of Terra","1","1","1","272","0.003676","Thaumcraft:ItemBaubleBlanks","4","",""
"chestgenhooks","pre","","strongholdCrossing","","1","5","","Apprentices Ring of Ignis","1","1","1","272","0.003676","Thaumcraft:ItemBaubleBlanks","5","",""
"chestgenhooks","pre","","strongholdCrossing","","1","5","","Apprentices Ring of Aqua","1","1","1","272","0.003676","Thaumcraft:ItemBaubleBlanks","6","",""
"chestgenhooks","pre","","strongholdCrossing","","1","5","","Apprentices Ring of Ordo","1","1","1","272","0.003676","Thaumcraft:ItemBaubleBlanks","7","",""
"chestgenhooks","pre","","strongholdCrossing","","1","5","","Apprentices Ring of Perditio","1","1","1","272","0.003676","Thaumcraft:ItemBaubleBlanks","8","",""
"chestgenhooks","pre","","strongholdCrossing","","1","5","","Vis Stone","1","1","1","272","0.003676","Thaumcraft:ItemAmuletVis","0","","{aer:0,perditio:0,aqua:200,ignis:400,terra:300,ordo:400}"
"chestgenhooks","pre","","strongholdCrossing","","1","5","","Division Sigil","3","1","1","272","0.011029","ExtraUtilities:divisionSigil","0","",""
"chestgenhooks","pre","","strongholdCrossing","","1","5","","Lesser Ring of Ender Disjunction","1","1","1","272","0.003676","Automagy:baubleEnderDisjunction","1","",""
"chestgenhooks","pre","","strongholdCrossing","","1","5","","Phial of Enchanter's Concentrate","3","1","3","272","0.011029","Automagy:phialExtra","0","",""
"chestgenhooks","pre","","strongholdCrossing","","1","5","","Beetroot Seeds","5","1","2","272","0.018382","etfuturum:beetroot_seeds","0","",""
"chestgenhooks","pre","","strongholdCrossing","","1","5","","Holy Water","6","4","8","272","0.022059","gregtech:gt.metaitem.02","32137","",""
"chestgenhooks","pre","","strongholdCrossing","","1","5","","Mc Guffium 239","10","1","1","272","0.036765","gregtech:gt.metaitem.01","32765","",""
"chestgenhooks","pre","","strongholdLibrary","","1","5","","Book","20","1","3","224","0.089286","minecraft:book","0","",""
"chestgenhooks","pre","","strongholdLibrary","","1","5","","Paper","20","2","7","224","0.089286","minecraft:paper","0","",""
"chestgenhooks","pre","","strongholdLibrary","","1","5","","Empty Map","1","1","1","224","0.004464","minecraft:map","0","",""
"chestgenhooks","pre","","strongholdLibrary","","1","5","","Compass","1","1","1","224","0.004464","minecraft:compass","0","",""
"chestgenhooks","pre","","strongholdLibrary","","1","5","","Enchanted Book","2","1","5","224","0.008929","minecraft:enchanted_book","0","",""
"chestgenhooks","pre","","strongholdLibrary","","1","5","","Oblivion Frame","23","1","3","224","0.102679","MagicBees:frameOblivion","0","",""
"chestgenhooks","pre","","strongholdLibrary","","1","5","","Codex","20","1","3","224","0.089286","VillageNames:codex","0","",""
"chestgenhooks","pre","","strongholdLibrary","","1","5","","Useless Frame","18","1","3","224","0.080357","miscutils:frameUseless","0","",""
"chestgenhooks","pre","","strongholdLibrary","","1","5","","Slowing Frame","24","1","4","224","0.107143","miscutils:frameSlowing","0","",""
"chestgenhooks","pre","","strongholdLibrary","","1","5","","Adventurer's Diary","8","1","1","224","0.035714","HardcoreEnderExpansion:adventurers_diary","0","",""
"chestgenhooks","pre","","strongholdLibrary","","1","5","","Temple Caller","1","1","1","224","0.004464","HardcoreEnderExpansion:temple_caller","0","",""
"chestgenhooks","pre","","strongholdLibrary","","1","5","","Knowledge Note","9","1","1","224","0.040179","HardcoreEnderExpansion:knowledge_note","0","WeightedRandomKnowledgeNote",""
"chestgenhooks","pre","","strongholdLibrary","","1","5","","Floppy Disk","5","1","1","224","0.022321","OpenComputers:item","4","Loot",""
"chestgenhooks","pre","","strongholdLibrary","","1","5","","Broadsword","2","0","1","224","0.008929","TConstruct:broadsword","0","RandomWeaponChestContent",""
"chestgenhooks","pre","","strongholdLibrary","","1","5","","Common Treasure","4","1","3","224","0.017857","Thaumcraft:ItemLootBag","0","",""
"chestgenhooks","pre","","strongholdLibrary","","1","5","","Thaumium Ingot","4","1","3","224","0.017857","Thaumcraft:ItemResource","2","",""
"chestgenhooks","pre","","strongholdLibrary","","1","5","","Amber","4","1","3","224","0.017857","Thaumcraft:ItemResource","6","",""
"chestgenhooks","pre","","strongholdLibrary","","1","5","","Uncommon Treasure","3","1","2","224","0.013393","Thaumcraft:ItemLootBag","1","",""
"chestgenhooks","pre","","strongholdLibrary","","1","5","","Mundane Amulet","3","1","2","224","0.013393","Thaumcraft:ItemBaubleBlanks","0","",""
"chestgenhooks","pre","","strongholdLibrary","","1","5","","Mundane Ring","3","1","2","224","0.013393","Thaumcraft:ItemBaubleBlanks","1","",""
"chestgenhooks","pre","","strongholdLibrary","","1","5","","Mundane Belt","3","1","2","224","0.013393","Thaumcraft:ItemBaubleBlanks","2","",""
"chestgenhooks","pre","","strongholdLibrary","","1","5","","Knowledge Fragment","3","1","2","224","0.013393","Thaumcraft:ItemResource","9","",""
"chestgenhooks","pre","","strongholdLibrary","","1","5","","Knowledge Fragment","20","3","6","224","0.089286","Thaumcraft:ItemResource","9","",""
"chestgenhooks","pre","","strongholdLibrary","","1","5","","Rare Treasure","1","1","1","224","0.004464","Thaumcraft:ItemLootBag","2","",""
"chestgenhooks","pre","","strongholdLibrary","","1","5","","Thaumonomicon","1","1","1","224","0.004464","Thaumcraft:ItemThaumonomicon","0","",""
"chestgenhooks","pre","","strongholdLibrary","","1","5","","Thaumium Sword","1","1","1","224","0.004464","Thaumcraft:ItemSwordThaumium","0","",""
"chestgenhooks","pre","","strongholdLibrary","","1","5","","Thaumium Pickaxe","1","1","1","224","0.004464","Thaumcraft:ItemPickThaumium","0","",""
"chestgenhooks","pre","","strongholdLibrary","","1","5","","Thaumium Axe","1","1","1","224","0.004464","Thaumcraft:ItemAxeThaumium","0","",""
"chestgenhooks","pre","","strongholdLibrary","","1","5","","Thaumium Hoe","1","1","1","224","0.004464","Thaumcraft:ItemHoeThaumium","0","",""
"chestgenhooks","pre","","strongholdLibrary","","1","5","","Ring of Protection","1","1","1","224","0.004464","Thaumcraft:ItemRingRunic","0","",""
"chestgenhooks","pre","","strongholdLibrary","","1","5","","Apprentices Ring of Aer","1","1","1","224","0.004464","Thaumcraft:ItemBaubleBlanks","3","",""
"chestgenhooks","pre","","strongholdLibrary","","1","5","","Apprentices Ring of Terra","1","1","1","224","0.004464","Thaumcraft:ItemBaubleBlanks","4","",""
"chestgenhooks","pre","","strongholdLibrary","","1","5","","Apprentices Ring of Ignis","1","1","1","224","0.004464","Thaumcraft:ItemBaubleBlanks","5","",""
"chestgenhooks","pre","","strongholdLibrary","","1","5","","Apprentices Ring of Aqua","1","1","1","224","0.004464","Thaumcraft:ItemBaubleBlanks","6","",""
"chestgenhooks","pre","","strongholdLibrary","","1","5","","Apprentices Ring of Ordo","1","1","1","224","0.004464","Thaumcraft:ItemBaubleBlanks","7","",""
"chestgenhooks","pre","","strongholdLibrary","","1","5","","Apprentices Ring of Perditio","1","1","1","224","0.004464","Thaumcraft:ItemBaubleBlanks","8","",""
"chestgenhooks","pre","","strongholdLibrary","","1","5","","Vis Stone","1","1","1","224","0.004464","Thaumcraft:ItemAmuletVis","0","","{aer:0,perditio:0,aqua:200,ignis:400,terra:300,ordo:400}"
"chestgenhooks","pre","","strongholdLibrary","","1","5","","Lesser Ring of Ender Disjunction","1","1","1","224","0.004464","Automagy:baubleEnderDisjunction","1","",""
"chestgenhooks","pre","","strongholdLibrary","","1","5","","Phial of Enchanter's Concentrate","3","1","3","224","0.013393","Automagy:phialExtra","0","",""
"chestgenhooks","pre","","strongholdLibrary","","1","5","","Beetroot Seeds","5","1","2","224","0.022321","etfuturum:beetroot_seeds","0","",""
"chestgenhooks","pre","","towerChestContents","","0","0","","Gemcutter's Tools","8","1","1","8","1.000000","WitchingGadgets:item.WG_Material","8","",""
"chestgenhooks","pre","","villageBlacksmith","","3","9","","Diamond","3","1","3","384","0.007813","minecraft:diamond","0","",""
"chestgenhooks","pre","","villageBlacksmith","","3","9","","Iron Ingot","10","1","5","384","0.026042","minecraft:iron_ingot","0","",""
"chestgenhooks","pre","","villageBlacksmith","","3","9","","Gold Ingot","5","1","3","384","0.013021","minecraft:gold_ingot","0","",""
"chestgenhooks","pre","","villageBlacksmith","","3","9","","Bread","15","1","3","384","0.039063","minecraft:bread","0","",""
"chestgenhooks","pre","","villageBlacksmith","","3","9","","Apple","15","1","3","384","0.039063","minecraft:apple","0","",""
"chestgenhooks","pre","","villageBlacksmith","","3","9","","Iron Pickaxe","5","1","1","384","0.013021","minecraft:iron_pickaxe","0","",""
"chestgenhooks","pre","","villageBlacksmith","","3","9","","Iron Sword","5","1","1","384","0.013021","minecraft:iron_sword","0","",""
"chestgenhooks","pre","","villageBlacksmith","","3","9","","Iron Chestplate","5","1","1","384","0.013021","minecraft:iron_chestplate","0","",""
"chestgenhooks","pre","","villageBlacksmith","","3","9","","Iron Helmet","5","1","1","384","0.013021","minecraft:iron_helmet","0","",""
"chestgenhooks","pre","","villageBlacksmith","","3","9","","Iron Leggings","5","1","1","384","0.013021","minecraft:iron_leggings","0","",""
"chestgenhooks","pre","","villageBlacksmith","","3","9","","Iron Boots","5","1","1","384","0.013021","minecraft:iron_boots","0","",""
"chestgenhooks","pre","","villageBlacksmith","","3","9","","Obsidian","5","3","7","384","0.013021","minecraft:obsidian","0","",""
"chestgenhooks","pre","","villageBlacksmith","","3","9","","Oak Sapling","5","3","7","384","0.013021","minecraft:sapling","0","",""
"chestgenhooks","pre","","villageBlacksmith","","3","9","","Saddle","3","1","1","384","0.007813","minecraft:saddle","0","",""
"chestgenhooks","pre","","villageBlacksmith","","3","9","","Iron Horse Armor","1","1","1","384","0.002604","minecraft:iron_horse_armor","0","",""
"chestgenhooks","pre","","villageBlacksmith","","3","9","","Gold Horse Armor","1","1","1","384","0.002604","minecraft:golden_horse_armor","0","",""
"chestgenhooks","pre","","villageBlacksmith","","3","9","","Diamond Horse Armor","1","1","1","384","0.002604","minecraft:diamond_horse_armor","0","",""
"chestgenhooks","pre","","villageBlacksmith","","3","9","","Bronze Ingot","5","2","4","384","0.013021","IC2:itemIngot","2","",""
"chestgenhooks","pre","","villageBlacksmith","","3","9","","Iridium Shard","4","3","7","384","0.010417","IC2:itemShardIridium","0","",""
"chestgenhooks","pre","","villageBlacksmith","","3","9","","Bronze Pickaxe","3","1","1","384","0.007813","IC2:itemToolBronzePickaxe","0","",""
"chestgenhooks","pre","","villageBlacksmith","","3","9","","Bronze Sword","3","1","1","384","0.007813","IC2:itemToolBronzeSword","0","",""
"chestgenhooks","pre","","villageBlacksmith","","3","9","","Bronze Helmet","3","1","1","384","0.007813","IC2:itemArmorBronzeHelmet","0","",""
"chestgenhooks","pre","","villageBlacksmith","","3","9","","Bronze Chestplate","3","1","1","384","0.007813","IC2:itemArmorBronzeChestplate","0","",""
"chestgenhooks","pre","","villageBlacksmith","","3","9","","Bronze Leggings","3","1","1","384","0.007813","IC2:itemArmorBronzeLegs","0","",""
"chestgenhooks","pre","","villageBlacksmith","","3","9","","Bronze Boots","3","1","1","384","0.007813","IC2:itemArmorBronzeBoots","0","",""
"chestgenhooks","pre","","villageBlacksmith","","3","9","","Copper Ingot","9","2","6","384","0.023438","IC2:itemIngot","0","",""
"chestgenhooks","pre","","villageBlacksmith","","3","9","","Tin Ingot","8","1","5","384","0.020833","IC2:itemIngot","1","",""
"chestgenhooks","pre","","villageBlacksmith","","3","9","","Rubber Tree Sapling","4","1","4","384","0.010417","IC2:blockRubSapling","0","",""
"chestgenhooks","pre","","villageBlacksmith","","3","9","","Thorns","25","2","6","384","0.065104","BiomesOPlenty:plants","5","",""
"chestgenhooks","pre","","villageBlacksmith","","3","9","","Pile of Ashes","25","2","8","384","0.065104","BiomesOPlenty:misc","1","",""
"chestgenhooks","pre","","villageBlacksmith","","3","9","","Wading Boots","5","1","1","384","0.013021","BiomesOPlenty:wadingBoots","0","",""
"chestgenhooks","pre","","villageBlacksmith","","3","9","","Flippers","5","1","1","384","0.013021","BiomesOPlenty:flippers","0","",""
"chestgenhooks","pre","","villageBlacksmith","","3","9","","Crowbar","10","1","1","384","0.026042","Railcraft:tool.crowbar","0","",""
"chestgenhooks","pre","","villageBlacksmith","","3","9","","Steel Shears","5","1","1","384","0.013021","Railcraft:tool.steel.shears","0","",""
"chestgenhooks","pre","","villageBlacksmith","","3","9","","Steel Sword","5","1","1","384","0.013021","Railcraft:tool.steel.sword","0","",""
"chestgenhooks","pre","","villageBlacksmith","","3","9","","Steel Shovel","5","1","1","384","0.013021","Railcraft:tool.steel.shovel","0","",""
"chestgenhooks","pre","","villageBlacksmith","","3","9","","Steel Pickaxe","5","1","1","384","0.013021","Railcraft:tool.steel.pickaxe","0","",""
"chestgenhooks","pre","","villageBlacksmith","","3","9","","Steel Axe","5","1","1","384","0.013021","Railcraft:tool.steel.axe","0","",""
"chestgenhooks","pre","","villageBlacksmith","","3","9","","Steel Helmet","5","1","1","384","0.013021","Railcraft:armor.steel.helmet","0","",""
"chestgenhooks","pre","","villageBlacksmith","","3","9","","Steel Chestplate","5","1","1","384","0.013021","Railcraft:armor.steel.plate","0","",""
"chestgenhooks","pre","","villageBlacksmith","","3","9","","Steel Leggings","5","1","1","384","0.013021","Railcraft:armor.steel.legs","0","",""
"chestgenhooks","pre","","villageBlacksmith","","3","9","","Steel Boots","5","1","1","384","0.013021","Railcraft:armor.steel.boots","0","",""
"chestgenhooks","pre","","villageBlacksmith","","3","9","","Coal Coke","20","4","16","384","0.052083","Railcraft:fuel.coke","0","",""
"chestgenhooks","pre","","villageBlacksmith","","3","9","","Block of Steel","5","1","1","384","0.013021","Railcraft:cube","2","",""
"chestgenhooks","pre","","villageBlacksmith","","3","9","","Black Lotus","6","1","1","384","0.015625","Botania:blackLotus","0","",""
"chestgenhooks","pre","","villageBlacksmith","","3","9","","Codex","3","1","1","384","0.007813","VillageNames:codex","0","",""
"chestgenhooks","pre","","villageBlacksmith","","3","9","","Spectre Iron","3","1","1","384","0.007813","RandomThings:ingredient","4","",""
"chestgenhooks","pre","","villageBlacksmith","","3","9","","Temple Caller","1","0","1","384","0.002604","HardcoreEnderExpansion:temple_caller","0","",""
"chestgenhooks","pre","","villageBlacksmith","","3","9","","Knowledge Note","6","1","1","384","0.015625","HardcoreEnderExpansion:knowledge_note","0","WeightedRandomKnowledgeNote",""
"chestgenhooks","pre","","villageBlacksmith","","3","9","","Thaumium Ingot","10","1","3","384","0.026042","Thaumcraft:ItemResource","2","",""
"chestgenhooks","pre","","villageBlacksmith","","3","9","","Phial of Enchanter's Concentrate","3","1","2","384","0.007813","Automagy:phialExtra","0","",""
"chestgenhooks","pre","","villageBlacksmith","","3","9","","Gemcutter's Tools","8","1","1","384","0.020833","WitchingGadgets:item.WG_Material","8","",""
"chestgenhooks","pre","","villageBlacksmith","","3","9","","Mc Guffium 239","1","1","1","384","0.002604","gregtech:gt.metaitem.01","32765","",""
"chestgenhooks","pre","","villageBlacksmith","","3","9","","Chrome Dust","6","1","4","384","0.015625","gregtech:gt.metaitem.01","2030","",""
"chestgenhooks","pre","","villageBlacksmith","","3","9","","Neodymium Dust","6","2","8","384","0.015625","gregtech:gt.metaitem.01","2067","",""
"chestgenhooks","pre","","villageBlacksmith","","3","9","","Manganese Ingot","12","2","8","384","0.031250","gregtech:gt.metaitem.01","11031","",""
"chestgenhooks","pre","","villageBlacksmith","","3","9","","Steel Ingot","12","4","12","384","0.031250","gregtech:gt.metaitem.01","11305","",""
"chestgenhooks","pre","","villageBlacksmith","","3","9","","Bronze Ingot","12","4","12","384","0.031250","gregtech:gt.metaitem.01","11300","",""
"chestgenhooks","pre","","villageBlacksmith","","3","9","","Brass Ingot","12","4","12","384","0.031250","gregtech:gt.metaitem.01","11301","",""
"chestgenhooks","pre","","villageBlacksmith","","3","9","","Damascus Steel Ingot","1","4","12","384","0.002604","gregtech:gt.metaitem.01","11335","",""
"chestgenhooks","pre","","vn_armorer","","1","6","","Iron Ingot","2","1","3","8","0.250000","minecraft:iron_ingot","0","",""
"chestgenhooks","pre","","vn_armorer","","1","6","","Bread","4","1","4","8","0.500000","minecraft:bread","0","",""
"chestgenhooks","pre","","vn_armorer","","1","6","","Iron Helmet","1","1","1","8","0.125000","minecraft:iron_helmet","0","",""
"chestgenhooks","pre","","vn_armorer","","1","6","","Emerald","1","1","1","8","0.125000","minecraft:emerald","0","",""
"chestgenhooks","pre","","vn_butcher","","1","6","","Emerald","1","1","1","28","0.035714","minecraft:emerald","0","",""
"chestgenhooks","pre","","vn_butcher","","1","6","","Raw Porkchop","6","1","3","28","0.214286","minecraft:porkchop","0","",""
"chestgenhooks","pre","","vn_butcher","","1","6","","Wheat","6","1","3","28","0.214286","minecraft:wheat","0","",""
"chestgenhooks","pre","","vn_butcher","","1","6","","Raw Beef","6","1","3","28","0.214286","minecraft:beef","0","",""
"chestgenhooks","pre","","vn_butcher","","1","6","","Raw Mutton","6","1","3","28","0.214286","harvestcraft:muttonrawItem","0","",""
"chestgenhooks","pre","","vn_butcher","","1","6","","Coal","3","1","3","28","0.107143","minecraft:coal","0","",""
"chestgenhooks","pre","","vn_cartographer","","1","6","","Codex","4","1","2","54","0.074074","VillageNames:codex","0","",""
"chestgenhooks","pre","","vn_cartographer","","1","6","","Empty Map","10","1","3","54","0.185185","minecraft:map","0","",""
"chestgenhooks","pre","","vn_cartographer","","1","6","","Paper","15","1","5","54","0.277778","minecraft:paper","0","",""
"chestgenhooks","pre","","vn_cartographer","","1","6","","Compass","5","1","1","54","0.092593","minecraft:compass","0","",""
"chestgenhooks","pre","","vn_cartographer","","1","6","","Bread","15","1","4","54","0.277778","minecraft:bread","0","",""
"chestgenhooks","pre","","vn_cartographer","","1","6","","Stick","5","1","2","54","0.092593","minecraft:stick","0","",""
"chestgenhooks","pre","","vn_desert_house","","3","9","","Clay","1","1","1","36","0.027778","minecraft:clay_ball","0","",""
"chestgenhooks","pre","","vn_desert_house","","3","9","","Cactus Green","1","1","1","36","0.027778","minecraft:dye","2","",""
"chestgenhooks","pre","","vn_desert_house","","3","9","","Cactus","10","1","4","36","0.277778","minecraft:cactus","0","",""
"chestgenhooks","pre","","vn_desert_house","","3","9","","Wheat","10","1","7","36","0.277778","minecraft:wheat","0","",""
"chestgenhooks","pre","","vn_desert_house","","3","9","","Bread","10","1","4","36","0.277778","minecraft:bread","0","",""
"chestgenhooks","pre","","vn_desert_house","","3","9","","Book","1","1","1","36","0.027778","minecraft:book","0","",""
"chestgenhooks","pre","","vn_desert_house","","3","9","","Dead Bush","2","1","3","36","0.055556","minecraft:deadbush","0","",""
"chestgenhooks","pre","","vn_desert_house","","3","9","","Emerald","1","1","3","36","0.027778","minecraft:emerald","0","",""
"chestgenhooks","pre","","vn_farm","","1","6","","Emerald","1","1","1","14","0.071429","minecraft:emerald","0","",""
"chestgenhooks","pre","","vn_farm","","1","6","","Seeds","5","1","5","14","0.357143","minecraft:wheat_seeds","0","",""
"chestgenhooks","pre","","vn_farm","","1","6","","Potato","2","1","5","14","0.142857","minecraft:potato","0","",""
"chestgenhooks","pre","","vn_farm","","1","6","","Carrot","2","1","5","14","0.142857","minecraft:carrot","0","",""
"chestgenhooks","pre","","vn_farm","","1","6","","Beetroot Seeds","1","1","5","14","0.071429","etfuturum:beetroot_seeds","0","",""
"chestgenhooks","pre","","vn_farm","","1","6","","Pumpkin Seeds","1","1","5","14","0.071429","minecraft:pumpkin_seeds","0","",""
"chestgenhooks","pre","","vn_farm","","1","6","","Sugar Canes","1","1","5","14","0.071429","minecraft:reeds","0","",""
"chestgenhooks","pre","","vn_farm","","1","6","","Bucket","1","1","1","14","0.071429","minecraft:bucket","0","",""
"chestgenhooks","pre","","vn_fisher","","1","6","","Emerald","1","1","1","12","0.083333","minecraft:emerald","0","",""
"chestgenhooks","pre","","vn_fisher","","1","6","","Raw Fish","2","1","3","12","0.166667","minecraft:fish","0","",""
"chestgenhooks","pre","","vn_fisher","","1","6","","Raw Salmon","1","1","3","12","0.083333","minecraft:fish","1","",""
"chestgenhooks","pre","","vn_fisher","","1","6","","Water Bucket","1","1","3","12","0.083333","minecraft:water_bucket","0","",""
"chestgenhooks","pre","","vn_fisher","","1","6","","Barrel","1","1","3","12","0.083333","etfuturum:barrel","0","",""
"chestgenhooks","pre","","vn_fisher","","1","6","","Clay","1","1","1","12","0.083333","minecraft:clay_ball","0","",""
"chestgenhooks","pre","","vn_fisher","","1","6","","Seeds","3","1","3","12","0.250000","minecraft:wheat_seeds","0","",""
"chestgenhooks","pre","","vn_fisher","","1","6","","Coal","2","1","3","12","0.166667","minecraft:coal","0","",""
"chestgenhooks","pre","","vn_fletcher","","1","6","","Emerald","1","1","1","23","0.043478","minecraft:emerald","0","",""
"chestgenhooks","pre","","vn_fletcher","","1","6","","Arrow","2","1","3","23","0.086957","minecraft:arrow","0","",""
"chestgenhooks","pre","","vn_fletcher","","1","6","","Feather","6","1","3","23","0.260870","minecraft:feather","0","",""
"chestgenhooks","pre","","vn_fletcher","","1","6","","Egg","2","1","3","23","0.086957","minecraft:egg","0","",""
"chestgenhooks","pre","","vn_fletcher","","1","6","","Flint","6","1","3","23","0.260870","minecraft:flint","0","",""
"chestgenhooks","pre","","vn_fletcher","","1","6","","Stick","6","1","3","23","0.260870","minecraft:stick","0","",""
"chestgenhooks","pre","","vn_jungle_house","","3","9","","Bread","10","1","4","37","0.270270","minecraft:bread","0","",""
"chestgenhooks","pre","","vn_jungle_house","","3","9","","Emerald","2","1","4","37","0.054054","minecraft:emerald","0","",""
"chestgenhooks","pre","","vn_jungle_house","","3","9","","Iron Nugget","1","1","5","37","0.027027","TConstruct:materials","19","",""
"chestgenhooks","pre","","vn_jungle_house","","3","9","","Jungle Sapling","3","1","5","37","0.081081","minecraft:sapling","3","",""
"chestgenhooks","pre","","vn_jungle_house","","3","9","","Jungle Wood","10","1","5","37","0.270270","minecraft:log","3","",""
"chestgenhooks","pre","","vn_jungle_house","","3","9","","Sign","1","1","1","37","0.027027","minecraft:sign","0","",""
"chestgenhooks","pre","","vn_jungle_house","","3","9","","Vines","5","1","1","37","0.135135","minecraft:vine","0","",""
"chestgenhooks","pre","","vn_jungle_house","","3","9","","Torch","1","1","2","37","0.027027","minecraft:torch","0","",""
"chestgenhooks","pre","","vn_jungle_house","","3","9","","Feather","1","1","1","37","0.027027","minecraft:feather","0","",""
"chestgenhooks","pre","","vn_jungle_house","","3","9","","Raw Chicken","3","1","2","37","0.081081","minecraft:chicken","0","",""
"chestgenhooks","pre","","vn_library","","1","6","","Codex","4","1","2","37","0.108108","VillageNames:codex","0","",""
"chestgenhooks","pre","","vn_library","","1","6","","Paper","1","1","3","37","0.027027","minecraft:paper","0","",""
"chestgenhooks","pre","","vn_library","","1","6","","Ink Sac","6","1","3","37","0.162162","minecraft:dye","0","",""
"chestgenhooks","pre","","vn_library","","1","6","","Feather","6","1","3","37","0.162162","minecraft:feather","0","",""
"chestgenhooks","pre","","vn_library","","1","6","","Book and Quill","1","1","1","37","0.027027","minecraft:writable_book","0","",""
"chestgenhooks","pre","","vn_library","","1","6","","Book","3","1","3","37","0.081081","minecraft:book","0","",""
"chestgenhooks","pre","","vn_library","","1","6","","Apple","15","1","1","37","0.405405","minecraft:apple","0","",""
"chestgenhooks","pre","","vn_library","","1","6","","Emerald","1","1","1","37","0.027027","minecraft:emerald","0","",""
"chestgenhooks","pre","","vn_mason","","1","6","","Codex","1","1","1","14","0.071429","VillageNames:codex","0","",""
"chestgenhooks","pre","","vn_mason","","1","6","","Clay","1","1","3","14","0.071429","minecraft:clay_ball","0","",""
"chestgenhooks","pre","","vn_mason","","1","6","","Flower Pot","1","1","1","14","0.071429","minecraft:flower_pot","0","",""
"chestgenhooks","pre","","vn_mason","","1","6","","Stone","2","1","1","14","0.142857","minecraft:stone","0","",""
"chestgenhooks","pre","","vn_mason","","1","6","","Stone Bricks","2","1","1","14","0.142857","minecraft:stonebrick","0","",""
"chestgenhooks","pre","","vn_mason","","1","6","","Bread","4","1","4","14","0.285714","minecraft:bread","0","",""
"chestgenhooks","pre","","vn_mason","","1","6","","Dandelion Yellow","1","1","1","14","0.071429","minecraft:dye","11","",""
"chestgenhooks","pre","","vn_mason","","1","6","","Smooth Stone","1","1","1","14","0.071429","etfuturum:smooth_stone","0","",""
"chestgenhooks","pre","","vn_mason","","1","6","","Emerald","1","1","1","14","0.071429","minecraft:emerald","0","",""
"chestgenhooks","pre","","vn_plains_house","","3","9","","Gold Nugget","1","1","3","43","0.023256","minecraft:gold_nugget","0","",""
"chestgenhooks","pre","","vn_plains_house","","3","9","","Dandelion","2","1","1","43","0.046512","minecraft:yellow_flower","0","",""
"chestgenhooks","pre","","vn_plains_house","","3","9","","Poppy","1","1","1","43","0.023256","minecraft:red_flower","0","",""
"chestgenhooks","pre","","vn_plains_house","","3","9","","Potato","10","1","7","43","0.232558","minecraft:potato","0","",""
"chestgenhooks","pre","","vn_plains_house","","3","9","","Bread","10","1","4","43","0.232558","minecraft:bread","0","",""
"chestgenhooks","pre","","vn_plains_house","","3","9","","Apple","10","1","5","43","0.232558","minecraft:apple","0","",""
"chestgenhooks","pre","","vn_plains_house","","3","9","","Book","1","1","1","43","0.023256","minecraft:book","0","",""
"chestgenhooks","pre","","vn_plains_house","","3","9","","Feather","1","1","1","43","0.023256","minecraft:feather","0","",""
"chestgenhooks","pre","","vn_plains_house","","3","9","","Emerald","2","1","4","43","0.046512","minecraft:emerald","0","",""
"chestgenhooks","pre","","vn_plains_house","","3","9","","Oak Sapling","5","1","2","43","0.116279","minecraft:sapling","0","",""
"chestgenhooks","pre","","vn_savanna_house","","3","9","","Gold Nugget","1","1","3","46","0.021739","minecraft:gold_nugget","0","",""
"chestgenhooks","pre","","vn_savanna_house","","3","9","","Grass Block","5","1","1","46","0.108696","minecraft:grass","0","",""
"chestgenhooks","pre","","vn_savanna_house","","3","9","","Double Tallgrass","5","1","1","46","0.108696","minecraft:double_plant","2","",""
"chestgenhooks","pre","","vn_savanna_house","","3","9","","Bread","10","1","4","46","0.217391","minecraft:bread","0","",""
"chestgenhooks","pre","","vn_savanna_house","","3","9","","Seeds","10","1","5","46","0.217391","minecraft:wheat_seeds","0","",""
"chestgenhooks","pre","","vn_savanna_house","","3","9","","Emerald","2","1","4","46","0.043478","minecraft:emerald","0","",""
"chestgenhooks","pre","","vn_savanna_house","","3","9","","Acacia Sapling","10","1","2","46","0.217391","minecraft:sapling","4","",""
"chestgenhooks","pre","","vn_savanna_house","","3","9","","Saddle","1","1","1","46","0.021739","minecraft:saddle","0","",""
"chestgenhooks","pre","","vn_savanna_house","","3","9","","Torch","1","1","2","46","0.021739","minecraft:torch","0","",""
"chestgenhooks","pre","","vn_savanna_house","","3","9","","Bucket","1","1","1","46","0.021739","minecraft:bucket","0","",""
"chestgenhooks","pre","","vn_shepherd","","1","6","","Wool","6","1","8","23","0.260870","minecraft:wool","0","",""
"chestgenhooks","pre","","vn_shepherd","","1","6","","Black Wool","3","1","3","23","0.130435","minecraft:wool","15","",""
"chestgenhooks","pre","","vn_shepherd","","1","6","","Gray Wool","2","1","3","23","0.086957","minecraft:wool","7","",""
"chestgenhooks","pre","","vn_shepherd","","1","6","","Brown Wool","2","1","3","23","0.086957","minecraft:wool","12","",""
"chestgenhooks","pre","","vn_shepherd","","1","6","","Light Gray Wool","2","1","3","23","0.086957","minecraft:wool","8","",""
"chestgenhooks","pre","","vn_shepherd","","1","6","","Emerald","1","1","1","23","0.043478","minecraft:emerald","0","",""
"chestgenhooks","pre","","vn_shepherd","","1","6","","Shears","1","1","1","23","0.043478","minecraft:shears","0","",""
"chestgenhooks","pre","","vn_shepherd","","1","6","","Wheat","6","1","6","23","0.260870","minecraft:wheat","0","",""
"chestgenhooks","pre","","vn_snowy_house","","3","9","","Snow","4","1","1","52","0.076923","minecraft:snow","0","",""
"chestgenhooks","pre","","vn_snowy_house","","3","9","","Potato","10","1","7","52","0.192308","minecraft:potato","0","",""
"chestgenhooks","pre","","vn_snowy_house","","3","9","","Bread","10","1","4","52","0.192308","minecraft:bread","0","",""
"chestgenhooks","pre","","vn_snowy_house","","3","9","","Beetroot Seeds","10","1","5","52","0.192308","etfuturum:beetroot_seeds","0","",""
"chestgenhooks","pre","","vn_snowy_house","","3","9","","Beetroot Soup","1","1","1","52","0.019231","etfuturum:beetroot_soup","0","",""
"chestgenhooks","pre","","vn_snowy_house","","3","9","","Furnace","1","1","1","52","0.019231","minecraft:furnace","0","",""
"chestgenhooks","pre","","vn_snowy_house","","3","9","","Emerald","1","1","4","52","0.019231","minecraft:emerald","0","",""
"chestgenhooks","pre","","vn_snowy_house","","3","9","","Snowball","10","1","7","52","0.192308","minecraft:snowball","0","",""
"chestgenhooks","pre","","vn_snowy_house","","3","9","","Coal","5","1","4","52","0.096154","minecraft:coal","0","",""
"chestgenhooks","pre","","vn_swamp_house","","3","9","","Bread","10","1","4","28","0.357143","minecraft:bread","0","",""
"chestgenhooks","pre","","vn_swamp_house","","3","9","","Emerald","1","1","4","28","0.035714","minecraft:emerald","0","",""
"chestgenhooks","pre","","vn_swamp_house","","3","9","","Book","1","1","1","28","0.035714","minecraft:book","0","",""
"chestgenhooks","pre","","vn_swamp_house","","3","9","","Vines","5","1","1","28","0.178571","minecraft:vine","0","",""
"chestgenhooks","pre","","vn_swamp_house","","3","9","","Water Bucket","1","1","3","28","0.035714","minecraft:water_bucket","0","",""
"chestgenhooks","pre","","vn_swamp_house","","3","9","","Coal","5","1","4","28","0.178571","minecraft:coal","0","",""
"chestgenhooks","pre","","vn_swamp_house","","3","9","","Raw Fish","1","1","2","28","0.035714","minecraft:fish","0","",""
"chestgenhooks","pre","","vn_swamp_house","","3","9","","Fence","2","1","4","28","0.071429","minecraft:fence","0","",""
"chestgenhooks","pre","","vn_swamp_house","","3","9","","Oak Boat","1","1","1","28","0.035714","minecraft:boat","0","",""
"chestgenhooks","pre","","vn_swamp_house","","3","9","","Prismarine Shard","1","1","1","28","0.035714","Botania:manaResource","10","",""
"chestgenhooks","pre","","vn_taiga_house","","3","9","","Iron Nugget","1","1","5","54","0.018519","TConstruct:materials","19","",""
"chestgenhooks","pre","","vn_taiga_house","","3","9","","Fern","2","1","1","54","0.037037","minecraft:tallgrass","2","",""
"chestgenhooks","pre","","vn_taiga_house","","3","9","","Large Fern","2","1","1","54","0.037037","minecraft:double_plant","3","",""
"chestgenhooks","pre","","vn_taiga_house","","3","9","","Potato","10","1","7","54","0.185185","minecraft:potato","0","",""
"chestgenhooks","pre","","vn_taiga_house","","3","9","","Sweet Berries","5","1","7","54","0.092593","etfuturum:sweet_berries","0","",""
"chestgenhooks","pre","","vn_taiga_house","","3","9","","Bread","10","1","4","54","0.185185","minecraft:bread","0","",""
"chestgenhooks","pre","","vn_taiga_house","","3","9","","Pumpkin Seeds","5","1","5","54","0.092593","minecraft:pumpkin_seeds","0","",""
"chestgenhooks","pre","","vn_taiga_house","","3","9","","Pumpkin Pie","1","1","1","54","0.018519","minecraft:pumpkin_pie","0","",""
"chestgenhooks","pre","","vn_taiga_house","","3","9","","Emerald","2","1","4","54","0.037037","minecraft:emerald","0","",""
"chestgenhooks","pre","","vn_taiga_house","","3","9","","Spruce Sapling","5","1","5","54","0.092593","minecraft:sapling","1","",""
"chestgenhooks","pre","","vn_taiga_house","","3","9","","Sign","1","1","1","54","0.018519","minecraft:sign","0","",""
"chestgenhooks","pre","","vn_taiga_house","","3","9","","Spruce Wood","10","1","5","54","0.185185","minecraft:log","1","",""
"chestgenhooks","pre","","vn_tannery","","1","6","","Leather","1","1","3","16","0.062500","minecraft:leather","0","",""
"chestgenhooks","pre","","vn_tannery","","1","6","","Leather Tunic","2","1","1","16","0.125000","minecraft:leather_chestplate","0","",""
"chestgenhooks","pre","","vn_tannery","","1","6","","Leather Boots","2","1","1","16","0.125000","minecraft:leather_boots","0","",""
"chestgenhooks","pre","","vn_tannery","","1","6","","Leather Cap","2","1","1","16","0.125000","minecraft:leather_helmet","0","",""
"chestgenhooks","pre","","vn_tannery","","1","6","","Bread","5","1","4","16","0.312500","minecraft:bread","0","",""
"chestgenhooks","pre","","vn_tannery","","1","6","","Leather Pants","2","1","1","16","0.125000","minecraft:leather_leggings","0","",""
"chestgenhooks","pre","","vn_tannery","","1","6","","Saddle","1","1","1","16","0.062500","minecraft:saddle","0","",""
"chestgenhooks","pre","","vn_tannery","","1","6","","Emerald","1","1","4","16","0.062500","minecraft:emerald","0","",""
"chestgenhooks","pre","","vn_temple","","3","9","","Redstone","2","1","4","19","0.105263","minecraft:redstone","0","",""
"chestgenhooks","pre","","vn_temple","","3","9","","Bread","7","1","4","19","0.368421","minecraft:bread","0","",""
"chestgenhooks","pre","","vn_temple","","3","9","","Rotten Flesh","7","1","4","19","0.368421","minecraft:rotten_flesh","0","",""
"chestgenhooks","pre","","vn_temple","","3","9","","Ink Sac","1","1","11","19","0.052632","minecraft:dye","0","",""
"chestgenhooks","pre","","vn_temple","","3","9","","Gold Ingot","1","1","4","19","0.052632","minecraft:gold_ingot","0","",""
"chestgenhooks","pre","","vn_temple","","3","9","","Emerald","1","1","4","19","0.052632","minecraft:emerald","0","",""
"chestgenhooks","pre","","vn_toolsmith","","3","9","","Codex","3","1","1","56","0.053571","VillageNames:codex","0","",""
"chestgenhooks","pre","","vn_toolsmith","","3","9","","Diamond","1","1","3","56","0.017857","minecraft:diamond","0","",""
"chestgenhooks","pre","","vn_toolsmith","","3","9","","Iron Ingot","5","1","5","56","0.089286","minecraft:iron_ingot","0","",""
"chestgenhooks","pre","","vn_toolsmith","","3","9","","Gold Ingot","1","1","3","56","0.017857","minecraft:gold_ingot","0","",""
"chestgenhooks","pre","","vn_toolsmith","","3","9","","Bread","15","1","3","56","0.267857","minecraft:bread","0","",""
"chestgenhooks","pre","","vn_toolsmith","","3","9","","Iron Pickaxe","5","1","1","56","0.089286","minecraft:iron_pickaxe","0","",""
"chestgenhooks","pre","","vn_toolsmith","","3","9","","Coal","1","1","3","56","0.017857","minecraft:coal","0","",""
"chestgenhooks","pre","","vn_toolsmith","","3","9","","Stick","20","1","3","56","0.357143","minecraft:stick","0","",""
"chestgenhooks","pre","","vn_toolsmith","","3","9","","Iron Shovel","5","1","1","56","0.089286","minecraft:iron_shovel","0","",""
"chestgenhooks","post","","TinkerHouse","","3","27","","Miniature Red Heart","1","1","1","961","0.001041","TConstruct:heartCanister","1","",""
"chestgenhooks","post","","TinkerHouse","","3","27","","Stone Pickaxe Head","15","1","1","961","0.015609","TConstruct:pickaxeHead","1","",""
"chestgenhooks","post","","TinkerHouse","","3","27","","Flint Pickaxe Head","15","1","1","961","0.015609","TConstruct:pickaxeHead","3","",""
"chestgenhooks","post","","TinkerHouse","","3","27","","Stone Shovel Head","15","1","1","961","0.015609","TConstruct:shovelHead","1","",""
"chestgenhooks","post","","TinkerHouse","","3","27","","Flint Shovel Head","15","1","1","961","0.015609","TConstruct:shovelHead","3","",""
"chestgenhooks","post","","TinkerHouse","","3","27","","Bone Shovel Head","15","1","1","961","0.015609","TConstruct:shovelHead","5","",""
"chestgenhooks","post","","TinkerHouse","","3","27","","Stone Axe Head","15","1","1","961","0.015609","TConstruct:hatchetHead","1","",""
"chestgenhooks","post","","TinkerHouse","","3","27","","Flint Axe Head","15","1","1","961","0.015609","TConstruct:hatchetHead","3","",""
"chestgenhooks","post","","TinkerHouse","","3","27","","Bone Axe Head","15","1","1","961","0.015609","TConstruct:hatchetHead","5","",""
"chestgenhooks","post","","TinkerHouse","","3","27","","Wooden Binding","15","1","1","961","0.015609","TConstruct:binding","0","",""
"chestgenhooks","post","","TinkerHouse","","3","27","","Stone Binding","15","1","1","961","0.015609","TConstruct:binding","1","",""
"chestgenhooks","post","","TinkerHouse","","3","27","","Iron Binding","15","1","1","961","0.015609","TConstruct:binding","2","",""
"chestgenhooks","post","","TinkerHouse","","3","27","","Cactus Binding","15","1","1","961","0.015609","TConstruct:binding","4","",""
"chestgenhooks","post","","TinkerHouse","","3","27","","Bone Binding","15","1","1","961","0.015609","TConstruct:binding","5","",""
"chestgenhooks","post","","TinkerHouse","","3","27","","Obsidian Binding","15","1","1","961","0.015609","TConstruct:binding","6","",""
"chestgenhooks","post","","TinkerHouse","","3","27","","Slime Binding","15","1","1","961","0.015609","TConstruct:binding","8","",""
"chestgenhooks","post","","TinkerHouse","","3","27","","Paper Binding","15","1","1","961","0.015609","TConstruct:binding","9","",""
"chestgenhooks","post","","TinkerHouse","","3","27","","Copper Binding","15","1","1","961","0.015609","TConstruct:binding","13","",""
"chestgenhooks","post","","TinkerHouse","","3","27","","Bronze Binding","15","1","1","961","0.015609","TConstruct:binding","14","",""
"chestgenhooks","post","","TinkerHouse","","3","27","","Slime Binding","15","1","1","961","0.015609","TConstruct:binding","17","",""
"chestgenhooks","post","","TinkerHouse","","3","27","","Stone Sword Blade","15","1","1","961","0.015609","TConstruct:swordBlade","1","",""
"chestgenhooks","post","","TinkerHouse","","3","27","","Iron Sword Blade","15","1","1","961","0.015609","TConstruct:swordBlade","2","",""
"chestgenhooks","post","","TinkerHouse","","3","27","","Flint Sword Blade","15","1","1","961","0.015609","TConstruct:swordBlade","3","",""
"chestgenhooks","post","","TinkerHouse","","3","27","","Copper Sword Blade","15","1","1","961","0.015609","TConstruct:swordBlade","13","",""
"chestgenhooks","post","","TinkerHouse","","3","27","","Bronze Sword Blade","15","1","1","961","0.015609","TConstruct:swordBlade","14","",""
"chestgenhooks","post","","TinkerHouse","","3","27","","Stone Wide Guard","15","1","1","961","0.015609","TConstruct:wideGuard","1","",""
"chestgenhooks","post","","TinkerHouse","","3","27","","Iron Wide Guard","15","1","1","961","0.015609","TConstruct:wideGuard","2","",""
"chestgenhooks","post","","TinkerHouse","","3","27","","Bone Wide Guard","15","1","1","961","0.015609","TConstruct:wideGuard","5","",""
"chestgenhooks","post","","TinkerHouse","","3","27","","Obsidian Wide Guard","15","1","1","961","0.015609","TConstruct:wideGuard","6","",""
"chestgenhooks","post","","TinkerHouse","","3","27","","Copper Wide Guard","15","1","1","961","0.015609","TConstruct:wideGuard","13","",""
"chestgenhooks","post","","TinkerHouse","","3","27","","Bronze Wide Guard","15","1","1","961","0.015609","TConstruct:wideGuard","14","",""
"chestgenhooks","post","","TinkerHouse","","3","27","","Stone Hand Guard","15","1","1","961","0.015609","TConstruct:handGuard","1","",""
"chestgenhooks","post","","TinkerHouse","","3","27","","Iron Hand Guard","15","1","1","961","0.015609","TConstruct:handGuard","2","",""
"chestgenhooks","post","","TinkerHouse","","3","27","","Obsidian Hand Guard","15","1","1","961","0.015609","TConstruct:handGuard","6","",""
"chestgenhooks","post","","TinkerHouse","","3","27","","Copper Hand Guard","15","1","1","961","0.015609","TConstruct:handGuard","13","",""
"chestgenhooks","post","","TinkerHouse","","3","27","","Bronze Hand Guard","15","1","1","961","0.015609","TConstruct:handGuard","14","",""
"chestgenhooks","post","","TinkerHouse","","3","27","","Wooden Crossbar","15","1","1","961","0.015609","TConstruct:crossbar","0","",""
"chestgenhooks","post","","TinkerHouse","","3","27","","Stone Crossbar","15","1","1","961","0.015609","TConstruct:crossbar","1","",""
"chestgenhooks","post","","TinkerHouse","","3","27","","Iron Crossbar","15","1","1","961","0.015609","TConstruct:crossbar","2","",""
"chestgenhooks","post","","TinkerHouse","","3","27","","Bone Crossbar","15","1","1","961","0.015609","TConstruct:crossbar","5","",""
"chestgenhooks","post","","TinkerHouse","","3","27","","Obsidian Crossbar","15","1","1","961","0.015609","TConstruct:crossbar","6","",""
"chestgenhooks","post","","TinkerHouse","","3","27","","Copper Crossbar","15","1","1","961","0.015609","TConstruct:crossbar","13","",""
"chestgenhooks","post","","TinkerHouse","","3","27","","Bronze Crossbar","15","1","1","961","0.015609","TConstruct:crossbar","14","",""
"chestgenhooks","post","","TinkerHouse","","3","27","","Stone Knife Blade","15","1","1","961","0.015609","TConstruct:knifeBlade","1","",""
"chestgenhooks","post","","TinkerHouse","","3","27","","Iron Knife Blade","15","1","1","961","0.015609","TConstruct:knifeBlade","2","",""
"chestgenhooks","post","","TinkerHouse","","3","27","","Flint Knife Blade","15","1","1","961","0.015609","TConstruct:knifeBlade","3","",""
"chestgenhooks","post","","TinkerHouse","","3","27","","Cactus Knife Blade","15","1","1","961","0.015609","TConstruct:knifeBlade","4","",""
"chestgenhooks","post","","TinkerHouse","","3","27","","Bone Knife Blade","15","1","1","961","0.015609","TConstruct:knifeBlade","5","",""
"chestgenhooks","post","","TinkerHouse","","3","27","","Copper Knife Blade","15","1","1","961","0.015609","TConstruct:knifeBlade","13","",""
"chestgenhooks","post","","TinkerHouse","","3","27","","Bronze Knife Blade","15","1","1","961","0.015609","TConstruct:knifeBlade","14","",""
"chestgenhooks","post","","TinkerHouse","","3","27","","Stone Pan","15","1","1","961","0.015609","TConstruct:frypanHead","1","",""
"chestgenhooks","post","","TinkerHouse","","3","27","","Iron Pan","15","1","1","961","0.015609","TConstruct:frypanHead","2","",""
"chestgenhooks","post","","TinkerHouse","","3","27","","Copper Pan","15","1","1","961","0.015609","TConstruct:frypanHead","13","",""
"chestgenhooks","post","","TinkerHouse","","3","27","","Bronze Pan","15","1","1","961","0.015609","TConstruct:frypanHead","14","",""
"chestgenhooks","post","","TinkerHouse","","3","27","","Wooden Sign Head","15","1","1","961","0.015609","TConstruct:signHead","0","",""
"chestgenhooks","post","","TinkerHouse","","3","27","","Stone Sign Head","15","1","1","961","0.015609","TConstruct:signHead","1","",""
"chestgenhooks","post","","TinkerHouse","","3","27","","Iron Sign Head","15","1","1","961","0.015609","TConstruct:signHead","2","",""
"chestgenhooks","post","","TinkerHouse","","3","27","","Obsidian Sign Head","15","1","1","961","0.015609","TConstruct:signHead","6","",""
"chestgenhooks","post","","TinkerHouse","","3","27","","Slime Sign Head","15","1","1","961","0.015609","TConstruct:signHead","8","",""
"chestgenhooks","post","","TinkerHouse","","3","27","","Copper Sign Head","15","1","1","961","0.015609","TConstruct:signHead","13","",""
"chestgenhooks","post","","TinkerHouse","","3","27","","Bronze Sign Head","15","1","1","961","0.015609","TConstruct:signHead","14","",""
"chestgenhooks","post","","TinkerHouse","","3","27","","Stone Chisel Head","15","1","1","961","0.015609","TConstruct:chiselHead","1","",""
"chestgenhooks","post","","TinkerHouse","","3","27","","Iron Chisel Head","15","1","1","961","0.015609","TConstruct:chiselHead","2","",""
"chestgenhooks","post","","TinkerHouse","","3","27","","Copper Chisel Head","15","1","1","961","0.015609","TConstruct:chiselHead","13","",""
"chestgenhooks","post","","TinkerHouse","","3","27","","Bronze Chisel Head","15","1","1","961","0.015609","TConstruct:chiselHead","14","",""
"chestgenhooks","post","","TinkerPatterns","","5","30","","Tool Rod Pattern","20","1","3","300","0.066667","TConstruct:woodPattern","1","",""
"chestgenhooks","post","","TinkerPatterns","","5","30","","Pickaxe Head Pattern","20","1","3","300","0.066667","TConstruct:woodPattern","2","",""
"chestgenhooks","post","","TinkerPatterns","","5","30","","Shovel Head Pattern","20","1","3","300","0.066667","TConstruct:woodPattern","3","",""
"chestgenhooks","post","","TinkerPatterns","","5","30","","Axe Head Pattern","20","1","3","300","0.066667","TConstruct:woodPattern","4","",""
"chestgenhooks","post","","TinkerPatterns","","5","30","","Sword Blade Pattern","20","1","3","300","0.066667","TConstruct:woodPattern","5","",""
"chestgenhooks","post","","TinkerPatterns","","5","30","","Wide Guard Pattern","20","1","3","300","0.066667","TConstruct:woodPattern","6","",""
"chestgenhooks","post","","TinkerPatterns","","5","30","","Hand Guard Pattern","20","1","3","300","0.066667","TConstruct:woodPattern","7","",""
"chestgenhooks","post","","TinkerPatterns","","5","30","","Crossbar Pattern","20","1","3","300","0.066667","TConstruct:woodPattern","8","",""
"chestgenhooks","post","","TinkerPatterns","","5","30","","Tool Binding Pattern","20","1","3","300","0.066667","TConstruct:woodPattern","9","",""
"chestgenhooks","post","","TinkerPatterns","","5","30","","Pan Pattern","20","1","3","300","0.066667","TConstruct:woodPattern","10","",""
"chestgenhooks","post","","TinkerPatterns","","5","30","","Wide Board Pattern","20","1","3","300","0.066667","TConstruct:woodPattern","11","",""
"chestgenhooks","post","","TinkerPatterns","","5","30","","Knife Blade Pattern","20","1","3","300","0.066667","TConstruct:woodPattern","12","",""
"chestgenhooks","post","","TinkerPatterns","","5","30","","Chisel Head Pattern","20","1","3","300","0.066667","TConstruct:woodPattern","13","",""
"chestgenhooks","post","","TinkerPatterns","","5","30","","Full Guard Pattern","40","1","3","300","0.133333","TConstruct:woodPattern","22","",""
"chestgenhooks","post","","WG:PHOTOWORKSHOP","","3","9","","Paper","10","2","7","21","0.476190","minecraft:paper","0","",""
"chestgenhooks","post","","WG:PHOTOWORKSHOP","","3","9","","Ink Sac","10","2","7","21","0.476190","minecraft:dye","0","",""
"chestgenhooks","post","","WG:PHOTOWORKSHOP","","3","9","","Mirrored Glass","1","1","1","21","0.047619","Thaumcraft:ItemResource","10","",""
"chestgenhooks","post","","bonusChest","","10","10","","Stick","10","1","3","77","0.129870","minecraft:stick","0","",""
"chestgenhooks","post","","bonusChest","","10","10","","Oak Wood Planks","10","1","3","77","0.129870","minecraft:planks","0","",""
"chestgenhooks","post","","bonusChest","","10","10","","Oak Wood","10","1","3","77","0.129870","minecraft:log","0","",""
"chestgenhooks","post","","bonusChest","","10","10","","Apple","5","2","3","77","0.064935","minecraft:apple","0","",""
"chestgenhooks","post","","bonusChest","","10","10","","Bread","3","2","3","77","0.038961","minecraft:bread","0","",""
"chestgenhooks","post","","bonusChest","","10","10","","Acacia Wood","10","1","3","77","0.129870","minecraft:log2","0","",""
"chestgenhooks","post","","bonusChest","","10","10","","Treetap","2","1","1","77","0.025974","IC2:itemTreetap","0","",""
"chestgenhooks","post","","bonusChest","","10","10","","Wading Boots","5","1","1","77","0.064935","BiomesOPlenty:wadingBoots","0","",""
"chestgenhooks","post","","bonusChest","","10","10","","Flippers","5","1","1","77","0.064935","BiomesOPlenty:flippers","0","",""
"chestgenhooks","post","","bonusChest","","10","10","","§fBronze Broadsword","5","1","1","77","0.064935","TConstruct:broadsword","0","","{InfiTool:{Accessory:14,HarvestLevel:4,BaseDurability:427,Handle:14,Attack:7,Built:1b,Broken:0b,BaseAttack:7,ToolEXP:0L,Head:14,Shoddy:0.0f,RenderHandle:14,ModDurability:0.0f,RenderAccessory:14,MiningSpeed:650,Modifiers:0,Unbreaking:1,TotalDurability:427,RenderHead:14,BonusDurability:0,ToolLevel:1,Damage:0},display:{Name:""§fBronze Broadsword""}}"
"chestgenhooks","post","","bonusChest","","10","10","","§fStarter Pickaxe","5","1","1","77","0.064935","TConstruct:pickaxe","0","","{InfiTool:{Damage:0,HarvestLevel:0,BaseDurability:38,Handle:0,Attack:2,ToolEXP:0L,Broken:0b,BaseAttack:2,Head:0,Shoddy:0.0f,Accessory:0,RenderHandle:0,ModDurability:0.0f,RenderAccessory:0,MiningSpeed:150,Modifiers:0,Unbreaking:0,TotalDurability:38,RenderHead:0,ToolLevel:1,BonusDurability:0},display:{Name:""§fStarter Pickaxe""}}"
"chestgenhooks","post","","bonusChest","","10","10","","§fStarter Hatchet","5","1","1","77","0.064935","TConstruct:hatchet","0","","{InfiTool:{BonusDurability:0,HarvestLevel:0,BaseDurability:38,Handle:0,Damage:0,Attack:4,Broken:0b,BaseAttack:4,ToolEXP:0L,Head:0,Shoddy:0.0f,RenderHandle:0,ModDurability:0.0f,MiningSpeed:150,Modifiers:0,Unbreaking:0,TotalDurability:38,RenderHead:0,ToolLevel:1},display:{Name:""§fStarter Hatchet""}}"
"chestgenhooks","post","","bonusChest","","10","10","","Purple Drink","2","8","16","77","0.025974","gregtech:gt.metaitem.02","32100","",""
"chestgenhooks","post","","chest1","","2","4","","Minecart","10","2","4","825","0.012121","minecraft:minecart","0","",""
"chestgenhooks","post","","chest1","","2","4","","Hopper Cart","10","1","2","825","0.012121","minecraft:hopper_minecart","0","",""
"chestgenhooks","post","","chest1","","2","4","","Furnace Cart","10","1","2","825","0.012121","minecraft:furnace_minecart","0","",""
"chestgenhooks","post","","chest1","","2","4","","Chest Cart","10","1","2","825","0.012121","minecraft:chest_minecart","0","",""
"chestgenhooks","post","","chest1","","2","4","","Hopper","10","1","2","825","0.012121","minecraft:hopper","0","",""
"chestgenhooks","post","","chest1","","2","4","","Track","15","16","32","825","0.018182","minecraft:rail","0","",""
"chestgenhooks","post","","chest1","","2","4","","Ladder","20","10","15","825","0.024242","minecraft:ladder","0","",""
"chestgenhooks","post","","chest1","","2","4","","Bed","10","1","2","825","0.012121","minecraft:bed","0","",""
"chestgenhooks","post","","chest1","","2","4","","Trapdoor","20","1","2","825","0.024242","minecraft:trapdoor","0","",""
"chestgenhooks","post","","chest1","","2","4","","Iron Bars","25","6","12","825","0.030303","minecraft:iron_bars","0","",""
"chestgenhooks","post","","chest1","","2","4","","Activator Track","10","2","4","825","0.012121","minecraft:activator_rail","0","",""
"chestgenhooks","post","","chest1","","2","4","","Wooden Door","20","2","4","825","0.024242","minecraft:wooden_door","0","",""
"chestgenhooks","post","","chest1","","2","4","","Cauldron","10","1","2","825","0.012121","minecraft:cauldron","0","",""
"chestgenhooks","post","","chest1","","2","4","","Redstone Comparator","15","1","2","825","0.018182","minecraft:comparator","0","",""
"chestgenhooks","post","","chest1","","2","4","","Redstone Repeater","15","1","2","825","0.018182","minecraft:repeater","0","",""
"chestgenhooks","post","","chest1","","2","4","","Bookshelf","15","1","1","825","0.018182","minecraft:bookshelf","0","",""
"chestgenhooks","post","","chest1","","2","4","","Cookie","25","8","16","825","0.030303","minecraft:cookie","0","",""
"chestgenhooks","post","","chest1","","2","4","","Better Barrel","25","2","3","825","0.030303","JABBA:barrel","0","",""
"chestgenhooks","post","","chest1","","2","4","","Low Pressure Boiler Tank","20","2","4","825","0.024242","Railcraft:machine.beta","3","",""
"chestgenhooks","post","","chest1","","2","4","","Solid Fueled Boiler Firebox","5","1","2","825","0.006061","Railcraft:machine.beta","5","",""
"chestgenhooks","post","","chest1","","2","4","","Treetap","30","1","2","825","0.036364","IC2:itemTreetap","0","",""
"chestgenhooks","post","","chest1","","2","4","","Blast Furnace","20","1","2","825","0.024242","etfuturum:blast_furnace","0","",""
"chestgenhooks","post","","chest1","","2","4","","Tank","20","2","4","825","0.024242","BuildCraft|Factory:tankBlock","0","",""
"chestgenhooks","post","","chest1","","2","4","","Copper Casing","20","4","6","825","0.024242","gregtech:gt.metaitem.02","18035","",""
"chestgenhooks","post","","chest1","","2","4","","Tin Casing","20","4","6","825","0.024242","gregtech:gt.metaitem.02","18057","",""
"chestgenhooks","post","","chest1","","2","4","","Bronze Casing","20","4","6","825","0.024242","gregtech:gt.metaitem.02","18300","",""
"chestgenhooks","post","","chest1","","2","4","","Gold Casing","20","4","6","825","0.024242","gregtech:gt.metaitem.02","18086","",""
"chestgenhooks","post","","chest1","","2","4","","Iron Casing","20","4","6","825","0.024242","gregtech:gt.metaitem.02","18032","",""
"chestgenhooks","post","","chest1","","2","4","","Steel Casing","20","4","6","825","0.024242","gregtech:gt.metaitem.02","18305","",""
"chestgenhooks","post","","chest1","","2","4","","Lead Casing","20","4","6","825","0.024242","gregtech:gt.metaitem.02","18089","",""
"chestgenhooks","post","","chest1","","2","4","","Bronze Plate","25","5","10","825","0.030303","gregtech:gt.metaitem.01","17300","",""
"chestgenhooks","post","","chest1","","2","4","","Iron Plate","25","5","10","825","0.030303","gregtech:gt.metaitem.01","17032","",""
"chestgenhooks","post","","chest1","","2","4","","Copper Plate","25","5","10","825","0.030303","gregtech:gt.metaitem.01","17035","",""
"chestgenhooks","post","","chest1","","2","4","","Tin Plate","25","5","10","825","0.030303","gregtech:gt.metaitem.01","17057","",""
"chestgenhooks","post","","chest1","","2","4","","Cast Iron Plate","25","5","10","825","0.030303","gregtech:gt.metaitem.01","17304","",""
"chestgenhooks","post","","chest1","","2","4","","Lemon Sapling","20","1","2","825","0.024242","harvestcraft:pamlemonSapling","0","",""
"chestgenhooks","post","","chest1","","2","4","","Maple Sapling","20","1","2","825","0.024242","harvestcraft:pammapleSapling","0","",""
"chestgenhooks","post","","chest1","","2","4","","Olive Sapling","20","1","2","825","0.024242","harvestcraft:pamoliveSapling","0","",""
"chestgenhooks","post","","chest1","","2","4","","Peppercorn Sapling","20","1","2","825","0.024242","harvestcraft:pampeppercornSapling","0","",""
"chestgenhooks","post","","chest1","","2","4","","<item id does not resolve in this build>","20","1","2","825","0.024242","","0","",""
"chestgenhooks","post","","chest1","","2","4","","Oak Drawer","20","2","3","825","0.024242","StorageDrawers:fullDrawers1","0","",""
"chestgenhooks","post","","chest1","","2","4","","Oak Drawers 1x2","20","2","3","825","0.024242","StorageDrawers:fullDrawers2","0","",""
"chestgenhooks","post","","chest1","","2","4","","Oak Drawers 2x2","20","2","3","825","0.024242","StorageDrawers:fullDrawers4","0","",""
"chestgenhooks","post","","chest1","","2","4","","Zinc Gravel Ore","20","4","6","825","0.024242","dreamcraft:ZincGravelOre","0","",""
"chestgenhooks","post","","chest1","","2","4","","Worktable","10","1","1","825","0.012121","Forestry:factory2","2","",""
"chestgenhooks","post","","chest2","","3","6","","Bronze Hull","20","1","4","970","0.020619","gregtech:gt.blockmachines","1","",""
"chestgenhooks","post","","chest2","","3","6","","Huge Bronze Fluid Pipe","10","1","2","970","0.010309","gregtech:gt.blockmachines","5124","",""
"chestgenhooks","post","","chest2","","3","6","","Bronze Fluid Pipe","15","4","8","970","0.015464","gregtech:gt.blockmachines","5122","",""
"chestgenhooks","post","","chest2","","3","6","","Bricked Bronze Hull","15","2","4","970","0.015464","gregtech:gt.blockmachines","2","",""
"chestgenhooks","post","","chest2","","3","6","","Bricked Cast Iron Hull","10","1","2","970","0.010309","gregtech:gt.blockmachines","4","",""
"chestgenhooks","post","","chest2","","3","6","","Silver Plate","25","10","20","970","0.025773","gregtech:gt.metaitem.01","17054","",""
"chestgenhooks","post","","chest2","","3","6","","Red Alloy Ingot","25","8","10","970","0.025773","gregtech:gt.metaitem.01","11308","",""
"chestgenhooks","post","","chest2","","3","6","","Red Alloy Plate","20","12","16","970","0.020619","gregtech:gt.metaitem.01","17308","",""
"chestgenhooks","post","","chest2","","3","6","","Rubber Sheet","25","10","20","970","0.025773","gregtech:gt.metaitem.01","17880","",""
"chestgenhooks","post","","chest2","","3","6","","Rubber Bar","25","10","20","970","0.025773","gregtech:gt.metaitem.01","11880","",""
"chestgenhooks","post","","chest2","","3","6","","Iron Tank","20","2","4","970","0.020619","irontank:ironTank","0","",""
"chestgenhooks","post","","chest2","","3","6","","H.S. Track","10","12","24","970","0.010309","Railcraft:track","816","","{track:""railcraft:track.speed""}"
"chestgenhooks","post","","chest2","","3","6","","Reinforced Track","10","12","24","970","0.010309","Railcraft:track","0","","{track:""railcraft:track.reinforced""}"
"chestgenhooks","post","","chest2","","3","6","","H.S. Booster Track","10","8","16","970","0.010309","Railcraft:track","0","","{track:""railcraft:track.speed.boost""}"
"chestgenhooks","post","","chest2","","3","6","","H.S. Transition Track","25","12","20","970","0.025773","Railcraft:track","26865","","{track:""railcraft:track.speed.transition""}"
"chestgenhooks","post","","chest2","","3","6","","Elevator Track","10","10","20","970","0.010309","Railcraft:track.elevator","0","",""
"chestgenhooks","post","","chest2","","3","6","","Tank Cart","25","1","2","970","0.025773","Railcraft:cart.tank","0","",""
"chestgenhooks","post","","chest2","","3","6","","High Pressure Boiler Tank","15","4","8","970","0.015464","Railcraft:machine.beta","4","",""
"chestgenhooks","post","","chest2","","3","6","","Liquid Fueled Boiler Firebox","10","1","2","970","0.010309","Railcraft:machine.beta","6","",""
"chestgenhooks","post","","chest2","","3","6","","Iron Door","10","1","2","970","0.010309","minecraft:iron_door","0","",""
"chestgenhooks","post","","chest2","","3","6","","TNT","15","4","8","970","0.015464","minecraft:tnt","0","",""
"chestgenhooks","post","","chest2","","3","6","","Clock","15","1","1","970","0.015464","minecraft:clock","0","",""
"chestgenhooks","post","","chest2","","3","6","","Compass","15","1","1","970","0.015464","minecraft:compass","0","",""
"chestgenhooks","post","","chest2","","3","6","","Piston","20","4","6","970","0.020619","minecraft:piston","0","",""
"chestgenhooks","post","","chest2","","3","6","","Flint and Steel","10","1","2","970","0.010309","minecraft:flint_and_steel","0","",""
"chestgenhooks","post","","chest2","","3","6","","Magma Cream","20","1","2","970","0.020619","minecraft:magma_cream","0","",""
"chestgenhooks","post","","chest2","","3","6","","Reinforcement","20","2","3","970","0.020619","TConstruct:materials","43","",""
"chestgenhooks","post","","chest2","","3","6","","Cheese Pizza","20","3","6","970","0.020619","gregtech:gt.metaitem.02","32261","",""
"chestgenhooks","post","","chest2","","3","6","","Neapolitan Ice Cream","20","3","6","970","0.020619","harvestcraft:neapolitanicecreamItem","0","",""
"chestgenhooks","post","","chest2","","3","6","","Forest Hive","20","1","2","970","0.020619","Forestry:beehives","1","",""
"chestgenhooks","post","","chest2","","3","6","","Meadows Hive","20","1","2","970","0.020619","Forestry:beehives","2","",""
"chestgenhooks","post","","chest2","","3","6","","Modest Hive","20","1","2","970","0.020619","Forestry:beehives","3","",""
"chestgenhooks","post","","chest2","","3","6","","Tropical Hive","20","1","2","970","0.020619","Forestry:beehives","4","",""
"chestgenhooks","post","","chest2","","3","6","","Wintry Hive","20","1","2","970","0.020619","Forestry:beehives","6","",""
"chestgenhooks","post","","chest2","","3","6","","Marshy Hive","20","1","2","970","0.020619","Forestry:beehives","7","",""
"chestgenhooks","post","","chest2","","3","6","","Slimy Sapling","20","2","4","970","0.020619","TConstruct:slime.sapling","0","",""
"chestgenhooks","post","","chest2","","3","6","","Diamond Chest","20","1","2","970","0.020619","IronChest:BlockIronChest","2","",""
"chestgenhooks","post","","chest2","","3","6","","Upgrade Template","20","3","3","970","0.020619","StorageDrawers:upgradeTemplate","0","",""
"chestgenhooks","post","","chest2","","3","6","","Drawer Key","15","1","1","970","0.015464","StorageDrawers:upgradeLock","0","",""
"chestgenhooks","post","","chest2","","3","6","","Composite Vest","15","1","1","970","0.015464","IC2:itemArmorAlloyChestplate","0","",""
"chestgenhooks","post","","chest2","","3","6","","Mold (Plate)","25","1","1","970","0.025773","gregtech:gt.metaitem.01","32301","",""
"chestgenhooks","post","","chest2","","3","6","","Mold (Casing)","25","1","1","970","0.025773","gregtech:gt.metaitem.01","32302","",""
"chestgenhooks","post","","chest2","","3","6","","Mold (Gear)","25","1","1","970","0.025773","gregtech:gt.metaitem.01","32303","",""
"chestgenhooks","post","","chest2","","3","6","","Mold (Ingot)","25","1","1","970","0.025773","gregtech:gt.metaitem.01","32306","",""
"chestgenhooks","post","","chest2","","3","6","","Mold (Ball)","25","1","1","970","0.025773","gregtech:gt.metaitem.01","32307","",""
"chestgenhooks","post","","chest2","","3","6","","Mold (Block)","25","1","1","970","0.025773","gregtech:gt.metaitem.01","32308","",""
"chestgenhooks","post","","chest2","","3","6","","Mold (Small Gear)","25","1","1","970","0.025773","gregtech:gt.metaitem.01","32317","",""
"chestgenhooks","post","","chest2","","3","6","","Brass Item Pipe","25","8","16","970","0.025773","gregtech:gt.blockmachines","5602","",""
"chestgenhooks","post","","chest2","","3","6","","Diamond Sawblade","10","1","1","970","0.010309","gregtech:gt.metaitem.01","32721","",""
"chestgenhooks","post","","chest2","","3","6","","Iron Tank Wall","20","8","12","970","0.020619","Railcraft:machine.beta","0","",""
"chestgenhooks","post","","chest2","","3","6","","Iron Tank Gauge","20","2","4","970","0.020619","Railcraft:machine.beta","1","",""
"chestgenhooks","post","","chest2","","3","6","","Iron Tank Valve","20","1","2","970","0.020619","Railcraft:machine.beta","2","",""
"chestgenhooks","post","","chest3","","4","8","","Ghast Tear","10","1","2","865","0.011561","minecraft:ghast_tear","0","",""
"chestgenhooks","post","","chest3","","4","8","","Blaze Rod","10","1","2","865","0.011561","minecraft:blaze_rod","0","",""
"chestgenhooks","post","","chest3","","4","8","","Cake","30","1","1","865","0.034682","minecraft:cake","0","",""
"chestgenhooks","post","","chest3","","4","8","","Dolly","10","1","1","865","0.011561","JABBA:mover","0","",""
"chestgenhooks","post","","chest3","","4","8","","Steel Bars","20","4","8","865","0.023121","dreamcraft:SteelBars","0","",""
"chestgenhooks","post","","chest3","","4","8","","Farm Block","20","8","16","865","0.023121","Forestry:ffarm","0","","{FarmBlock:0}"
"chestgenhooks","post","","chest3","","4","8","","Farm Gearbox","20","4","8","865","0.023121","Forestry:ffarm","2","","{FarmBlock:0}"
"chestgenhooks","post","","chest3","","4","8","","Farm Hatch","20","4","8","865","0.023121","Forestry:ffarm","3","","{FarmBlock:0}"
"chestgenhooks","post","","chest3","","4","8","","Farm Valve","20","4","8","865","0.023121","Forestry:ffarm","4","","{FarmBlock:0}"
"chestgenhooks","post","","chest3","","4","8","","Farm Control","20","1","2","865","0.023121","Forestry:ffarm","5","","{FarmBlock:0}"
"chestgenhooks","post","","chest3","","4","8","","Carpenter","10","1","1","865","0.011561","Forestry:factory","1","",""
"chestgenhooks","post","","chest3","","4","8","","Fluid Tank","15","1","2","865","0.017341","EnderIO:blockTank","0","",""
"chestgenhooks","post","","chest3","","4","8","","Hard Wall (Tier 1)","25","10","20","865","0.028902","openmodularturrets:hardWallTierOne","0","",""
"chestgenhooks","post","","chest3","","4","8","","Hard Wall (Tier 2)","15","10","20","865","0.017341","openmodularturrets:hardWallTierTwo","0","",""
"chestgenhooks","post","","chest3","","4","8","","Fence (Tier 1)","25","10","20","865","0.028902","openmodularturrets:fenceTierOne","0","",""
"chestgenhooks","post","","chest3","","4","8","","Fence (Tier 2)","15","10","20","865","0.017341","openmodularturrets:fenceTierTwo","0","",""
"chestgenhooks","post","","chest3","","4","8","","Gold Tank","20","2","4","865","0.023121","irontank:goldTank","0","",""
"chestgenhooks","post","","chest3","","4","8","","Thaumaturge's Boots","15","1","1","865","0.017341","Thaumcraft:ItemBootsRobe","0","",""
"chestgenhooks","post","","chest3","","4","8","","Thaumaturge's Leggings","15","1","1","865","0.017341","Thaumcraft:ItemLeggingsRobe","0","",""
"chestgenhooks","post","","chest3","","4","8","","Thaumaturge's Robe","15","1","1","865","0.017341","Thaumcraft:ItemChestplateRobe","0","",""
"chestgenhooks","post","","chest3","","4","8","","Vishroom","25","5","10","865","0.028902","Thaumcraft:blockCustomPlant","5","",""
"chestgenhooks","post","","chest3","","4","8","","Warded Jar","25","5","10","865","0.028902","Thaumcraft:blockJar","0","",""
"chestgenhooks","post","","chest3","","4","8","","Burning Blossom","15","10","10","865","0.017341","BiomesOPlenty:flowers2","2","",""
"chestgenhooks","post","","chest3","","4","8","","Necrotic Bone","15","2","3","865","0.017341","TConstruct:materials","8","",""
"chestgenhooks","post","","chest3","","4","8","","Silky Jewel","15","1","1","865","0.017341","TConstruct:materials","26","",""
"chestgenhooks","post","","chest3","","4","8","","Earl Gray Tea","20","2","2","865","0.023121","kubatech:kubaitems","14","",""
"chestgenhooks","post","","chest3","","4","8","","Lemon Tea","20","2","2","865","0.023121","kubatech:kubaitems","16","",""
"chestgenhooks","post","","chest3","","4","8","","Peppermint Tea","20","2","2","865","0.023121","kubatech:kubaitems","19","",""
"chestgenhooks","post","","chest3","","4","8","","Silky Comb","20","10","20","865","0.023121","Forestry:beeCombs","6","",""
"chestgenhooks","post","","chest3","","4","8","","Honey Drop","20","16","32","865","0.023121","Forestry:honeyDrop","0","",""
"chestgenhooks","post","","chest3","","4","8","","Apiary","20","1","1","865","0.023121","Forestry:apiculture","0","",""
"chestgenhooks","post","","chest3","","4","8","","Large Steel Fluid Cell","10","1","2","865","0.011561","gregtech:gt.metaitem.01","32405","",""
"chestgenhooks","post","","chest3","","4","8","","Electric Motor (LV)","10","1","1","865","0.011561","gregtech:gt.metaitem.01","32600","",""
"chestgenhooks","post","","chest3","","4","8","","Electric Pump (LV)","10","1","1","865","0.011561","gregtech:gt.metaitem.01","32610","",""
"chestgenhooks","post","","chest3","","4","8","","Conveyor Module (LV)","10","1","1","865","0.011561","gregtech:gt.metaitem.01","32630","",""
"chestgenhooks","post","","chest3","","4","8","","Electric Piston (LV)","10","1","1","865","0.011561","gregtech:gt.metaitem.01","32640","",""
"chestgenhooks","post","","chest3","","4","8","","Robot Arm (LV)","5","1","1","865","0.005780","gregtech:gt.metaitem.01","32650","",""
"chestgenhooks","post","","chest3","","4","8","","Emitter (LV)","5","1","1","865","0.005780","gregtech:gt.metaitem.01","32680","",""
"chestgenhooks","post","","chest3","","4","8","","Sensor (LV)","5","1","1","865","0.005780","gregtech:gt.metaitem.01","32690","",""
"chestgenhooks","post","","chest3","","4","8","","Machine Controller Cover","15","1","1","865","0.017341","gregtech:gt.metaitem.01","32730","",""
"chestgenhooks","post","","chest3","","4","8","","Activity Detector Cover","15","1","1","865","0.017341","gregtech:gt.metaitem.01","32731","",""
"chestgenhooks","post","","chest3","","4","8","","Fluid Detector Cover","15","1","1","865","0.017341","gregtech:gt.metaitem.01","32732","",""
"chestgenhooks","post","","chest3","","4","8","","Item Detector Cover","15","1","1","865","0.017341","gregtech:gt.metaitem.01","32733","",""
"chestgenhooks","post","","chest3","","4","8","","Energy Detector Cover","15","1","1","865","0.017341","gregtech:gt.metaitem.01","32734","",""
"chestgenhooks","post","","chest3","","4","8","","Computer Monitor Cover","15","1","1","865","0.017341","gregtech:gt.metaitem.01","32740","",""
"chestgenhooks","post","","chest3","","4","8","","Drain Module Cover","15","1","1","865","0.017341","gregtech:gt.metaitem.01","32745","",""
"chestgenhooks","post","","chest3","","4","8","","Shutter Module Cover","15","1","1","865","0.017341","gregtech:gt.metaitem.01","32749","",""
"chestgenhooks","post","","chest3","","4","8","","1x Tin Cable","15","4","8","865","0.017341","gregtech:gt.blockmachines","1246","",""
"chestgenhooks","post","","chest3","","4","8","","1x Copper Cable","15","2","4","865","0.017341","gregtech:gt.blockmachines","1366","",""
"chestgenhooks","post","","chest3","","4","8","","Potin Fluid Pipe","20","4","8","865","0.023121","gregtech:gt.blockmachines","30727","",""
"chestgenhooks","post","","chest3","","4","8","","Small Sodium Battery","20","1","1","865","0.023121","gregtech:gt.metaitem.01","32519","",""
"chestgenhooks","post","","chest3","","4","8","","Basic Auto-Chisel","15","1","1","865","0.017341","gregtech:gt.blockmachines","31066","",""
"chestgenhooks","post","","chest3","","4","8","","Diamond Spike","15","3","4","865","0.017341","ExtraUtilities:spike_base_diamond","0","",""
"chestgenhooks","post","","chest3","","4","8","","Impregnated Frame","15","3","3","865","0.017341","Forestry:frameImpregnated","0","",""
"chestgenhooks","post","","chest4","","5","10","","Brewing Stand","5","1","1","555","0.009009","minecraft:brewing_stand","0","",""
"chestgenhooks","post","","chest4","","5","10","","Enchantment Table","5","1","1","555","0.009009","minecraft:enchanting_table","0","",""
"chestgenhooks","post","","chest4","","5","10","","Aluminium Bars","20","4","8","555","0.036036","dreamcraft:AluminiumBars","0","",""
"chestgenhooks","post","","chest4","","5","10","","Item Transport Pipe","20","4","8","555","0.036036","ProjRed|Transportation:projectred.transportation.pipe","0","",""
"chestgenhooks","post","","chest4","","5","10","","Null-Logic Routing Chip","20","4","8","555","0.036036","ProjRed|Core:projectred.core.part","44","",""
"chestgenhooks","post","","chest4","","5","10","","Basic Circuit Board","10","1","2","555","0.018018","Forestry:chipsets","0","","{T:0s}"
"chestgenhooks","post","","chest4","","5","10","","Enhanced Circuit Board","10","1","2","555","0.018018","Forestry:chipsets","1","","{T:1s}"
"chestgenhooks","post","","chest4","","5","10","","Refined Circuit Board","10","1","2","555","0.018018","Forestry:chipsets","2","","{T:2s}"
"chestgenhooks","post","","chest4","","5","10","","Intricate Circuit Board","10","1","2","555","0.018018","Forestry:chipsets","3","","{T:3s}"
"chestgenhooks","post","","chest4","","5","10","","Diamond Tank","15","1","2","555","0.027027","irontank:diamondTank","0","",""
"chestgenhooks","post","","chest4","","5","10","","Coal Jetpack","5","1","1","555","0.009009","adventurebackpack:coalJetpack","0","","{jetpackData:{}}"
"chestgenhooks","post","","chest4","","5","10","","Copter Pack","5","1","1","555","0.009009","adventurebackpack:copterPack","0","","{}"
"chestgenhooks","post","","chest4","","5","10","","Mining Pipe","25","16","32","555","0.045045","IC2:blockMiningPipe","0","",""
"chestgenhooks","post","","chest4","","5","10","","Carbon Plate","25","4","8","555","0.045045","IC2:itemPartCarbonPlate","0","",""
"chestgenhooks","post","","chest4","","5","10","","Carbon Fiber Canoe","15","1","2","555","0.027027","IC2:itemBoat","0","",""
"chestgenhooks","post","","chest4","","5","10","","Ball of Moss","15","1","1","555","0.027027","TConstruct:materials","6","",""
"chestgenhooks","post","","chest4","","5","10","","Cosmic Meatballs","15","1","1","555","0.027027","Avaritia:Cosmic_Meatballs","0","",""
"chestgenhooks","post","","chest4","","5","10","","Ultimate Stew","15","1","1","555","0.027027","Avaritia:Ultimate_Stew","0","",""
"chestgenhooks","post","","chest4","","5","10","","Golden Apple","15","1","1","555","0.027027","minecraft:golden_apple","1","",""
"chestgenhooks","post","","chest4","","5","10","","Alveary","20","2","3","555","0.036036","Forestry:alveary","0","",""
"chestgenhooks","post","","chest4","","5","10","","Division Sigil","15","1","1","555","0.027027","ExtraUtilities:divisionSigil","0","",""
"chestgenhooks","post","","chest4","","5","10","","Oblivion Frame","5","1","1","555","0.009009","MagicBees:frameOblivion","0","",""
"chestgenhooks","post","","chest4","","5","10","","Soul Frame","10","1","1","555","0.018018","ExtraBees:hiveFrame.soul","0","",""
"chestgenhooks","post","","chest4","","5","10","","Proven Frame","15","2","3","555","0.027027","Forestry:frameProven","0","",""
"chestgenhooks","post","","chest4","","5","10","","Item Filter","15","1","2","555","0.027027","gregtech:gt.metaitem.01","32729","",""
"chestgenhooks","post","","chest4","","5","10","","Large Aluminium Fluid Cell","15","1","2","555","0.027027","gregtech:gt.metaitem.01","32407","",""
"chestgenhooks","post","","chest4","","5","10","","Electric Motor (MV)","5","1","1","555","0.009009","gregtech:gt.metaitem.01","32601","",""
"chestgenhooks","post","","chest4","","5","10","","Electric Pump (MV)","5","1","1","555","0.009009","gregtech:gt.metaitem.01","32611","",""
"chestgenhooks","post","","chest4","","5","10","","Conveyor Module (MV)","5","1","1","555","0.009009","gregtech:gt.metaitem.01","32631","",""
"chestgenhooks","post","","chest4","","5","10","","Electric Piston (MV)","5","1","1","555","0.009009","gregtech:gt.metaitem.01","32641","",""
"chestgenhooks","post","","chest4","","5","10","","Medium Sodium Battery","15","1","1","555","0.027027","gregtech:gt.metaitem.01","32529","",""
"chestgenhooks","post","","chest4","","5","10","","Silicon Solar Grade (Poly SI) Dust","15","32","32","555","0.027027","gregtech:gt.metaitem.01","2856","",""
"chestgenhooks","post","","chest4","","5","10","","Item Conduit","20","8","16","555","0.036036","EnderIO:itemItemConduit","0","",""
"chestgenhooks","post","","chest4","","5","10","","Fluid Conduit","20","8","16","555","0.036036","EnderIO:itemLiquidConduit","0","",""
"chestgenhooks","post","","chest4","","5","10","","Machine Chassis","20","3","4","555","0.036036","EnderIO:itemMachinePart","0","",""
"chestgenhooks","post","","chest4","","5","10","","Redstone Conduit","20","8","16","555","0.036036","EnderIO:itemRedstoneConduit","0","",""
"chestgenhooks","post","","chest4","","5","10","","Reinforced Obsidian","15","4","6","555","0.027027","EnderIO:blockReinforcedObsidian","0","",""
"chestgenhooks","post","","chest4","","5","10","","Fan","15","2","3","555","0.027027","OpenBlocks:fan","0","",""
"chestgenhooks","post","","chest4","","5","10","","Sanitizing Soap","25","4","8","555","0.045045","Thaumcraft:ItemSanitySoap","0","",""
"chestgenhooks","post","","chest4","","5","10","","Trosma Sláintíochta Soap","10","2","3","555","0.018018","thaumicinsurgence:item.ItemSanitySoapAlpha","0","",""
"chestgenhooks","post","","chest4","","5","10","","Alastor's Soap","5","1","2","555","0.009009","thaumicinsurgence:item.ItemSanitySoapBeta","0","",""
"chestgenhooks","post","","composting","","1","1","","Bone Meal","10","1","1","10","1.000000","minecraft:dye","15","",""
"chestgenhooks","post","","dungeonChest","","8","8","","Saddle","10","1","1","1886","0.005302","minecraft:saddle","0","",""
"chestgenhooks","post","","dungeonChest","","8","8","","Iron Ingot","10","1","4","1886","0.005302","minecraft:iron_ingot","0","",""
"chestgenhooks","post","","dungeonChest","","8","8","","Bread","10","1","1","1886","0.005302","minecraft:bread","0","",""
"chestgenhooks","post","","dungeonChest","","8","8","","Wheat","10","1","4","1886","0.005302","minecraft:wheat","0","",""
"chestgenhooks","post","","dungeonChest","","8","8","","Gunpowder","10","1","4","1886","0.005302","minecraft:gunpowder","0","",""
"chestgenhooks","post","","dungeonChest","","8","8","","String","10","1","4","1886","0.005302","minecraft:string","0","",""
"chestgenhooks","post","","dungeonChest","","8","8","","Bucket","10","1","1","1886","0.005302","minecraft:bucket","0","",""
"chestgenhooks","post","","dungeonChest","","8","8","","Golden Apple","1","1","1","1886","0.000530","minecraft:golden_apple","0","",""
"chestgenhooks","post","","dungeonChest","","8","8","","Redstone","10","1","4","1886","0.005302","minecraft:redstone","0","",""
"chestgenhooks","post","","dungeonChest","","8","8","","Music Disc","10","1","1","1886","0.005302","minecraft:record_13","0","",""
"chestgenhooks","post","","dungeonChest","","8","8","","Music Disc","10","1","1","1886","0.005302","minecraft:record_cat","0","",""
"chestgenhooks","post","","dungeonChest","","8","8","","Name Tag","10","1","1","1886","0.005302","minecraft:name_tag","0","",""
"chestgenhooks","post","","dungeonChest","","8","8","","Gold Horse Armor","2","1","1","1886","0.001060","minecraft:golden_horse_armor","0","",""
"chestgenhooks","post","","dungeonChest","","8","8","","Iron Horse Armor","5","1","1","1886","0.002651","minecraft:iron_horse_armor","0","",""
"chestgenhooks","post","","dungeonChest","","8","8","","Diamond Horse Armor","1","1","1","1886","0.000530","minecraft:diamond_horse_armor","0","",""
"chestgenhooks","post","","dungeonChest","","8","8","","Enchanted Book","1","1","1","1886","0.000530","minecraft:enchanted_book","0","",""
"chestgenhooks","post","","dungeonChest","","8","8","","Music Disc","5","1","1","1886","0.002651","minecraft:record_blocks","0","",""
"chestgenhooks","post","","dungeonChest","","8","8","","Music Disc","5","1","1","1886","0.002651","minecraft:record_chirp","0","",""
"chestgenhooks","post","","dungeonChest","","8","8","","Music Disc","5","1","1","1886","0.002651","minecraft:record_far","0","",""
"chestgenhooks","post","","dungeonChest","","8","8","","Music Disc","5","1","1","1886","0.002651","minecraft:record_mall","0","",""
"chestgenhooks","post","","dungeonChest","","8","8","","Music Disc","5","1","1","1886","0.002651","minecraft:record_mellohi","0","",""
"chestgenhooks","post","","dungeonChest","","8","8","","Music Disc","5","1","1","1886","0.002651","minecraft:record_stal","0","",""
"chestgenhooks","post","","dungeonChest","","8","8","","Music Disc","5","1","1","1886","0.002651","minecraft:record_strad","0","",""
"chestgenhooks","post","","dungeonChest","","8","8","","Music Disc","5","1","1","1886","0.002651","minecraft:record_ward","0","",""
"chestgenhooks","post","","dungeonChest","","8","8","","Music Disc","5","1","1","1886","0.002651","minecraft:record_11","0","",""
"chestgenhooks","post","","dungeonChest","","8","8","","Music Disc","5","1","1","1886","0.002651","minecraft:record_wait","0","",""
"chestgenhooks","post","","dungeonChest","","8","8","","Chain Helmet","2","1","1","1886","0.001060","minecraft:chainmail_helmet","0","",""
"chestgenhooks","post","","dungeonChest","","8","8","","Chain Leggings","2","1","1","1886","0.001060","minecraft:chainmail_leggings","0","",""
"chestgenhooks","post","","dungeonChest","","8","8","","Chain Boots","2","1","1","1886","0.001060","minecraft:chainmail_boots","0","",""
"chestgenhooks","post","","dungeonChest","","8","8","","Chain Chestplate","2","1","1","1886","0.001060","minecraft:chainmail_chestplate","0","",""
"chestgenhooks","post","","dungeonChest","","8","8","","Diamond Helmet","1","1","1","1886","0.000530","minecraft:diamond_helmet","0","",""
"chestgenhooks","post","","dungeonChest","","8","8","","Diamond Chestplate","1","1","1","1886","0.000530","minecraft:diamond_chestplate","0","",""
"chestgenhooks","post","","dungeonChest","","8","8","","Diamond Leggings","1","1","1","1886","0.000530","minecraft:diamond_leggings","0","",""
"chestgenhooks","post","","dungeonChest","","8","8","","Diamond Boots","1","1","1","1886","0.000530","minecraft:diamond_boots","0","",""
"chestgenhooks","post","","dungeonChest","","8","8","","Iron Door","3","1","1","1886","0.001591","minecraft:iron_door","0","",""
"chestgenhooks","post","","dungeonChest","","8","8","","Blaze Rod","5","1","3","1886","0.002651","minecraft:blaze_rod","0","",""
"chestgenhooks","post","","dungeonChest","","8","8","","Steel Sword","5","1","1","1886","0.002651","Railcraft:tool.steel.sword","0","",""
"chestgenhooks","post","","dungeonChest","","8","8","","Steel Helmet","5","1","1","1886","0.002651","Railcraft:armor.steel.helmet","0","",""
"chestgenhooks","post","","dungeonChest","","8","8","","Steel Chestplate","5","1","1","1886","0.002651","Railcraft:armor.steel.plate","0","",""
"chestgenhooks","post","","dungeonChest","","8","8","","Steel Leggings","5","1","1","1886","0.002651","Railcraft:armor.steel.legs","0","",""
"chestgenhooks","post","","dungeonChest","","8","8","","Steel Boots","5","1","1","1886","0.002651","Railcraft:armor.steel.boots","0","",""
"chestgenhooks","post","","dungeonChest","","8","8","","Amazing Technicolor Glasses","2","1","1","1886","0.001060","OpenBlocks:technicolorGlasses","0","",""
"chestgenhooks","post","","dungeonChest","","8","8","","Standard Binding Agent","6","1","3","1886","0.003181","AWWayofTime:standardBindingAgent","0","",""
"chestgenhooks","post","","dungeonChest","","8","8","","Mundane Power Catalyst","4","1","1","1886","0.002121","AWWayofTime:mundanePowerCatalyst","0","",""
"chestgenhooks","post","","dungeonChest","","8","8","","Mundane Lengthening Catalyst","4","1","1","1886","0.002121","AWWayofTime:mundaneLengtheningCatalyst","0","",""
"chestgenhooks","post","","dungeonChest","","8","8","","Average Power Catalyst","2","1","1","1886","0.001060","AWWayofTime:averagePowerCatalyst","0","",""
"chestgenhooks","post","","dungeonChest","","8","8","","Average Lengthening Catalyst","2","1","1","1886","0.001060","AWWayofTime:averageLengtheningCatalyst","0","",""
"chestgenhooks","post","","dungeonChest","","8","8","","Greater Power Catalyst","1","1","1","1886","0.000530","AWWayofTime:greaterPowerCatalyst","0","",""
"chestgenhooks","post","","dungeonChest","","8","8","","Greater Lengthening Catalyst","1","1","1","1886","0.000530","AWWayofTime:greaterLengtheningCatalyst","0","",""
"chestgenhooks","post","","dungeonChest","","8","8","","Temple Caller","1","0","1","1886","0.000530","HardcoreEnderExpansion:temple_caller","0","",""
"chestgenhooks","post","","dungeonChest","","8","8","","Knowledge Note","3","1","1","1886","0.001591","HardcoreEnderExpansion:knowledge_note","0","","{pts:40b}"
"chestgenhooks","post","","dungeonChest","","8","8","","Knowledge Note","6","1","1","1886","0.003181","HardcoreEnderExpansion:knowledge_note","0","","{pts:30b}"
"chestgenhooks","post","","dungeonChest","","8","8","","Knowledge Note","9","1","1","1886","0.004772","HardcoreEnderExpansion:knowledge_note","0","","{pts:20b}"
"chestgenhooks","post","","dungeonChest","","8","8","","Knowledge Note","12","1","1","1886","0.006363","HardcoreEnderExpansion:knowledge_note","0","","{pts:10b}"
"chestgenhooks","post","","dungeonChest","","8","8","","Miniature Red Heart","5","1","1","1886","0.002651","TConstruct:heartCanister","1","",""
"chestgenhooks","post","","dungeonChest","","8","8","","Floppy Disk","5","1","1","1886","0.002651","OpenComputers:item","4","",""
"chestgenhooks","post","","dungeonChest","","8","8","","Broken Relic of Mjolnir","25","0","1","1886","0.013256","EMT:TaintedMjolnir","0","",""
"chestgenhooks","post","","dungeonChest","","8","8","","Disposable Item Turret","15","1","2","1886","0.007953","openmodularturrets:disposeItemTurret","0","",""
"chestgenhooks","post","","dungeonChest","","8","8","","Turret Base (Tier 1)","15","1","1","1886","0.007953","openmodularturrets:baseTierWood","0","",""
"chestgenhooks","post","","dungeonChest","","8","8","","Basic Turret Base Crank","15","1","1","1886","0.007953","openmodularturrets:leverBlock","0","",""
"chestgenhooks","post","","dungeonChest","","8","8","","Common Treasure","5","1","3","1886","0.002651","Thaumcraft:ItemLootBag","0","",""
"chestgenhooks","post","","dungeonChest","","8","8","","Thaumium Ingot","5","1","3","1886","0.002651","Thaumcraft:ItemResource","2","",""
"chestgenhooks","post","","dungeonChest","","8","8","","Amber","5","1","3","1886","0.002651","Thaumcraft:ItemResource","6","",""
"chestgenhooks","post","","dungeonChest","","8","8","","Uncommon Treasure","4","1","2","1886","0.002121","Thaumcraft:ItemLootBag","1","",""
"chestgenhooks","post","","dungeonChest","","8","8","","Mundane Amulet","4","1","2","1886","0.002121","Thaumcraft:ItemBaubleBlanks","0","",""
"chestgenhooks","post","","dungeonChest","","8","8","","Mundane Ring","4","1","2","1886","0.002121","Thaumcraft:ItemBaubleBlanks","1","",""
"chestgenhooks","post","","dungeonChest","","8","8","","Mundane Belt","4","1","2","1886","0.002121","Thaumcraft:ItemBaubleBlanks","2","",""
"chestgenhooks","post","","dungeonChest","","8","8","","Knowledge Fragment","4","1","2","1886","0.002121","Thaumcraft:ItemResource","9","",""
"chestgenhooks","post","","dungeonChest","","8","8","","Rare Treasure","1","1","1","1886","0.000530","Thaumcraft:ItemLootBag","2","",""
"chestgenhooks","post","","dungeonChest","","8","8","","Thaumonomicon","1","1","1","1886","0.000530","Thaumcraft:ItemThaumonomicon","0","",""
"chestgenhooks","post","","dungeonChest","","8","8","","Thaumium Sword","1","1","1","1886","0.000530","Thaumcraft:ItemSwordThaumium","0","",""
"chestgenhooks","post","","dungeonChest","","8","8","","Thaumium Pickaxe","1","1","1","1886","0.000530","Thaumcraft:ItemPickThaumium","0","",""
"chestgenhooks","post","","dungeonChest","","8","8","","Thaumium Axe","1","1","1","1886","0.000530","Thaumcraft:ItemAxeThaumium","0","",""
"chestgenhooks","post","","dungeonChest","","8","8","","Thaumium Hoe","1","1","1","1886","0.000530","Thaumcraft:ItemHoeThaumium","0","",""
"chestgenhooks","post","","dungeonChest","","8","8","","Ring of Protection","1","1","1","1886","0.000530","Thaumcraft:ItemRingRunic","0","",""
"chestgenhooks","post","","dungeonChest","","8","8","","Apprentices Ring of Aer","1","1","1","1886","0.000530","Thaumcraft:ItemBaubleBlanks","3","",""
"chestgenhooks","post","","dungeonChest","","8","8","","Apprentices Ring of Terra","1","1","1","1886","0.000530","Thaumcraft:ItemBaubleBlanks","4","",""
"chestgenhooks","post","","dungeonChest","","8","8","","Apprentices Ring of Ignis","1","1","1","1886","0.000530","Thaumcraft:ItemBaubleBlanks","5","",""
"chestgenhooks","post","","dungeonChest","","8","8","","Apprentices Ring of Aqua","1","1","1","1886","0.000530","Thaumcraft:ItemBaubleBlanks","6","",""
"chestgenhooks","post","","dungeonChest","","8","8","","Apprentices Ring of Ordo","1","1","1","1886","0.000530","Thaumcraft:ItemBaubleBlanks","7","",""
"chestgenhooks","post","","dungeonChest","","8","8","","Apprentices Ring of Perditio","1","1","1","1886","0.000530","Thaumcraft:ItemBaubleBlanks","8","",""
"chestgenhooks","post","","dungeonChest","","8","8","","Vis Stone","1","1","1","1886","0.000530","Thaumcraft:ItemAmuletVis","0","","{aer:400,perditio:200,ignis:300,terra:100,aqua:100,ordo:200}"
"chestgenhooks","post","","dungeonChest","","8","8","","Shimmerleaf","4","1","3","1886","0.002121","Thaumcraft:blockCustomPlant","2","",""
"chestgenhooks","post","","dungeonChest","","8","8","","Cinderpearl","4","1","3","1886","0.002121","Thaumcraft:blockCustomPlant","3","",""
"chestgenhooks","post","","dungeonChest","","8","8","","Lesser Ring of Ender Disjunction","1","1","1","1886","0.000530","Automagy:baubleEnderDisjunction","1","",""
"chestgenhooks","post","","dungeonChest","","8","8","","Phial of Enchanter's Concentrate","3","1","3","1886","0.001591","Automagy:phialExtra","0","",""
"chestgenhooks","post","","dungeonChest","","8","8","","Steadfast Drone","10","1","1","1886","0.005302","Forestry:beeDroneGE","0","","{MaxH:40,Health:40,IsAnalyzed:0b,Genome:{Chromosomes:[0:{Slot:0b,UID0:""forestry.speciesSteadfast"",UID1:""forestry.speciesSteadfast""},1:{Slot:1b,UID0:""forestry.speedSlower"",UID1:""forestry.speedSlower""},2:{Slot:2b,UID0:""forestry.lifespanNormal"",UID1:""forestry.lifespanNormal""},3:{Slot:3b,UID0:""forestry.fertilityNormal"",UID1:""forestry.fertilityNormal""},4:{Slot:4b,UID0:""forestry.toleranceNone"",UID1:""forestry.toleranceNone""},5:{Slot:5b,UID0:""forestry.boolTrue"",UID1:""forestry.boolTrue""},6:{Slot:7b,UID0:""forestry.toleranceNone"",UID1:""forestry.toleranceNone""},7:{Slot:8b,UID0:""forestry.boolFalse"",UID1:""forestry.boolFalse""},8:{Slot:9b,UID0:""forestry.boolTrue"",UID1:""forestry.boolTrue""},9:{Slot:10b,UID0:""forestry.flowersVanilla"",UID1:""forestry.flowersVanilla""},10:{Slot:11b,UID0:""forestry.floweringSlowest"",UID1:""forestry.floweringSlowest""},11:{Slot:12b,UID0:""forestry.territoryAverage"",UID1:""forestry.territoryAverage""},12:{Slot:13b,UID0:""forestry.effectNone"",UID1:""forestry.effectNone""}]}}"
"chestgenhooks","post","","dungeonChest","","8","8","","Division Sigil","8","1","1","1886","0.004242","ExtraUtilities:divisionSigil","0","",""
"chestgenhooks","post","","dungeonChest","","8","8","","Ultimate Stew","1","1","2","1886","0.000530","Avaritia:Ultimate_Stew","0","",""
"chestgenhooks","post","","dungeonChest","","8","8","","Cosmic Meatballs","1","1","2","1886","0.000530","Avaritia:Cosmic_Meatballs","0","",""
"chestgenhooks","post","","dungeonChest","","8","8","","Spaghetti and Meatballs","5","1","4","1886","0.002651","harvestcraft:spagettiandmeatballsItem","0","",""
"chestgenhooks","post","","dungeonChest","","8","8","","Deluxe Cheeseburger","5","1","4","1886","0.002651","harvestcraft:deluxecheeseburgerItem","0","",""
"chestgenhooks","post","","dungeonChest","","8","8","","Delighted Meal","5","1","4","1886","0.002651","harvestcraft:delightedmealItem","0","",""
"chestgenhooks","post","","dungeonChest","","8","8","","Hearty Breakfast","5","1","4","1886","0.002651","harvestcraft:heartybreakfastItem","0","",""
"chestgenhooks","post","","dungeonChest","","8","8","","Curry Rice","5","1","4","1886","0.002651","harvestcraft:curryItem","0","",""
"chestgenhooks","post","","dungeonChest","","8","8","","Rainbow Curry","5","1","4","1886","0.002651","harvestcraft:rainbowcurryItem","0","",""
"chestgenhooks","post","","dungeonChest","","8","8","","Supreme Pizza","5","1","4","1886","0.002651","harvestcraft:supremepizzaItem","0","",""
"chestgenhooks","post","","dungeonChest","","8","8","","Bacon Mushroom Burger","5","1","4","1886","0.002651","harvestcraft:baconmushroomburgerItem","0","",""
"chestgenhooks","post","","dungeonChest","","8","8","","Sausage in Bread","5","1","4","1886","0.002651","harvestcraft:sausageinbreadItem","0","",""
"chestgenhooks","post","","dungeonChest","","8","8","","Beef Wellington","5","1","4","1886","0.002651","harvestcraft:beefwellingtonItem","0","",""
"chestgenhooks","post","","dungeonChest","","8","8","","Epic Bacon","5","1","4","1886","0.002651","harvestcraft:epicbaconItem","0","",""
"chestgenhooks","post","","dungeonChest","","8","8","","Dezil's Marshmallow","2","1","2","1886","0.001060","DraconicEvolution:dezilsMarshmallow","0","",""
"chestgenhooks","post","","dungeonChest","","8","8","","Holy Water","20","4","8","1886","0.010604","gregtech:gt.metaitem.02","32137","",""
"chestgenhooks","post","","dungeonChest","","8","8","","Purple Drink","80","8","16","1886","0.042418","gregtech:gt.metaitem.02","32100","",""
"chestgenhooks","post","","dungeonChest","","8","8","","Silver Ingot","120","1","6","1886","0.063627","gregtech:gt.metaitem.01","11054","",""
"chestgenhooks","post","","dungeonChest","","8","8","","Lead Ingot","30","1","6","1886","0.015907","gregtech:gt.metaitem.01","11089","",""
"chestgenhooks","post","","dungeonChest","","8","8","","Steel Ingot","60","1","6","1886","0.031813","gregtech:gt.metaitem.01","11305","",""
"chestgenhooks","post","","dungeonChest","","8","8","","Bronze Ingot","60","1","6","1886","0.031813","gregtech:gt.metaitem.01","11300","",""
"chestgenhooks","post","","dungeonChest","","8","8","","Manganese Ingot","60","1","6","1886","0.031813","gregtech:gt.metaitem.01","11031","",""
"chestgenhooks","post","","dungeonChest","","8","8","","Damascus Steel Ingot","10","1","6","1886","0.005302","gregtech:gt.metaitem.01","11335","",""
"chestgenhooks","post","","dungeonChest","","8","8","","Emerald","20","1","6","1886","0.010604","minecraft:emerald","0","",""
"chestgenhooks","post","","dungeonChest","","8","8","","Ruby","20","1","6","1886","0.010604","gregtech:gt.metaitem.01","8502","",""
"chestgenhooks","post","","dungeonChest","","8","8","","Sapphire","20","1","6","1886","0.010604","gregtech:gt.metaitem.01","8503","",""
"chestgenhooks","post","","dungeonChest","","8","8","","Green Sapphire","20","1","6","1886","0.010604","gregtech:gt.metaitem.01","8504","",""
"chestgenhooks","post","","dungeonChest","","8","8","","Olivine","20","1","6","1886","0.010604","gregtech:gt.metaitem.01","8505","",""
"chestgenhooks","post","","dungeonChest","","8","8","","Red Garnet","40","1","6","1886","0.021209","gregtech:gt.metaitem.01","8527","",""
"chestgenhooks","post","","dungeonChest","","8","8","","Yellow Garnet","40","1","6","1886","0.021209","gregtech:gt.metaitem.01","8528","",""
"chestgenhooks","post","","dungeonChest","","8","8","","Neodymium Dust","40","1","6","1886","0.021209","gregtech:gt.metaitem.01","2067","",""
"chestgenhooks","post","","dungeonChest","","8","8","","Chrome Dust","40","1","3","1886","0.021209","gregtech:gt.metaitem.01","2030","",""
"chestgenhooks","post","","dungeonChest","","8","8","","Copper Ingot","90","2","6","1886","0.047720","gregtech:gt.metaitem.01","11035","",""
"chestgenhooks","post","","dungeonChest","","8","8","","Tin Ingot","80","8","16","1886","0.042418","gregtech:gt.metaitem.01","11057","",""
"chestgenhooks","post","","dungeonChest","","8","8","","Magnesium Ingot","100","1","4","1886","0.053022","gregtech:gt.metaitem.01","11018","",""
"chestgenhooks","post","","dungeonChest","","8","8","","Aluminium Ingot","10","1","1","1886","0.005302","gregtech:gt.metaitem.01","11019","",""
"chestgenhooks","post","","dungeonChest","","8","8","","Nickel Ingot","50","2","6","1886","0.026511","gregtech:gt.metaitem.01","11034","",""
"chestgenhooks","post","","dungeonChest","","8","8","","Cobalt Ingot","10","2","4","1886","0.005302","gregtech:gt.metaitem.01","11033","",""
"chestgenhooks","post","","dungeonChest","","8","8","","Zinc Ingot","40","4","8","1886","0.021209","gregtech:gt.metaitem.01","11036","",""
"chestgenhooks","post","","dungeonChest","","8","8","","Molybdenum Ingot","30","2","4","1886","0.015907","gregtech:gt.metaitem.01","11048","",""
"chestgenhooks","post","","dungeonChest","","8","8","","Antimony Ingot","20","1","2","1886","0.010604","gregtech:gt.metaitem.01","11058","",""
"chestgenhooks","post","","dungeonChest","","8","8","","Invar Ingot","30","2","4","1886","0.015907","gregtech:gt.metaitem.01","11302","",""
"chestgenhooks","post","","dungeonChest","","8","8","","Electrum Ingot","10","1","1","1886","0.005302","gregtech:gt.metaitem.01","11303","",""
"chestgenhooks","post","","dungeonChest","","8","8","","Cast Iron Ingot","70","3","8","1886","0.037116","gregtech:gt.metaitem.01","11304","",""
"chestgenhooks","post","","dungeonChest","","8","8","","Stainless Steel Ingot","10","1","1","1886","0.005302","gregtech:gt.metaitem.01","11306","",""
"chestgenhooks","post","","dungeonChest","","8","8","","Pig Iron Ingot","20","2","3","1886","0.010604","gregtech:gt.metaitem.01","11307","",""
"chestgenhooks","post","","dungeonChest","","8","8","","Red Alloy Ingot","40","2","3","1886","0.021209","gregtech:gt.metaitem.01","11308","",""
"chestgenhooks","post","","dungeonChest","","8","8","","Cupronickel Ingot","10","1","1","1886","0.005302","gregtech:gt.metaitem.01","11310","",""
"chestgenhooks","post","","dungeonChest","","8","8","","Cobalt Brass Ingot","10","1","2","1886","0.005302","gregtech:gt.metaitem.01","11343","",""
"chestgenhooks","post","","dungeonChest","","8","8","","Magnetic Iron Ingot","40","2","4","1886","0.021209","gregtech:gt.metaitem.01","11354","",""
"chestgenhooks","post","","dungeonChest","","8","8","","Electrical Steel Ingot","20","1","3","1886","0.010604","gregtech:gt.metaitem.01","11365","",""
"chestgenhooks","post","","dungeonChest","","8","8","","Ardite Ingot","10","1","2","1886","0.005302","gregtech:gt.metaitem.01","11382","",""
"chestgenhooks","post","","iglooChest","","2","9","","Apple","15","1","3","71","0.211268","minecraft:apple","0","",""
"chestgenhooks","post","","iglooChest","","2","9","","Coal","15","1","4","71","0.211268","minecraft:coal","0","",""
"chestgenhooks","post","","iglooChest","","2","9","","Gold Nugget","10","1","3","71","0.140845","minecraft:gold_nugget","0","",""
"chestgenhooks","post","","iglooChest","","2","9","","Stone Axe","2","1","1","71","0.028169","minecraft:stone_axe","0","",""
"chestgenhooks","post","","iglooChest","","2","9","","Rotten Flesh","10","1","1","71","0.140845","minecraft:rotten_flesh","0","",""
"chestgenhooks","post","","iglooChest","","2","9","","Emerald","1","1","1","71","0.014085","minecraft:emerald","0","",""
"chestgenhooks","post","","iglooChest","","2","9","","Wheat","10","2","3","71","0.140845","minecraft:wheat","0","",""
"chestgenhooks","post","","iglooChest","","2","9","","Codex","8","1","1","71","0.112676","VillageNames:codex","0","",""
"chestgenhooks","post","","iglooChestGoldapple","","1","1","","Golden Apple","1","1","1","1","1.000000","minecraft:golden_apple","0","",""
"chestgenhooks","post","","mineshaftCorridor","","4","9","","Iron Ingot","10","1","5","629","0.015898","minecraft:iron_ingot","0","",""
"chestgenhooks","post","","mineshaftCorridor","","4","9","","Gold Ingot","5","1","3","629","0.007949","minecraft:gold_ingot","0","",""
"chestgenhooks","post","","mineshaftCorridor","","4","9","","Redstone","5","4","9","629","0.007949","minecraft:redstone","0","",""
"chestgenhooks","post","","mineshaftCorridor","","4","9","","Lapis Lazuli","5","4","9","629","0.007949","minecraft:dye","4","",""
"chestgenhooks","post","","mineshaftCorridor","","4","9","","Diamond","3","1","2","629","0.004769","minecraft:diamond","0","",""
"chestgenhooks","post","","mineshaftCorridor","","4","9","","Coal","10","3","8","629","0.015898","minecraft:coal","0","",""
"chestgenhooks","post","","mineshaftCorridor","","4","9","","Bread","15","1","3","629","0.023847","minecraft:bread","0","",""
"chestgenhooks","post","","mineshaftCorridor","","4","9","","Track","1","4","8","629","0.001590","minecraft:rail","0","",""
"chestgenhooks","post","","mineshaftCorridor","","4","9","","Melon Seeds","10","2","4","629","0.015898","minecraft:melon_seeds","0","",""
"chestgenhooks","post","","mineshaftCorridor","","4","9","","Pumpkin Seeds","10","2","4","629","0.015898","minecraft:pumpkin_seeds","0","",""
"chestgenhooks","post","","mineshaftCorridor","","4","9","","Saddle","3","1","1","629","0.004769","minecraft:saddle","0","",""
"chestgenhooks","post","","mineshaftCorridor","","4","9","","Iron Horse Armor","1","1","1","629","0.001590","minecraft:iron_horse_armor","0","",""
"chestgenhooks","post","","mineshaftCorridor","","4","9","","Enchanted Book","1","1","1","629","0.001590","minecraft:enchanted_book","0","",""
"chestgenhooks","post","","mineshaftCorridor","","4","9","","Iron Chestplate","5","1","1","629","0.007949","minecraft:iron_chestplate","0","",""
"chestgenhooks","post","","mineshaftCorridor","","4","9","","Chain Helmet","2","1","1","629","0.003180","minecraft:chainmail_helmet","0","",""
"chestgenhooks","post","","mineshaftCorridor","","4","9","","Chain Leggings","2","1","1","629","0.003180","minecraft:chainmail_leggings","0","",""
"chestgenhooks","post","","mineshaftCorridor","","4","9","","Chain Boots","2","1","1","629","0.003180","minecraft:chainmail_boots","0","",""
"chestgenhooks","post","","mineshaftCorridor","","4","9","","Chain Chestplate","2","1","1","629","0.003180","minecraft:chainmail_chestplate","0","",""
"chestgenhooks","post","","mineshaftCorridor","","4","9","","Blaze Rod","5","1","3","629","0.007949","minecraft:blaze_rod","0","",""
"chestgenhooks","post","","mineshaftCorridor","","4","9","","(Filled) Tin Can","8","4","16","629","0.012719","IC2:itemTinCanFilled","0","",""
"chestgenhooks","post","","mineshaftCorridor","","4","9","","Pile of Ashes","25","2","8","629","0.039746","BiomesOPlenty:misc","1","",""
"chestgenhooks","post","","mineshaftCorridor","","4","9","","Thorns","15","4","6","629","0.023847","BiomesOPlenty:plants","5","",""
"chestgenhooks","post","","mineshaftCorridor","","4","9","","Creosote Bottle","20","4","16","629","0.031797","Railcraft:fluid.creosote.bottle","0","",""
"chestgenhooks","post","","mineshaftCorridor","","4","9","","Crowbar","10","1","1","629","0.015898","Railcraft:tool.crowbar","0","",""
"chestgenhooks","post","","mineshaftCorridor","","4","9","","Steel Shears","5","1","1","629","0.007949","Railcraft:tool.steel.shears","0","",""
"chestgenhooks","post","","mineshaftCorridor","","4","9","","Steel Pickaxe","5","1","1","629","0.007949","Railcraft:tool.steel.pickaxe","0","",""
"chestgenhooks","post","","mineshaftCorridor","","4","9","","Steel Axe","5","1","1","629","0.007949","Railcraft:tool.steel.axe","0","",""
"chestgenhooks","post","","mineshaftCorridor","","4","9","","Minecart","10","1","1","629","0.015898","minecraft:minecart","0","",""
"chestgenhooks","post","","mineshaftCorridor","","4","9","","Chest Cart","10","1","1","629","0.015898","minecraft:chest_minecart","0","",""
"chestgenhooks","post","","mineshaftCorridor","","4","9","","TNT Cart","5","1","3","629","0.007949","minecraft:tnt_minecart","0","",""
"chestgenhooks","post","","mineshaftCorridor","","4","9","","Track","30","8","32","629","0.047695","minecraft:rail","0","",""
"chestgenhooks","post","","mineshaftCorridor","","4","9","","Hopper Cart","5","1","1","629","0.007949","minecraft:hopper_minecart","0","",""
"chestgenhooks","post","","mineshaftCorridor","","4","9","","Wooden Tie","20","4","16","629","0.031797","Railcraft:part.tie","0","",""
"chestgenhooks","post","","mineshaftCorridor","","4","9","","Coal Coke","20","4","16","629","0.031797","Railcraft:fuel.coke","0","",""
"chestgenhooks","post","","mineshaftCorridor","","4","9","","Block of Steel","5","1","1","629","0.007949","Railcraft:cube","2","",""
"chestgenhooks","post","","mineshaftCorridor","","4","9","","Wooden TNT Cart","5","1","3","629","0.007949","Railcraft:cart.tnt.wood","0","",""
"chestgenhooks","post","","mineshaftCorridor","","4","9","","Work Cart","8","1","1","629","0.012719","Railcraft:cart.work","0","",""
"chestgenhooks","post","","mineshaftCorridor","","4","9","","Amazing Technicolor Glasses","2","1","1","629","0.003180","OpenBlocks:technicolorGlasses","0","",""
"chestgenhooks","post","","mineshaftCorridor","","4","9","","Adventurer's Diary","5","1","1","629","0.007949","HardcoreEnderExpansion:adventurers_diary","0","",""
"chestgenhooks","post","","mineshaftCorridor","","4","9","","Temple Caller","1","0","1","629","0.001590","HardcoreEnderExpansion:temple_caller","0","",""
"chestgenhooks","post","","mineshaftCorridor","","4","9","","Knowledge Note","3","1","1","629","0.004769","HardcoreEnderExpansion:knowledge_note","0","","{pts:40b}"
"chestgenhooks","post","","mineshaftCorridor","","4","9","","Knowledge Note","7","1","1","629","0.011129","HardcoreEnderExpansion:knowledge_note","0","","{pts:30b}"
"chestgenhooks","post","","mineshaftCorridor","","4","9","","Knowledge Note","10","1","1","629","0.015898","HardcoreEnderExpansion:knowledge_note","0","","{pts:20b}"
"chestgenhooks","post","","mineshaftCorridor","","4","9","","Knowledge Note","14","1","1","629","0.022258","HardcoreEnderExpansion:knowledge_note","0","","{pts:10b}"
"chestgenhooks","post","","mineshaftCorridor","","4","9","","Disposable Item Turret","15","1","2","629","0.023847","openmodularturrets:disposeItemTurret","0","",""
"chestgenhooks","post","","mineshaftCorridor","","4","9","","Turret Base (Tier 1)","15","1","1","629","0.023847","openmodularturrets:baseTierWood","0","",""
"chestgenhooks","post","","mineshaftCorridor","","4","9","","Basic Turret Base Crank","15","1","1","629","0.023847","openmodularturrets:leverBlock","0","",""
"chestgenhooks","post","","mineshaftCorridor","","4","9","","Certus Quartz","2","1","4","629","0.003180","gregtech:gt.metaitem.01","8516","",""
"chestgenhooks","post","","mineshaftCorridor","","4","9","","Certus Quartz Dust","2","1","4","629","0.003180","gregtech:gt.metaitem.01","2516","",""
"chestgenhooks","post","","mineshaftCorridor","","4","9","","Common Treasure","4","1","3","629","0.006359","Thaumcraft:ItemLootBag","0","",""
"chestgenhooks","post","","mineshaftCorridor","","4","9","","Thaumium Ingot","4","1","3","629","0.006359","Thaumcraft:ItemResource","2","",""
"chestgenhooks","post","","mineshaftCorridor","","4","9","","Amber","4","1","3","629","0.006359","Thaumcraft:ItemResource","6","",""
"chestgenhooks","post","","mineshaftCorridor","","4","9","","Uncommon Treasure","3","1","2","629","0.004769","Thaumcraft:ItemLootBag","1","",""
"chestgenhooks","post","","mineshaftCorridor","","4","9","","Mundane Amulet","3","1","2","629","0.004769","Thaumcraft:ItemBaubleBlanks","0","",""
"chestgenhooks","post","","mineshaftCorridor","","4","9","","Mundane Ring","3","1","2","629","0.004769","Thaumcraft:ItemBaubleBlanks","1","",""
"chestgenhooks","post","","mineshaftCorridor","","4","9","","Mundane Belt","3","1","2","629","0.004769","Thaumcraft:ItemBaubleBlanks","2","",""
"chestgenhooks","post","","mineshaftCorridor","","4","9","","Knowledge Fragment","3","1","2","629","0.004769","Thaumcraft:ItemResource","9","",""
"chestgenhooks","post","","mineshaftCorridor","","4","9","","Rare Treasure","1","1","1","629","0.001590","Thaumcraft:ItemLootBag","2","",""
"chestgenhooks","post","","mineshaftCorridor","","4","9","","Thaumonomicon","1","1","1","629","0.001590","Thaumcraft:ItemThaumonomicon","0","",""
"chestgenhooks","post","","mineshaftCorridor","","4","9","","Thaumium Sword","1","1","1","629","0.001590","Thaumcraft:ItemSwordThaumium","0","",""
"chestgenhooks","post","","mineshaftCorridor","","4","9","","Thaumium Pickaxe","1","1","1","629","0.001590","Thaumcraft:ItemPickThaumium","0","",""
"chestgenhooks","post","","mineshaftCorridor","","4","9","","Thaumium Axe","1","1","1","629","0.001590","Thaumcraft:ItemAxeThaumium","0","",""
"chestgenhooks","post","","mineshaftCorridor","","4","9","","Thaumium Hoe","1","1","1","629","0.001590","Thaumcraft:ItemHoeThaumium","0","",""
"chestgenhooks","post","","mineshaftCorridor","","4","9","","Ring of Protection","1","1","1","629","0.001590","Thaumcraft:ItemRingRunic","0","",""
"chestgenhooks","post","","mineshaftCorridor","","4","9","","Apprentices Ring of Aer","1","1","1","629","0.001590","Thaumcraft:ItemBaubleBlanks","3","",""
"chestgenhooks","post","","mineshaftCorridor","","4","9","","Apprentices Ring of Terra","1","1","1","629","0.001590","Thaumcraft:ItemBaubleBlanks","4","",""
"chestgenhooks","post","","mineshaftCorridor","","4","9","","Apprentices Ring of Ignis","1","1","1","629","0.001590","Thaumcraft:ItemBaubleBlanks","5","",""
"chestgenhooks","post","","mineshaftCorridor","","4","9","","Apprentices Ring of Aqua","1","1","1","629","0.001590","Thaumcraft:ItemBaubleBlanks","6","",""
"chestgenhooks","post","","mineshaftCorridor","","4","9","","Apprentices Ring of Ordo","1","1","1","629","0.001590","Thaumcraft:ItemBaubleBlanks","7","",""
"chestgenhooks","post","","mineshaftCorridor","","4","9","","Apprentices Ring of Perditio","1","1","1","629","0.001590","Thaumcraft:ItemBaubleBlanks","8","",""
"chestgenhooks","post","","mineshaftCorridor","","4","9","","Vis Stone","1","1","1","629","0.001590","Thaumcraft:ItemAmuletVis","0","","{aer:400,perditio:200,ignis:300,terra:100,aqua:100,ordo:200}"
"chestgenhooks","post","","mineshaftCorridor","","4","9","","Lesser Ring of Ender Disjunction","1","1","1","629","0.001590","Automagy:baubleEnderDisjunction","1","",""
"chestgenhooks","post","","mineshaftCorridor","","4","9","","Phial of Enchanter's Concentrate","3","1","3","629","0.004769","Automagy:phialExtra","0","",""
"chestgenhooks","post","","mineshaftCorridor","","4","9","","Division Sigil","1","1","1","629","0.001590","ExtraUtilities:divisionSigil","0","",""
"chestgenhooks","post","","mineshaftCorridor","","4","9","","Ultimate Stew","5","1","2","629","0.007949","Avaritia:Ultimate_Stew","0","",""
"chestgenhooks","post","","mineshaftCorridor","","4","9","","Cosmic Meatballs","5","1","2","629","0.007949","Avaritia:Cosmic_Meatballs","0","",""
"chestgenhooks","post","","mineshaftCorridor","","4","9","","Spaghetti and Meatballs","5","1","4","629","0.007949","harvestcraft:spagettiandmeatballsItem","0","",""
"chestgenhooks","post","","mineshaftCorridor","","4","9","","Deluxe Cheeseburger","5","1","4","629","0.007949","harvestcraft:deluxecheeseburgerItem","0","",""
"chestgenhooks","post","","mineshaftCorridor","","4","9","","Delighted Meal","5","1","4","629","0.007949","harvestcraft:delightedmealItem","0","",""
"chestgenhooks","post","","mineshaftCorridor","","4","9","","Hearty Breakfast","5","1","4","629","0.007949","harvestcraft:heartybreakfastItem","0","",""
"chestgenhooks","post","","mineshaftCorridor","","4","9","","Curry Rice","5","1","4","629","0.007949","harvestcraft:curryItem","0","",""
"chestgenhooks","post","","mineshaftCorridor","","4","9","","Rainbow Curry","5","1","4","629","0.007949","harvestcraft:rainbowcurryItem","0","",""
"chestgenhooks","post","","mineshaftCorridor","","4","9","","Supreme Pizza","5","1","4","629","0.007949","harvestcraft:supremepizzaItem","0","",""
"chestgenhooks","post","","mineshaftCorridor","","4","9","","Bacon Mushroom Burger","5","1","4","629","0.007949","harvestcraft:baconmushroomburgerItem","0","",""
"chestgenhooks","post","","mineshaftCorridor","","4","9","","Sausage in Bread","5","1","4","629","0.007949","harvestcraft:sausageinbreadItem","0","",""
"chestgenhooks","post","","mineshaftCorridor","","4","9","","Beef Wellington","5","1","4","629","0.007949","harvestcraft:beefwellingtonItem","0","",""
"chestgenhooks","post","","mineshaftCorridor","","4","9","","Epic Bacon","5","1","4","629","0.007949","harvestcraft:epicbaconItem","0","",""
"chestgenhooks","post","","mineshaftCorridor","","4","9","","Dezil's Marshmallow","1","1","2","629","0.001590","DraconicEvolution:dezilsMarshmallow","0","",""
"chestgenhooks","post","","mineshaftCorridor","","4","9","","Silver Ingot","12","1","4","629","0.019078","gregtech:gt.metaitem.01","11054","",""
"chestgenhooks","post","","mineshaftCorridor","","4","9","","Lead Ingot","3","1","4","629","0.004769","gregtech:gt.metaitem.01","11089","",""
"chestgenhooks","post","","mineshaftCorridor","","4","9","","Steel Ingot","6","1","4","629","0.009539","gregtech:gt.metaitem.01","11305","",""
"chestgenhooks","post","","mineshaftCorridor","","4","9","","Bronze Ingot","6","1","4","629","0.009539","gregtech:gt.metaitem.01","11300","",""
"chestgenhooks","post","","mineshaftCorridor","","4","9","","Sapphire","2","1","4","629","0.003180","gregtech:gt.metaitem.01","8503","",""
"chestgenhooks","post","","mineshaftCorridor","","4","9","","Green Sapphire","2","1","4","629","0.003180","gregtech:gt.metaitem.01","8504","",""
"chestgenhooks","post","","mineshaftCorridor","","4","9","","Olivine","2","1","4","629","0.003180","gregtech:gt.metaitem.01","8505","",""
"chestgenhooks","post","","mineshaftCorridor","","4","9","","Red Garnet","4","1","4","629","0.006359","gregtech:gt.metaitem.01","8527","",""
"chestgenhooks","post","","mineshaftCorridor","","4","9","","Yellow Garnet","4","1","4","629","0.006359","gregtech:gt.metaitem.01","8528","",""
"chestgenhooks","post","","mineshaftCorridor","","4","9","","Ruby","2","1","4","629","0.003180","gregtech:gt.metaitem.01","8502","",""
"chestgenhooks","post","","mineshaftCorridor","","4","9","","Emerald","2","1","4","629","0.003180","minecraft:emerald","0","",""
"chestgenhooks","post","","mineshaftCorridor","","4","9","","Copper Ingot","9","2","6","629","0.014308","gregtech:gt.metaitem.01","11035","",""
"chestgenhooks","post","","mineshaftCorridor","","4","9","","Tin Ingot","8","4","16","629","0.012719","gregtech:gt.metaitem.01","11057","",""
"chestgenhooks","post","","mineshaftCorridor","","4","9","","Magnesium Ingot","10","2","8","629","0.015898","gregtech:gt.metaitem.01","11018","",""
"chestgenhooks","post","","mineshaftCorridor","","4","9","","Aluminium Ingot","1","0","1","629","0.001590","gregtech:gt.metaitem.01","11019","",""
"chestgenhooks","post","","mineshaftCorridor","","4","9","","Manganese Ingot","3","1","2","629","0.004769","gregtech:gt.metaitem.01","11031","",""
"chestgenhooks","post","","mineshaftCorridor","","4","9","","Nickel Ingot","5","2","3","629","0.007949","gregtech:gt.metaitem.01","11034","",""
"chestgenhooks","post","","mineshaftCorridor","","4","9","","Cobalt Ingot","1","1","1","629","0.001590","gregtech:gt.metaitem.01","11033","",""
"chestgenhooks","post","","mineshaftCorridor","","4","9","","Zinc Ingot","4","1","3","629","0.006359","gregtech:gt.metaitem.01","11036","",""
"chestgenhooks","post","","mineshaftCorridor","","4","9","","Molybdenum Ingot","3","1","3","629","0.004769","gregtech:gt.metaitem.01","11048","",""
"chestgenhooks","post","","mineshaftCorridor","","4","9","","Antimony Ingot","2","1","2","629","0.003180","gregtech:gt.metaitem.01","11058","",""
"chestgenhooks","post","","mineshaftCorridor","","4","9","","Invar Ingot","3","1","3","629","0.004769","gregtech:gt.metaitem.01","11302","",""
"chestgenhooks","post","","mineshaftCorridor","","4","9","","Electrum Ingot","1","1","1","629","0.001590","gregtech:gt.metaitem.01","11303","",""
"chestgenhooks","post","","mineshaftCorridor","","4","9","","Cast Iron Ingot","7","2","6","629","0.011129","gregtech:gt.metaitem.01","11304","",""
"chestgenhooks","post","","mineshaftCorridor","","4","9","","Stainless Steel Ingot","1","0","1","629","0.001590","gregtech:gt.metaitem.01","11306","",""
"chestgenhooks","post","","mineshaftCorridor","","4","9","","Pig Iron Ingot","2","1","2","629","0.003180","gregtech:gt.metaitem.01","11307","",""
"chestgenhooks","post","","mineshaftCorridor","","4","9","","Red Alloy Ingot","4","1","2","629","0.006359","gregtech:gt.metaitem.01","11308","",""
"chestgenhooks","post","","mineshaftCorridor","","4","9","","Cupronickel Ingot","1","1","1","629","0.001590","gregtech:gt.metaitem.01","11310","",""
"chestgenhooks","post","","mineshaftCorridor","","4","9","","Cobalt Brass Ingot","1","1","2","629","0.001590","gregtech:gt.metaitem.01","11343","",""
"chestgenhooks","post","","mineshaftCorridor","","4","9","","Magnetic Iron Ingot","4","2","3","629","0.006359","gregtech:gt.metaitem.01","11354","",""
"chestgenhooks","post","","mineshaftCorridor","","4","9","","Electrical Steel Ingot","2","1","2","629","0.003180","gregtech:gt.metaitem.01","11365","",""
"chestgenhooks","post","","mineshaftCorridor","","4","9","","Ardite Ingot","1","1","2","629","0.001590","gregtech:gt.metaitem.01","11382","",""
"chestgenhooks","post","","naturalistChest","","0","0","","Unlit Dyed Candle","12","7","12","117","0.102564","Forestry:candle","0","","{colour:16777215}"
"chestgenhooks","post","","naturalistChest","","0","0","","Scoop","8","1","1","117","0.068376","Forestry:scoop","0","",""
"chestgenhooks","post","","naturalistChest","","0","0","","Propolis","6","2","4","117","0.051282","Forestry:propolis","0","",""
"chestgenhooks","post","","naturalistChest","","0","0","","Honey Comb","7","4","12","117","0.059829","Forestry:beeCombs","0","",""
"chestgenhooks","post","","naturalistChest","","0","0","","Frozen Comb","7","2","10","117","0.059829","Forestry:beeCombs","4","",""
"chestgenhooks","post","","naturalistChest","","0","0","","Silky Comb","7","1","6","117","0.059829","Forestry:beeCombs","6","",""
"chestgenhooks","post","","naturalistChest","","0","0","","Forest Princess","5","1","1","117","0.042735","Forestry:beePrincessGE","0","","{MaxH:20,Health:20,IsAnalyzed:0b,Genome:{Chromosomes:[0:{Slot:0b,UID0:""forestry.speciesForest"",UID1:""forestry.speciesForest""},1:{Slot:1b,UID0:""forestry.speedSlowest"",UID1:""forestry.speedSlowest""},2:{Slot:2b,UID0:""forestry.lifespanShorter"",UID1:""forestry.lifespanShorter""},3:{Slot:3b,UID0:""forestry.fertilityHigh"",UID1:""forestry.fertilityHigh""},4:{Slot:4b,UID0:""forestry.toleranceNone"",UID1:""forestry.toleranceNone""},5:{Slot:5b,UID0:""forestry.boolFalse"",UID1:""forestry.boolFalse""},6:{Slot:7b,UID0:""forestry.toleranceNone"",UID1:""forestry.toleranceNone""},7:{Slot:8b,UID0:""forestry.boolTrue"",UID1:""forestry.boolTrue""},8:{Slot:9b,UID0:""forestry.boolFalse"",UID1:""forestry.boolFalse""},9:{Slot:10b,UID0:""forestry.flowersVanilla"",UID1:""forestry.flowersVanilla""},10:{Slot:11b,UID0:""forestry.floweringSlower"",UID1:""forestry.floweringSlower""},11:{Slot:12b,UID0:""forestry.territoryAverage"",UID1:""forestry.territoryAverage""},12:{Slot:13b,UID0:""forestry.effectNone"",UID1:""forestry.effectNone""}]}}"
"chestgenhooks","post","","naturalistChest","","0","0","","Common Drone","8","1","2","117","0.068376","Forestry:beeDroneGE","0","","{MaxH:20,Health:20,IsAnalyzed:0b,Genome:{Chromosomes:[0:{Slot:0b,UID0:""forestry.speciesCommon"",UID1:""forestry.speciesCommon""},1:{Slot:1b,UID0:""forestry.speedSlower"",UID1:""forestry.speedSlower""},2:{Slot:2b,UID0:""forestry.lifespanShorter"",UID1:""forestry.lifespanShorter""},3:{Slot:3b,UID0:""forestry.fertilityNormal"",UID1:""forestry.fertilityNormal""},4:{Slot:4b,UID0:""forestry.toleranceNone"",UID1:""forestry.toleranceNone""},5:{Slot:5b,UID0:""forestry.boolFalse"",UID1:""forestry.boolFalse""},6:{Slot:7b,UID0:""forestry.toleranceNone"",UID1:""forestry.toleranceNone""},7:{Slot:8b,UID0:""forestry.boolFalse"",UID1:""forestry.boolFalse""},8:{Slot:9b,UID0:""forestry.boolFalse"",UID1:""forestry.boolFalse""},9:{Slot:10b,UID0:""forestry.flowersVanilla"",UID1:""forestry.flowersVanilla""},10:{Slot:11b,UID0:""forestry.floweringSlowest"",UID1:""forestry.floweringSlowest""},11:{Slot:12b,UID0:""forestry.territoryAverage"",UID1:""forestry.territoryAverage""},12:{Slot:13b,UID0:""forestry.effectNone"",UID1:""forestry.effectNone""}]}}"
"chestgenhooks","post","","naturalistChest","","0","0","","Meadows Princess","5","1","1","117","0.042735","Forestry:beePrincessGE","0","","{MaxH:20,Health:20,IsAnalyzed:0b,Genome:{Chromosomes:[0:{Slot:0b,UID0:""forestry.speciesMeadows"",UID1:""forestry.speciesMeadows""},1:{Slot:1b,UID0:""forestry.speedSlowest"",UID1:""forestry.speedSlowest""},2:{Slot:2b,UID0:""forestry.lifespanShorter"",UID1:""forestry.lifespanShorter""},3:{Slot:3b,UID0:""forestry.fertilityNormal"",UID1:""forestry.fertilityNormal""},4:{Slot:4b,UID0:""forestry.toleranceNone"",UID1:""forestry.toleranceNone""},5:{Slot:5b,UID0:""forestry.boolFalse"",UID1:""forestry.boolFalse""},6:{Slot:7b,UID0:""forestry.toleranceNone"",UID1:""forestry.toleranceNone""},7:{Slot:8b,UID0:""forestry.boolFalse"",UID1:""forestry.boolFalse""},8:{Slot:9b,UID0:""forestry.boolFalse"",UID1:""forestry.boolFalse""},9:{Slot:10b,UID0:""forestry.flowersVanilla"",UID1:""forestry.flowersVanilla""},10:{Slot:11b,UID0:""forestry.floweringSlower"",UID1:""forestry.floweringSlower""},11:{Slot:12b,UID0:""forestry.territoryAverage"",UID1:""forestry.territoryAverage""},12:{Slot:13b,UID0:""forestry.effectNone"",UID1:""forestry.effectNone""}]}}"
"chestgenhooks","post","","naturalistChest","","0","0","","Grafter","8","1","1","117","0.068376","Forestry:grafter","0","",""
"chestgenhooks","post","","naturalistChest","","0","0","","Apple Oak Sapling","6","2","3","117","0.051282","Forestry:sapling","0","","{IsAnalyzed:0b,Genome:{Chromosomes:[0:{Slot:0b,UID0:""forestry.treeOak"",UID1:""forestry.treeOak""},1:{Slot:1b,UID0:""forestry.growthLightlevel"",UID1:""forestry.growthLightlevel""},2:{Slot:2b,UID0:""forestry.heightSmall"",UID1:""forestry.heightSmall""},3:{Slot:3b,UID0:""forestry.saplingsAverage"",UID1:""forestry.saplingsAverage""},4:{Slot:4b,UID0:""forestry.fruitApple"",UID1:""forestry.fruitApple""},5:{Slot:5b,UID0:""forestry.yieldLowest"",UID1:""forestry.yieldLowest""},6:{Slot:6b,UID0:""forestry.plantTypeNone"",UID1:""forestry.plantTypeNone""},7:{Slot:7b,UID0:""forestry.sappinessLowest"",UID1:""forestry.sappinessLowest""},8:{Slot:8b,UID0:""forestry.territoryAverage"",UID1:""forestry.territoryAverage""},9:{Slot:9b,UID0:""forestry.leavesNone"",UID1:""forestry.leavesNone""},10:{Slot:10b,UID0:""forestry.maturationFaster"",UID1:""forestry.maturationFaster""},11:{Slot:11b,UID0:""forestry.i1d"",UID1:""forestry.i1d""},12:{Slot:12b,UID0:""forestry.fireproofFalse"",UID1:""forestry.fireproofFalse""}]}}"
"chestgenhooks","post","","naturalistChest","","0","0","","Red Spruce Sapling","6","2","3","117","0.051282","Forestry:sapling","0","","{IsAnalyzed:0b,Genome:{Chromosomes:[0:{Slot:0b,UID0:""forestry.treeSpruce"",UID1:""forestry.treeSpruce""},1:{Slot:1b,UID0:""forestry.growthLightlevel"",UID1:""forestry.growthLightlevel""},2:{Slot:2b,UID0:""forestry.heightAverage"",UID1:""forestry.heightAverage""},3:{Slot:3b,UID0:""forestry.saplingsAverage"",UID1:""forestry.saplingsAverage""},4:{Slot:4b,UID0:""forestry.fruitNone"",UID1:""forestry.fruitNone""},5:{Slot:5b,UID0:""forestry.yieldLowest"",UID1:""forestry.yieldLowest""},6:{Slot:6b,UID0:""forestry.plantTypeNone"",UID1:""forestry.plantTypeNone""},7:{Slot:7b,UID0:""forestry.sappinessLowest"",UID1:""forestry.sappinessLowest""},8:{Slot:8b,UID0:""forestry.territoryAverage"",UID1:""forestry.territoryAverage""},9:{Slot:9b,UID0:""forestry.leavesNone"",UID1:""forestry.leavesNone""},10:{Slot:10b,UID0:""forestry.maturationFaster"",UID1:""forestry.maturationFaster""},11:{Slot:11b,UID0:""forestry.i1d"",UID1:""forestry.i1d""},12:{Slot:12b,UID0:""forestry.fireproofFalse"",UID1:""forestry.fireproofFalse""}]}}"
"chestgenhooks","post","","naturalistChest","","0","0","","Silver Birch Sapling","6","2","3","117","0.051282","Forestry:sapling","0","","{IsAnalyzed:0b,Genome:{Chromosomes:[0:{Slot:0b,UID0:""forestry.treeBirch"",UID1:""forestry.treeBirch""},1:{Slot:1b,UID0:""forestry.growthLightlevel"",UID1:""forestry.growthLightlevel""},2:{Slot:2b,UID0:""forestry.heightSmall"",UID1:""forestry.heightSmall""},3:{Slot:3b,UID0:""forestry.saplingsAverage"",UID1:""forestry.saplingsAverage""},4:{Slot:4b,UID0:""forestry.fruitNone"",UID1:""forestry.fruitNone""},5:{Slot:5b,UID0:""forestry.yieldLowest"",UID1:""forestry.yieldLowest""},6:{Slot:6b,UID0:""forestry.plantTypeNone"",UID1:""forestry.plantTypeNone""},7:{Slot:7b,UID0:""forestry.sappinessLowest"",UID1:""forestry.sappinessLowest""},8:{Slot:8b,UID0:""forestry.territoryAverage"",UID1:""forestry.territoryAverage""},9:{Slot:9b,UID0:""forestry.leavesNone"",UID1:""forestry.leavesNone""},10:{Slot:10b,UID0:""forestry.maturationFaster"",UID1:""forestry.maturationFaster""},11:{Slot:11b,UID0:""forestry.i1d"",UID1:""forestry.i1d""},12:{Slot:12b,UID0:""forestry.fireproofFalse"",UID1:""forestry.fireproofFalse""}]}}"
"chestgenhooks","post","","naturalistChest","","0","0","","Mundane Larch Sapling","4","1","2","117","0.034188","Forestry:sapling","0","","{IsAnalyzed:0b,Genome:{Chromosomes:[0:{Slot:0b,UID0:""forestry.treeLarch"",UID1:""forestry.treeLarch""},1:{Slot:1b,UID0:""forestry.growthLightlevel"",UID1:""forestry.growthLightlevel""},2:{Slot:2b,UID0:""forestry.heightAverage"",UID1:""forestry.heightAverage""},3:{Slot:3b,UID0:""forestry.saplingsLow"",UID1:""forestry.saplingsLow""},4:{Slot:4b,UID0:""forestry.fruitNone"",UID1:""forestry.fruitNone""},5:{Slot:5b,UID0:""forestry.yieldLowest"",UID1:""forestry.yieldLowest""},6:{Slot:6b,UID0:""forestry.plantTypeNone"",UID1:""forestry.plantTypeNone""},7:{Slot:7b,UID0:""forestry.sappinessLower"",UID1:""forestry.sappinessLower""},8:{Slot:8b,UID0:""forestry.territoryAverage"",UID1:""forestry.territoryAverage""},9:{Slot:9b,UID0:""forestry.leavesNone"",UID1:""forestry.leavesNone""},10:{Slot:10b,UID0:""forestry.maturationAverage"",UID1:""forestry.maturationAverage""},11:{Slot:11b,UID0:""forestry.i1d"",UID1:""forestry.i1d""},12:{Slot:12b,UID0:""forestry.fireproofFalse"",UID1:""forestry.fireproofFalse""}]}}"
"chestgenhooks","post","","naturalistChest","","0","0","","Silver Lime Sapling","4","1","2","117","0.034188","Forestry:sapling","0","","{IsAnalyzed:0b,Genome:{Chromosomes:[0:{Slot:0b,UID0:""forestry.treeLime"",UID1:""forestry.treeLime""},1:{Slot:1b,UID0:""forestry.growthLightlevel"",UID1:""forestry.growthLightlevel""},2:{Slot:2b,UID0:""forestry.heightSmall"",UID1:""forestry.heightSmall""},3:{Slot:3b,UID0:""forestry.saplingsLow"",UID1:""forestry.saplingsLow""},4:{Slot:4b,UID0:""forestry.fruitNone"",UID1:""forestry.fruitNone""},5:{Slot:5b,UID0:""forestry.yieldLower"",UID1:""forestry.yieldLower""},6:{Slot:6b,UID0:""forestry.plantTypeNone"",UID1:""forestry.plantTypeNone""},7:{Slot:7b,UID0:""forestry.sappinessLower"",UID1:""forestry.sappinessLower""},8:{Slot:8b,UID0:""forestry.territoryAverage"",UID1:""forestry.territoryAverage""},9:{Slot:9b,UID0:""forestry.leavesNone"",UID1:""forestry.leavesNone""},10:{Slot:10b,UID0:""forestry.maturationAverage"",UID1:""forestry.maturationAverage""},11:{Slot:11b,UID0:""forestry.i1d"",UID1:""forestry.i1d""},12:{Slot:12b,UID0:""forestry.fireproofFalse"",UID1:""forestry.fireproofFalse""}]}}"
"chestgenhooks","post","","naturalistChest","","0","0","","Apple Oak Pollen","4","2","3","117","0.034188","Forestry:pollenFertile","0","","{IsAnalyzed:0b,Genome:{Chromosomes:[0:{Slot:0b,UID0:""forestry.treeOak"",UID1:""forestry.treeOak""},1:{Slot:1b,UID0:""forestry.growthLightlevel"",UID1:""forestry.growthLightlevel""},2:{Slot:2b,UID0:""forestry.heightSmall"",UID1:""forestry.heightSmall""},3:{Slot:3b,UID0:""forestry.saplingsAverage"",UID1:""forestry.saplingsAverage""},4:{Slot:4b,UID0:""forestry.fruitApple"",UID1:""forestry.fruitApple""},5:{Slot:5b,UID0:""forestry.yieldLowest"",UID1:""forestry.yieldLowest""},6:{Slot:6b,UID0:""forestry.plantTypeNone"",UID1:""forestry.plantTypeNone""},7:{Slot:7b,UID0:""forestry.sappinessLowest"",UID1:""forestry.sappinessLowest""},8:{Slot:8b,UID0:""forestry.territoryAverage"",UID1:""forestry.territoryAverage""},9:{Slot:9b,UID0:""forestry.leavesNone"",UID1:""forestry.leavesNone""},10:{Slot:10b,UID0:""forestry.maturationFaster"",UID1:""forestry.maturationFaster""},11:{Slot:11b,UID0:""forestry.i1d"",UID1:""forestry.i1d""},12:{Slot:12b,UID0:""forestry.fireproofFalse"",UID1:""forestry.fireproofFalse""}]}}"
"chestgenhooks","post","","naturalistChest","","0","0","","Red Spruce Pollen","4","2","3","117","0.034188","Forestry:pollenFertile","0","","{IsAnalyzed:0b,Genome:{Chromosomes:[0:{Slot:0b,UID0:""forestry.treeSpruce"",UID1:""forestry.treeSpruce""},1:{Slot:1b,UID0:""forestry.growthLightlevel"",UID1:""forestry.growthLightlevel""},2:{Slot:2b,UID0:""forestry.heightAverage"",UID1:""forestry.heightAverage""},3:{Slot:3b,UID0:""forestry.saplingsAverage"",UID1:""forestry.saplingsAverage""},4:{Slot:4b,UID0:""forestry.fruitNone"",UID1:""forestry.fruitNone""},5:{Slot:5b,UID0:""forestry.yieldLowest"",UID1:""forestry.yieldLowest""},6:{Slot:6b,UID0:""forestry.plantTypeNone"",UID1:""forestry.plantTypeNone""},7:{Slot:7b,UID0:""forestry.sappinessLowest"",UID1:""forestry.sappinessLowest""},8:{Slot:8b,UID0:""forestry.territoryAverage"",UID1:""forestry.territoryAverage""},9:{Slot:9b,UID0:""forestry.leavesNone"",UID1:""forestry.leavesNone""},10:{Slot:10b,UID0:""forestry.maturationFaster"",UID1:""forestry.maturationFaster""},11:{Slot:11b,UID0:""forestry.i1d"",UID1:""forestry.i1d""},12:{Slot:12b,UID0:""forestry.fireproofFalse"",UID1:""forestry.fireproofFalse""}]}}"
"chestgenhooks","post","","naturalistChest","","0","0","","Silver Birch Pollen","4","2","3","117","0.034188","Forestry:pollenFertile","0","","{IsAnalyzed:0b,Genome:{Chromosomes:[0:{Slot:0b,UID0:""forestry.treeBirch"",UID1:""forestry.treeBirch""},1:{Slot:1b,UID0:""forestry.growthLightlevel"",UID1:""forestry.growthLightlevel""},2:{Slot:2b,UID0:""forestry.heightSmall"",UID1:""forestry.heightSmall""},3:{Slot:3b,UID0:""forestry.saplingsAverage"",UID1:""forestry.saplingsAverage""},4:{Slot:4b,UID0:""forestry.fruitNone"",UID1:""forestry.fruitNone""},5:{Slot:5b,UID0:""forestry.yieldLowest"",UID1:""forestry.yieldLowest""},6:{Slot:6b,UID0:""forestry.plantTypeNone"",UID1:""forestry.plantTypeNone""},7:{Slot:7b,UID0:""forestry.sappinessLowest"",UID1:""forestry.sappinessLowest""},8:{Slot:8b,UID0:""forestry.territoryAverage"",UID1:""forestry.territoryAverage""},9:{Slot:9b,UID0:""forestry.leavesNone"",UID1:""forestry.leavesNone""},10:{Slot:10b,UID0:""forestry.maturationFaster"",UID1:""forestry.maturationFaster""},11:{Slot:11b,UID0:""forestry.i1d"",UID1:""forestry.i1d""},12:{Slot:12b,UID0:""forestry.fireproofFalse"",UID1:""forestry.fireproofFalse""}]}}"
"chestgenhooks","post","","naturalistChest","","0","0","","Mundane Larch Pollen","3","1","2","117","0.025641","Forestry:pollenFertile","0","","{IsAnalyzed:0b,Genome:{Chromosomes:[0:{Slot:0b,UID0:""forestry.treeLarch"",UID1:""forestry.treeLarch""},1:{Slot:1b,UID0:""forestry.growthLightlevel"",UID1:""forestry.growthLightlevel""},2:{Slot:2b,UID0:""forestry.heightAverage"",UID1:""forestry.heightAverage""},3:{Slot:3b,UID0:""forestry.saplingsLow"",UID1:""forestry.saplingsLow""},4:{Slot:4b,UID0:""forestry.fruitNone"",UID1:""forestry.fruitNone""},5:{Slot:5b,UID0:""forestry.yieldLowest"",UID1:""forestry.yieldLowest""},6:{Slot:6b,UID0:""forestry.plantTypeNone"",UID1:""forestry.plantTypeNone""},7:{Slot:7b,UID0:""forestry.sappinessLower"",UID1:""forestry.sappinessLower""},8:{Slot:8b,UID0:""forestry.territoryAverage"",UID1:""forestry.territoryAverage""},9:{Slot:9b,UID0:""forestry.leavesNone"",UID1:""forestry.leavesNone""},10:{Slot:10b,UID0:""forestry.maturationAverage"",UID1:""forestry.maturationAverage""},11:{Slot:11b,UID0:""forestry.i1d"",UID1:""forestry.i1d""},12:{Slot:12b,UID0:""forestry.fireproofFalse"",UID1:""forestry.fireproofFalse""}]}}"
"chestgenhooks","post","","naturalistChest","","0","0","","Silver Lime Pollen","3","1","2","117","0.025641","Forestry:pollenFertile","0","","{IsAnalyzed:0b,Genome:{Chromosomes:[0:{Slot:0b,UID0:""forestry.treeLime"",UID1:""forestry.treeLime""},1:{Slot:1b,UID0:""forestry.growthLightlevel"",UID1:""forestry.growthLightlevel""},2:{Slot:2b,UID0:""forestry.heightSmall"",UID1:""forestry.heightSmall""},3:{Slot:3b,UID0:""forestry.saplingsLow"",UID1:""forestry.saplingsLow""},4:{Slot:4b,UID0:""forestry.fruitNone"",UID1:""forestry.fruitNone""},5:{Slot:5b,UID0:""forestry.yieldLower"",UID1:""forestry.yieldLower""},6:{Slot:6b,UID0:""forestry.plantTypeNone"",UID1:""forestry.plantTypeNone""},7:{Slot:7b,UID0:""forestry.sappinessLower"",UID1:""forestry.sappinessLower""},8:{Slot:8b,UID0:""forestry.territoryAverage"",UID1:""forestry.territoryAverage""},9:{Slot:9b,UID0:""forestry.leavesNone"",UID1:""forestry.leavesNone""},10:{Slot:10b,UID0:""forestry.maturationAverage"",UID1:""forestry.maturationAverage""},11:{Slot:11b,UID0:""forestry.i1d"",UID1:""forestry.i1d""},12:{Slot:12b,UID0:""forestry.fireproofFalse"",UID1:""forestry.fireproofFalse""}]}}"
"chestgenhooks","post","","netherFortress","","2","5","","Diamond","5","1","3","76","0.065789","minecraft:diamond","0","",""
"chestgenhooks","post","","netherFortress","","2","5","","Iron Ingot","5","1","5","76","0.065789","minecraft:iron_ingot","0","",""
"chestgenhooks","post","","netherFortress","","2","5","","Gold Ingot","15","1","3","76","0.197368","minecraft:gold_ingot","0","",""
"chestgenhooks","post","","netherFortress","","2","5","","Golden Sword","5","1","1","76","0.065789","minecraft:golden_sword","0","",""
"chestgenhooks","post","","netherFortress","","2","5","","Golden Chestplate","5","1","1","76","0.065789","minecraft:golden_chestplate","0","",""
"chestgenhooks","post","","netherFortress","","2","5","","Flint and Steel","5","1","1","76","0.065789","minecraft:flint_and_steel","0","",""
"chestgenhooks","post","","netherFortress","","2","5","","Nether Wart","5","3","7","76","0.065789","minecraft:nether_wart","0","",""
"chestgenhooks","post","","netherFortress","","2","5","","Saddle","10","1","1","76","0.131579","minecraft:saddle","0","",""
"chestgenhooks","post","","netherFortress","","2","5","","Gold Horse Armor","8","1","1","76","0.105263","minecraft:golden_horse_armor","0","",""
"chestgenhooks","post","","netherFortress","","2","5","","Iron Horse Armor","5","1","1","76","0.065789","minecraft:iron_horse_armor","0","",""
"chestgenhooks","post","","netherFortress","","2","5","","Diamond Horse Armor","3","1","1","76","0.039474","minecraft:diamond_horse_armor","0","",""
"chestgenhooks","post","","netherFortress","","2","5","","Music Disc","5","1","1","76","0.065789","etfuturum:pigstep_record","0","",""
"chestgenhooks","post","","pyramidDesertyChest","","2","7","","Diamond","3","1","3","425","0.007059","minecraft:diamond","0","",""
"chestgenhooks","post","","pyramidDesertyChest","","2","7","","Iron Ingot","10","1","5","425","0.023529","minecraft:iron_ingot","0","",""
"chestgenhooks","post","","pyramidDesertyChest","","2","7","","Gold Ingot","15","2","7","425","0.035294","minecraft:gold_ingot","0","",""
"chestgenhooks","post","","pyramidDesertyChest","","2","7","","Emerald","2","1","3","425","0.004706","minecraft:emerald","0","",""
"chestgenhooks","post","","pyramidDesertyChest","","2","7","","Bone","20","4","6","425","0.047059","minecraft:bone","0","",""
"chestgenhooks","post","","pyramidDesertyChest","","2","7","","Rotten Flesh","16","3","7","425","0.037647","minecraft:rotten_flesh","0","",""
"chestgenhooks","post","","pyramidDesertyChest","","2","7","","Saddle","3","1","1","425","0.007059","minecraft:saddle","0","",""
"chestgenhooks","post","","pyramidDesertyChest","","2","7","","Iron Horse Armor","1","1","1","425","0.002353","minecraft:iron_horse_armor","0","",""
"chestgenhooks","post","","pyramidDesertyChest","","2","7","","Gold Horse Armor","1","1","1","425","0.002353","minecraft:golden_horse_armor","0","",""
"chestgenhooks","post","","pyramidDesertyChest","","2","7","","Diamond Horse Armor","1","1","1","425","0.002353","minecraft:diamond_horse_armor","0","",""
"chestgenhooks","post","","pyramidDesertyChest","","2","7","","Enchanted Book","1","1","1","425","0.002353","minecraft:enchanted_book","0","",""
"chestgenhooks","post","","pyramidDesertyChest","","2","7","","Diamond Helmet","1","1","1","425","0.002353","minecraft:diamond_helmet","0","",""
"chestgenhooks","post","","pyramidDesertyChest","","2","7","","Diamond Chestplate","1","1","1","425","0.002353","minecraft:diamond_chestplate","0","",""
"chestgenhooks","post","","pyramidDesertyChest","","2","7","","Diamond Leggings","1","1","1","425","0.002353","minecraft:diamond_leggings","0","",""
"chestgenhooks","post","","pyramidDesertyChest","","2","7","","Diamond Boots","1","1","1","425","0.002353","minecraft:diamond_boots","0","",""
"chestgenhooks","post","","pyramidDesertyChest","","2","7","","Iron Door","3","1","1","425","0.007059","minecraft:iron_door","0","",""
"chestgenhooks","post","","pyramidDesertyChest","","2","7","","Blaze Rod","5","1","3","425","0.011765","minecraft:blaze_rod","0","",""
"chestgenhooks","post","","pyramidDesertyChest","","2","7","","Bronze Sword","3","1","1","425","0.007059","IC2:itemToolBronzeSword","0","",""
"chestgenhooks","post","","pyramidDesertyChest","","2","7","","Bronze Helmet","3","1","1","425","0.007059","IC2:itemArmorBronzeHelmet","0","",""
"chestgenhooks","post","","pyramidDesertyChest","","2","7","","Bronze Chestplate","3","1","1","425","0.007059","IC2:itemArmorBronzeChestplate","0","",""
"chestgenhooks","post","","pyramidDesertyChest","","2","7","","Bronze Leggings","3","1","1","425","0.007059","IC2:itemArmorBronzeLegs","0","",""
"chestgenhooks","post","","pyramidDesertyChest","","2","7","","Bronze Boots","3","1","1","425","0.007059","IC2:itemArmorBronzeBoots","0","",""
"chestgenhooks","post","","pyramidDesertyChest","","2","7","","Steel Sword","5","1","1","425","0.011765","Railcraft:tool.steel.sword","0","",""
"chestgenhooks","post","","pyramidDesertyChest","","2","7","","Steel Helmet","5","1","1","425","0.011765","Railcraft:armor.steel.helmet","0","",""
"chestgenhooks","post","","pyramidDesertyChest","","2","7","","Steel Chestplate","5","1","1","425","0.011765","Railcraft:armor.steel.plate","0","",""
"chestgenhooks","post","","pyramidDesertyChest","","2","7","","Steel Leggings","5","1","1","425","0.011765","Railcraft:armor.steel.legs","0","",""
"chestgenhooks","post","","pyramidDesertyChest","","2","7","","Steel Boots","5","1","1","425","0.011765","Railcraft:armor.steel.boots","0","",""
"chestgenhooks","post","","pyramidDesertyChest","","2","7","","Adventurer's Diary","5","1","1","425","0.011765","HardcoreEnderExpansion:adventurers_diary","0","",""
"chestgenhooks","post","","pyramidDesertyChest","","2","7","","Temple Caller","1","0","1","425","0.002353","HardcoreEnderExpansion:temple_caller","0","",""
"chestgenhooks","post","","pyramidDesertyChest","","2","7","","Knowledge Note","3","1","1","425","0.007059","HardcoreEnderExpansion:knowledge_note","0","","{pts:40b}"
"chestgenhooks","post","","pyramidDesertyChest","","2","7","","Knowledge Note","6","1","1","425","0.014118","HardcoreEnderExpansion:knowledge_note","0","","{pts:30b}"
"chestgenhooks","post","","pyramidDesertyChest","","2","7","","Knowledge Note","9","1","1","425","0.021176","HardcoreEnderExpansion:knowledge_note","0","","{pts:20b}"
"chestgenhooks","post","","pyramidDesertyChest","","2","7","","Knowledge Note","12","1","1","425","0.028235","HardcoreEnderExpansion:knowledge_note","0","","{pts:10b}"
"chestgenhooks","post","","pyramidDesertyChest","","2","7","","Miniature Red Heart","10","1","1","425","0.023529","TConstruct:heartCanister","1","",""
"chestgenhooks","post","","pyramidDesertyChest","","2","7","","Floppy Disk","5","1","1","425","0.011765","OpenComputers:item","4","",""
"chestgenhooks","post","","pyramidDesertyChest","","2","7","","Common Treasure","5","1","3","425","0.011765","Thaumcraft:ItemLootBag","0","",""
"chestgenhooks","post","","pyramidDesertyChest","","2","7","","Thaumium Ingot","5","1","3","425","0.011765","Thaumcraft:ItemResource","2","",""
"chestgenhooks","post","","pyramidDesertyChest","","2","7","","Amber","5","1","3","425","0.011765","Thaumcraft:ItemResource","6","",""
"chestgenhooks","post","","pyramidDesertyChest","","2","7","","Uncommon Treasure","4","1","2","425","0.009412","Thaumcraft:ItemLootBag","1","",""
"chestgenhooks","post","","pyramidDesertyChest","","2","7","","Mundane Amulet","4","1","2","425","0.009412","Thaumcraft:ItemBaubleBlanks","0","",""
"chestgenhooks","post","","pyramidDesertyChest","","2","7","","Mundane Ring","4","1","2","425","0.009412","Thaumcraft:ItemBaubleBlanks","1","",""
"chestgenhooks","post","","pyramidDesertyChest","","2","7","","Mundane Belt","4","1","2","425","0.009412","Thaumcraft:ItemBaubleBlanks","2","",""
"chestgenhooks","post","","pyramidDesertyChest","","2","7","","Knowledge Fragment","4","1","2","425","0.009412","Thaumcraft:ItemResource","9","",""
"chestgenhooks","post","","pyramidDesertyChest","","2","7","","Rare Treasure","1","1","1","425","0.002353","Thaumcraft:ItemLootBag","2","",""
"chestgenhooks","post","","pyramidDesertyChest","","2","7","","Thaumonomicon","1","1","1","425","0.002353","Thaumcraft:ItemThaumonomicon","0","",""
"chestgenhooks","post","","pyramidDesertyChest","","2","7","","Thaumium Sword","1","1","1","425","0.002353","Thaumcraft:ItemSwordThaumium","0","",""
"chestgenhooks","post","","pyramidDesertyChest","","2","7","","Thaumium Pickaxe","1","1","1","425","0.002353","Thaumcraft:ItemPickThaumium","0","",""
"chestgenhooks","post","","pyramidDesertyChest","","2","7","","Thaumium Axe","1","1","1","425","0.002353","Thaumcraft:ItemAxeThaumium","0","",""
"chestgenhooks","post","","pyramidDesertyChest","","2","7","","Thaumium Hoe","1","1","1","425","0.002353","Thaumcraft:ItemHoeThaumium","0","",""
"chestgenhooks","post","","pyramidDesertyChest","","2","7","","Ring of Protection","1","1","1","425","0.002353","Thaumcraft:ItemRingRunic","0","",""
"chestgenhooks","post","","pyramidDesertyChest","","2","7","","Apprentices Ring of Aer","1","1","1","425","0.002353","Thaumcraft:ItemBaubleBlanks","3","",""
"chestgenhooks","post","","pyramidDesertyChest","","2","7","","Apprentices Ring of Terra","1","1","1","425","0.002353","Thaumcraft:ItemBaubleBlanks","4","",""
"chestgenhooks","post","","pyramidDesertyChest","","2","7","","Apprentices Ring of Ignis","1","1","1","425","0.002353","Thaumcraft:ItemBaubleBlanks","5","",""
"chestgenhooks","post","","pyramidDesertyChest","","2","7","","Apprentices Ring of Aqua","1","1","1","425","0.002353","Thaumcraft:ItemBaubleBlanks","6","",""
"chestgenhooks","post","","pyramidDesertyChest","","2","7","","Apprentices Ring of Ordo","1","1","1","425","0.002353","Thaumcraft:ItemBaubleBlanks","7","",""
"chestgenhooks","post","","pyramidDesertyChest","","2","7","","Apprentices Ring of Perditio","1","1","1","425","0.002353","Thaumcraft:ItemBaubleBlanks","8","",""
"chestgenhooks","post","","pyramidDesertyChest","","2","7","","Vis Stone","1","1","1","425","0.002353","Thaumcraft:ItemAmuletVis","0","","{aer:400,perditio:200,ignis:300,terra:100,aqua:100,ordo:200}"
"chestgenhooks","post","","pyramidDesertyChest","","2","7","","Shimmerleaf","4","1","3","425","0.009412","Thaumcraft:blockCustomPlant","2","",""
"chestgenhooks","post","","pyramidDesertyChest","","2","7","","Cinderpearl","4","1","3","425","0.009412","Thaumcraft:blockCustomPlant","3","",""
"chestgenhooks","post","","pyramidDesertyChest","","2","7","","Lesser Ring of Ender Disjunction","1","1","1","425","0.002353","Automagy:baubleEnderDisjunction","1","",""
"chestgenhooks","post","","pyramidDesertyChest","","2","7","","Phial of Enchanter's Concentrate","3","1","3","425","0.007059","Automagy:phialExtra","0","",""
"chestgenhooks","post","","pyramidDesertyChest","","2","7","","Division Sigil","5","1","1","425","0.011765","ExtraUtilities:divisionSigil","0","",""
"chestgenhooks","post","","pyramidDesertyChest","","2","7","","Ultimate Stew","5","1","2","425","0.011765","Avaritia:Ultimate_Stew","0","",""
"chestgenhooks","post","","pyramidDesertyChest","","2","7","","Cosmic Meatballs","5","1","2","425","0.011765","Avaritia:Cosmic_Meatballs","0","",""
"chestgenhooks","post","","pyramidDesertyChest","","2","7","","Spaghetti and Meatballs","5","1","4","425","0.011765","harvestcraft:spagettiandmeatballsItem","0","",""
"chestgenhooks","post","","pyramidDesertyChest","","2","7","","Deluxe Cheeseburger","5","1","4","425","0.011765","harvestcraft:deluxecheeseburgerItem","0","",""
"chestgenhooks","post","","pyramidDesertyChest","","2","7","","Delighted Meal","5","1","4","425","0.011765","harvestcraft:delightedmealItem","0","",""
"chestgenhooks","post","","pyramidDesertyChest","","2","7","","Hearty Breakfast","5","1","4","425","0.011765","harvestcraft:heartybreakfastItem","0","",""
"chestgenhooks","post","","pyramidDesertyChest","","2","7","","Curry Rice","5","1","4","425","0.011765","harvestcraft:curryItem","0","",""
"chestgenhooks","post","","pyramidDesertyChest","","2","7","","Rainbow Curry","5","1","4","425","0.011765","harvestcraft:rainbowcurryItem","0","",""
"chestgenhooks","post","","pyramidDesertyChest","","2","7","","Supreme Pizza","5","1","4","425","0.011765","harvestcraft:supremepizzaItem","0","",""
"chestgenhooks","post","","pyramidDesertyChest","","2","7","","Bacon Mushroom Burger","5","1","4","425","0.011765","harvestcraft:baconmushroomburgerItem","0","",""
"chestgenhooks","post","","pyramidDesertyChest","","2","7","","Sausage in Bread","5","1","4","425","0.011765","harvestcraft:sausageinbreadItem","0","",""
"chestgenhooks","post","","pyramidDesertyChest","","2","7","","Beef Wellington","5","1","4","425","0.011765","harvestcraft:beefwellingtonItem","0","",""
"chestgenhooks","post","","pyramidDesertyChest","","2","7","","Epic Bacon","5","1","4","425","0.011765","harvestcraft:epicbaconItem","0","",""
"chestgenhooks","post","","pyramidDesertyChest","","2","7","","Dezil's Marshmallow","1","1","1","425","0.002353","DraconicEvolution:dezilsMarshmallow","0","",""
"chestgenhooks","post","","pyramidDesertyChest","","2","7","","Holy Water","2","4","8","425","0.004706","gregtech:gt.metaitem.02","32137","",""
"chestgenhooks","post","","pyramidDesertyChest","","2","7","","Silver Ingot","12","4","16","425","0.028235","gregtech:gt.metaitem.01","11054","",""
"chestgenhooks","post","","pyramidDesertyChest","","2","7","","Platinum Ingot","4","2","8","425","0.009412","gregtech:gt.metaitem.01","11085","",""
"chestgenhooks","post","","pyramidDesertyChest","","2","7","","Ruby","2","2","8","425","0.004706","gregtech:gt.metaitem.01","8502","",""
"chestgenhooks","post","","pyramidDesertyChest","","2","7","","Sapphire","2","2","8","425","0.004706","gregtech:gt.metaitem.01","8503","",""
"chestgenhooks","post","","pyramidDesertyChest","","2","7","","Green Sapphire","2","2","8","425","0.004706","gregtech:gt.metaitem.01","8504","",""
"chestgenhooks","post","","pyramidDesertyChest","","2","7","","Olivine","2","2","8","425","0.004706","gregtech:gt.metaitem.01","8505","",""
"chestgenhooks","post","","pyramidDesertyChest","","2","7","","Red Garnet","4","2","8","425","0.009412","gregtech:gt.metaitem.01","8527","",""
"chestgenhooks","post","","pyramidDesertyChest","","2","7","","Yellow Garnet","4","2","8","425","0.009412","gregtech:gt.metaitem.01","8528","",""
"chestgenhooks","post","","pyramidDesertyChest","","2","7","","Copper Ingot","9","2","6","425","0.021176","gregtech:gt.metaitem.01","11035","",""
"chestgenhooks","post","","pyramidDesertyChest","","2","7","","Tin Ingot","8","4","16","425","0.018824","gregtech:gt.metaitem.01","11057","",""
"chestgenhooks","post","","pyramidDesertyChest","","2","7","","Lead Ingot","10","2","6","425","0.023529","gregtech:gt.metaitem.01","11089","",""
"chestgenhooks","post","","pyramidDesertyChest","","2","7","","Magnesium Ingot","10","2","8","425","0.023529","gregtech:gt.metaitem.01","11018","",""
"chestgenhooks","post","","pyramidDesertyChest","","2","7","","Aluminium Ingot","1","0","1","425","0.002353","gregtech:gt.metaitem.01","11019","",""
"chestgenhooks","post","","pyramidDesertyChest","","2","7","","Manganese Ingot","3","1","2","425","0.007059","gregtech:gt.metaitem.01","11031","",""
"chestgenhooks","post","","pyramidDesertyChest","","2","7","","Nickel Ingot","5","2","3","425","0.011765","gregtech:gt.metaitem.01","11034","",""
"chestgenhooks","post","","pyramidDesertyChest","","2","7","","Cobalt Ingot","1","1","1","425","0.002353","gregtech:gt.metaitem.01","11033","",""
"chestgenhooks","post","","pyramidDesertyChest","","2","7","","Zinc Ingot","4","1","3","425","0.009412","gregtech:gt.metaitem.01","11036","",""
"chestgenhooks","post","","pyramidDesertyChest","","2","7","","Molybdenum Ingot","3","1","3","425","0.007059","gregtech:gt.metaitem.01","11048","",""
"chestgenhooks","post","","pyramidDesertyChest","","2","7","","Antimony Ingot","2","1","2","425","0.004706","gregtech:gt.metaitem.01","11058","",""
"chestgenhooks","post","","pyramidDesertyChest","","2","7","","Invar Ingot","3","1","3","425","0.007059","gregtech:gt.metaitem.01","11302","",""
"chestgenhooks","post","","pyramidDesertyChest","","2","7","","Electrum Ingot","1","1","1","425","0.002353","gregtech:gt.metaitem.01","11303","",""
"chestgenhooks","post","","pyramidDesertyChest","","2","7","","Cast Iron Ingot","7","2","6","425","0.016471","gregtech:gt.metaitem.01","11304","",""
"chestgenhooks","post","","pyramidDesertyChest","","2","7","","Stainless Steel Ingot","1","0","1","425","0.002353","gregtech:gt.metaitem.01","11306","",""
"chestgenhooks","post","","pyramidDesertyChest","","2","7","","Pig Iron Ingot","2","1","2","425","0.004706","gregtech:gt.metaitem.01","11307","",""
"chestgenhooks","post","","pyramidDesertyChest","","2","7","","Red Alloy Ingot","4","1","2","425","0.009412","gregtech:gt.metaitem.01","11308","",""
"chestgenhooks","post","","pyramidDesertyChest","","2","7","","Cupronickel Ingot","1","1","1","425","0.002353","gregtech:gt.metaitem.01","11310","",""
"chestgenhooks","post","","pyramidDesertyChest","","2","7","","Cobalt Brass Ingot","1","1","2","425","0.002353","gregtech:gt.metaitem.01","11343","",""
"chestgenhooks","post","","pyramidDesertyChest","","2","7","","Magnetic Iron Ingot","4","2","3","425","0.009412","gregtech:gt.metaitem.01","11354","",""
"chestgenhooks","post","","pyramidDesertyChest","","2","7","","Electrical Steel Ingot","2","1","2","425","0.004706","gregtech:gt.metaitem.01","11365","",""
"chestgenhooks","post","","pyramidDesertyChest","","2","7","","Ardite Ingot","1","1","2","425","0.002353","gregtech:gt.metaitem.01","11382","",""
"chestgenhooks","post","","pyramidJungleChest","","2","7","","Diamond","3","1","3","434","0.006912","minecraft:diamond","0","",""
"chestgenhooks","post","","pyramidJungleChest","","2","7","","Iron Ingot","10","1","5","434","0.023041","minecraft:iron_ingot","0","",""
"chestgenhooks","post","","pyramidJungleChest","","2","7","","Gold Ingot","15","2","7","434","0.034562","minecraft:gold_ingot","0","",""
"chestgenhooks","post","","pyramidJungleChest","","2","7","","Emerald","2","1","3","434","0.004608","minecraft:emerald","0","",""
"chestgenhooks","post","","pyramidJungleChest","","2","7","","Bone","20","4","6","434","0.046083","minecraft:bone","0","",""
"chestgenhooks","post","","pyramidJungleChest","","2","7","","Rotten Flesh","16","3","7","434","0.036866","minecraft:rotten_flesh","0","",""
"chestgenhooks","post","","pyramidJungleChest","","2","7","","Saddle","3","1","1","434","0.006912","minecraft:saddle","0","",""
"chestgenhooks","post","","pyramidJungleChest","","2","7","","Iron Horse Armor","1","1","1","434","0.002304","minecraft:iron_horse_armor","0","",""
"chestgenhooks","post","","pyramidJungleChest","","2","7","","Gold Horse Armor","1","1","1","434","0.002304","minecraft:golden_horse_armor","0","",""
"chestgenhooks","post","","pyramidJungleChest","","2","7","","Diamond Horse Armor","1","1","1","434","0.002304","minecraft:diamond_horse_armor","0","",""
"chestgenhooks","post","","pyramidJungleChest","","2","7","","Enchanted Book","1","1","1","434","0.002304","minecraft:enchanted_book","0","",""
"chestgenhooks","post","","pyramidJungleChest","","2","7","","Bronze Sword","3","1","1","434","0.006912","IC2:itemToolBronzeSword","0","",""
"chestgenhooks","post","","pyramidJungleChest","","2","7","","Bronze Helmet","3","1","1","434","0.006912","IC2:itemArmorBronzeHelmet","0","",""
"chestgenhooks","post","","pyramidJungleChest","","2","7","","Bronze Chestplate","3","1","1","434","0.006912","IC2:itemArmorBronzeChestplate","0","",""
"chestgenhooks","post","","pyramidJungleChest","","2","7","","Bronze Leggings","3","1","1","434","0.006912","IC2:itemArmorBronzeLegs","0","",""
"chestgenhooks","post","","pyramidJungleChest","","2","7","","Bronze Boots","3","1","1","434","0.006912","IC2:itemArmorBronzeBoots","0","",""
"chestgenhooks","post","","pyramidJungleChest","","2","7","","Chain Helmet","2","1","1","434","0.004608","minecraft:chainmail_helmet","0","",""
"chestgenhooks","post","","pyramidJungleChest","","2","7","","Chain Leggings","2","1","1","434","0.004608","minecraft:chainmail_leggings","0","",""
"chestgenhooks","post","","pyramidJungleChest","","2","7","","Chain Boots","2","1","1","434","0.004608","minecraft:chainmail_boots","0","",""
"chestgenhooks","post","","pyramidJungleChest","","2","7","","Chain Chestplate","2","1","1","434","0.004608","minecraft:chainmail_chestplate","0","",""
"chestgenhooks","post","","pyramidJungleChest","","2","7","","Steel Sword","5","1","1","434","0.011521","Railcraft:tool.steel.sword","0","",""
"chestgenhooks","post","","pyramidJungleChest","","2","7","","Steel Helmet","5","1","1","434","0.011521","Railcraft:armor.steel.helmet","0","",""
"chestgenhooks","post","","pyramidJungleChest","","2","7","","Steel Chestplate","5","1","1","434","0.011521","Railcraft:armor.steel.plate","0","",""
"chestgenhooks","post","","pyramidJungleChest","","2","7","","Steel Leggings","5","1","1","434","0.011521","Railcraft:armor.steel.legs","0","",""
"chestgenhooks","post","","pyramidJungleChest","","2","7","","Steel Boots","5","1","1","434","0.011521","Railcraft:armor.steel.boots","0","",""
"chestgenhooks","post","","pyramidJungleChest","","2","7","","Adventurer's Diary","5","1","1","434","0.011521","HardcoreEnderExpansion:adventurers_diary","0","",""
"chestgenhooks","post","","pyramidJungleChest","","2","7","","Temple Caller","1","0","1","434","0.002304","HardcoreEnderExpansion:temple_caller","0","",""
"chestgenhooks","post","","pyramidJungleChest","","2","7","","Knowledge Note","3","1","1","434","0.006912","HardcoreEnderExpansion:knowledge_note","0","","{pts:40b}"
"chestgenhooks","post","","pyramidJungleChest","","2","7","","Knowledge Note","6","1","1","434","0.013825","HardcoreEnderExpansion:knowledge_note","0","","{pts:30b}"
"chestgenhooks","post","","pyramidJungleChest","","2","7","","Knowledge Note","9","1","1","434","0.020737","HardcoreEnderExpansion:knowledge_note","0","","{pts:20b}"
"chestgenhooks","post","","pyramidJungleChest","","2","7","","Knowledge Note","12","1","1","434","0.027650","HardcoreEnderExpansion:knowledge_note","0","","{pts:10b}"
"chestgenhooks","post","","pyramidJungleChest","","2","7","","Miniature Red Heart","10","1","1","434","0.023041","TConstruct:heartCanister","1","",""
"chestgenhooks","post","","pyramidJungleChest","","2","7","","Floppy Disk","5","1","1","434","0.011521","OpenComputers:item","4","",""
"chestgenhooks","post","","pyramidJungleChest","","2","7","","Common Treasure","5","1","3","434","0.011521","Thaumcraft:ItemLootBag","0","",""
"chestgenhooks","post","","pyramidJungleChest","","2","7","","Thaumium Ingot","5","1","3","434","0.011521","Thaumcraft:ItemResource","2","",""
"chestgenhooks","post","","pyramidJungleChest","","2","7","","Amber","5","1","3","434","0.011521","Thaumcraft:ItemResource","6","",""
"chestgenhooks","post","","pyramidJungleChest","","2","7","","Uncommon Treasure","4","1","2","434","0.009217","Thaumcraft:ItemLootBag","1","",""
"chestgenhooks","post","","pyramidJungleChest","","2","7","","Mundane Amulet","4","1","2","434","0.009217","Thaumcraft:ItemBaubleBlanks","0","",""
"chestgenhooks","post","","pyramidJungleChest","","2","7","","Mundane Ring","4","1","2","434","0.009217","Thaumcraft:ItemBaubleBlanks","1","",""
"chestgenhooks","post","","pyramidJungleChest","","2","7","","Mundane Belt","4","1","2","434","0.009217","Thaumcraft:ItemBaubleBlanks","2","",""
"chestgenhooks","post","","pyramidJungleChest","","2","7","","Knowledge Fragment","4","1","2","434","0.009217","Thaumcraft:ItemResource","9","",""
"chestgenhooks","post","","pyramidJungleChest","","2","7","","Rare Treasure","1","1","1","434","0.002304","Thaumcraft:ItemLootBag","2","",""
"chestgenhooks","post","","pyramidJungleChest","","2","7","","Thaumonomicon","1","1","1","434","0.002304","Thaumcraft:ItemThaumonomicon","0","",""
"chestgenhooks","post","","pyramidJungleChest","","2","7","","Thaumium Sword","1","1","1","434","0.002304","Thaumcraft:ItemSwordThaumium","0","",""
"chestgenhooks","post","","pyramidJungleChest","","2","7","","Thaumium Pickaxe","1","1","1","434","0.002304","Thaumcraft:ItemPickThaumium","0","",""
"chestgenhooks","post","","pyramidJungleChest","","2","7","","Thaumium Axe","1","1","1","434","0.002304","Thaumcraft:ItemAxeThaumium","0","",""
"chestgenhooks","post","","pyramidJungleChest","","2","7","","Thaumium Hoe","1","1","1","434","0.002304","Thaumcraft:ItemHoeThaumium","0","",""
"chestgenhooks","post","","pyramidJungleChest","","2","7","","Ring of Protection","1","1","1","434","0.002304","Thaumcraft:ItemRingRunic","0","",""
"chestgenhooks","post","","pyramidJungleChest","","2","7","","Apprentices Ring of Aer","1","1","1","434","0.002304","Thaumcraft:ItemBaubleBlanks","3","",""
"chestgenhooks","post","","pyramidJungleChest","","2","7","","Apprentices Ring of Terra","1","1","1","434","0.002304","Thaumcraft:ItemBaubleBlanks","4","",""
"chestgenhooks","post","","pyramidJungleChest","","2","7","","Apprentices Ring of Ignis","1","1","1","434","0.002304","Thaumcraft:ItemBaubleBlanks","5","",""
"chestgenhooks","post","","pyramidJungleChest","","2","7","","Apprentices Ring of Aqua","1","1","1","434","0.002304","Thaumcraft:ItemBaubleBlanks","6","",""
"chestgenhooks","post","","pyramidJungleChest","","2","7","","Apprentices Ring of Ordo","1","1","1","434","0.002304","Thaumcraft:ItemBaubleBlanks","7","",""
"chestgenhooks","post","","pyramidJungleChest","","2","7","","Apprentices Ring of Perditio","1","1","1","434","0.002304","Thaumcraft:ItemBaubleBlanks","8","",""
"chestgenhooks","post","","pyramidJungleChest","","2","7","","Vis Stone","1","1","1","434","0.002304","Thaumcraft:ItemAmuletVis","0","","{aer:400,perditio:200,ignis:300,terra:100,aqua:100,ordo:200}"
"chestgenhooks","post","","pyramidJungleChest","","2","7","","Lesser Ring of Ender Disjunction","1","1","1","434","0.002304","Automagy:baubleEnderDisjunction","1","",""
"chestgenhooks","post","","pyramidJungleChest","","2","7","","Phial of Enchanter's Concentrate","3","1","3","434","0.006912","Automagy:phialExtra","0","",""
"chestgenhooks","post","","pyramidJungleChest","","2","7","","Division Sigil","12","1","1","434","0.027650","ExtraUtilities:divisionSigil","0","",""
"chestgenhooks","post","","pyramidJungleChest","","2","7","","Ultimate Stew","5","1","2","434","0.011521","Avaritia:Ultimate_Stew","0","",""
"chestgenhooks","post","","pyramidJungleChest","","2","7","","Cosmic Meatballs","5","1","2","434","0.011521","Avaritia:Cosmic_Meatballs","0","",""
"chestgenhooks","post","","pyramidJungleChest","","2","7","","Spaghetti and Meatballs","5","1","4","434","0.011521","harvestcraft:spagettiandmeatballsItem","0","",""
"chestgenhooks","post","","pyramidJungleChest","","2","7","","Deluxe Cheeseburger","5","1","4","434","0.011521","harvestcraft:deluxecheeseburgerItem","0","",""
"chestgenhooks","post","","pyramidJungleChest","","2","7","","Delighted Meal","5","1","4","434","0.011521","harvestcraft:delightedmealItem","0","",""
"chestgenhooks","post","","pyramidJungleChest","","2","7","","Hearty Breakfast","5","1","4","434","0.011521","harvestcraft:heartybreakfastItem","0","",""
"chestgenhooks","post","","pyramidJungleChest","","2","7","","Curry Rice","5","1","4","434","0.011521","harvestcraft:curryItem","0","",""
"chestgenhooks","post","","pyramidJungleChest","","2","7","","Rainbow Curry","5","1","4","434","0.011521","harvestcraft:rainbowcurryItem","0","",""
"chestgenhooks","post","","pyramidJungleChest","","2","7","","Supreme Pizza","5","1","4","434","0.011521","harvestcraft:supremepizzaItem","0","",""
"chestgenhooks","post","","pyramidJungleChest","","2","7","","Bacon Mushroom Burger","5","1","4","434","0.011521","harvestcraft:baconmushroomburgerItem","0","",""
"chestgenhooks","post","","pyramidJungleChest","","2","7","","Sausage in Bread","5","1","4","434","0.011521","harvestcraft:sausageinbreadItem","0","",""
"chestgenhooks","post","","pyramidJungleChest","","2","7","","Beef Wellington","5","1","4","434","0.011521","harvestcraft:beefwellingtonItem","0","",""
"chestgenhooks","post","","pyramidJungleChest","","2","7","","Epic Bacon","5","1","4","434","0.011521","harvestcraft:epicbaconItem","0","",""
"chestgenhooks","post","","pyramidJungleChest","","2","7","","Dezil's Marshmallow","2","1","2","434","0.004608","DraconicEvolution:dezilsMarshmallow","0","",""
"chestgenhooks","post","","pyramidJungleChest","","2","7","","Ancient Gold Coin","10","16","64","434","0.023041","gregtech:gt.metaitem.01","32008","",""
"chestgenhooks","post","","pyramidJungleChest","","2","7","","Zero Point Module","1","1","1","434","0.002304","gregtech:gt.metaitem.01","32598","","{GT.ItemCharge:2147483647L}"
"chestgenhooks","post","","pyramidJungleChest","","2","7","","Bronze Ingot","12","4","16","434","0.027650","gregtech:gt.metaitem.01","11300","",""
"chestgenhooks","post","","pyramidJungleChest","","2","7","","Ruby","2","2","8","434","0.004608","gregtech:gt.metaitem.01","8502","",""
"chestgenhooks","post","","pyramidJungleChest","","2","7","","Sapphire","2","2","8","434","0.004608","gregtech:gt.metaitem.01","8503","",""
"chestgenhooks","post","","pyramidJungleChest","","2","7","","Green Sapphire","2","2","8","434","0.004608","gregtech:gt.metaitem.01","8504","",""
"chestgenhooks","post","","pyramidJungleChest","","2","7","","Olivine","2","2","8","434","0.004608","gregtech:gt.metaitem.01","8505","",""
"chestgenhooks","post","","pyramidJungleChest","","2","7","","Red Garnet","4","2","8","434","0.009217","gregtech:gt.metaitem.01","8527","",""
"chestgenhooks","post","","pyramidJungleChest","","2","7","","Yellow Garnet","4","2","8","434","0.009217","gregtech:gt.metaitem.01","8528","",""
"chestgenhooks","post","","pyramidJungleChest","","2","7","","Copper Ingot","9","2","6","434","0.020737","gregtech:gt.metaitem.01","11035","",""
"chestgenhooks","post","","pyramidJungleChest","","2","7","","Tin Ingot","8","4","16","434","0.018433","gregtech:gt.metaitem.01","11057","",""
"chestgenhooks","post","","pyramidJungleChest","","2","7","","Lead Ingot","10","2","6","434","0.023041","gregtech:gt.metaitem.01","11089","",""
"chestgenhooks","post","","pyramidJungleChest","","2","7","","Silver Ingot","8","2","4","434","0.018433","gregtech:gt.metaitem.01","11054","",""
"chestgenhooks","post","","pyramidJungleChest","","2","7","","Magnesium Ingot","10","2","8","434","0.023041","gregtech:gt.metaitem.01","11018","",""
"chestgenhooks","post","","pyramidJungleChest","","2","7","","Aluminium Ingot","1","0","1","434","0.002304","gregtech:gt.metaitem.01","11019","",""
"chestgenhooks","post","","pyramidJungleChest","","2","7","","Manganese Ingot","3","1","2","434","0.006912","gregtech:gt.metaitem.01","11031","",""
"chestgenhooks","post","","pyramidJungleChest","","2","7","","Nickel Ingot","5","2","3","434","0.011521","gregtech:gt.metaitem.01","11034","",""
"chestgenhooks","post","","pyramidJungleChest","","2","7","","Cobalt Ingot","1","1","1","434","0.002304","gregtech:gt.metaitem.01","11033","",""
"chestgenhooks","post","","pyramidJungleChest","","2","7","","Zinc Ingot","4","1","3","434","0.009217","gregtech:gt.metaitem.01","11036","",""
"chestgenhooks","post","","pyramidJungleChest","","2","7","","Molybdenum Ingot","3","1","3","434","0.006912","gregtech:gt.metaitem.01","11048","",""
"chestgenhooks","post","","pyramidJungleChest","","2","7","","Antimony Ingot","2","1","2","434","0.004608","gregtech:gt.metaitem.01","11058","",""
"chestgenhooks","post","","pyramidJungleChest","","2","7","","Invar Ingot","3","1","3","434","0.006912","gregtech:gt.metaitem.01","11302","",""
"chestgenhooks","post","","pyramidJungleChest","","2","7","","Electrum Ingot","1","1","1","434","0.002304","gregtech:gt.metaitem.01","11303","",""
"chestgenhooks","post","","pyramidJungleChest","","2","7","","Cast Iron Ingot","7","2","6","434","0.016129","gregtech:gt.metaitem.01","11304","",""
"chestgenhooks","post","","pyramidJungleChest","","2","7","","Stainless Steel Ingot","1","0","1","434","0.002304","gregtech:gt.metaitem.01","11306","",""
"chestgenhooks","post","","pyramidJungleChest","","2","7","","Pig Iron Ingot","2","1","2","434","0.004608","gregtech:gt.metaitem.01","11307","",""
"chestgenhooks","post","","pyramidJungleChest","","2","7","","Red Alloy Ingot","4","1","2","434","0.009217","gregtech:gt.metaitem.01","11308","",""
"chestgenhooks","post","","pyramidJungleChest","","2","7","","Cupronickel Ingot","1","1","1","434","0.002304","gregtech:gt.metaitem.01","11310","",""
"chestgenhooks","post","","pyramidJungleChest","","2","7","","Cobalt Brass Ingot","1","1","2","434","0.002304","gregtech:gt.metaitem.01","11343","",""
"chestgenhooks","post","","pyramidJungleChest","","2","7","","Magnetic Iron Ingot","4","2","3","434","0.009217","gregtech:gt.metaitem.01","11354","",""
"chestgenhooks","post","","pyramidJungleChest","","2","7","","Electrical Steel Ingot","2","1","2","434","0.004608","gregtech:gt.metaitem.01","11365","",""
"chestgenhooks","post","","pyramidJungleChest","","2","7","","Ardite Ingot","1","1","2","434","0.002304","gregtech:gt.metaitem.01","11382","",""
"chestgenhooks","post","","pyramidJungleDispenser","","2","2","","Arrow","30","2","7","60","0.500000","minecraft:arrow","0","",""
"chestgenhooks","post","","pyramidJungleDispenser","","2","2","","Fire Charge","30","2","8","60","0.500000","minecraft:fire_charge","0","",""
"chestgenhooks","post","","railcraft:workshop","","10","16","","Creosote Bottle","20","4","16","338","0.059172","Railcraft:fluid.creosote.bottle","0","",""
"chestgenhooks","post","","railcraft:workshop","","10","16","","Coal","20","8","16","338","0.059172","minecraft:coal","0","",""
"chestgenhooks","post","","railcraft:workshop","","10","16","","Crowbar","10","1","1","338","0.029586","Railcraft:tool.crowbar","0","",""
"chestgenhooks","post","","railcraft:workshop","","10","16","","Magnifying Glass","5","1","1","338","0.014793","Railcraft:tool.magnifying.glass","0","",""
"chestgenhooks","post","","railcraft:workshop","","10","16","","Trackman's Goggles","5","1","1","338","0.014793","Railcraft:armor.goggles","0","",""
"chestgenhooks","post","","railcraft:workshop","","10","16","","Engineer's Overalls","10","1","1","338","0.029586","Railcraft:armor.overalls","0","",""
"chestgenhooks","post","","railcraft:workshop","","10","16","","Minecart","10","1","1","338","0.029586","minecraft:minecart","0","",""
"chestgenhooks","post","","railcraft:workshop","","10","16","","Chest Cart","10","1","1","338","0.029586","minecraft:chest_minecart","0","",""
"chestgenhooks","post","","railcraft:workshop","","10","16","","TNT Cart","5","1","3","338","0.014793","minecraft:tnt_minecart","0","",""
"chestgenhooks","post","","railcraft:workshop","","10","16","","Track","30","8","32","338","0.088757","minecraft:rail","0","",""
"chestgenhooks","post","","railcraft:workshop","","10","16","","Hopper","20","1","4","338","0.059172","minecraft:hopper","0","",""
"chestgenhooks","post","","railcraft:workshop","","10","16","","Piston","10","1","2","338","0.029586","minecraft:piston","0","",""
"chestgenhooks","post","","railcraft:workshop","","10","16","","Hopper Cart","5","1","1","338","0.014793","minecraft:hopper_minecart","0","",""
"chestgenhooks","post","","railcraft:workshop","","10","16","","Wooden Tie","20","4","16","338","0.059172","Railcraft:part.tie","0","",""
"chestgenhooks","post","","railcraft:workshop","","10","16","","Stone Tie","10","4","16","338","0.029586","Railcraft:part.tie","1","",""
"chestgenhooks","post","","railcraft:workshop","","10","16","","Standard Rail","20","6","18","338","0.059172","Railcraft:part.rail","0","",""
"chestgenhooks","post","","railcraft:workshop","","10","16","","Advanced Rail","20","6","18","338","0.059172","Railcraft:part.rail","1","",""
"chestgenhooks","post","","railcraft:workshop","","10","16","","Wooden Rail","20","6","18","338","0.059172","Railcraft:part.rail","2","",""
"chestgenhooks","post","","railcraft:workshop","","10","16","","H.S. Rail","20","6","18","338","0.059172","Railcraft:part.rail","3","",""
"chestgenhooks","post","","railcraft:workshop","","10","16","","Reinforced Rail","20","6","18","338","0.059172","Railcraft:part.rail","4","",""
"chestgenhooks","post","","railcraft:workshop","","10","16","","Coal Coke","20","4","16","338","0.059172","Railcraft:fuel.coke","0","",""
"chestgenhooks","post","","railcraft:workshop","","10","16","","Wooden TNT Cart","5","1","3","338","0.014793","Railcraft:cart.tnt.wood","0","",""
"chestgenhooks","post","","railcraft:workshop","","10","16","","Work Cart","8","1","1","338","0.023669","Railcraft:cart.work","0","",""
"chestgenhooks","post","","railcraft:workshop","","10","16","","Signal Block Surveyor","5","1","1","338","0.014793","Railcraft:tool.surveyor","0","",""
"chestgenhooks","post","","railcraft:workshop","","10","16","","Signal Tuner","5","1","1","338","0.014793","Railcraft:tool.signal.tuner","0","",""
"chestgenhooks","post","","railcraft:workshop","","10","16","","Electric Meter","5","1","1","338","0.014793","Railcraft:tool.electric.meter","0","",""
"chestgenhooks","post","","strongholdCorridor","","2","4","","Ender Pearl","10","1","1","456","0.021930","minecraft:ender_pearl","0","",""
"chestgenhooks","post","","strongholdCorridor","","2","4","","Diamond","3","1","3","456","0.006579","minecraft:diamond","0","",""
"chestgenhooks","post","","strongholdCorridor","","2","4","","Iron Ingot","10","1","5","456","0.021930","minecraft:iron_ingot","0","",""
"chestgenhooks","post","","strongholdCorridor","","2","4","","Gold Ingot","5","1","3","456","0.010965","minecraft:gold_ingot","0","",""
"chestgenhooks","post","","strongholdCorridor","","2","4","","Redstone","5","4","9","456","0.010965","minecraft:redstone","0","",""
"chestgenhooks","post","","strongholdCorridor","","2","4","","Bread","15","1","3","456","0.032895","minecraft:bread","0","",""
"chestgenhooks","post","","strongholdCorridor","","2","4","","Apple","15","1","3","456","0.032895","minecraft:apple","0","",""
"chestgenhooks","post","","strongholdCorridor","","2","4","","Iron Pickaxe","5","1","1","456","0.010965","minecraft:iron_pickaxe","0","",""
"chestgenhooks","post","","strongholdCorridor","","2","4","","Iron Sword","5","1","1","456","0.010965","minecraft:iron_sword","0","",""
"chestgenhooks","post","","strongholdCorridor","","2","4","","Iron Chestplate","5","1","1","456","0.010965","minecraft:iron_chestplate","0","",""
"chestgenhooks","post","","strongholdCorridor","","2","4","","Iron Helmet","5","1","1","456","0.010965","minecraft:iron_helmet","0","",""
"chestgenhooks","post","","strongholdCorridor","","2","4","","Iron Leggings","5","1","1","456","0.010965","minecraft:iron_leggings","0","",""
"chestgenhooks","post","","strongholdCorridor","","2","4","","Iron Boots","5","1","1","456","0.010965","minecraft:iron_boots","0","",""
"chestgenhooks","post","","strongholdCorridor","","2","4","","Chain Helmet","2","1","1","456","0.004386","minecraft:chainmail_helmet","0","",""
"chestgenhooks","post","","strongholdCorridor","","2","4","","Chain Leggings","2","1","1","456","0.004386","minecraft:chainmail_leggings","0","",""
"chestgenhooks","post","","strongholdCorridor","","2","4","","Chain Boots","2","1","1","456","0.004386","minecraft:chainmail_boots","0","",""
"chestgenhooks","post","","strongholdCorridor","","2","4","","Chain Chestplate","2","1","1","456","0.004386","minecraft:chainmail_chestplate","0","",""
"chestgenhooks","post","","strongholdCorridor","","2","4","","Golden Apple","1","1","1","456","0.002193","minecraft:golden_apple","0","",""
"chestgenhooks","post","","strongholdCorridor","","2","4","","Saddle","1","1","1","456","0.002193","minecraft:saddle","0","",""
"chestgenhooks","post","","strongholdCorridor","","2","4","","Iron Horse Armor","1","1","1","456","0.002193","minecraft:iron_horse_armor","0","",""
"chestgenhooks","post","","strongholdCorridor","","2","4","","Gold Horse Armor","1","1","1","456","0.002193","minecraft:golden_horse_armor","0","",""
"chestgenhooks","post","","strongholdCorridor","","2","4","","Diamond Horse Armor","1","1","1","456","0.002193","minecraft:diamond_horse_armor","0","",""
"chestgenhooks","post","","strongholdCorridor","","2","4","","Enchanted Book","1","1","1","456","0.002193","minecraft:enchanted_book","0","",""
"chestgenhooks","post","","strongholdCorridor","","2","4","","Bronze Sword","3","1","1","456","0.006579","IC2:itemToolBronzeSword","0","",""
"chestgenhooks","post","","strongholdCorridor","","2","4","","Bronze Helmet","3","1","1","456","0.006579","IC2:itemArmorBronzeHelmet","0","",""
"chestgenhooks","post","","strongholdCorridor","","2","4","","Bronze Chestplate","3","1","1","456","0.006579","IC2:itemArmorBronzeChestplate","0","",""
"chestgenhooks","post","","strongholdCorridor","","2","4","","Bronze Leggings","3","1","1","456","0.006579","IC2:itemArmorBronzeLegs","0","",""
"chestgenhooks","post","","strongholdCorridor","","2","4","","Bronze Boots","3","1","1","456","0.006579","IC2:itemArmorBronzeBoots","0","",""
"chestgenhooks","post","","strongholdCorridor","","2","4","","Diamond Helmet","1","1","1","456","0.002193","minecraft:diamond_helmet","0","",""
"chestgenhooks","post","","strongholdCorridor","","2","4","","Diamond Chestplate","1","1","1","456","0.002193","minecraft:diamond_chestplate","0","",""
"chestgenhooks","post","","strongholdCorridor","","2","4","","Diamond Leggings","1","1","1","456","0.002193","minecraft:diamond_leggings","0","",""
"chestgenhooks","post","","strongholdCorridor","","2","4","","Diamond Boots","1","1","1","456","0.002193","minecraft:diamond_boots","0","",""
"chestgenhooks","post","","strongholdCorridor","","2","4","","Glowflower","25","1","4","456","0.054825","BiomesOPlenty:flowers","3","",""
"chestgenhooks","post","","strongholdCorridor","","2","4","","Deathbloom","25","1","4","456","0.054825","BiomesOPlenty:flowers","2","",""
"chestgenhooks","post","","strongholdCorridor","","2","4","","Steel Sword","5","1","1","456","0.010965","Railcraft:tool.steel.sword","0","",""
"chestgenhooks","post","","strongholdCorridor","","2","4","","Steel Helmet","5","1","1","456","0.010965","Railcraft:armor.steel.helmet","0","",""
"chestgenhooks","post","","strongholdCorridor","","2","4","","Steel Chestplate","5","1","1","456","0.010965","Railcraft:armor.steel.plate","0","",""
"chestgenhooks","post","","strongholdCorridor","","2","4","","Steel Leggings","5","1","1","456","0.010965","Railcraft:armor.steel.legs","0","",""
"chestgenhooks","post","","strongholdCorridor","","2","4","","Steel Boots","5","1","1","456","0.010965","Railcraft:armor.steel.boots","0","",""
"chestgenhooks","post","","strongholdCorridor","","2","4","","Oblivion Frame","18","1","1","456","0.039474","MagicBees:frameOblivion","0","",""
"chestgenhooks","post","","strongholdCorridor","","2","4","","Adventurer's Diary","5","1","1","456","0.010965","HardcoreEnderExpansion:adventurers_diary","0","",""
"chestgenhooks","post","","strongholdCorridor","","2","4","","Temple Caller","1","0","1","456","0.002193","HardcoreEnderExpansion:temple_caller","0","",""
"chestgenhooks","post","","strongholdCorridor","","2","4","","Knowledge Note","5","1","1","456","0.010965","HardcoreEnderExpansion:knowledge_note","0","","{pts:40b}"
"chestgenhooks","post","","strongholdCorridor","","2","4","","Knowledge Note","9","1","1","456","0.019737","HardcoreEnderExpansion:knowledge_note","0","","{pts:30b}"
"chestgenhooks","post","","strongholdCorridor","","2","4","","Knowledge Note","14","1","1","456","0.030702","HardcoreEnderExpansion:knowledge_note","0","","{pts:20b}"
"chestgenhooks","post","","strongholdCorridor","","2","4","","Knowledge Note","18","1","1","456","0.039474","HardcoreEnderExpansion:knowledge_note","0","","{pts:10b}"
"chestgenhooks","post","","strongholdCorridor","","2","4","","Disposable Item Turret","15","1","2","456","0.032895","openmodularturrets:disposeItemTurret","0","",""
"chestgenhooks","post","","strongholdCorridor","","2","4","","Turret Base (Tier 1)","15","1","1","456","0.032895","openmodularturrets:baseTierWood","0","",""
"chestgenhooks","post","","strongholdCorridor","","2","4","","Basic Turret Base Crank","15","1","1","456","0.032895","openmodularturrets:leverBlock","0","",""
"chestgenhooks","post","","strongholdCorridor","","2","4","","Common Treasure","4","1","3","456","0.008772","Thaumcraft:ItemLootBag","0","",""
"chestgenhooks","post","","strongholdCorridor","","2","4","","Thaumium Ingot","4","1","3","456","0.008772","Thaumcraft:ItemResource","2","",""
"chestgenhooks","post","","strongholdCorridor","","2","4","","Amber","4","1","3","456","0.008772","Thaumcraft:ItemResource","6","",""
"chestgenhooks","post","","strongholdCorridor","","2","4","","Uncommon Treasure","3","1","2","456","0.006579","Thaumcraft:ItemLootBag","1","",""
"chestgenhooks","post","","strongholdCorridor","","2","4","","Mundane Amulet","3","1","2","456","0.006579","Thaumcraft:ItemBaubleBlanks","0","",""
"chestgenhooks","post","","strongholdCorridor","","2","4","","Mundane Ring","3","1","2","456","0.006579","Thaumcraft:ItemBaubleBlanks","1","",""
"chestgenhooks","post","","strongholdCorridor","","2","4","","Mundane Belt","3","1","2","456","0.006579","Thaumcraft:ItemBaubleBlanks","2","",""
"chestgenhooks","post","","strongholdCorridor","","2","4","","Knowledge Fragment","3","1","2","456","0.006579","Thaumcraft:ItemResource","9","",""
"chestgenhooks","post","","strongholdCorridor","","2","4","","Rare Treasure","1","1","1","456","0.002193","Thaumcraft:ItemLootBag","2","",""
"chestgenhooks","post","","strongholdCorridor","","2","4","","Thaumonomicon","1","1","1","456","0.002193","Thaumcraft:ItemThaumonomicon","0","",""
"chestgenhooks","post","","strongholdCorridor","","2","4","","Thaumium Sword","1","1","1","456","0.002193","Thaumcraft:ItemSwordThaumium","0","",""
"chestgenhooks","post","","strongholdCorridor","","2","4","","Thaumium Pickaxe","1","1","1","456","0.002193","Thaumcraft:ItemPickThaumium","0","",""
"chestgenhooks","post","","strongholdCorridor","","2","4","","Thaumium Axe","1","1","1","456","0.002193","Thaumcraft:ItemAxeThaumium","0","",""
"chestgenhooks","post","","strongholdCorridor","","2","4","","Thaumium Hoe","1","1","1","456","0.002193","Thaumcraft:ItemHoeThaumium","0","",""
"chestgenhooks","post","","strongholdCorridor","","2","4","","Ring of Protection","1","1","1","456","0.002193","Thaumcraft:ItemRingRunic","0","",""
"chestgenhooks","post","","strongholdCorridor","","2","4","","Apprentices Ring of Aer","1","1","1","456","0.002193","Thaumcraft:ItemBaubleBlanks","3","",""
"chestgenhooks","post","","strongholdCorridor","","2","4","","Apprentices Ring of Terra","1","1","1","456","0.002193","Thaumcraft:ItemBaubleBlanks","4","",""
"chestgenhooks","post","","strongholdCorridor","","2","4","","Apprentices Ring of Ignis","1","1","1","456","0.002193","Thaumcraft:ItemBaubleBlanks","5","",""
"chestgenhooks","post","","strongholdCorridor","","2","4","","Apprentices Ring of Aqua","1","1","1","456","0.002193","Thaumcraft:ItemBaubleBlanks","6","",""
"chestgenhooks","post","","strongholdCorridor","","2","4","","Apprentices Ring of Ordo","1","1","1","456","0.002193","Thaumcraft:ItemBaubleBlanks","7","",""
"chestgenhooks","post","","strongholdCorridor","","2","4","","Apprentices Ring of Perditio","1","1","1","456","0.002193","Thaumcraft:ItemBaubleBlanks","8","",""
"chestgenhooks","post","","strongholdCorridor","","2","4","","Vis Stone","1","1","1","456","0.002193","Thaumcraft:ItemAmuletVis","0","","{aer:400,perditio:200,ignis:300,terra:100,aqua:100,ordo:200}"
"chestgenhooks","post","","strongholdCorridor","","2","4","","Lesser Ring of Ender Disjunction","1","1","1","456","0.002193","Automagy:baubleEnderDisjunction","1","",""
"chestgenhooks","post","","strongholdCorridor","","2","4","","Phial of Enchanter's Concentrate","3","1","3","456","0.006579","Automagy:phialExtra","0","",""
"chestgenhooks","post","","strongholdCorridor","","2","4","","Division Sigil","4","1","1","456","0.008772","ExtraUtilities:divisionSigil","0","",""
"chestgenhooks","post","","strongholdCorridor","","2","4","","Copper Ingot","9","2","6","456","0.019737","gregtech:gt.metaitem.01","11035","",""
"chestgenhooks","post","","strongholdCorridor","","2","4","","Tin Ingot","8","4","16","456","0.017544","gregtech:gt.metaitem.01","11057","",""
"chestgenhooks","post","","strongholdCorridor","","2","4","","Lead Ingot","10","2","6","456","0.021930","gregtech:gt.metaitem.01","11089","",""
"chestgenhooks","post","","strongholdCorridor","","2","4","","Silver Ingot","8","2","4","456","0.017544","gregtech:gt.metaitem.01","11054","",""
"chestgenhooks","post","","strongholdCorridor","","2","4","","Magnesium Ingot","10","2","8","456","0.021930","gregtech:gt.metaitem.01","11018","",""
"chestgenhooks","post","","strongholdCorridor","","2","4","","Aluminium Ingot","1","0","1","456","0.002193","gregtech:gt.metaitem.01","11019","",""
"chestgenhooks","post","","strongholdCorridor","","2","4","","Manganese Ingot","3","1","2","456","0.006579","gregtech:gt.metaitem.01","11031","",""
"chestgenhooks","post","","strongholdCorridor","","2","4","","Nickel Ingot","5","2","3","456","0.010965","gregtech:gt.metaitem.01","11034","",""
"chestgenhooks","post","","strongholdCorridor","","2","4","","Cobalt Ingot","1","1","1","456","0.002193","gregtech:gt.metaitem.01","11033","",""
"chestgenhooks","post","","strongholdCorridor","","2","4","","Zinc Ingot","4","1","3","456","0.008772","gregtech:gt.metaitem.01","11036","",""
"chestgenhooks","post","","strongholdCorridor","","2","4","","Molybdenum Ingot","3","1","3","456","0.006579","gregtech:gt.metaitem.01","11048","",""
"chestgenhooks","post","","strongholdCorridor","","2","4","","Antimony Ingot","2","1","2","456","0.004386","gregtech:gt.metaitem.01","11058","",""
"chestgenhooks","post","","strongholdCorridor","","2","4","","Invar Ingot","3","1","3","456","0.006579","gregtech:gt.metaitem.01","11302","",""
"chestgenhooks","post","","strongholdCorridor","","2","4","","Electrum Ingot","1","1","1","456","0.002193","gregtech:gt.metaitem.01","11303","",""
"chestgenhooks","post","","strongholdCorridor","","2","4","","Cast Iron Ingot","7","2","6","456","0.015351","gregtech:gt.metaitem.01","11304","",""
"chestgenhooks","post","","strongholdCorridor","","2","4","","Stainless Steel Ingot","1","0","1","456","0.002193","gregtech:gt.metaitem.01","11306","",""
"chestgenhooks","post","","strongholdCorridor","","2","4","","Pig Iron Ingot","2","1","2","456","0.004386","gregtech:gt.metaitem.01","11307","",""
"chestgenhooks","post","","strongholdCorridor","","2","4","","Red Alloy Ingot","4","1","2","456","0.008772","gregtech:gt.metaitem.01","11308","",""
"chestgenhooks","post","","strongholdCorridor","","2","4","","Cupronickel Ingot","1","1","1","456","0.002193","gregtech:gt.metaitem.01","11310","",""
"chestgenhooks","post","","strongholdCorridor","","2","4","","Cobalt Brass Ingot","1","1","2","456","0.002193","gregtech:gt.metaitem.01","11343","",""
"chestgenhooks","post","","strongholdCorridor","","2","4","","Magnetic Iron Ingot","4","2","3","456","0.008772","gregtech:gt.metaitem.01","11354","",""
"chestgenhooks","post","","strongholdCorridor","","2","4","","Electrical Steel Ingot","2","1","2","456","0.004386","gregtech:gt.metaitem.01","11365","",""
"chestgenhooks","post","","strongholdCorridor","","2","4","","Ardite Ingot","1","1","2","456","0.002193","gregtech:gt.metaitem.01","11382","",""
"chestgenhooks","post","","strongholdCrossing","","1","5","","Iron Ingot","10","1","5","310","0.032258","minecraft:iron_ingot","0","",""
"chestgenhooks","post","","strongholdCrossing","","1","5","","Gold Ingot","5","1","3","310","0.016129","minecraft:gold_ingot","0","",""
"chestgenhooks","post","","strongholdCrossing","","1","5","","Redstone","5","4","9","310","0.016129","minecraft:redstone","0","",""
"chestgenhooks","post","","strongholdCrossing","","1","5","","Coal","10","3","8","310","0.032258","minecraft:coal","0","",""
"chestgenhooks","post","","strongholdCrossing","","1","5","","Bread","15","1","3","310","0.048387","minecraft:bread","0","",""
"chestgenhooks","post","","strongholdCrossing","","1","5","","Apple","15","1","3","310","0.048387","minecraft:apple","0","",""
"chestgenhooks","post","","strongholdCrossing","","1","5","","Iron Pickaxe","1","1","1","310","0.003226","minecraft:iron_pickaxe","0","",""
"chestgenhooks","post","","strongholdCrossing","","1","5","","Enchanted Book","1","1","1","310","0.003226","minecraft:enchanted_book","0","",""
"chestgenhooks","post","","strongholdCrossing","","1","5","","Iron Door","3","1","1","310","0.009677","minecraft:iron_door","0","",""
"chestgenhooks","post","","strongholdCrossing","","1","5","","Bronze Sword","3","1","1","310","0.009677","IC2:itemToolBronzeSword","0","",""
"chestgenhooks","post","","strongholdCrossing","","1","5","","Bronze Helmet","3","1","1","310","0.009677","IC2:itemArmorBronzeHelmet","0","",""
"chestgenhooks","post","","strongholdCrossing","","1","5","","Bronze Chestplate","3","1","1","310","0.009677","IC2:itemArmorBronzeChestplate","0","",""
"chestgenhooks","post","","strongholdCrossing","","1","5","","Bronze Leggings","3","1","1","310","0.009677","IC2:itemArmorBronzeLegs","0","",""
"chestgenhooks","post","","strongholdCrossing","","1","5","","Bronze Boots","3","1","1","310","0.009677","IC2:itemArmorBronzeBoots","0","",""
"chestgenhooks","post","","strongholdCrossing","","1","5","","Chain Helmet","2","1","1","310","0.006452","minecraft:chainmail_helmet","0","",""
"chestgenhooks","post","","strongholdCrossing","","1","5","","Chain Leggings","2","1","1","310","0.006452","minecraft:chainmail_leggings","0","",""
"chestgenhooks","post","","strongholdCrossing","","1","5","","Chain Boots","2","1","1","310","0.006452","minecraft:chainmail_boots","0","",""
"chestgenhooks","post","","strongholdCrossing","","1","5","","Chain Chestplate","2","1","1","310","0.006452","minecraft:chainmail_chestplate","0","",""
"chestgenhooks","post","","strongholdCrossing","","1","5","","Glowflower","25","1","4","310","0.080645","BiomesOPlenty:flowers","3","",""
"chestgenhooks","post","","strongholdCrossing","","1","5","","Deathbloom","25","1","4","310","0.080645","BiomesOPlenty:flowers","2","",""
"chestgenhooks","post","","strongholdCrossing","","1","5","","Steel Sword","5","1","1","310","0.016129","Railcraft:tool.steel.sword","0","",""
"chestgenhooks","post","","strongholdCrossing","","1","5","","Steel Helmet","5","1","1","310","0.016129","Railcraft:armor.steel.helmet","0","",""
"chestgenhooks","post","","strongholdCrossing","","1","5","","Steel Chestplate","5","1","1","310","0.016129","Railcraft:armor.steel.plate","0","",""
"chestgenhooks","post","","strongholdCrossing","","1","5","","Steel Leggings","5","1","1","310","0.016129","Railcraft:armor.steel.legs","0","",""
"chestgenhooks","post","","strongholdCrossing","","1","5","","Steel Boots","5","1","1","310","0.016129","Railcraft:armor.steel.boots","0","",""
"chestgenhooks","post","","strongholdCrossing","","1","5","","Temple Caller","1","0","1","310","0.003226","HardcoreEnderExpansion:temple_caller","0","",""
"chestgenhooks","post","","strongholdCrossing","","1","5","","Knowledge Note","5","1","1","310","0.016129","HardcoreEnderExpansion:knowledge_note","0","","{pts:40b}"
"chestgenhooks","post","","strongholdCrossing","","1","5","","Knowledge Note","9","1","1","310","0.029032","HardcoreEnderExpansion:knowledge_note","0","","{pts:30b}"
"chestgenhooks","post","","strongholdCrossing","","1","5","","Knowledge Note","14","1","1","310","0.045161","HardcoreEnderExpansion:knowledge_note","0","","{pts:20b}"
"chestgenhooks","post","","strongholdCrossing","","1","5","","Knowledge Note","18","1","1","310","0.058065","HardcoreEnderExpansion:knowledge_note","0","","{pts:10b}"
"chestgenhooks","post","","strongholdCrossing","","1","5","","Common Treasure","4","1","3","310","0.012903","Thaumcraft:ItemLootBag","0","",""
"chestgenhooks","post","","strongholdCrossing","","1","5","","Thaumium Ingot","4","1","3","310","0.012903","Thaumcraft:ItemResource","2","",""
"chestgenhooks","post","","strongholdCrossing","","1","5","","Amber","4","1","3","310","0.012903","Thaumcraft:ItemResource","6","",""
"chestgenhooks","post","","strongholdCrossing","","1","5","","Uncommon Treasure","3","1","2","310","0.009677","Thaumcraft:ItemLootBag","1","",""
"chestgenhooks","post","","strongholdCrossing","","1","5","","Mundane Amulet","3","1","2","310","0.009677","Thaumcraft:ItemBaubleBlanks","0","",""
"chestgenhooks","post","","strongholdCrossing","","1","5","","Mundane Ring","3","1","2","310","0.009677","Thaumcraft:ItemBaubleBlanks","1","",""
"chestgenhooks","post","","strongholdCrossing","","1","5","","Mundane Belt","3","1","2","310","0.009677","Thaumcraft:ItemBaubleBlanks","2","",""
"chestgenhooks","post","","strongholdCrossing","","1","5","","Knowledge Fragment","3","1","2","310","0.009677","Thaumcraft:ItemResource","9","",""
"chestgenhooks","post","","strongholdCrossing","","1","5","","Rare Treasure","1","1","1","310","0.003226","Thaumcraft:ItemLootBag","2","",""
"chestgenhooks","post","","strongholdCrossing","","1","5","","Thaumonomicon","1","1","1","310","0.003226","Thaumcraft:ItemThaumonomicon","0","",""
"chestgenhooks","post","","strongholdCrossing","","1","5","","Thaumium Sword","1","1","1","310","0.003226","Thaumcraft:ItemSwordThaumium","0","",""
"chestgenhooks","post","","strongholdCrossing","","1","5","","Thaumium Pickaxe","1","1","1","310","0.003226","Thaumcraft:ItemPickThaumium","0","",""
"chestgenhooks","post","","strongholdCrossing","","1","5","","Thaumium Axe","1","1","1","310","0.003226","Thaumcraft:ItemAxeThaumium","0","",""
"chestgenhooks","post","","strongholdCrossing","","1","5","","Thaumium Hoe","1","1","1","310","0.003226","Thaumcraft:ItemHoeThaumium","0","",""
"chestgenhooks","post","","strongholdCrossing","","1","5","","Ring of Protection","1","1","1","310","0.003226","Thaumcraft:ItemRingRunic","0","",""
"chestgenhooks","post","","strongholdCrossing","","1","5","","Apprentices Ring of Aer","1","1","1","310","0.003226","Thaumcraft:ItemBaubleBlanks","3","",""
"chestgenhooks","post","","strongholdCrossing","","1","5","","Apprentices Ring of Terra","1","1","1","310","0.003226","Thaumcraft:ItemBaubleBlanks","4","",""
"chestgenhooks","post","","strongholdCrossing","","1","5","","Apprentices Ring of Ignis","1","1","1","310","0.003226","Thaumcraft:ItemBaubleBlanks","5","",""
"chestgenhooks","post","","strongholdCrossing","","1","5","","Apprentices Ring of Aqua","1","1","1","310","0.003226","Thaumcraft:ItemBaubleBlanks","6","",""
"chestgenhooks","post","","strongholdCrossing","","1","5","","Apprentices Ring of Ordo","1","1","1","310","0.003226","Thaumcraft:ItemBaubleBlanks","7","",""
"chestgenhooks","post","","strongholdCrossing","","1","5","","Apprentices Ring of Perditio","1","1","1","310","0.003226","Thaumcraft:ItemBaubleBlanks","8","",""
"chestgenhooks","post","","strongholdCrossing","","1","5","","Vis Stone","1","1","1","310","0.003226","Thaumcraft:ItemAmuletVis","0","","{aer:400,perditio:200,ignis:300,terra:100,aqua:100,ordo:200}"
"chestgenhooks","post","","strongholdCrossing","","1","5","","Lesser Ring of Ender Disjunction","1","1","1","310","0.003226","Automagy:baubleEnderDisjunction","1","",""
"chestgenhooks","post","","strongholdCrossing","","1","5","","Phial of Enchanter's Concentrate","3","1","3","310","0.009677","Automagy:phialExtra","0","",""
"chestgenhooks","post","","strongholdCrossing","","1","5","","Division Sigil","3","1","1","310","0.009677","ExtraUtilities:divisionSigil","0","",""
"chestgenhooks","post","","strongholdCrossing","","1","5","","Holy Water","6","4","8","310","0.019355","gregtech:gt.metaitem.02","32137","",""
"chestgenhooks","post","","strongholdCrossing","","1","5","","Mc Guffium 239","10","1","1","310","0.032258","gregtech:gt.metaitem.01","32765","",""
"chestgenhooks","post","","strongholdCrossing","","1","5","","Damascus Steel Ingot","6","15","25","310","0.019355","gregtech:gt.metaitem.01","11335","",""
"chestgenhooks","post","","strongholdCrossing","","1","5","","Steel Ingot","12","25","45","310","0.038710","gregtech:gt.metaitem.01","11305","",""
"chestgenhooks","post","","strongholdCrossing","","1","5","","Bronze Ingot","12","25","45","310","0.038710","gregtech:gt.metaitem.01","11300","",""
"chestgenhooks","post","","strongholdCrossing","","1","5","","Manganese Ingot","6","15","25","310","0.019355","gregtech:gt.metaitem.01","11031","",""
"chestgenhooks","post","","strongholdLibrary","","1","5","","Book","20","1","3","243","0.082305","minecraft:book","0","",""
"chestgenhooks","post","","strongholdLibrary","","1","5","","Paper","20","2","7","243","0.082305","minecraft:paper","0","",""
"chestgenhooks","post","","strongholdLibrary","","1","5","","Empty Map","1","1","1","243","0.004115","minecraft:map","0","",""
"chestgenhooks","post","","strongholdLibrary","","1","5","","Compass","1","1","1","243","0.004115","minecraft:compass","0","",""
"chestgenhooks","post","","strongholdLibrary","","1","5","","Enchanted Book","2","1","5","243","0.008230","minecraft:enchanted_book","0","",""
"chestgenhooks","post","","strongholdLibrary","","1","5","","Blaze Rod","5","1","3","243","0.020576","minecraft:blaze_rod","0","",""
"chestgenhooks","post","","strongholdLibrary","","1","5","","Oblivion Frame","23","1","3","243","0.094650","MagicBees:frameOblivion","0","",""
"chestgenhooks","post","","strongholdLibrary","","1","5","","<item id does not resolve in this build>","23","1","3","243","0.094650","","0","",""
"chestgenhooks","post","","strongholdLibrary","","1","5","","Adventurer's Diary","8","1","1","243","0.032922","HardcoreEnderExpansion:adventurers_diary","0","",""
"chestgenhooks","post","","strongholdLibrary","","1","5","","Temple Caller","1","1","1","243","0.004115","HardcoreEnderExpansion:temple_caller","0","",""
"chestgenhooks","post","","strongholdLibrary","","1","5","","Knowledge Note","6","1","1","243","0.024691","HardcoreEnderExpansion:knowledge_note","0","","{pts:40b}"
"chestgenhooks","post","","strongholdLibrary","","1","5","","Knowledge Note","12","1","1","243","0.049383","HardcoreEnderExpansion:knowledge_note","0","","{pts:30b}"
"chestgenhooks","post","","strongholdLibrary","","1","5","","Knowledge Note","18","1","1","243","0.074074","HardcoreEnderExpansion:knowledge_note","0","","{pts:20b}"
"chestgenhooks","post","","strongholdLibrary","","1","5","","Knowledge Note","24","1","1","243","0.098765","HardcoreEnderExpansion:knowledge_note","0","","{pts:10b}"
"chestgenhooks","post","","strongholdLibrary","","1","5","","Floppy Disk","5","1","1","243","0.020576","OpenComputers:item","4","",""
"chestgenhooks","post","","strongholdLibrary","","1","5","","Common Treasure","4","1","3","243","0.016461","Thaumcraft:ItemLootBag","0","",""
"chestgenhooks","post","","strongholdLibrary","","1","5","","Thaumium Ingot","4","1","3","243","0.016461","Thaumcraft:ItemResource","2","",""
"chestgenhooks","post","","strongholdLibrary","","1","5","","Amber","4","1","3","243","0.016461","Thaumcraft:ItemResource","6","",""
"chestgenhooks","post","","strongholdLibrary","","1","5","","Uncommon Treasure","3","1","2","243","0.012346","Thaumcraft:ItemLootBag","1","",""
"chestgenhooks","post","","strongholdLibrary","","1","5","","Mundane Amulet","3","1","2","243","0.012346","Thaumcraft:ItemBaubleBlanks","0","",""
"chestgenhooks","post","","strongholdLibrary","","1","5","","Mundane Ring","3","1","2","243","0.012346","Thaumcraft:ItemBaubleBlanks","1","",""
"chestgenhooks","post","","strongholdLibrary","","1","5","","Mundane Belt","3","1","2","243","0.012346","Thaumcraft:ItemBaubleBlanks","2","",""
"chestgenhooks","post","","strongholdLibrary","","1","5","","Knowledge Fragment","3","1","2","243","0.012346","Thaumcraft:ItemResource","9","",""
"chestgenhooks","post","","strongholdLibrary","","1","5","","Knowledge Fragment","20","3","6","243","0.082305","Thaumcraft:ItemResource","9","",""
"chestgenhooks","post","","strongholdLibrary","","1","5","","Rare Treasure","1","1","1","243","0.004115","Thaumcraft:ItemLootBag","2","",""
"chestgenhooks","post","","strongholdLibrary","","1","5","","Thaumonomicon","1","1","1","243","0.004115","Thaumcraft:ItemThaumonomicon","0","",""
"chestgenhooks","post","","strongholdLibrary","","1","5","","Thaumium Sword","1","1","1","243","0.004115","Thaumcraft:ItemSwordThaumium","0","",""
"chestgenhooks","post","","strongholdLibrary","","1","5","","Thaumium Pickaxe","1","1","1","243","0.004115","Thaumcraft:ItemPickThaumium","0","",""
"chestgenhooks","post","","strongholdLibrary","","1","5","","Thaumium Axe","1","1","1","243","0.004115","Thaumcraft:ItemAxeThaumium","0","",""
"chestgenhooks","post","","strongholdLibrary","","1","5","","Thaumium Hoe","1","1","1","243","0.004115","Thaumcraft:ItemHoeThaumium","0","",""
"chestgenhooks","post","","strongholdLibrary","","1","5","","Ring of Protection","1","1","1","243","0.004115","Thaumcraft:ItemRingRunic","0","",""
"chestgenhooks","post","","strongholdLibrary","","1","5","","Apprentices Ring of Aer","1","1","1","243","0.004115","Thaumcraft:ItemBaubleBlanks","3","",""
"chestgenhooks","post","","strongholdLibrary","","1","5","","Apprentices Ring of Terra","1","1","1","243","0.004115","Thaumcraft:ItemBaubleBlanks","4","",""
"chestgenhooks","post","","strongholdLibrary","","1","5","","Apprentices Ring of Ignis","1","1","1","243","0.004115","Thaumcraft:ItemBaubleBlanks","5","",""
"chestgenhooks","post","","strongholdLibrary","","1","5","","Apprentices Ring of Aqua","1","1","1","243","0.004115","Thaumcraft:ItemBaubleBlanks","6","",""
"chestgenhooks","post","","strongholdLibrary","","1","5","","Apprentices Ring of Ordo","1","1","1","243","0.004115","Thaumcraft:ItemBaubleBlanks","7","",""
"chestgenhooks","post","","strongholdLibrary","","1","5","","Apprentices Ring of Perditio","1","1","1","243","0.004115","Thaumcraft:ItemBaubleBlanks","8","",""
"chestgenhooks","post","","strongholdLibrary","","1","5","","Vis Stone","1","1","1","243","0.004115","Thaumcraft:ItemAmuletVis","0","","{aer:400,perditio:200,ignis:300,terra:100,aqua:100,ordo:200}"
"chestgenhooks","post","","strongholdLibrary","","1","5","","Shimmerleaf","4","1","3","243","0.016461","Thaumcraft:blockCustomPlant","2","",""
"chestgenhooks","post","","strongholdLibrary","","1","5","","Cinderpearl","4","1","3","243","0.016461","Thaumcraft:blockCustomPlant","3","",""
"chestgenhooks","post","","strongholdLibrary","","1","5","","Lesser Ring of Ender Disjunction","1","1","1","243","0.004115","Automagy:baubleEnderDisjunction","1","",""
"chestgenhooks","post","","strongholdLibrary","","1","5","","Phial of Enchanter's Concentrate","3","1","3","243","0.012346","Automagy:phialExtra","0","",""
"chestgenhooks","post","","strongholdLibrary","","1","5","","<item id does not resolve in this build>","1","0","1","243","0.004115","","0","",""
"chestgenhooks","post","","towerChestContents","","0","0","","Gemcutter's Tools","8","1","1","8","1.000000","WitchingGadgets:item.WG_Material","8","",""
"chestgenhooks","post","","villageBlacksmith","","4","11","","Diamond","3","1","3","686","0.004373","minecraft:diamond","0","",""
"chestgenhooks","post","","villageBlacksmith","","4","11","","Iron Ingot","10","1","5","686","0.014577","minecraft:iron_ingot","0","",""
"chestgenhooks","post","","villageBlacksmith","","4","11","","Gold Ingot","5","1","3","686","0.007289","minecraft:gold_ingot","0","",""
"chestgenhooks","post","","villageBlacksmith","","4","11","","Bread","15","1","3","686","0.021866","minecraft:bread","0","",""
"chestgenhooks","post","","villageBlacksmith","","4","11","","Apple","15","1","3","686","0.021866","minecraft:apple","0","",""
"chestgenhooks","post","","villageBlacksmith","","4","11","","Iron Pickaxe","5","1","1","686","0.007289","minecraft:iron_pickaxe","0","",""
"chestgenhooks","post","","villageBlacksmith","","4","11","","Iron Sword","5","1","1","686","0.007289","minecraft:iron_sword","0","",""
"chestgenhooks","post","","villageBlacksmith","","4","11","","Iron Chestplate","5","1","1","686","0.007289","minecraft:iron_chestplate","0","",""
"chestgenhooks","post","","villageBlacksmith","","4","11","","Iron Helmet","5","1","1","686","0.007289","minecraft:iron_helmet","0","",""
"chestgenhooks","post","","villageBlacksmith","","4","11","","Iron Leggings","5","1","1","686","0.007289","minecraft:iron_leggings","0","",""
"chestgenhooks","post","","villageBlacksmith","","4","11","","Iron Boots","5","1","1","686","0.007289","minecraft:iron_boots","0","",""
"chestgenhooks","post","","villageBlacksmith","","4","11","","Iron Chestplate","5","1","1","686","0.007289","minecraft:iron_chestplate","0","",""
"chestgenhooks","post","","villageBlacksmith","","4","11","","Chain Helmet","2","1","1","686","0.002915","minecraft:chainmail_helmet","0","",""
"chestgenhooks","post","","villageBlacksmith","","4","11","","Chain Leggings","2","1","1","686","0.002915","minecraft:chainmail_leggings","0","",""
"chestgenhooks","post","","villageBlacksmith","","4","11","","Chain Boots","2","1","1","686","0.002915","minecraft:chainmail_boots","0","",""
"chestgenhooks","post","","villageBlacksmith","","4","11","","Chain Chestplate","2","1","1","686","0.002915","minecraft:chainmail_chestplate","0","",""
"chestgenhooks","post","","villageBlacksmith","","4","11","","Obsidian","5","3","7","686","0.007289","minecraft:obsidian","0","",""
"chestgenhooks","post","","villageBlacksmith","","4","11","","Oak Sapling","5","3","7","686","0.007289","minecraft:sapling","0","",""
"chestgenhooks","post","","villageBlacksmith","","4","11","","Saddle","3","1","1","686","0.004373","minecraft:saddle","0","",""
"chestgenhooks","post","","villageBlacksmith","","4","11","","Iron Horse Armor","3","1","1","686","0.004373","minecraft:iron_horse_armor","0","",""
"chestgenhooks","post","","villageBlacksmith","","4","11","","Gold Horse Armor","2","1","1","686","0.002915","minecraft:golden_horse_armor","0","",""
"chestgenhooks","post","","villageBlacksmith","","4","11","","Diamond Horse Armor","1","1","1","686","0.001458","minecraft:diamond_horse_armor","0","",""
"chestgenhooks","post","","villageBlacksmith","","4","11","","Bronze Pickaxe","3","1","1","686","0.004373","IC2:itemToolBronzePickaxe","0","",""
"chestgenhooks","post","","villageBlacksmith","","4","11","","Bronze Sword","3","1","1","686","0.004373","IC2:itemToolBronzeSword","0","",""
"chestgenhooks","post","","villageBlacksmith","","4","11","","Bronze Helmet","3","1","1","686","0.004373","IC2:itemArmorBronzeHelmet","0","",""
"chestgenhooks","post","","villageBlacksmith","","4","11","","Bronze Chestplate","3","1","1","686","0.004373","IC2:itemArmorBronzeChestplate","0","",""
"chestgenhooks","post","","villageBlacksmith","","4","11","","Bronze Leggings","3","1","1","686","0.004373","IC2:itemArmorBronzeLegs","0","",""
"chestgenhooks","post","","villageBlacksmith","","4","11","","Bronze Boots","3","1","1","686","0.004373","IC2:itemArmorBronzeBoots","0","",""
"chestgenhooks","post","","villageBlacksmith","","4","11","","Rubber Tree Sapling","4","1","4","686","0.005831","IC2:blockRubSapling","0","",""
"chestgenhooks","post","","villageBlacksmith","","4","11","","Thorns","25","2","6","686","0.036443","BiomesOPlenty:plants","5","",""
"chestgenhooks","post","","villageBlacksmith","","4","11","","Pile of Ashes","25","2","8","686","0.036443","BiomesOPlenty:misc","1","",""
"chestgenhooks","post","","villageBlacksmith","","4","11","","Wading Boots","25","1","1","686","0.036443","BiomesOPlenty:wadingBoots","0","",""
"chestgenhooks","post","","villageBlacksmith","","4","11","","Flippers","25","1","1","686","0.036443","BiomesOPlenty:flippers","0","",""
"chestgenhooks","post","","villageBlacksmith","","4","11","","Crowbar","10","1","1","686","0.014577","Railcraft:tool.crowbar","0","",""
"chestgenhooks","post","","villageBlacksmith","","4","11","","Steel Shears","5","1","1","686","0.007289","Railcraft:tool.steel.shears","0","",""
"chestgenhooks","post","","villageBlacksmith","","4","11","","Steel Sword","5","1","1","686","0.007289","Railcraft:tool.steel.sword","0","",""
"chestgenhooks","post","","villageBlacksmith","","4","11","","Steel Axe","5","1","1","686","0.007289","Railcraft:tool.steel.axe","0","",""
"chestgenhooks","post","","villageBlacksmith","","4","11","","Steel Helmet","5","1","1","686","0.007289","Railcraft:armor.steel.helmet","0","",""
"chestgenhooks","post","","villageBlacksmith","","4","11","","Steel Chestplate","5","1","1","686","0.007289","Railcraft:armor.steel.plate","0","",""
"chestgenhooks","post","","villageBlacksmith","","4","11","","Steel Leggings","5","1","1","686","0.007289","Railcraft:armor.steel.legs","0","",""
"chestgenhooks","post","","villageBlacksmith","","4","11","","Steel Boots","5","1","1","686","0.007289","Railcraft:armor.steel.boots","0","",""
"chestgenhooks","post","","villageBlacksmith","","4","11","","Coal Coke","20","4","16","686","0.029155","Railcraft:fuel.coke","0","",""
"chestgenhooks","post","","villageBlacksmith","","4","11","","Block of Steel","5","1","1","686","0.007289","Railcraft:cube","2","",""
"chestgenhooks","post","","villageBlacksmith","","4","11","","Temple Caller","1","0","1","686","0.001458","HardcoreEnderExpansion:temple_caller","0","",""
"chestgenhooks","post","","villageBlacksmith","","4","11","","Knowledge Note","3","1","1","686","0.004373","HardcoreEnderExpansion:knowledge_note","0","","{pts:40b}"
"chestgenhooks","post","","villageBlacksmith","","4","11","","Knowledge Note","6","1","1","686","0.008746","HardcoreEnderExpansion:knowledge_note","0","","{pts:30b}"
"chestgenhooks","post","","villageBlacksmith","","4","11","","Knowledge Note","9","1","1","686","0.013120","HardcoreEnderExpansion:knowledge_note","0","","{pts:20b}"
"chestgenhooks","post","","villageBlacksmith","","4","11","","Knowledge Note","12","1","1","686","0.017493","HardcoreEnderExpansion:knowledge_note","0","","{pts:10b}"
"chestgenhooks","post","","villageBlacksmith","","4","11","","Thaumium Ingot","10","1","3","686","0.014577","Thaumcraft:ItemResource","2","",""
"chestgenhooks","post","","villageBlacksmith","","4","11","","Shimmerleaf","4","1","3","686","0.005831","Thaumcraft:blockCustomPlant","2","",""
"chestgenhooks","post","","villageBlacksmith","","4","11","","Cinderpearl","4","1","3","686","0.005831","Thaumcraft:blockCustomPlant","3","",""
"chestgenhooks","post","","villageBlacksmith","","4","11","","Phial of Enchanter's Concentrate","3","1","2","686","0.004373","Automagy:phialExtra","0","",""
"chestgenhooks","post","","villageBlacksmith","","4","11","","<item id does not resolve in this build>","1","0","1","686","0.001458","","0","",""
"chestgenhooks","post","","villageBlacksmith","","4","11","","Mc Guffium 239","1","1","1","686","0.001458","gregtech:gt.metaitem.01","32765","",""
"chestgenhooks","post","","villageBlacksmith","","4","11","","Chrome Dust","6","1","4","686","0.008746","gregtech:gt.metaitem.01","2030","",""
"chestgenhooks","post","","villageBlacksmith","","4","11","","Neodymium Dust","6","2","8","686","0.008746","gregtech:gt.metaitem.01","2067","",""
"chestgenhooks","post","","villageBlacksmith","","4","11","","Manganese Ingot","12","2","8","686","0.017493","gregtech:gt.metaitem.01","11031","",""
"chestgenhooks","post","","villageBlacksmith","","4","11","","Steel Ingot","12","4","12","686","0.017493","gregtech:gt.metaitem.01","11305","",""
"chestgenhooks","post","","villageBlacksmith","","4","11","","Bronze Ingot","12","4","12","686","0.017493","gregtech:gt.metaitem.01","11300","",""
"chestgenhooks","post","","villageBlacksmith","","4","11","","Brass Ingot","12","4","12","686","0.017493","gregtech:gt.metaitem.01","11301","",""
"chestgenhooks","post","","villageBlacksmith","","4","11","","Damascus Steel Ingot","1","4","12","686","0.001458","gregtech:gt.metaitem.01","11335","",""
"chestgenhooks","post","","villageBlacksmith","","4","11","","Copper Ingot","9","2","6","686","0.013120","gregtech:gt.metaitem.01","11035","",""
"chestgenhooks","post","","villageBlacksmith","","4","11","","Tin Ingot","8","4","16","686","0.011662","gregtech:gt.metaitem.01","11057","",""
"chestgenhooks","post","","villageBlacksmith","","4","11","","Lead Ingot","10","2","6","686","0.014577","gregtech:gt.metaitem.01","11089","",""
"chestgenhooks","post","","villageBlacksmith","","4","11","","Silver Ingot","8","2","4","686","0.011662","gregtech:gt.metaitem.01","11054","",""
"chestgenhooks","post","","villageBlacksmith","","4","11","","Magnesium Ingot","10","2","8","686","0.014577","gregtech:gt.metaitem.01","11018","",""
"chestgenhooks","post","","villageBlacksmith","","4","11","","Aluminium Ingot","1","0","1","686","0.001458","gregtech:gt.metaitem.01","11019","",""
"chestgenhooks","post","","villageBlacksmith","","4","11","","Manganese Ingot","3","1","2","686","0.004373","gregtech:gt.metaitem.01","11031","",""
"chestgenhooks","post","","villageBlacksmith","","4","11","","Nickel Ingot","5","2","3","686","0.007289","gregtech:gt.metaitem.01","11034","",""
"chestgenhooks","post","","villageBlacksmith","","4","11","","Cobalt Ingot","1","1","1","686","0.001458","gregtech:gt.metaitem.01","11033","",""
"chestgenhooks","post","","villageBlacksmith","","4","11","","Zinc Ingot","4","1","3","686","0.005831","gregtech:gt.metaitem.01","11036","",""
"chestgenhooks","post","","villageBlacksmith","","4","11","","Molybdenum Ingot","3","1","3","686","0.004373","gregtech:gt.metaitem.01","11048","",""
"chestgenhooks","post","","villageBlacksmith","","4","11","","Antimony Ingot","2","1","2","686","0.002915","gregtech:gt.metaitem.01","11058","",""
"chestgenhooks","post","","villageBlacksmith","","4","11","","Invar Ingot","3","1","3","686","0.004373","gregtech:gt.metaitem.01","11302","",""
"chestgenhooks","post","","villageBlacksmith","","4","11","","Electrum Ingot","1","1","1","686","0.001458","gregtech:gt.metaitem.01","11303","",""
"chestgenhooks","post","","villageBlacksmith","","4","11","","Cast Iron Ingot","7","2","6","686","0.010204","gregtech:gt.metaitem.01","11304","",""
"chestgenhooks","post","","villageBlacksmith","","4","11","","Stainless Steel Ingot","1","0","1","686","0.001458","gregtech:gt.metaitem.01","11306","",""
"chestgenhooks","post","","villageBlacksmith","","4","11","","Pig Iron Ingot","2","1","2","686","0.002915","gregtech:gt.metaitem.01","11307","",""
"chestgenhooks","post","","villageBlacksmith","","4","11","","Red Alloy Ingot","4","1","2","686","0.005831","gregtech:gt.metaitem.01","11308","",""
"chestgenhooks","post","","villageBlacksmith","","4","11","","Cupronickel Ingot","1","1","1","686","0.001458","gregtech:gt.metaitem.01","11310","",""
"chestgenhooks","post","","villageBlacksmith","","4","11","","Cobalt Brass Ingot","1","1","2","686","0.001458","gregtech:gt.metaitem.01","11343","",""
"chestgenhooks","post","","villageBlacksmith","","4","11","","Magnetic Iron Ingot","4","2","3","686","0.005831","gregtech:gt.metaitem.01","11354","",""
"chestgenhooks","post","","villageBlacksmith","","4","11","","Electrical Steel Ingot","2","1","2","686","0.002915","gregtech:gt.metaitem.01","11365","",""
"chestgenhooks","post","","villageBlacksmith","","4","11","","Ardite Ingot","1","1","2","686","0.001458","gregtech:gt.metaitem.01","11382","",""
"chestgenhooks","post","","villageBlacksmith","","4","11","","Iron Rod","5","4","8","686","0.007289","gregtech:gt.metaitem.01","23032","",""
"chestgenhooks","post","","villageBlacksmith","","4","11","","Iron Screw","5","4","8","686","0.007289","gregtech:gt.metaitem.01","27032","",""
"chestgenhooks","post","","villageBlacksmith","","4","11","","Iron Ring","5","4","8","686","0.007289","gregtech:gt.metaitem.01","28032","",""
"chestgenhooks","post","","villageBlacksmith","","4","11","","Iron Foil","5","4","8","686","0.007289","gregtech:gt.metaitem.01","29032","",""
"chestgenhooks","post","","villageBlacksmith","","4","11","","Iron Minecart Wheels","4","2","4","686","0.005831","gregtech:gt.metaitem.01","32100","",""
"chestgenhooks","post","","villageBlacksmith","","4","11","","Small Iron Gear","5","4","8","686","0.007289","gregtech:gt.metaitem.02","20032","",""
"chestgenhooks","post","","villageBlacksmith","","4","11","","Small Iron Spring","5","4","8","686","0.007289","gregtech:gt.metaitem.02","23032","",""
"chestgenhooks","post","","villageBlacksmith","","4","11","","Iron Spring","5","2","4","686","0.007289","gregtech:gt.metaitem.02","24032","",""
"chestgenhooks","post","","villageBlacksmith","","4","11","","Iron Rotor","5","2","4","686","0.007289","gregtech:gt.metaitem.02","21032","",""
"chestgenhooks","post","","villageBlacksmith","","4","11","","Long Iron Rod","5","4","8","686","0.007289","gregtech:gt.metaitem.02","22032","",""
"chestgenhooks","post","","villageBlacksmith","","4","11","","Tin Rod","5","4","8","686","0.007289","gregtech:gt.metaitem.01","23057","",""
"chestgenhooks","post","","villageBlacksmith","","4","11","","Tin Screw","5","4","8","686","0.007289","gregtech:gt.metaitem.01","27057","",""
"chestgenhooks","post","","villageBlacksmith","","4","11","","Tin Ring","5","4","8","686","0.007289","gregtech:gt.metaitem.01","28057","",""
"chestgenhooks","post","","villageBlacksmith","","4","11","","Tin Foil","5","4","8","686","0.007289","gregtech:gt.metaitem.01","29057","",""
"chestgenhooks","post","","villageBlacksmith","","4","11","","Small Tin Gear","5","4","8","686","0.007289","gregtech:gt.metaitem.02","20057","",""
"chestgenhooks","post","","villageBlacksmith","","4","11","","Small Tin Spring","5","4","8","686","0.007289","gregtech:gt.metaitem.02","23057","",""
"chestgenhooks","post","","villageBlacksmith","","4","11","","Tin Spring","5","2","4","686","0.007289","gregtech:gt.metaitem.02","24057","",""
"chestgenhooks","post","","villageBlacksmith","","4","11","","Tin Rotor","5","2","4","686","0.007289","gregtech:gt.metaitem.02","21057","",""
"chestgenhooks","post","","villageBlacksmith","","4","11","","Long Tin Rod","5","4","8","686","0.007289","gregtech:gt.metaitem.02","22057","",""
"chestgenhooks","post","","villageBlacksmith","","4","11","","Copper Rod","5","4","8","686","0.007289","gregtech:gt.metaitem.01","23035","",""
"chestgenhooks","post","","villageBlacksmith","","4","11","","Copper Screw","5","4","8","686","0.007289","gregtech:gt.metaitem.01","27035","",""
"chestgenhooks","post","","villageBlacksmith","","4","11","","Copper Ring","5","4","8","686","0.007289","gregtech:gt.metaitem.01","28035","",""
"chestgenhooks","post","","villageBlacksmith","","4","11","","Copper Foil","5","4","8","686","0.007289","gregtech:gt.metaitem.01","29035","",""
"chestgenhooks","post","","villageBlacksmith","","4","11","","Small Copper Gear","5","4","8","686","0.007289","gregtech:gt.metaitem.02","20035","",""
"chestgenhooks","post","","villageBlacksmith","","4","11","","Small Copper Spring","5","4","8","686","0.007289","gregtech:gt.metaitem.02","23035","",""
"chestgenhooks","post","","villageBlacksmith","","4","11","","Copper Spring","5","2","4","686","0.007289","gregtech:gt.metaitem.02","24035","",""
"chestgenhooks","post","","villageBlacksmith","","4","11","","Copper Rotor","5","2","4","686","0.007289","gregtech:gt.metaitem.02","21035","",""
"chestgenhooks","post","","villageBlacksmith","","4","11","","Long Copper Rod","5","4","8","686","0.007289","gregtech:gt.metaitem.02","22035","",""
"chestgenhooks","post","","villageBlacksmith","","4","11","","1x Copper Wire","6","4","8","686","0.008746","gregtech:gt.blockmachines","1360","",""
"chestgenhooks","post","","villageBlacksmith","","4","11","","1x Iron Wire","6","4","8","686","0.008746","gregtech:gt.blockmachines","1300","",""
"chestgenhooks","post","","villageBlacksmith","","4","11","","1x Tin Wire","6","4","8","686","0.008746","gregtech:gt.blockmachines","1240","",""
"chestgenhooks","post","","villageBlacksmith","","4","11","","§fBronze Pickaxe","10","1","1","686","0.014577","TConstruct:pickaxe","0","","{InfiTool:{Accessory:14,HarvestLevel:3,BaseDurability:356,Handle:14,RenderHandle:14,Built:1b,Broken:0b,BaseAttack:4,ToolEXP:0L,Head:14,Attack:4,Shoddy:0.0f,ModDurability:0.0f,RenderAccessory:14,MiningSpeed:650,Modifiers:0,Unbreaking:1,TotalDurability:356,RenderHead:14,HeadEXP:0L,BonusDurability:0,Damage:0,ToolLevel:1,HarvestLevelModified:0b},display:{Name:""§fBronze Pickaxe""}}"
"chestgenhooks","post","","villageBlacksmith","","4","11","","§fBronze Shovel","1","1","1","686","0.001458","TConstruct:shovel","0","","{InfiTool:{Damage:0,HarvestLevel:4,BaseDurability:356,Handle:14,Attack:5,Built:1b,Broken:0b,BaseAttack:5,ToolEXP:0L,Head:14,Shoddy:0.0f,RenderHandle:14,ModDurability:0.0f,MiningSpeed:650,Modifiers:0,Unbreaking:1,TotalDurability:356,RenderHead:14,ToolLevel:1,BonusDurability:0},display:{Name:""§fBronze Shovel""}}"
"chestgenhooks","post","","villageBlacksmith","","4","11","","§fBronze Broadsword","10","1","1","686","0.014577","TConstruct:broadsword","0","","{InfiTool:{Accessory:14,HarvestLevel:4,BaseDurability:427,Handle:14,Attack:7,Built:1b,Broken:0b,BaseAttack:7,ToolEXP:0L,Head:14,Shoddy:0.0f,RenderHandle:14,ModDurability:0.0f,RenderAccessory:14,MiningSpeed:650,Modifiers:0,Unbreaking:1,TotalDurability:427,RenderHead:14,BonusDurability:0,ToolLevel:1,Damage:0},display:{Name:""§fBronze Broadsword""}}"
"chestgenhooks","post","","vn_armorer","","1","6","","Iron Ingot","2","1","3","8","0.250000","minecraft:iron_ingot","0","",""
"chestgenhooks","post","","vn_armorer","","1","6","","Bread","4","1","4","8","0.500000","minecraft:bread","0","",""
"chestgenhooks","post","","vn_armorer","","1","6","","Iron Helmet","1","1","1","8","0.125000","minecraft:iron_helmet","0","",""
"chestgenhooks","post","","vn_armorer","","1","6","","Emerald","1","1","1","8","0.125000","minecraft:emerald","0","",""
"chestgenhooks","post","","vn_butcher","","1","6","","Emerald","1","1","1","28","0.035714","minecraft:emerald","0","",""
"chestgenhooks","post","","vn_butcher","","1","6","","Raw Porkchop","6","1","3","28","0.214286","minecraft:porkchop","0","",""
"chestgenhooks","post","","vn_butcher","","1","6","","Wheat","6","1","3","28","0.214286","minecraft:wheat","0","",""
"chestgenhooks","post","","vn_butcher","","1","6","","Raw Beef","6","1","3","28","0.214286","minecraft:beef","0","",""
"chestgenhooks","post","","vn_butcher","","1","6","","Raw Mutton","6","1","3","28","0.214286","harvestcraft:muttonrawItem","0","",""
"chestgenhooks","post","","vn_butcher","","1","6","","Coal","3","1","3","28","0.107143","minecraft:coal","0","",""
"chestgenhooks","post","","vn_cartographer","","1","6","","Codex","4","1","2","54","0.074074","VillageNames:codex","0","",""
"chestgenhooks","post","","vn_cartographer","","1","6","","Empty Map","10","1","3","54","0.185185","minecraft:map","0","",""
"chestgenhooks","post","","vn_cartographer","","1","6","","Paper","15","1","5","54","0.277778","minecraft:paper","0","",""
"chestgenhooks","post","","vn_cartographer","","1","6","","Compass","5","1","1","54","0.092593","minecraft:compass","0","",""
"chestgenhooks","post","","vn_cartographer","","1","6","","Bread","15","1","4","54","0.277778","minecraft:bread","0","",""
"chestgenhooks","post","","vn_cartographer","","1","6","","Stick","5","1","2","54","0.092593","minecraft:stick","0","",""
"chestgenhooks","post","","vn_desert_house","","3","9","","Clay","1","1","1","36","0.027778","minecraft:clay_ball","0","",""
"chestgenhooks","post","","vn_desert_house","","3","9","","Cactus Green","1","1","1","36","0.027778","minecraft:dye","2","",""
"chestgenhooks","post","","vn_desert_house","","3","9","","Cactus","10","1","4","36","0.277778","minecraft:cactus","0","",""
"chestgenhooks","post","","vn_desert_house","","3","9","","Wheat","10","1","7","36","0.277778","minecraft:wheat","0","",""
"chestgenhooks","post","","vn_desert_house","","3","9","","Bread","10","1","4","36","0.277778","minecraft:bread","0","",""
"chestgenhooks","post","","vn_desert_house","","3","9","","Book","1","1","1","36","0.027778","minecraft:book","0","",""
"chestgenhooks","post","","vn_desert_house","","3","9","","Dead Bush","2","1","3","36","0.055556","minecraft:deadbush","0","",""
"chestgenhooks","post","","vn_desert_house","","3","9","","Emerald","1","1","3","36","0.027778","minecraft:emerald","0","",""
"chestgenhooks","post","","vn_farm","","1","6","","Emerald","1","1","1","14","0.071429","minecraft:emerald","0","",""
"chestgenhooks","post","","vn_farm","","1","6","","Seeds","5","1","5","14","0.357143","minecraft:wheat_seeds","0","",""
"chestgenhooks","post","","vn_farm","","1","6","","Potato","2","1","5","14","0.142857","minecraft:potato","0","",""
"chestgenhooks","post","","vn_farm","","1","6","","Carrot","2","1","5","14","0.142857","minecraft:carrot","0","",""
"chestgenhooks","post","","vn_farm","","1","6","","Beetroot Seeds","1","1","5","14","0.071429","etfuturum:beetroot_seeds","0","",""
"chestgenhooks","post","","vn_farm","","1","6","","Pumpkin Seeds","1","1","5","14","0.071429","minecraft:pumpkin_seeds","0","",""
"chestgenhooks","post","","vn_farm","","1","6","","Sugar Canes","1","1","5","14","0.071429","minecraft:reeds","0","",""
"chestgenhooks","post","","vn_farm","","1","6","","Bucket","1","1","1","14","0.071429","minecraft:bucket","0","",""
"chestgenhooks","post","","vn_fisher","","1","6","","Emerald","1","1","1","12","0.083333","minecraft:emerald","0","",""
"chestgenhooks","post","","vn_fisher","","1","6","","Raw Fish","2","1","3","12","0.166667","minecraft:fish","0","",""
"chestgenhooks","post","","vn_fisher","","1","6","","Raw Salmon","1","1","3","12","0.083333","minecraft:fish","1","",""
"chestgenhooks","post","","vn_fisher","","1","6","","Water Bucket","1","1","3","12","0.083333","minecraft:water_bucket","0","",""
"chestgenhooks","post","","vn_fisher","","1","6","","Barrel","1","1","3","12","0.083333","etfuturum:barrel","0","",""
"chestgenhooks","post","","vn_fisher","","1","6","","Clay","1","1","1","12","0.083333","minecraft:clay_ball","0","",""
"chestgenhooks","post","","vn_fisher","","1","6","","Seeds","3","1","3","12","0.250000","minecraft:wheat_seeds","0","",""
"chestgenhooks","post","","vn_fisher","","1","6","","Coal","2","1","3","12","0.166667","minecraft:coal","0","",""
"chestgenhooks","post","","vn_fletcher","","1","6","","Emerald","1","1","1","23","0.043478","minecraft:emerald","0","",""
"chestgenhooks","post","","vn_fletcher","","1","6","","Arrow","2","1","3","23","0.086957","minecraft:arrow","0","",""
"chestgenhooks","post","","vn_fletcher","","1","6","","Feather","6","1","3","23","0.260870","minecraft:feather","0","",""
"chestgenhooks","post","","vn_fletcher","","1","6","","Egg","2","1","3","23","0.086957","minecraft:egg","0","",""
"chestgenhooks","post","","vn_fletcher","","1","6","","Flint","6","1","3","23","0.260870","minecraft:flint","0","",""
"chestgenhooks","post","","vn_fletcher","","1","6","","Stick","6","1","3","23","0.260870","minecraft:stick","0","",""
"chestgenhooks","post","","vn_jungle_house","","3","9","","Bread","10","1","4","37","0.270270","minecraft:bread","0","",""
"chestgenhooks","post","","vn_jungle_house","","3","9","","Emerald","2","1","4","37","0.054054","minecraft:emerald","0","",""
"chestgenhooks","post","","vn_jungle_house","","3","9","","Iron Nugget","1","1","5","37","0.027027","TConstruct:materials","19","",""
"chestgenhooks","post","","vn_jungle_house","","3","9","","Jungle Sapling","3","1","5","37","0.081081","minecraft:sapling","3","",""
"chestgenhooks","post","","vn_jungle_house","","3","9","","Jungle Wood","10","1","5","37","0.270270","minecraft:log","3","",""
"chestgenhooks","post","","vn_jungle_house","","3","9","","Sign","1","1","1","37","0.027027","minecraft:sign","0","",""
"chestgenhooks","post","","vn_jungle_house","","3","9","","Vines","5","1","1","37","0.135135","minecraft:vine","0","",""
"chestgenhooks","post","","vn_jungle_house","","3","9","","Torch","1","1","2","37","0.027027","minecraft:torch","0","",""
"chestgenhooks","post","","vn_jungle_house","","3","9","","Feather","1","1","1","37","0.027027","minecraft:feather","0","",""
"chestgenhooks","post","","vn_jungle_house","","3","9","","Raw Chicken","3","1","2","37","0.081081","minecraft:chicken","0","",""
"chestgenhooks","post","","vn_library","","1","6","","Codex","4","1","2","37","0.108108","VillageNames:codex","0","",""
"chestgenhooks","post","","vn_library","","1","6","","Paper","1","1","3","37","0.027027","minecraft:paper","0","",""
"chestgenhooks","post","","vn_library","","1","6","","Ink Sac","6","1","3","37","0.162162","minecraft:dye","0","",""
"chestgenhooks","post","","vn_library","","1","6","","Feather","6","1","3","37","0.162162","minecraft:feather","0","",""
"chestgenhooks","post","","vn_library","","1","6","","Book and Quill","1","1","1","37","0.027027","minecraft:writable_book","0","",""
"chestgenhooks","post","","vn_library","","1","6","","Book","3","1","3","37","0.081081","minecraft:book","0","",""
"chestgenhooks","post","","vn_library","","1","6","","Apple","15","1","1","37","0.405405","minecraft:apple","0","",""
"chestgenhooks","post","","vn_library","","1","6","","Emerald","1","1","1","37","0.027027","minecraft:emerald","0","",""
"chestgenhooks","post","","vn_mason","","1","6","","Codex","1","1","1","14","0.071429","VillageNames:codex","0","",""
"chestgenhooks","post","","vn_mason","","1","6","","Clay","1","1","3","14","0.071429","minecraft:clay_ball","0","",""
"chestgenhooks","post","","vn_mason","","1","6","","Flower Pot","1","1","1","14","0.071429","minecraft:flower_pot","0","",""
"chestgenhooks","post","","vn_mason","","1","6","","Stone","2","1","1","14","0.142857","minecraft:stone","0","",""
"chestgenhooks","post","","vn_mason","","1","6","","Stone Bricks","2","1","1","14","0.142857","minecraft:stonebrick","0","",""
"chestgenhooks","post","","vn_mason","","1","6","","Bread","4","1","4","14","0.285714","minecraft:bread","0","",""
"chestgenhooks","post","","vn_mason","","1","6","","Dandelion Yellow","1","1","1","14","0.071429","minecraft:dye","11","",""
"chestgenhooks","post","","vn_mason","","1","6","","Smooth Stone","1","1","1","14","0.071429","etfuturum:smooth_stone","0","",""
"chestgenhooks","post","","vn_mason","","1","6","","Emerald","1","1","1","14","0.071429","minecraft:emerald","0","",""
"chestgenhooks","post","","vn_plains_house","","3","9","","Gold Nugget","1","1","3","43","0.023256","minecraft:gold_nugget","0","",""
"chestgenhooks","post","","vn_plains_house","","3","9","","Dandelion","2","1","1","43","0.046512","minecraft:yellow_flower","0","",""
"chestgenhooks","post","","vn_plains_house","","3","9","","Poppy","1","1","1","43","0.023256","minecraft:red_flower","0","",""
"chestgenhooks","post","","vn_plains_house","","3","9","","Potato","10","1","7","43","0.232558","minecraft:potato","0","",""
"chestgenhooks","post","","vn_plains_house","","3","9","","Bread","10","1","4","43","0.232558","minecraft:bread","0","",""
"chestgenhooks","post","","vn_plains_house","","3","9","","Apple","10","1","5","43","0.232558","minecraft:apple","0","",""
"chestgenhooks","post","","vn_plains_house","","3","9","","Book","1","1","1","43","0.023256","minecraft:book","0","",""
"chestgenhooks","post","","vn_plains_house","","3","9","","Feather","1","1","1","43","0.023256","minecraft:feather","0","",""
"chestgenhooks","post","","vn_plains_house","","3","9","","Emerald","2","1","4","43","0.046512","minecraft:emerald","0","",""
"chestgenhooks","post","","vn_plains_house","","3","9","","Oak Sapling","5","1","2","43","0.116279","minecraft:sapling","0","",""
"chestgenhooks","post","","vn_savanna_house","","3","9","","Gold Nugget","1","1","3","46","0.021739","minecraft:gold_nugget","0","",""
"chestgenhooks","post","","vn_savanna_house","","3","9","","Grass Block","5","1","1","46","0.108696","minecraft:grass","0","",""
"chestgenhooks","post","","vn_savanna_house","","3","9","","Double Tallgrass","5","1","1","46","0.108696","minecraft:double_plant","2","",""
"chestgenhooks","post","","vn_savanna_house","","3","9","","Bread","10","1","4","46","0.217391","minecraft:bread","0","",""
"chestgenhooks","post","","vn_savanna_house","","3","9","","Seeds","10","1","5","46","0.217391","minecraft:wheat_seeds","0","",""
"chestgenhooks","post","","vn_savanna_house","","3","9","","Emerald","2","1","4","46","0.043478","minecraft:emerald","0","",""
"chestgenhooks","post","","vn_savanna_house","","3","9","","Acacia Sapling","10","1","2","46","0.217391","minecraft:sapling","4","",""
"chestgenhooks","post","","vn_savanna_house","","3","9","","Saddle","1","1","1","46","0.021739","minecraft:saddle","0","",""
"chestgenhooks","post","","vn_savanna_house","","3","9","","Torch","1","1","2","46","0.021739","minecraft:torch","0","",""
"chestgenhooks","post","","vn_savanna_house","","3","9","","Bucket","1","1","1","46","0.021739","minecraft:bucket","0","",""
"chestgenhooks","post","","vn_shepherd","","1","6","","Wool","6","1","8","23","0.260870","minecraft:wool","0","",""
"chestgenhooks","post","","vn_shepherd","","1","6","","Black Wool","3","1","3","23","0.130435","minecraft:wool","15","",""
"chestgenhooks","post","","vn_shepherd","","1","6","","Gray Wool","2","1","3","23","0.086957","minecraft:wool","7","",""
"chestgenhooks","post","","vn_shepherd","","1","6","","Brown Wool","2","1","3","23","0.086957","minecraft:wool","12","",""
"chestgenhooks","post","","vn_shepherd","","1","6","","Light Gray Wool","2","1","3","23","0.086957","minecraft:wool","8","",""
"chestgenhooks","post","","vn_shepherd","","1","6","","Emerald","1","1","1","23","0.043478","minecraft:emerald","0","",""
"chestgenhooks","post","","vn_shepherd","","1","6","","Shears","1","1","1","23","0.043478","minecraft:shears","0","",""
"chestgenhooks","post","","vn_shepherd","","1","6","","Wheat","6","1","6","23","0.260870","minecraft:wheat","0","",""
"chestgenhooks","post","","vn_snowy_house","","3","9","","Snow","4","1","1","52","0.076923","minecraft:snow","0","",""
"chestgenhooks","post","","vn_snowy_house","","3","9","","Potato","10","1","7","52","0.192308","minecraft:potato","0","",""
"chestgenhooks","post","","vn_snowy_house","","3","9","","Bread","10","1","4","52","0.192308","minecraft:bread","0","",""
"chestgenhooks","post","","vn_snowy_house","","3","9","","Beetroot Seeds","10","1","5","52","0.192308","etfuturum:beetroot_seeds","0","",""
"chestgenhooks","post","","vn_snowy_house","","3","9","","Beetroot Soup","1","1","1","52","0.019231","etfuturum:beetroot_soup","0","",""
"chestgenhooks","post","","vn_snowy_house","","3","9","","Furnace","1","1","1","52","0.019231","minecraft:furnace","0","",""
"chestgenhooks","post","","vn_snowy_house","","3","9","","Emerald","1","1","4","52","0.019231","minecraft:emerald","0","",""
"chestgenhooks","post","","vn_snowy_house","","3","9","","Snowball","10","1","7","52","0.192308","minecraft:snowball","0","",""
"chestgenhooks","post","","vn_snowy_house","","3","9","","Coal","5","1","4","52","0.096154","minecraft:coal","0","",""
"chestgenhooks","post","","vn_swamp_house","","3","9","","Bread","10","1","4","28","0.357143","minecraft:bread","0","",""
"chestgenhooks","post","","vn_swamp_house","","3","9","","Emerald","1","1","4","28","0.035714","minecraft:emerald","0","",""
"chestgenhooks","post","","vn_swamp_house","","3","9","","Book","1","1","1","28","0.035714","minecraft:book","0","",""
"chestgenhooks","post","","vn_swamp_house","","3","9","","Vines","5","1","1","28","0.178571","minecraft:vine","0","",""
"chestgenhooks","post","","vn_swamp_house","","3","9","","Water Bucket","1","1","3","28","0.035714","minecraft:water_bucket","0","",""
"chestgenhooks","post","","vn_swamp_house","","3","9","","Coal","5","1","4","28","0.178571","minecraft:coal","0","",""
"chestgenhooks","post","","vn_swamp_house","","3","9","","Raw Fish","1","1","2","28","0.035714","minecraft:fish","0","",""
"chestgenhooks","post","","vn_swamp_house","","3","9","","Fence","2","1","4","28","0.071429","minecraft:fence","0","",""
"chestgenhooks","post","","vn_swamp_house","","3","9","","Oak Boat","1","1","1","28","0.035714","minecraft:boat","0","",""
"chestgenhooks","post","","vn_swamp_house","","3","9","","Prismarine Shard","1","1","1","28","0.035714","Botania:manaResource","10","",""
"chestgenhooks","post","","vn_taiga_house","","3","9","","Iron Nugget","1","1","5","54","0.018519","TConstruct:materials","19","",""
"chestgenhooks","post","","vn_taiga_house","","3","9","","Fern","2","1","1","54","0.037037","minecraft:tallgrass","2","",""
"chestgenhooks","post","","vn_taiga_house","","3","9","","Large Fern","2","1","1","54","0.037037","minecraft:double_plant","3","",""
"chestgenhooks","post","","vn_taiga_house","","3","9","","Potato","10","1","7","54","0.185185","minecraft:potato","0","",""
"chestgenhooks","post","","vn_taiga_house","","3","9","","Sweet Berries","5","1","7","54","0.092593","etfuturum:sweet_berries","0","",""
"chestgenhooks","post","","vn_taiga_house","","3","9","","Bread","10","1","4","54","0.185185","minecraft:bread","0","",""
"chestgenhooks","post","","vn_taiga_house","","3","9","","Pumpkin Seeds","5","1","5","54","0.092593","minecraft:pumpkin_seeds","0","",""
"chestgenhooks","post","","vn_taiga_house","","3","9","","Pumpkin Pie","1","1","1","54","0.018519","minecraft:pumpkin_pie","0","",""
"chestgenhooks","post","","vn_taiga_house","","3","9","","Emerald","2","1","4","54","0.037037","minecraft:emerald","0","",""
"chestgenhooks","post","","vn_taiga_house","","3","9","","Spruce Sapling","5","1","5","54","0.092593","minecraft:sapling","1","",""
"chestgenhooks","post","","vn_taiga_house","","3","9","","Sign","1","1","1","54","0.018519","minecraft:sign","0","",""
"chestgenhooks","post","","vn_taiga_house","","3","9","","Spruce Wood","10","1","5","54","0.185185","minecraft:log","1","",""
"chestgenhooks","post","","vn_tannery","","1","6","","Leather","1","1","3","16","0.062500","minecraft:leather","0","",""
"chestgenhooks","post","","vn_tannery","","1","6","","Leather Tunic","2","1","1","16","0.125000","minecraft:leather_chestplate","0","",""
"chestgenhooks","post","","vn_tannery","","1","6","","Leather Boots","2","1","1","16","0.125000","minecraft:leather_boots","0","",""
"chestgenhooks","post","","vn_tannery","","1","6","","Leather Cap","2","1","1","16","0.125000","minecraft:leather_helmet","0","",""
"chestgenhooks","post","","vn_tannery","","1","6","","Bread","5","1","4","16","0.312500","minecraft:bread","0","",""
"chestgenhooks","post","","vn_tannery","","1","6","","Leather Pants","2","1","1","16","0.125000","minecraft:leather_leggings","0","",""
"chestgenhooks","post","","vn_tannery","","1","6","","Saddle","1","1","1","16","0.062500","minecraft:saddle","0","",""
"chestgenhooks","post","","vn_tannery","","1","6","","Emerald","1","1","4","16","0.062500","minecraft:emerald","0","",""
"chestgenhooks","post","","vn_temple","","3","9","","Redstone","2","1","4","19","0.105263","minecraft:redstone","0","",""
"chestgenhooks","post","","vn_temple","","3","9","","Bread","7","1","4","19","0.368421","minecraft:bread","0","",""
"chestgenhooks","post","","vn_temple","","3","9","","Rotten Flesh","7","1","4","19","0.368421","minecraft:rotten_flesh","0","",""
"chestgenhooks","post","","vn_temple","","3","9","","Ink Sac","1","1","11","19","0.052632","minecraft:dye","0","",""
"chestgenhooks","post","","vn_temple","","3","9","","Gold Ingot","1","1","4","19","0.052632","minecraft:gold_ingot","0","",""
"chestgenhooks","post","","vn_temple","","3","9","","Emerald","1","1","4","19","0.052632","minecraft:emerald","0","",""
"chestgenhooks","post","","vn_toolsmith","","3","9","","Codex","3","1","1","56","0.053571","VillageNames:codex","0","",""
"chestgenhooks","post","","vn_toolsmith","","3","9","","Diamond","1","1","3","56","0.017857","minecraft:diamond","0","",""
"chestgenhooks","post","","vn_toolsmith","","3","9","","Iron Ingot","5","1","5","56","0.089286","minecraft:iron_ingot","0","",""
"chestgenhooks","post","","vn_toolsmith","","3","9","","Gold Ingot","1","1","3","56","0.017857","minecraft:gold_ingot","0","",""
"chestgenhooks","post","","vn_toolsmith","","3","9","","Bread","15","1","3","56","0.267857","minecraft:bread","0","",""
"chestgenhooks","post","","vn_toolsmith","","3","9","","Iron Pickaxe","5","1","1","56","0.089286","minecraft:iron_pickaxe","0","",""
"chestgenhooks","post","","vn_toolsmith","","3","9","","Coal","1","1","3","56","0.017857","minecraft:coal","0","",""
"chestgenhooks","post","","vn_toolsmith","","3","9","","Stick","20","1","3","56","0.357143","minecraft:stick","0","",""
"chestgenhooks","post","","vn_toolsmith","","3","9","","Iron Shovel","5","1","1","56","0.089286","minecraft:iron_shovel","0","",""
"roguelike","","loot_armor","ARMOUR","0","1","1","true","Monocle","3","1","1","91","0.032967","BiblioCraft:item.BiblioGlasses","2","",""
"roguelike","","loot_armor","ARMOUR","0","1","1","true","Tinted Glasses","3","1","1","91","0.032967","BiblioCraft:item.BiblioGlasses","1","",""
"roguelike","","loot_armor","ARMOUR","0","1","1","true","Reading Glasses","3","1","1","91","0.032967","BiblioCraft:item.BiblioGlasses","0","",""
"roguelike","","loot_armor","ARMOUR","0","1","1","true","Builder's Backpack","2","1","1","91","0.021978","Forestry:builderBag","0","",""
"roguelike","","loot_armor","ARMOUR","0","1","1","true","Digger's Backpack","2","1","1","91","0.021978","Forestry:diggerBag","0","",""
"roguelike","","loot_armor","ARMOUR","0","1","1","true","Forester's Backpack","2","1","1","91","0.021978","Forestry:foresterBag","0","",""
"roguelike","","loot_armor","ARMOUR","0","1","1","true","Hunter's Backpack","2","1","1","91","0.021978","Forestry:hunterBag","0","",""
"roguelike","","loot_armor","ARMOUR","0","1","1","true","Miner's Backpack","2","1","1","91","0.021978","Forestry:minerBag","0","",""
"roguelike","","loot_armor","ARMOUR","0","1","1","true","Mundane Amulet","12","1","1","91","0.131868","Thaumcraft:ItemBaubleBlanks","0","",""
"roguelike","","loot_armor","ARMOUR","0","1","1","true","Mundane Ring","12","1","1","91","0.131868","Thaumcraft:ItemBaubleBlanks","1","",""
"roguelike","","loot_armor","ARMOUR","0","1","1","true","Mundane Belt","12","1","1","91","0.131868","Thaumcraft:ItemBaubleBlanks","2","",""
"roguelike","","loot_armor","ARMOUR","0","1","1","true","Charm of Keeping I","12","1","1","91","0.131868","TwilightForest:item.charmOfKeeping1","0","",""
"roguelike","","loot_armor","ARMOUR","0","1","1","true","Charm of Keeping II","8","1","1","91","0.087912","TwilightForest:item.charmOfKeeping2","0","",""
"roguelike","","loot_armor","ARMOUR","0","1","1","true","Charm of Keeping III","4","1","1","91","0.043956","TwilightForest:item.charmOfKeeping3","0","",""
"roguelike","","loot_armor","ARMOUR","0","1","1","true","Flippers","8","1","1","91","0.087912","BiomesOPlenty:flippers","0","",""
"roguelike","","loot_armor","ARMOUR","0","1","1","true","Backpack","1","1","1","91","0.010989","Backpack:backpack","0","",""
"roguelike","","loot_armor","ARMOUR","0","1","1","true","Glove","3","1","1","91","0.032967","ExtraUtilities:glove","0","",""
"roguelike","","loot_armor","ARMOUR","1","1","1","true","Monocle","3","1","1","91","0.032967","BiblioCraft:item.BiblioGlasses","2","",""
"roguelike","","loot_armor","ARMOUR","1","1","1","true","Tinted Glasses","3","1","1","91","0.032967","BiblioCraft:item.BiblioGlasses","1","",""
"roguelike","","loot_armor","ARMOUR","1","1","1","true","Reading Glasses","3","1","1","91","0.032967","BiblioCraft:item.BiblioGlasses","0","",""
"roguelike","","loot_armor","ARMOUR","1","1","1","true","Builder's Backpack","2","1","1","91","0.021978","Forestry:builderBag","0","",""
"roguelike","","loot_armor","ARMOUR","1","1","1","true","Digger's Backpack","2","1","1","91","0.021978","Forestry:diggerBag","0","",""
"roguelike","","loot_armor","ARMOUR","1","1","1","true","Forester's Backpack","2","1","1","91","0.021978","Forestry:foresterBag","0","",""
"roguelike","","loot_armor","ARMOUR","1","1","1","true","Hunter's Backpack","2","1","1","91","0.021978","Forestry:hunterBag","0","",""
"roguelike","","loot_armor","ARMOUR","1","1","1","true","Miner's Backpack","2","1","1","91","0.021978","Forestry:minerBag","0","",""
"roguelike","","loot_armor","ARMOUR","1","1","1","true","Mundane Amulet","12","1","1","91","0.131868","Thaumcraft:ItemBaubleBlanks","0","",""
"roguelike","","loot_armor","ARMOUR","1","1","1","true","Mundane Ring","12","1","1","91","0.131868","Thaumcraft:ItemBaubleBlanks","1","",""
"roguelike","","loot_armor","ARMOUR","1","1","1","true","Mundane Belt","12","1","1","91","0.131868","Thaumcraft:ItemBaubleBlanks","2","",""
"roguelike","","loot_armor","ARMOUR","1","1","1","true","Charm of Keeping I","12","1","1","91","0.131868","TwilightForest:item.charmOfKeeping1","0","",""
"roguelike","","loot_armor","ARMOUR","1","1","1","true","Charm of Keeping II","8","1","1","91","0.087912","TwilightForest:item.charmOfKeeping2","0","",""
"roguelike","","loot_armor","ARMOUR","1","1","1","true","Charm of Keeping III","4","1","1","91","0.043956","TwilightForest:item.charmOfKeeping3","0","",""
"roguelike","","loot_armor","ARMOUR","1","1","1","true","Flippers","8","1","1","91","0.087912","BiomesOPlenty:flippers","0","",""
"roguelike","","loot_armor","ARMOUR","1","1","1","true","Backpack","1","1","1","91","0.010989","Backpack:backpack","0","",""
"roguelike","","loot_armor","ARMOUR","1","1","1","true","Glove","3","1","1","91","0.032967","ExtraUtilities:glove","0","",""
"roguelike","","loot_armor","ARMOUR","2","1","1","true","Monocle","3","1","1","91","0.032967","BiblioCraft:item.BiblioGlasses","2","",""
"roguelike","","loot_armor","ARMOUR","2","1","1","true","Tinted Glasses","3","1","1","91","0.032967","BiblioCraft:item.BiblioGlasses","1","",""
"roguelike","","loot_armor","ARMOUR","2","1","1","true","Reading Glasses","3","1","1","91","0.032967","BiblioCraft:item.BiblioGlasses","0","",""
"roguelike","","loot_armor","ARMOUR","2","1","1","true","Builder's Backpack","2","1","1","91","0.021978","Forestry:builderBag","0","",""
"roguelike","","loot_armor","ARMOUR","2","1","1","true","Digger's Backpack","2","1","1","91","0.021978","Forestry:diggerBag","0","",""
"roguelike","","loot_armor","ARMOUR","2","1","1","true","Forester's Backpack","2","1","1","91","0.021978","Forestry:foresterBag","0","",""
"roguelike","","loot_armor","ARMOUR","2","1","1","true","Hunter's Backpack","2","1","1","91","0.021978","Forestry:hunterBag","0","",""
"roguelike","","loot_armor","ARMOUR","2","1","1","true","Miner's Backpack","2","1","1","91","0.021978","Forestry:minerBag","0","",""
"roguelike","","loot_armor","ARMOUR","2","1","1","true","Mundane Amulet","12","1","1","91","0.131868","Thaumcraft:ItemBaubleBlanks","0","",""
"roguelike","","loot_armor","ARMOUR","2","1","1","true","Mundane Ring","12","1","1","91","0.131868","Thaumcraft:ItemBaubleBlanks","1","",""
"roguelike","","loot_armor","ARMOUR","2","1","1","true","Mundane Belt","12","1","1","91","0.131868","Thaumcraft:ItemBaubleBlanks","2","",""
"roguelike","","loot_armor","ARMOUR","2","1","1","true","Charm of Keeping I","12","1","1","91","0.131868","TwilightForest:item.charmOfKeeping1","0","",""
"roguelike","","loot_armor","ARMOUR","2","1","1","true","Charm of Keeping II","8","1","1","91","0.087912","TwilightForest:item.charmOfKeeping2","0","",""
"roguelike","","loot_armor","ARMOUR","2","1","1","true","Charm of Keeping III","4","1","1","91","0.043956","TwilightForest:item.charmOfKeeping3","0","",""
"roguelike","","loot_armor","ARMOUR","2","1","1","true","Flippers","8","1","1","91","0.087912","BiomesOPlenty:flippers","0","",""
"roguelike","","loot_armor","ARMOUR","2","1","1","true","Backpack","1","1","1","91","0.010989","Backpack:backpack","0","",""
"roguelike","","loot_armor","ARMOUR","2","1","1","true","Glove","3","1","1","91","0.032967","ExtraUtilities:glove","0","",""
"roguelike","","loot_armor","ARMOUR","3","1","1","true","Monocle","3","1","1","91","0.032967","BiblioCraft:item.BiblioGlasses","2","",""
"roguelike","","loot_armor","ARMOUR","3","1","1","true","Tinted Glasses","3","1","1","91","0.032967","BiblioCraft:item.BiblioGlasses","1","",""
"roguelike","","loot_armor","ARMOUR","3","1","1","true","Reading Glasses","3","1","1","91","0.032967","BiblioCraft:item.BiblioGlasses","0","",""
"roguelike","","loot_armor","ARMOUR","3","1","1","true","Builder's Backpack","2","1","1","91","0.021978","Forestry:builderBag","0","",""
"roguelike","","loot_armor","ARMOUR","3","1","1","true","Digger's Backpack","2","1","1","91","0.021978","Forestry:diggerBag","0","",""
"roguelike","","loot_armor","ARMOUR","3","1","1","true","Forester's Backpack","2","1","1","91","0.021978","Forestry:foresterBag","0","",""
"roguelike","","loot_armor","ARMOUR","3","1","1","true","Hunter's Backpack","2","1","1","91","0.021978","Forestry:hunterBag","0","",""
"roguelike","","loot_armor","ARMOUR","3","1","1","true","Miner's Backpack","2","1","1","91","0.021978","Forestry:minerBag","0","",""
"roguelike","","loot_armor","ARMOUR","3","1","1","true","Mundane Amulet","12","1","1","91","0.131868","Thaumcraft:ItemBaubleBlanks","0","",""
"roguelike","","loot_armor","ARMOUR","3","1","1","true","Mundane Ring","12","1","1","91","0.131868","Thaumcraft:ItemBaubleBlanks","1","",""
"roguelike","","loot_armor","ARMOUR","3","1","1","true","Mundane Belt","12","1","1","91","0.131868","Thaumcraft:ItemBaubleBlanks","2","",""
"roguelike","","loot_armor","ARMOUR","3","1","1","true","Charm of Keeping I","12","1","1","91","0.131868","TwilightForest:item.charmOfKeeping1","0","",""
"roguelike","","loot_armor","ARMOUR","3","1","1","true","Charm of Keeping II","8","1","1","91","0.087912","TwilightForest:item.charmOfKeeping2","0","",""
"roguelike","","loot_armor","ARMOUR","3","1","1","true","Charm of Keeping III","4","1","1","91","0.043956","TwilightForest:item.charmOfKeeping3","0","",""
"roguelike","","loot_armor","ARMOUR","3","1","1","true","Flippers","8","1","1","91","0.087912","BiomesOPlenty:flippers","0","",""
"roguelike","","loot_armor","ARMOUR","3","1","1","true","Backpack","1","1","1","91","0.010989","Backpack:backpack","0","",""
"roguelike","","loot_armor","ARMOUR","3","1","1","true","Glove","3","1","1","91","0.032967","ExtraUtilities:glove","0","",""
"roguelike","","loot_armor","ARMOUR","4","1","1","true","Monocle","3","1","1","91","0.032967","BiblioCraft:item.BiblioGlasses","2","",""
"roguelike","","loot_armor","ARMOUR","4","1","1","true","Tinted Glasses","3","1","1","91","0.032967","BiblioCraft:item.BiblioGlasses","1","",""
"roguelike","","loot_armor","ARMOUR","4","1","1","true","Reading Glasses","3","1","1","91","0.032967","BiblioCraft:item.BiblioGlasses","0","",""
"roguelike","","loot_armor","ARMOUR","4","1","1","true","Builder's Backpack","2","1","1","91","0.021978","Forestry:builderBag","0","",""
"roguelike","","loot_armor","ARMOUR","4","1","1","true","Digger's Backpack","2","1","1","91","0.021978","Forestry:diggerBag","0","",""
"roguelike","","loot_armor","ARMOUR","4","1","1","true","Forester's Backpack","2","1","1","91","0.021978","Forestry:foresterBag","0","",""
"roguelike","","loot_armor","ARMOUR","4","1","1","true","Hunter's Backpack","2","1","1","91","0.021978","Forestry:hunterBag","0","",""
"roguelike","","loot_armor","ARMOUR","4","1","1","true","Miner's Backpack","2","1","1","91","0.021978","Forestry:minerBag","0","",""
"roguelike","","loot_armor","ARMOUR","4","1","1","true","Mundane Amulet","12","1","1","91","0.131868","Thaumcraft:ItemBaubleBlanks","0","",""
"roguelike","","loot_armor","ARMOUR","4","1","1","true","Mundane Ring","12","1","1","91","0.131868","Thaumcraft:ItemBaubleBlanks","1","",""
"roguelike","","loot_armor","ARMOUR","4","1","1","true","Mundane Belt","12","1","1","91","0.131868","Thaumcraft:ItemBaubleBlanks","2","",""
"roguelike","","loot_armor","ARMOUR","4","1","1","true","Charm of Keeping I","12","1","1","91","0.131868","TwilightForest:item.charmOfKeeping1","0","",""
"roguelike","","loot_armor","ARMOUR","4","1","1","true","Charm of Keeping II","8","1","1","91","0.087912","TwilightForest:item.charmOfKeeping2","0","",""
"roguelike","","loot_armor","ARMOUR","4","1","1","true","Charm of Keeping III","4","1","1","91","0.043956","TwilightForest:item.charmOfKeeping3","0","",""
"roguelike","","loot_armor","ARMOUR","4","1","1","true","Flippers","8","1","1","91","0.087912","BiomesOPlenty:flippers","0","",""
"roguelike","","loot_armor","ARMOUR","4","1","1","true","Backpack","1","1","1","91","0.010989","Backpack:backpack","0","",""
"roguelike","","loot_armor","ARMOUR","4","1","1","true","Glove","3","1","1","91","0.032967","ExtraUtilities:glove","0","",""
"roguelike","","loot_armor","ARMOUR","0","2","2","true","Muddy Boots","10","1","1","127","0.078740","BiomesOPlenty:bootsMud","0","","{ench:[0:{id:0s,lvl:1s}],display:{Name:""Muddy Matching Socks""}}"
"roguelike","","loot_armor","ARMOUR","0","2","2","true","Muddy Chestplate","10","1","1","127","0.078740","BiomesOPlenty:chestplateMud","0","","{ench:[0:{id:0s,lvl:1s}],display:{Name:""Muddy Motorcycle Jacket""}}"
"roguelike","","loot_armor","ARMOUR","0","2","2","true","Muddy Helmet","10","1","1","127","0.078740","BiomesOPlenty:helmetMud","0","","{ench:[0:{id:0s,lvl:1s}],display:{Name:""Muddy Mariner's Cap""}}"
"roguelike","","loot_armor","ARMOUR","0","2","2","true","Muddy Leggings","10","1","1","127","0.078740","BiomesOPlenty:leggingsMud","0","","{ench:[0:{id:0s,lvl:1s}],display:{Name:""Muddy Mom Jeans""}}"
"roguelike","","loot_armor","ARMOUR","0","2","2","true","Wooden Helmet","10","1","1","127","0.078740","TConstruct:helmetWood","0","","{ench:[0:{id:4s,lvl:2s},1:{id:34s,lvl:1s}],display:{Name:""Wooden Wig""}}"
"roguelike","","loot_armor","ARMOUR","0","2","2","true","Wooden Leggings","10","1","1","127","0.078740","TConstruct:leggingsWood","0","","{ench:[0:{id:4s,lvl:2s},1:{id:34s,lvl:1s}],display:{Name:""Wooden Waistcoat""}}"
"roguelike","","loot_armor","ARMOUR","0","2","2","true","Wooden Chestplate","10","1","1","127","0.078740","TConstruct:chestplateWood","0","","{ench:[0:{id:4s,lvl:2s},1:{id:34s,lvl:1s}],display:{Name:""Wooden Windbreaker""}}"
"roguelike","","loot_armor","ARMOUR","0","2","2","true","Wooden Boots","10","1","1","127","0.078740","TConstruct:bootsWood","0","","{ench:[0:{id:4s,lvl:2s},1:{id:34s,lvl:1s}],display:{Name:""Wooden Waders""}}"
"roguelike","","loot_armor","ARMOUR","0","2","2","true","Leather Boots","5","1","1","127","0.039370","minecraft:leather_boots","0","",""
"roguelike","","loot_armor","ARMOUR","0","2","2","true","Leather Boots","5","1","1","127","0.039370","minecraft:leather_boots","0","",""
"roguelike","","loot_armor","ARMOUR","0","2","2","true","Leather Tunic","5","1","1","127","0.039370","minecraft:leather_chestplate","0","",""
"roguelike","","loot_armor","ARMOUR","0","2","2","true","Leather Tunic","5","1","1","127","0.039370","minecraft:leather_chestplate","0","","{display:{color:11328472,Name:""Oxford Button Down Shirt""}}"
"roguelike","","loot_armor","ARMOUR","0","2","2","true","Leather Cap","5","1","1","127","0.039370","minecraft:leather_helmet","0","",""
"roguelike","","loot_armor","ARMOUR","0","2","2","true","Leather Cap","5","1","1","127","0.039370","minecraft:leather_helmet","0","","{display:{color:12553267,Name:""Fedora""}}"
"roguelike","","loot_armor","ARMOUR","0","2","2","true","Leather Pants","5","1","1","127","0.039370","minecraft:leather_leggings","0","",""
"roguelike","","loot_armor","ARMOUR","0","2","2","true","Leather Pants","5","1","1","127","0.039370","minecraft:leather_leggings","0","","{display:{color:10057608,Name:""pant""}}"
"roguelike","","loot_armor","ARMOUR","0","2","2","true","Leather Boots","3","1","1","127","0.023622","minecraft:leather_boots","0","","{ench:[0:{id:153s,lvl:3s},1:{id:34s,lvl:3s},2:{id:2s,lvl:6s}],display:{Name:""Hermes Boots""}}"
"roguelike","","loot_armor","ARMOUR","0","2","2","true","Slime Boots","4","1","1","127","0.031496","TConstruct:slime_boots","0","",""
"roguelike","","loot_armor","ARMOUR","1","2","2","true","Hardened Leather Boots","13","1","1","187","0.069519","harvestcraft:hardenedleatherbootsItem","0","","{ench:[0:{id:34s,lvl:2s},1:{id:3s,lvl:2s}],display:{Name:""Bold Brigandine""}}"
"roguelike","","loot_armor","ARMOUR","1","2","2","true","Hardened Leather Chest","13","1","1","187","0.069519","harvestcraft:hardenedleatherchestItem","0","","{ench:[0:{id:34s,lvl:2s},1:{id:3s,lvl:2s}],display:{Name:""Bold Brigandine""}}"
"roguelike","","loot_armor","ARMOUR","1","2","2","true","Hardened Leather Helm","13","1","1","187","0.069519","harvestcraft:hardenedleatherhelmItem","0","","{ench:[0:{id:34s,lvl:2s},1:{id:3s,lvl:2s}],display:{Name:""Bold Brigandine""}}"
"roguelike","","loot_armor","ARMOUR","1","2","2","true","Hardened Leather Leggings","13","1","1","187","0.069519","harvestcraft:hardenedleatherleggingsItem","0","","{ench:[0:{id:34s,lvl:2s},1:{id:3s,lvl:2s}],display:{Name:""Bold Brigandine""}}"
"roguelike","","loot_armor","ARMOUR","1","2","2","true","Quartz Boots","10","1","1","187","0.053476","fether:quartz_boots","0","","{ench:[0:{id:1s,lvl:2s}],display:{Name:""Quality Quartz Boots""}}"
"roguelike","","loot_armor","ARMOUR","1","2","2","true","Quartz Chestplate","10","1","1","187","0.053476","fether:quartz_chestplate","0","","{ench:[0:{id:1s,lvl:2s}],display:{Name:""Quality Quartz Chestplate""}}"
"roguelike","","loot_armor","ARMOUR","1","2","2","true","Quartz Helmet","10","1","1","187","0.053476","fether:quartz_helmet","0","","{ench:[0:{id:1s,lvl:2s}],display:{Name:""Quality Quartz Helmet""}}"
"roguelike","","loot_armor","ARMOUR","1","2","2","true","Quartz Leggings","10","1","1","187","0.053476","fether:quartz_leggings","0","","{ench:[0:{id:1s,lvl:2s}],display:{Name:""Quality Quartz Leggings""}}"
"roguelike","","loot_armor","ARMOUR","1","2","2","true","Adventurer's Fedora","5","1","1","187","0.026738","adventurebackpack:adventureHat","0","",""
"roguelike","","loot_armor","ARMOUR","1","2","2","true","Adventurer's Pants","5","1","1","187","0.026738","adventurebackpack:adventurePants","0","",""
"roguelike","","loot_armor","ARMOUR","1","2","2","true","Adventurer's Suit","5","1","1","187","0.026738","adventurebackpack:adventureSuit","0","",""
"roguelike","","loot_armor","ARMOUR","1","2","2","true","Piston Boots","5","1","1","187","0.026738","adventurebackpack:pistonBoots","0","",""
"roguelike","","loot_armor","ARMOUR","1","2","2","true","Golden Boots","10","1","1","187","0.053476","minecraft:golden_boots","0","","{ench:[0:{id:212s,lvl:2s}],display:{Name:""Comfortable Cuirass""}}"
"roguelike","","loot_armor","ARMOUR","1","2","2","true","Golden Chestplate","10","1","1","187","0.053476","minecraft:golden_chestplate","0","","{ench:[0:{id:212s,lvl:2s}],display:{Name:""Comfortable Cuirass""}}"
"roguelike","","loot_armor","ARMOUR","1","2","2","true","Golden Helmet","10","1","1","187","0.053476","minecraft:golden_helmet","0","","{ench:[0:{id:212s,lvl:2s}],display:{Name:""Comfortable Cuirass""}}"
"roguelike","","loot_armor","ARMOUR","1","2","2","true","Golden Leggings","10","1","1","187","0.053476","minecraft:golden_leggings","0","","{ench:[0:{id:212s,lvl:2s}],display:{Name:""Comfortable Cuirass""}}"
"roguelike","","loot_armor","ARMOUR","1","2","2","true","Chain Boots","8","1","1","187","0.042781","minecraft:chainmail_boots","0","",""
"roguelike","","loot_armor","ARMOUR","1","2","2","true","Chain Chestplate","8","1","1","187","0.042781","minecraft:chainmail_chestplate","0","",""
"roguelike","","loot_armor","ARMOUR","1","2","2","true","Chain Helmet","8","1","1","187","0.042781","minecraft:chainmail_helmet","0","",""
"roguelike","","loot_armor","ARMOUR","1","2","2","true","Chain Leggings","8","1","1","187","0.042781","minecraft:chainmail_leggings","0","",""
"roguelike","","loot_armor","ARMOUR","1","2","2","true","<not a plain item, or id not in this build>","3","1","1","187","0.016043","Natura:natura.armor.immpjerkin","0","","{ench:[0:{id:0s,lvl:7s},1:{id:34s,lvl:3s}],display:{Name:""Achilles' Aegis""}}"
"roguelike","","loot_armor","ARMOUR","2","2","2","true","Ruby Chestplate","10","1","1","155","0.064516","ProjRed|Exploration:projectred.exploration.rubychestplate","0","","{ench:[0:{id:0s,lvl:3s},1:{id:7s,lvl:2s}],display:{Name:""Spiky Scale Armor""}}"
"roguelike","","loot_armor","ARMOUR","2","2","2","true","Ruby Helmet","10","1","1","155","0.064516","ProjRed|Exploration:projectred.exploration.rubyhelmet","0","","{ench:[0:{id:0s,lvl:3s},1:{id:7s,lvl:2s}],display:{Name:""Spiky Scale Armor""}}"
"roguelike","","loot_armor","ARMOUR","2","2","2","true","Ruby Leggings","10","1","1","155","0.064516","ProjRed|Exploration:projectred.exploration.rubyleggings","0","","{ench:[0:{id:0s,lvl:3s},1:{id:7s,lvl:2s}],display:{Name:""Spiky Scale Armor""}}"
"roguelike","","loot_armor","ARMOUR","2","2","2","true","Ruby Boots","10","1","1","155","0.064516","ProjRed|Exploration:projectred.exploration.rubyboots","0","","{ench:[0:{id:0s,lvl:3s},1:{id:7s,lvl:2s}],display:{Name:""Spiky Scale Armor""}}"
"roguelike","","loot_armor","ARMOUR","2","2","2","true","Sapphire Boots","10","1","1","155","0.064516","ProjRed|Exploration:projectred.exploration.sapphireboots","0","","{ench:[0:{id:3s,lvl:4s},1:{id:211s,lvl:3s}],display:{Name:""Lambastic Laminar""}}"
"roguelike","","loot_armor","ARMOUR","2","2","2","true","Sapphire Chestplate","10","1","1","155","0.064516","ProjRed|Exploration:projectred.exploration.sapphirechestplate","0","","{ench:[0:{id:3s,lvl:4s},1:{id:211s,lvl:3s}],display:{Name:""Lambastic Laminar""}}"
"roguelike","","loot_armor","ARMOUR","2","2","2","true","Sapphire Helmet","10","1","1","155","0.064516","ProjRed|Exploration:projectred.exploration.sapphirehelmet","0","","{ench:[0:{id:3s,lvl:4s},1:{id:211s,lvl:3s}],display:{Name:""Lambastic Laminar""}}"
"roguelike","","loot_armor","ARMOUR","2","2","2","true","Sapphire Leggings","10","1","1","155","0.064516","ProjRed|Exploration:projectred.exploration.sapphireleggings","0","","{ench:[0:{id:3s,lvl:4s},1:{id:211s,lvl:3s}],display:{Name:""Lambastic Laminar""}}"
"roguelike","","loot_armor","ARMOUR","2","2","2","true","Chain Boots","10","1","1","155","0.064516","minecraft:chainmail_boots","0","",""
"roguelike","","loot_armor","ARMOUR","2","2","2","true","Chain Chestplate","10","1","1","155","0.064516","minecraft:chainmail_chestplate","0","",""
"roguelike","","loot_armor","ARMOUR","2","2","2","true","Chain Helmet","10","1","1","155","0.064516","minecraft:chainmail_helmet","0","",""
"roguelike","","loot_armor","ARMOUR","2","2","2","true","Chain Leggings","10","1","1","155","0.064516","minecraft:chainmail_leggings","0","",""
"roguelike","","loot_armor","ARMOUR","2","2","2","true","Iron Boots","8","1","1","155","0.051613","minecraft:iron_boots","0","",""
"roguelike","","loot_armor","ARMOUR","2","2","2","true","Iron Chestplate","8","1","1","155","0.051613","minecraft:iron_chestplate","0","",""
"roguelike","","loot_armor","ARMOUR","2","2","2","true","Iron Helmet","8","1","1","155","0.051613","minecraft:iron_helmet","0","",""
"roguelike","","loot_armor","ARMOUR","2","2","2","true","Iron Leggings","8","1","1","155","0.051613","minecraft:iron_leggings","0","",""
"roguelike","","loot_armor","ARMOUR","2","2","2","true","Diamond Leggings","3","1","1","155","0.019355","minecraft:diamond_leggings","0","","{ench:[0:{id:4s,lvl:5s},1:{id:0s,lvl:5s},2:{id:3s,lvl:5s}],display:{Name:""Zirconium Pants""}}"
"roguelike","","loot_armor","ARMOUR","3","2","2","true","Steel Boots","15","1","1","223","0.067265","Railcraft:armor.steel.boots","0","","{ench:[0:{id:0s,lvl:5s},1:{id:34s,lvl:2s}],display:{Name:""Protective Plate Armor""}}"
"roguelike","","loot_armor","ARMOUR","3","2","2","true","Steel Helmet","15","1","1","223","0.067265","Railcraft:armor.steel.helmet","0","","{ench:[0:{id:0s,lvl:5s},1:{id:34s,lvl:2s}],display:{Name:""Protective Plate Armor""}}"
"roguelike","","loot_armor","ARMOUR","3","2","2","true","Steel Leggings","15","1","1","223","0.067265","Railcraft:armor.steel.legs","0","","{ench:[0:{id:0s,lvl:5s},1:{id:34s,lvl:2s}],display:{Name:""Protective Plate Armor""}}"
"roguelike","","loot_armor","ARMOUR","3","2","2","true","Steel Chestplate","15","1","1","223","0.067265","Railcraft:armor.steel.plate","0","","{ench:[0:{id:0s,lvl:5s},1:{id:34s,lvl:2s}],display:{Name:""Protective Plate Armor""}}"
"roguelike","","loot_armor","ARMOUR","3","2","2","true","Diamond Boots","20","1","1","223","0.089686","minecraft:diamond_boots","0","",""
"roguelike","","loot_armor","ARMOUR","3","2","2","true","Diamond Chestplate","20","1","1","223","0.089686","minecraft:diamond_chestplate","0","",""
"roguelike","","loot_armor","ARMOUR","3","2","2","true","Diamond Helmet","20","1","1","223","0.089686","minecraft:diamond_helmet","0","",""
"roguelike","","loot_armor","ARMOUR","3","2","2","true","Diamond Leggings","20","1","1","223","0.089686","minecraft:diamond_leggings","0","",""
"roguelike","","loot_armor","ARMOUR","3","2","2","true","Iron Boots","20","1","1","223","0.089686","minecraft:iron_boots","0","",""
"roguelike","","loot_armor","ARMOUR","3","2","2","true","Iron Chestplate","20","1","1","223","0.089686","minecraft:iron_chestplate","0","",""
"roguelike","","loot_armor","ARMOUR","3","2","2","true","Iron Helmet","20","1","1","223","0.089686","minecraft:iron_helmet","0","",""
"roguelike","","loot_armor","ARMOUR","3","2","2","true","Iron Leggings","20","1","1","223","0.089686","minecraft:iron_leggings","0","",""
"roguelike","","loot_armor","ARMOUR","3","2","2","true","<not a plain item, or id not in this build>","3","1","1","223","0.013453","tinkersdefense:Heater","0","","{InfiTool:{BonusDurability:0,BaseDurability:3937,HarvestLevel:8,Broken:0b,Head:10,Attack:4,Accessory:10,ModDurability:0.0f,Shoddy:0.0f,ToolEXP:0L,RenderAccessory:10,MiningSpeed:1100,Modifiers:0,TotalDurability:3937,MiningSpeed2:1100,RenderHead:10,Handle:10,Damage:0,Built:1b,BaseAttack:4,Extra:10,RenderHandle:10,Unbreaking:2,RenderExtra:10,HarvestLevel2:8,ToolLevel:1}, display:{Name:""Hylian Shield""}}"
"roguelike","","loot_armor","ARMOUR","4","2","2","true","Steel Boots","15","1","1","143","0.104895","Railcraft:armor.steel.boots","0","","{ench:[0:{id:0s,lvl:5s},1:{id:34s,lvl:2s}],display:{Name:""Protective Plate Armor""}}"
"roguelike","","loot_armor","ARMOUR","4","2","2","true","Steel Helmet","15","1","1","143","0.104895","Railcraft:armor.steel.helmet","0","","{ench:[0:{id:0s,lvl:5s},1:{id:34s,lvl:2s}],display:{Name:""Protective Plate Armor""}}"
"roguelike","","loot_armor","ARMOUR","4","2","2","true","Steel Leggings","15","1","1","143","0.104895","Railcraft:armor.steel.legs","0","","{ench:[0:{id:0s,lvl:5s},1:{id:34s,lvl:2s}],display:{Name:""Protective Plate Armor""}}"
"roguelike","","loot_armor","ARMOUR","4","2","2","true","Steel Chestplate","15","1","1","143","0.104895","Railcraft:armor.steel.plate","0","","{ench:[0:{id:0s,lvl:5s},1:{id:34s,lvl:2s}],display:{Name:""Protective Plate Armor""}}"
"roguelike","","loot_armor","ARMOUR","4","2","2","true","Diamond Boots","20","1","1","143","0.139860","minecraft:diamond_boots","0","",""
"roguelike","","loot_armor","ARMOUR","4","2","2","true","Diamond Chestplate","20","1","1","143","0.139860","minecraft:diamond_chestplate","0","",""
"roguelike","","loot_armor","ARMOUR","4","2","2","true","Diamond Helmet","20","1","1","143","0.139860","minecraft:diamond_helmet","0","",""
"roguelike","","loot_armor","ARMOUR","4","2","2","true","Diamond Leggings","20","1","1","143","0.139860","minecraft:diamond_leggings","0","",""
"roguelike","","loot_armor","ARMOUR","4","2","2","true","Netherite Helmet","3","1","1","143","0.020979","etfuturum:netherite_helmet","0","","{ench:[0:{id:0s,lvl:6s},1:{id:34s,lvl:3s}],display:{Name:""Ancient Crown""}}"
"roguelike","","loot_blocks","BLOCKS","0","5","5","true","Hempcrete","10","48","64","291","0.034364","chisel:hempcrete","14","",""
"roguelike","","loot_blocks","BLOCKS","0","5","5","true","Redstone Lamp","10","8","24","291","0.034364","minecraft:redstone_lamp","0","",""
"roguelike","","loot_blocks","BLOCKS","0","5","5","true","Svelstone block","10","48","64","291","0.034364","chisel:sveltstone","0","",""
"roguelike","","loot_blocks","BLOCKS","0","5","5","true","Laboratory Block","10","48","64","291","0.034364","chisel:laboratoryblock","0","",""
"roguelike","","loot_blocks","BLOCKS","0","5","5","true","Gray Stained Glass","10","48","64","291","0.034364","minecraft:stained_glass","7","",""
"roguelike","","loot_blocks","BLOCKS","0","5","5","true","Glass","10","48","64","291","0.034364","minecraft:glass","0","",""
"roguelike","","loot_blocks","BLOCKS","0","5","5","true","Spruce Wood Planks","10","48","64","291","0.034364","minecraft:planks","1","",""
"roguelike","","loot_blocks","BLOCKS","0","5","5","true","Woolen Clay","10","48","64","291","0.034364","chisel:woolen_clay","0","",""
"roguelike","","loot_blocks","BLOCKS","0","5","5","true","Froglight","10","48","64","291","0.034364","chisel:froglight","0","",""
"roguelike","","loot_blocks","BLOCKS","0","5","5","true","Paperwall Block","10","48","64","291","0.034364","chisel:paperwall_block","0","",""
"roguelike","","loot_blocks","BLOCKS","0","5","5","true","Thatch","10","48","64","291","0.034364","Botania:thatch","0","",""
"roguelike","","loot_blocks","BLOCKS","0","5","5","true","End Stone Bricks","10","48","64","291","0.034364","Botania:endStoneBrick","0","",""
"roguelike","","loot_blocks","BLOCKS","0","5","5","true","Anti Block","10","48","64","291","0.034364","chisel:antiBlock","0","",""
"roguelike","","loot_blocks","BLOCKS","0","5","5","true","Cubits","10","48","64","291","0.034364","chisel:cubit","0","",""
"roguelike","","loot_blocks","BLOCKS","0","5","5","true","Lave ⓪","10","48","64","291","0.034364","Ztones:tile.laveBlock","0","",""
"roguelike","","loot_blocks","BLOCKS","0","5","5","true","Bitt ⓪","10","48","64","291","0.034364","Ztones:tile.bittBlock","0","",""
"roguelike","","loot_blocks","BLOCKS","0","5","5","true","Tank ⓪","10","48","64","291","0.034364","Ztones:tile.tankBlock","0","",""
"roguelike","","loot_blocks","BLOCKS","0","5","5","true","Zest ⓪","10","48","64","291","0.034364","Ztones:tile.zestBlock","0","",""
"roguelike","","loot_blocks","BLOCKS","0","5","5","true","Aurora","25","48","64","291","0.085911","Ztones:auroraBlock","0","",""
"roguelike","","loot_blocks","BLOCKS","0","5","5","true","Ztone Tile","25","48","64","291","0.085911","Ztones:stoneTile","0","",""
"roguelike","","loot_blocks","BLOCKS","0","5","5","true","Smooth Stone","10","48","64","291","0.034364","etfuturum:smooth_stone","0","",""
"roguelike","","loot_blocks","BLOCKS","0","5","5","true","Light Blue Bed","10","1","2","291","0.034364","etfuturum:light_blue_bed","0","",""
"roguelike","","loot_blocks","BLOCKS","0","5","5","true","Mangrove Propagule","10","1","2","291","0.034364","etfuturum:sapling","0","",""
"roguelike","","loot_blocks","BLOCKS","0","5","5","true","Cherry Sapling","10","1","2","291","0.034364","etfuturum:sapling","1","",""
"roguelike","","loot_blocks","BLOCKS","0","5","5","true","Deepslate Emerald Ore","1","1","2","291","0.003436","etfuturum:deepslate_emerald_ore","0","",""
"roguelike","","loot_blocks","BLOCKS","0","5","5","true","Rose","10","1","2","291","0.034364","etfuturum:rose","0","",""
"roguelike","","loot_blocks","BLOCKS","0","5","5","true","Factory Block","10","48","64","291","0.034364","chisel:factoryblock","0","",""
"roguelike","","loot_blocks","BLOCKS","1","5","5","true","Hempcrete","10","48","64","291","0.034364","chisel:hempcrete","14","",""
"roguelike","","loot_blocks","BLOCKS","1","5","5","true","Redstone Lamp","10","8","24","291","0.034364","minecraft:redstone_lamp","0","",""
"roguelike","","loot_blocks","BLOCKS","1","5","5","true","Svelstone block","10","48","64","291","0.034364","chisel:sveltstone","0","",""
"roguelike","","loot_blocks","BLOCKS","1","5","5","true","Laboratory Block","10","48","64","291","0.034364","chisel:laboratoryblock","0","",""
"roguelike","","loot_blocks","BLOCKS","1","5","5","true","Gray Stained Glass","10","48","64","291","0.034364","minecraft:stained_glass","7","",""
"roguelike","","loot_blocks","BLOCKS","1","5","5","true","Glass","10","48","64","291","0.034364","minecraft:glass","0","",""
"roguelike","","loot_blocks","BLOCKS","1","5","5","true","Spruce Wood Planks","10","48","64","291","0.034364","minecraft:planks","1","",""
"roguelike","","loot_blocks","BLOCKS","1","5","5","true","Woolen Clay","10","48","64","291","0.034364","chisel:woolen_clay","0","",""
"roguelike","","loot_blocks","BLOCKS","1","5","5","true","Froglight","10","48","64","291","0.034364","chisel:froglight","0","",""
"roguelike","","loot_blocks","BLOCKS","1","5","5","true","Paperwall Block","10","48","64","291","0.034364","chisel:paperwall_block","0","",""
"roguelike","","loot_blocks","BLOCKS","1","5","5","true","Thatch","10","48","64","291","0.034364","Botania:thatch","0","",""
"roguelike","","loot_blocks","BLOCKS","1","5","5","true","End Stone Bricks","10","48","64","291","0.034364","Botania:endStoneBrick","0","",""
"roguelike","","loot_blocks","BLOCKS","1","5","5","true","Anti Block","10","48","64","291","0.034364","chisel:antiBlock","0","",""
"roguelike","","loot_blocks","BLOCKS","1","5","5","true","Cubits","10","48","64","291","0.034364","chisel:cubit","0","",""
"roguelike","","loot_blocks","BLOCKS","1","5","5","true","Lave ⓪","10","48","64","291","0.034364","Ztones:tile.laveBlock","0","",""
"roguelike","","loot_blocks","BLOCKS","1","5","5","true","Bitt ⓪","10","48","64","291","0.034364","Ztones:tile.bittBlock","0","",""
"roguelike","","loot_blocks","BLOCKS","1","5","5","true","Tank ⓪","10","48","64","291","0.034364","Ztones:tile.tankBlock","0","",""
"roguelike","","loot_blocks","BLOCKS","1","5","5","true","Zest ⓪","10","48","64","291","0.034364","Ztones:tile.zestBlock","0","",""
"roguelike","","loot_blocks","BLOCKS","1","5","5","true","Aurora","25","48","64","291","0.085911","Ztones:auroraBlock","0","",""
"roguelike","","loot_blocks","BLOCKS","1","5","5","true","Ztone Tile","25","48","64","291","0.085911","Ztones:stoneTile","0","",""
"roguelike","","loot_blocks","BLOCKS","1","5","5","true","Smooth Stone","10","48","64","291","0.034364","etfuturum:smooth_stone","0","",""
"roguelike","","loot_blocks","BLOCKS","1","5","5","true","Light Blue Bed","10","1","2","291","0.034364","etfuturum:light_blue_bed","0","",""
"roguelike","","loot_blocks","BLOCKS","1","5","5","true","Mangrove Propagule","10","1","2","291","0.034364","etfuturum:sapling","0","",""
"roguelike","","loot_blocks","BLOCKS","1","5","5","true","Cherry Sapling","10","1","2","291","0.034364","etfuturum:sapling","1","",""
"roguelike","","loot_blocks","BLOCKS","1","5","5","true","Deepslate Emerald Ore","1","1","2","291","0.003436","etfuturum:deepslate_emerald_ore","0","",""
"roguelike","","loot_blocks","BLOCKS","1","5","5","true","Rose","10","1","2","291","0.034364","etfuturum:rose","0","",""
"roguelike","","loot_blocks","BLOCKS","1","5","5","true","Factory Block","10","48","64","291","0.034364","chisel:factoryblock","0","",""
"roguelike","","loot_blocks","BLOCKS","2","5","5","true","Hempcrete","10","48","64","291","0.034364","chisel:hempcrete","14","",""
"roguelike","","loot_blocks","BLOCKS","2","5","5","true","Redstone Lamp","10","8","24","291","0.034364","minecraft:redstone_lamp","0","",""
"roguelike","","loot_blocks","BLOCKS","2","5","5","true","Svelstone block","10","48","64","291","0.034364","chisel:sveltstone","0","",""
"roguelike","","loot_blocks","BLOCKS","2","5","5","true","Laboratory Block","10","48","64","291","0.034364","chisel:laboratoryblock","0","",""
"roguelike","","loot_blocks","BLOCKS","2","5","5","true","Gray Stained Glass","10","48","64","291","0.034364","minecraft:stained_glass","7","",""
"roguelike","","loot_blocks","BLOCKS","2","5","5","true","Glass","10","48","64","291","0.034364","minecraft:glass","0","",""
"roguelike","","loot_blocks","BLOCKS","2","5","5","true","Spruce Wood Planks","10","48","64","291","0.034364","minecraft:planks","1","",""
"roguelike","","loot_blocks","BLOCKS","2","5","5","true","Woolen Clay","10","48","64","291","0.034364","chisel:woolen_clay","0","",""
"roguelike","","loot_blocks","BLOCKS","2","5","5","true","Froglight","10","48","64","291","0.034364","chisel:froglight","0","",""
"roguelike","","loot_blocks","BLOCKS","2","5","5","true","Paperwall Block","10","48","64","291","0.034364","chisel:paperwall_block","0","",""
"roguelike","","loot_blocks","BLOCKS","2","5","5","true","Thatch","10","48","64","291","0.034364","Botania:thatch","0","",""
"roguelike","","loot_blocks","BLOCKS","2","5","5","true","End Stone Bricks","10","48","64","291","0.034364","Botania:endStoneBrick","0","",""
"roguelike","","loot_blocks","BLOCKS","2","5","5","true","Anti Block","10","48","64","291","0.034364","chisel:antiBlock","0","",""
"roguelike","","loot_blocks","BLOCKS","2","5","5","true","Cubits","10","48","64","291","0.034364","chisel:cubit","0","",""
"roguelike","","loot_blocks","BLOCKS","2","5","5","true","Lave ⓪","10","48","64","291","0.034364","Ztones:tile.laveBlock","0","",""
"roguelike","","loot_blocks","BLOCKS","2","5","5","true","Bitt ⓪","10","48","64","291","0.034364","Ztones:tile.bittBlock","0","",""
"roguelike","","loot_blocks","BLOCKS","2","5","5","true","Tank ⓪","10","48","64","291","0.034364","Ztones:tile.tankBlock","0","",""
"roguelike","","loot_blocks","BLOCKS","2","5","5","true","Zest ⓪","10","48","64","291","0.034364","Ztones:tile.zestBlock","0","",""
"roguelike","","loot_blocks","BLOCKS","2","5","5","true","Aurora","25","48","64","291","0.085911","Ztones:auroraBlock","0","",""
"roguelike","","loot_blocks","BLOCKS","2","5","5","true","Ztone Tile","25","48","64","291","0.085911","Ztones:stoneTile","0","",""
"roguelike","","loot_blocks","BLOCKS","2","5","5","true","Smooth Stone","10","48","64","291","0.034364","etfuturum:smooth_stone","0","",""
"roguelike","","loot_blocks","BLOCKS","2","5","5","true","Light Blue Bed","10","1","2","291","0.034364","etfuturum:light_blue_bed","0","",""
"roguelike","","loot_blocks","BLOCKS","2","5","5","true","Mangrove Propagule","10","1","2","291","0.034364","etfuturum:sapling","0","",""
"roguelike","","loot_blocks","BLOCKS","2","5","5","true","Cherry Sapling","10","1","2","291","0.034364","etfuturum:sapling","1","",""
"roguelike","","loot_blocks","BLOCKS","2","5","5","true","Deepslate Emerald Ore","1","1","2","291","0.003436","etfuturum:deepslate_emerald_ore","0","",""
"roguelike","","loot_blocks","BLOCKS","2","5","5","true","Rose","10","1","2","291","0.034364","etfuturum:rose","0","",""
"roguelike","","loot_blocks","BLOCKS","2","5","5","true","Factory Block","10","48","64","291","0.034364","chisel:factoryblock","0","",""
"roguelike","","loot_blocks","BLOCKS","3","5","5","true","Hempcrete","10","48","64","291","0.034364","chisel:hempcrete","14","",""
"roguelike","","loot_blocks","BLOCKS","3","5","5","true","Redstone Lamp","10","8","24","291","0.034364","minecraft:redstone_lamp","0","",""
"roguelike","","loot_blocks","BLOCKS","3","5","5","true","Svelstone block","10","48","64","291","0.034364","chisel:sveltstone","0","",""
"roguelike","","loot_blocks","BLOCKS","3","5","5","true","Laboratory Block","10","48","64","291","0.034364","chisel:laboratoryblock","0","",""
"roguelike","","loot_blocks","BLOCKS","3","5","5","true","Gray Stained Glass","10","48","64","291","0.034364","minecraft:stained_glass","7","",""
"roguelike","","loot_blocks","BLOCKS","3","5","5","true","Glass","10","48","64","291","0.034364","minecraft:glass","0","",""
"roguelike","","loot_blocks","BLOCKS","3","5","5","true","Spruce Wood Planks","10","48","64","291","0.034364","minecraft:planks","1","",""
"roguelike","","loot_blocks","BLOCKS","3","5","5","true","Woolen Clay","10","48","64","291","0.034364","chisel:woolen_clay","0","",""
"roguelike","","loot_blocks","BLOCKS","3","5","5","true","Froglight","10","48","64","291","0.034364","chisel:froglight","0","",""
"roguelike","","loot_blocks","BLOCKS","3","5","5","true","Paperwall Block","10","48","64","291","0.034364","chisel:paperwall_block","0","",""
"roguelike","","loot_blocks","BLOCKS","3","5","5","true","Thatch","10","48","64","291","0.034364","Botania:thatch","0","",""
"roguelike","","loot_blocks","BLOCKS","3","5","5","true","End Stone Bricks","10","48","64","291","0.034364","Botania:endStoneBrick","0","",""
"roguelike","","loot_blocks","BLOCKS","3","5","5","true","Anti Block","10","48","64","291","0.034364","chisel:antiBlock","0","",""
"roguelike","","loot_blocks","BLOCKS","3","5","5","true","Cubits","10","48","64","291","0.034364","chisel:cubit","0","",""
"roguelike","","loot_blocks","BLOCKS","3","5","5","true","Lave ⓪","10","48","64","291","0.034364","Ztones:tile.laveBlock","0","",""
"roguelike","","loot_blocks","BLOCKS","3","5","5","true","Bitt ⓪","10","48","64","291","0.034364","Ztones:tile.bittBlock","0","",""
"roguelike","","loot_blocks","BLOCKS","3","5","5","true","Tank ⓪","10","48","64","291","0.034364","Ztones:tile.tankBlock","0","",""
"roguelike","","loot_blocks","BLOCKS","3","5","5","true","Zest ⓪","10","48","64","291","0.034364","Ztones:tile.zestBlock","0","",""
"roguelike","","loot_blocks","BLOCKS","3","5","5","true","Aurora","25","48","64","291","0.085911","Ztones:auroraBlock","0","",""
"roguelike","","loot_blocks","BLOCKS","3","5","5","true","Ztone Tile","25","48","64","291","0.085911","Ztones:stoneTile","0","",""
"roguelike","","loot_blocks","BLOCKS","3","5","5","true","Smooth Stone","10","48","64","291","0.034364","etfuturum:smooth_stone","0","",""
"roguelike","","loot_blocks","BLOCKS","3","5","5","true","Light Blue Bed","10","1","2","291","0.034364","etfuturum:light_blue_bed","0","",""
"roguelike","","loot_blocks","BLOCKS","3","5","5","true","Mangrove Propagule","10","1","2","291","0.034364","etfuturum:sapling","0","",""
"roguelike","","loot_blocks","BLOCKS","3","5","5","true","Cherry Sapling","10","1","2","291","0.034364","etfuturum:sapling","1","",""
"roguelike","","loot_blocks","BLOCKS","3","5","5","true","Deepslate Emerald Ore","1","1","2","291","0.003436","etfuturum:deepslate_emerald_ore","0","",""
"roguelike","","loot_blocks","BLOCKS","3","5","5","true","Rose","10","1","2","291","0.034364","etfuturum:rose","0","",""
"roguelike","","loot_blocks","BLOCKS","3","5","5","true","Factory Block","10","48","64","291","0.034364","chisel:factoryblock","0","",""
"roguelike","","loot_blocks","BLOCKS","4","5","5","true","Hempcrete","10","48","64","291","0.034364","chisel:hempcrete","14","",""
"roguelike","","loot_blocks","BLOCKS","4","5","5","true","Redstone Lamp","10","8","24","291","0.034364","minecraft:redstone_lamp","0","",""
"roguelike","","loot_blocks","BLOCKS","4","5","5","true","Svelstone block","10","48","64","291","0.034364","chisel:sveltstone","0","",""
"roguelike","","loot_blocks","BLOCKS","4","5","5","true","Laboratory Block","10","48","64","291","0.034364","chisel:laboratoryblock","0","",""
"roguelike","","loot_blocks","BLOCKS","4","5","5","true","Gray Stained Glass","10","48","64","291","0.034364","minecraft:stained_glass","7","",""
"roguelike","","loot_blocks","BLOCKS","4","5","5","true","Glass","10","48","64","291","0.034364","minecraft:glass","0","",""
"roguelike","","loot_blocks","BLOCKS","4","5","5","true","Spruce Wood Planks","10","48","64","291","0.034364","minecraft:planks","1","",""
"roguelike","","loot_blocks","BLOCKS","4","5","5","true","Woolen Clay","10","48","64","291","0.034364","chisel:woolen_clay","0","",""
"roguelike","","loot_blocks","BLOCKS","4","5","5","true","Froglight","10","48","64","291","0.034364","chisel:froglight","0","",""
"roguelike","","loot_blocks","BLOCKS","4","5","5","true","Paperwall Block","10","48","64","291","0.034364","chisel:paperwall_block","0","",""
"roguelike","","loot_blocks","BLOCKS","4","5","5","true","Thatch","10","48","64","291","0.034364","Botania:thatch","0","",""
"roguelike","","loot_blocks","BLOCKS","4","5","5","true","End Stone Bricks","10","48","64","291","0.034364","Botania:endStoneBrick","0","",""
"roguelike","","loot_blocks","BLOCKS","4","5","5","true","Anti Block","10","48","64","291","0.034364","chisel:antiBlock","0","",""
"roguelike","","loot_blocks","BLOCKS","4","5","5","true","Cubits","10","48","64","291","0.034364","chisel:cubit","0","",""
"roguelike","","loot_blocks","BLOCKS","4","5","5","true","Lave ⓪","10","48","64","291","0.034364","Ztones:tile.laveBlock","0","",""
"roguelike","","loot_blocks","BLOCKS","4","5","5","true","Bitt ⓪","10","48","64","291","0.034364","Ztones:tile.bittBlock","0","",""
"roguelike","","loot_blocks","BLOCKS","4","5","5","true","Tank ⓪","10","48","64","291","0.034364","Ztones:tile.tankBlock","0","",""
"roguelike","","loot_blocks","BLOCKS","4","5","5","true","Zest ⓪","10","48","64","291","0.034364","Ztones:tile.zestBlock","0","",""
"roguelike","","loot_blocks","BLOCKS","4","5","5","true","Aurora","25","48","64","291","0.085911","Ztones:auroraBlock","0","",""
"roguelike","","loot_blocks","BLOCKS","4","5","5","true","Ztone Tile","25","48","64","291","0.085911","Ztones:stoneTile","0","",""
"roguelike","","loot_blocks","BLOCKS","4","5","5","true","Smooth Stone","10","48","64","291","0.034364","etfuturum:smooth_stone","0","",""
"roguelike","","loot_blocks","BLOCKS","4","5","5","true","Light Blue Bed","10","1","2","291","0.034364","etfuturum:light_blue_bed","0","",""
"roguelike","","loot_blocks","BLOCKS","4","5","5","true","Mangrove Propagule","10","1","2","291","0.034364","etfuturum:sapling","0","",""
"roguelike","","loot_blocks","BLOCKS","4","5","5","true","Cherry Sapling","10","1","2","291","0.034364","etfuturum:sapling","1","",""
"roguelike","","loot_blocks","BLOCKS","4","5","5","true","Deepslate Emerald Ore","1","1","2","291","0.003436","etfuturum:deepslate_emerald_ore","0","",""
"roguelike","","loot_blocks","BLOCKS","4","5","5","true","Rose","10","1","2","291","0.034364","etfuturum:rose","0","",""
"roguelike","","loot_blocks","BLOCKS","4","5","5","true","Factory Block","10","48","64","291","0.034364","chisel:factoryblock","0","",""
"roguelike","","loot_blocks","TOOLS","0","2","2","true","Hempcrete","10","48","64","291","0.034364","chisel:hempcrete","14","",""
"roguelike","","loot_blocks","TOOLS","0","2","2","true","Redstone Lamp","10","8","24","291","0.034364","minecraft:redstone_lamp","0","",""
"roguelike","","loot_blocks","TOOLS","0","2","2","true","Svelstone block","10","48","64","291","0.034364","chisel:sveltstone","0","",""
"roguelike","","loot_blocks","TOOLS","0","2","2","true","Laboratory Block","10","48","64","291","0.034364","chisel:laboratoryblock","0","",""
"roguelike","","loot_blocks","TOOLS","0","2","2","true","Gray Stained Glass","10","48","64","291","0.034364","minecraft:stained_glass","7","",""
"roguelike","","loot_blocks","TOOLS","0","2","2","true","Glass","10","48","64","291","0.034364","minecraft:glass","0","",""
"roguelike","","loot_blocks","TOOLS","0","2","2","true","Spruce Wood Planks","10","48","64","291","0.034364","minecraft:planks","1","",""
"roguelike","","loot_blocks","TOOLS","0","2","2","true","Woolen Clay","10","48","64","291","0.034364","chisel:woolen_clay","0","",""
"roguelike","","loot_blocks","TOOLS","0","2","2","true","Froglight","10","48","64","291","0.034364","chisel:froglight","0","",""
"roguelike","","loot_blocks","TOOLS","0","2","2","true","Paperwall Block","10","48","64","291","0.034364","chisel:paperwall_block","0","",""
"roguelike","","loot_blocks","TOOLS","0","2","2","true","Thatch","10","48","64","291","0.034364","Botania:thatch","0","",""
"roguelike","","loot_blocks","TOOLS","0","2","2","true","End Stone Bricks","10","48","64","291","0.034364","Botania:endStoneBrick","0","",""
"roguelike","","loot_blocks","TOOLS","0","2","2","true","Anti Block","10","48","64","291","0.034364","chisel:antiBlock","0","",""
"roguelike","","loot_blocks","TOOLS","0","2","2","true","Cubits","10","48","64","291","0.034364","chisel:cubit","0","",""
"roguelike","","loot_blocks","TOOLS","0","2","2","true","Lave ⓪","10","48","64","291","0.034364","Ztones:tile.laveBlock","0","",""
"roguelike","","loot_blocks","TOOLS","0","2","2","true","Bitt ⓪","10","48","64","291","0.034364","Ztones:tile.bittBlock","0","",""
"roguelike","","loot_blocks","TOOLS","0","2","2","true","Tank ⓪","10","48","64","291","0.034364","Ztones:tile.tankBlock","0","",""
"roguelike","","loot_blocks","TOOLS","0","2","2","true","Zest ⓪","10","48","64","291","0.034364","Ztones:tile.zestBlock","0","",""
"roguelike","","loot_blocks","TOOLS","0","2","2","true","Aurora","25","48","64","291","0.085911","Ztones:auroraBlock","0","",""
"roguelike","","loot_blocks","TOOLS","0","2","2","true","Ztone Tile","25","48","64","291","0.085911","Ztones:stoneTile","0","",""
"roguelike","","loot_blocks","TOOLS","0","2","2","true","Smooth Stone","10","48","64","291","0.034364","etfuturum:smooth_stone","0","",""
"roguelike","","loot_blocks","TOOLS","0","2","2","true","Light Blue Bed","10","1","2","291","0.034364","etfuturum:light_blue_bed","0","",""
"roguelike","","loot_blocks","TOOLS","0","2","2","true","Mangrove Propagule","10","1","2","291","0.034364","etfuturum:sapling","0","",""
"roguelike","","loot_blocks","TOOLS","0","2","2","true","Cherry Sapling","10","1","2","291","0.034364","etfuturum:sapling","1","",""
"roguelike","","loot_blocks","TOOLS","0","2","2","true","Deepslate Emerald Ore","1","1","2","291","0.003436","etfuturum:deepslate_emerald_ore","0","",""
"roguelike","","loot_blocks","TOOLS","0","2","2","true","Rose","10","1","2","291","0.034364","etfuturum:rose","0","",""
"roguelike","","loot_blocks","TOOLS","0","2","2","true","Factory Block","10","48","64","291","0.034364","chisel:factoryblock","0","",""
"roguelike","","loot_blocks","TOOLS","1","2","2","true","Hempcrete","10","48","64","291","0.034364","chisel:hempcrete","14","",""
"roguelike","","loot_blocks","TOOLS","1","2","2","true","Redstone Lamp","10","8","24","291","0.034364","minecraft:redstone_lamp","0","",""
"roguelike","","loot_blocks","TOOLS","1","2","2","true","Svelstone block","10","48","64","291","0.034364","chisel:sveltstone","0","",""
"roguelike","","loot_blocks","TOOLS","1","2","2","true","Laboratory Block","10","48","64","291","0.034364","chisel:laboratoryblock","0","",""
"roguelike","","loot_blocks","TOOLS","1","2","2","true","Gray Stained Glass","10","48","64","291","0.034364","minecraft:stained_glass","7","",""
"roguelike","","loot_blocks","TOOLS","1","2","2","true","Glass","10","48","64","291","0.034364","minecraft:glass","0","",""
"roguelike","","loot_blocks","TOOLS","1","2","2","true","Spruce Wood Planks","10","48","64","291","0.034364","minecraft:planks","1","",""
"roguelike","","loot_blocks","TOOLS","1","2","2","true","Woolen Clay","10","48","64","291","0.034364","chisel:woolen_clay","0","",""
"roguelike","","loot_blocks","TOOLS","1","2","2","true","Froglight","10","48","64","291","0.034364","chisel:froglight","0","",""
"roguelike","","loot_blocks","TOOLS","1","2","2","true","Paperwall Block","10","48","64","291","0.034364","chisel:paperwall_block","0","",""
"roguelike","","loot_blocks","TOOLS","1","2","2","true","Thatch","10","48","64","291","0.034364","Botania:thatch","0","",""
"roguelike","","loot_blocks","TOOLS","1","2","2","true","End Stone Bricks","10","48","64","291","0.034364","Botania:endStoneBrick","0","",""
"roguelike","","loot_blocks","TOOLS","1","2","2","true","Anti Block","10","48","64","291","0.034364","chisel:antiBlock","0","",""
"roguelike","","loot_blocks","TOOLS","1","2","2","true","Cubits","10","48","64","291","0.034364","chisel:cubit","0","",""
"roguelike","","loot_blocks","TOOLS","1","2","2","true","Lave ⓪","10","48","64","291","0.034364","Ztones:tile.laveBlock","0","",""
"roguelike","","loot_blocks","TOOLS","1","2","2","true","Bitt ⓪","10","48","64","291","0.034364","Ztones:tile.bittBlock","0","",""
"roguelike","","loot_blocks","TOOLS","1","2","2","true","Tank ⓪","10","48","64","291","0.034364","Ztones:tile.tankBlock","0","",""
"roguelike","","loot_blocks","TOOLS","1","2","2","true","Zest ⓪","10","48","64","291","0.034364","Ztones:tile.zestBlock","0","",""
"roguelike","","loot_blocks","TOOLS","1","2","2","true","Aurora","25","48","64","291","0.085911","Ztones:auroraBlock","0","",""
"roguelike","","loot_blocks","TOOLS","1","2","2","true","Ztone Tile","25","48","64","291","0.085911","Ztones:stoneTile","0","",""
"roguelike","","loot_blocks","TOOLS","1","2","2","true","Smooth Stone","10","48","64","291","0.034364","etfuturum:smooth_stone","0","",""
"roguelike","","loot_blocks","TOOLS","1","2","2","true","Light Blue Bed","10","1","2","291","0.034364","etfuturum:light_blue_bed","0","",""
"roguelike","","loot_blocks","TOOLS","1","2","2","true","Mangrove Propagule","10","1","2","291","0.034364","etfuturum:sapling","0","",""
"roguelike","","loot_blocks","TOOLS","1","2","2","true","Cherry Sapling","10","1","2","291","0.034364","etfuturum:sapling","1","",""
"roguelike","","loot_blocks","TOOLS","1","2","2","true","Deepslate Emerald Ore","1","1","2","291","0.003436","etfuturum:deepslate_emerald_ore","0","",""
"roguelike","","loot_blocks","TOOLS","1","2","2","true","Rose","10","1","2","291","0.034364","etfuturum:rose","0","",""
"roguelike","","loot_blocks","TOOLS","1","2","2","true","Factory Block","10","48","64","291","0.034364","chisel:factoryblock","0","",""
"roguelike","","loot_blocks","TOOLS","2","2","2","true","Hempcrete","10","48","64","291","0.034364","chisel:hempcrete","14","",""
"roguelike","","loot_blocks","TOOLS","2","2","2","true","Redstone Lamp","10","8","24","291","0.034364","minecraft:redstone_lamp","0","",""
"roguelike","","loot_blocks","TOOLS","2","2","2","true","Svelstone block","10","48","64","291","0.034364","chisel:sveltstone","0","",""
"roguelike","","loot_blocks","TOOLS","2","2","2","true","Laboratory Block","10","48","64","291","0.034364","chisel:laboratoryblock","0","",""
"roguelike","","loot_blocks","TOOLS","2","2","2","true","Gray Stained Glass","10","48","64","291","0.034364","minecraft:stained_glass","7","",""
"roguelike","","loot_blocks","TOOLS","2","2","2","true","Glass","10","48","64","291","0.034364","minecraft:glass","0","",""
"roguelike","","loot_blocks","TOOLS","2","2","2","true","Spruce Wood Planks","10","48","64","291","0.034364","minecraft:planks","1","",""
"roguelike","","loot_blocks","TOOLS","2","2","2","true","Woolen Clay","10","48","64","291","0.034364","chisel:woolen_clay","0","",""
"roguelike","","loot_blocks","TOOLS","2","2","2","true","Froglight","10","48","64","291","0.034364","chisel:froglight","0","",""
"roguelike","","loot_blocks","TOOLS","2","2","2","true","Paperwall Block","10","48","64","291","0.034364","chisel:paperwall_block","0","",""
"roguelike","","loot_blocks","TOOLS","2","2","2","true","Thatch","10","48","64","291","0.034364","Botania:thatch","0","",""
"roguelike","","loot_blocks","TOOLS","2","2","2","true","End Stone Bricks","10","48","64","291","0.034364","Botania:endStoneBrick","0","",""
"roguelike","","loot_blocks","TOOLS","2","2","2","true","Anti Block","10","48","64","291","0.034364","chisel:antiBlock","0","",""
"roguelike","","loot_blocks","TOOLS","2","2","2","true","Cubits","10","48","64","291","0.034364","chisel:cubit","0","",""
"roguelike","","loot_blocks","TOOLS","2","2","2","true","Lave ⓪","10","48","64","291","0.034364","Ztones:tile.laveBlock","0","",""
"roguelike","","loot_blocks","TOOLS","2","2","2","true","Bitt ⓪","10","48","64","291","0.034364","Ztones:tile.bittBlock","0","",""
"roguelike","","loot_blocks","TOOLS","2","2","2","true","Tank ⓪","10","48","64","291","0.034364","Ztones:tile.tankBlock","0","",""
"roguelike","","loot_blocks","TOOLS","2","2","2","true","Zest ⓪","10","48","64","291","0.034364","Ztones:tile.zestBlock","0","",""
"roguelike","","loot_blocks","TOOLS","2","2","2","true","Aurora","25","48","64","291","0.085911","Ztones:auroraBlock","0","",""
"roguelike","","loot_blocks","TOOLS","2","2","2","true","Ztone Tile","25","48","64","291","0.085911","Ztones:stoneTile","0","",""
"roguelike","","loot_blocks","TOOLS","2","2","2","true","Smooth Stone","10","48","64","291","0.034364","etfuturum:smooth_stone","0","",""
"roguelike","","loot_blocks","TOOLS","2","2","2","true","Light Blue Bed","10","1","2","291","0.034364","etfuturum:light_blue_bed","0","",""
"roguelike","","loot_blocks","TOOLS","2","2","2","true","Mangrove Propagule","10","1","2","291","0.034364","etfuturum:sapling","0","",""
"roguelike","","loot_blocks","TOOLS","2","2","2","true","Cherry Sapling","10","1","2","291","0.034364","etfuturum:sapling","1","",""
"roguelike","","loot_blocks","TOOLS","2","2","2","true","Deepslate Emerald Ore","1","1","2","291","0.003436","etfuturum:deepslate_emerald_ore","0","",""
"roguelike","","loot_blocks","TOOLS","2","2","2","true","Rose","10","1","2","291","0.034364","etfuturum:rose","0","",""
"roguelike","","loot_blocks","TOOLS","2","2","2","true","Factory Block","10","48","64","291","0.034364","chisel:factoryblock","0","",""
"roguelike","","loot_blocks","TOOLS","3","2","2","true","Hempcrete","10","48","64","291","0.034364","chisel:hempcrete","14","",""
"roguelike","","loot_blocks","TOOLS","3","2","2","true","Redstone Lamp","10","8","24","291","0.034364","minecraft:redstone_lamp","0","",""
"roguelike","","loot_blocks","TOOLS","3","2","2","true","Svelstone block","10","48","64","291","0.034364","chisel:sveltstone","0","",""
"roguelike","","loot_blocks","TOOLS","3","2","2","true","Laboratory Block","10","48","64","291","0.034364","chisel:laboratoryblock","0","",""
"roguelike","","loot_blocks","TOOLS","3","2","2","true","Gray Stained Glass","10","48","64","291","0.034364","minecraft:stained_glass","7","",""
"roguelike","","loot_blocks","TOOLS","3","2","2","true","Glass","10","48","64","291","0.034364","minecraft:glass","0","",""
"roguelike","","loot_blocks","TOOLS","3","2","2","true","Spruce Wood Planks","10","48","64","291","0.034364","minecraft:planks","1","",""
"roguelike","","loot_blocks","TOOLS","3","2","2","true","Woolen Clay","10","48","64","291","0.034364","chisel:woolen_clay","0","",""
"roguelike","","loot_blocks","TOOLS","3","2","2","true","Froglight","10","48","64","291","0.034364","chisel:froglight","0","",""
"roguelike","","loot_blocks","TOOLS","3","2","2","true","Paperwall Block","10","48","64","291","0.034364","chisel:paperwall_block","0","",""
"roguelike","","loot_blocks","TOOLS","3","2","2","true","Thatch","10","48","64","291","0.034364","Botania:thatch","0","",""
"roguelike","","loot_blocks","TOOLS","3","2","2","true","End Stone Bricks","10","48","64","291","0.034364","Botania:endStoneBrick","0","",""
"roguelike","","loot_blocks","TOOLS","3","2","2","true","Anti Block","10","48","64","291","0.034364","chisel:antiBlock","0","",""
"roguelike","","loot_blocks","TOOLS","3","2","2","true","Cubits","10","48","64","291","0.034364","chisel:cubit","0","",""
"roguelike","","loot_blocks","TOOLS","3","2","2","true","Lave ⓪","10","48","64","291","0.034364","Ztones:tile.laveBlock","0","",""
"roguelike","","loot_blocks","TOOLS","3","2","2","true","Bitt ⓪","10","48","64","291","0.034364","Ztones:tile.bittBlock","0","",""
"roguelike","","loot_blocks","TOOLS","3","2","2","true","Tank ⓪","10","48","64","291","0.034364","Ztones:tile.tankBlock","0","",""
"roguelike","","loot_blocks","TOOLS","3","2","2","true","Zest ⓪","10","48","64","291","0.034364","Ztones:tile.zestBlock","0","",""
"roguelike","","loot_blocks","TOOLS","3","2","2","true","Aurora","25","48","64","291","0.085911","Ztones:auroraBlock","0","",""
"roguelike","","loot_blocks","TOOLS","3","2","2","true","Ztone Tile","25","48","64","291","0.085911","Ztones:stoneTile","0","",""
"roguelike","","loot_blocks","TOOLS","3","2","2","true","Smooth Stone","10","48","64","291","0.034364","etfuturum:smooth_stone","0","",""
"roguelike","","loot_blocks","TOOLS","3","2","2","true","Light Blue Bed","10","1","2","291","0.034364","etfuturum:light_blue_bed","0","",""
"roguelike","","loot_blocks","TOOLS","3","2","2","true","Mangrove Propagule","10","1","2","291","0.034364","etfuturum:sapling","0","",""
"roguelike","","loot_blocks","TOOLS","3","2","2","true","Cherry Sapling","10","1","2","291","0.034364","etfuturum:sapling","1","",""
"roguelike","","loot_blocks","TOOLS","3","2","2","true","Deepslate Emerald Ore","1","1","2","291","0.003436","etfuturum:deepslate_emerald_ore","0","",""
"roguelike","","loot_blocks","TOOLS","3","2","2","true","Rose","10","1","2","291","0.034364","etfuturum:rose","0","",""
"roguelike","","loot_blocks","TOOLS","3","2","2","true","Factory Block","10","48","64","291","0.034364","chisel:factoryblock","0","",""
"roguelike","","loot_blocks","TOOLS","4","2","2","true","Hempcrete","10","48","64","291","0.034364","chisel:hempcrete","14","",""
"roguelike","","loot_blocks","TOOLS","4","2","2","true","Redstone Lamp","10","8","24","291","0.034364","minecraft:redstone_lamp","0","",""
"roguelike","","loot_blocks","TOOLS","4","2","2","true","Svelstone block","10","48","64","291","0.034364","chisel:sveltstone","0","",""
"roguelike","","loot_blocks","TOOLS","4","2","2","true","Laboratory Block","10","48","64","291","0.034364","chisel:laboratoryblock","0","",""
"roguelike","","loot_blocks","TOOLS","4","2","2","true","Gray Stained Glass","10","48","64","291","0.034364","minecraft:stained_glass","7","",""
"roguelike","","loot_blocks","TOOLS","4","2","2","true","Glass","10","48","64","291","0.034364","minecraft:glass","0","",""
"roguelike","","loot_blocks","TOOLS","4","2","2","true","Spruce Wood Planks","10","48","64","291","0.034364","minecraft:planks","1","",""
"roguelike","","loot_blocks","TOOLS","4","2","2","true","Woolen Clay","10","48","64","291","0.034364","chisel:woolen_clay","0","",""
"roguelike","","loot_blocks","TOOLS","4","2","2","true","Froglight","10","48","64","291","0.034364","chisel:froglight","0","",""
"roguelike","","loot_blocks","TOOLS","4","2","2","true","Paperwall Block","10","48","64","291","0.034364","chisel:paperwall_block","0","",""
"roguelike","","loot_blocks","TOOLS","4","2","2","true","Thatch","10","48","64","291","0.034364","Botania:thatch","0","",""
"roguelike","","loot_blocks","TOOLS","4","2","2","true","End Stone Bricks","10","48","64","291","0.034364","Botania:endStoneBrick","0","",""
"roguelike","","loot_blocks","TOOLS","4","2","2","true","Anti Block","10","48","64","291","0.034364","chisel:antiBlock","0","",""
"roguelike","","loot_blocks","TOOLS","4","2","2","true","Cubits","10","48","64","291","0.034364","chisel:cubit","0","",""
"roguelike","","loot_blocks","TOOLS","4","2","2","true","Lave ⓪","10","48","64","291","0.034364","Ztones:tile.laveBlock","0","",""
"roguelike","","loot_blocks","TOOLS","4","2","2","true","Bitt ⓪","10","48","64","291","0.034364","Ztones:tile.bittBlock","0","",""
"roguelike","","loot_blocks","TOOLS","4","2","2","true","Tank ⓪","10","48","64","291","0.034364","Ztones:tile.tankBlock","0","",""
"roguelike","","loot_blocks","TOOLS","4","2","2","true","Zest ⓪","10","48","64","291","0.034364","Ztones:tile.zestBlock","0","",""
"roguelike","","loot_blocks","TOOLS","4","2","2","true","Aurora","25","48","64","291","0.085911","Ztones:auroraBlock","0","",""
"roguelike","","loot_blocks","TOOLS","4","2","2","true","Ztone Tile","25","48","64","291","0.085911","Ztones:stoneTile","0","",""
"roguelike","","loot_blocks","TOOLS","4","2","2","true","Smooth Stone","10","48","64","291","0.034364","etfuturum:smooth_stone","0","",""
"roguelike","","loot_blocks","TOOLS","4","2","2","true","Light Blue Bed","10","1","2","291","0.034364","etfuturum:light_blue_bed","0","",""
"roguelike","","loot_blocks","TOOLS","4","2","2","true","Mangrove Propagule","10","1","2","291","0.034364","etfuturum:sapling","0","",""
"roguelike","","loot_blocks","TOOLS","4","2","2","true","Cherry Sapling","10","1","2","291","0.034364","etfuturum:sapling","1","",""
"roguelike","","loot_blocks","TOOLS","4","2","2","true","Deepslate Emerald Ore","1","1","2","291","0.003436","etfuturum:deepslate_emerald_ore","0","",""
"roguelike","","loot_blocks","TOOLS","4","2","2","true","Rose","10","1","2","291","0.034364","etfuturum:rose","0","",""
"roguelike","","loot_blocks","TOOLS","4","2","2","true","Factory Block","10","48","64","291","0.034364","chisel:factoryblock","0","",""
"roguelike","","loot_forest","FOOD","0","5","5","true","Candied Ginger","1","1","3","27","0.037037","harvestcraft:candiedgingerItem","0","",""
"roguelike","","loot_forest","FOOD","0","5","5","true","Candied Lemon","1","1","3","27","0.037037","harvestcraft:candiedlemonItem","0","",""
"roguelike","","loot_forest","FOOD","0","5","5","true","Candied Sweet Potatoes","1","1","3","27","0.037037","harvestcraft:candiedsweetpotatoesItem","0","",""
"roguelike","","loot_forest","FOOD","0","5","5","true","Candied Walnuts","1","1","3","27","0.037037","harvestcraft:candiedwalnutsItem","0","",""
"roguelike","","loot_forest","FOOD","0","5","5","true","Caramel","1","1","3","27","0.037037","harvestcraft:caramelItem","0","",""
"roguelike","","loot_forest","FOOD","0","5","5","true","Caramel Apple","1","1","3","27","0.037037","harvestcraft:caramelappleItem","0","",""
"roguelike","","loot_forest","FOOD","0","5","5","true","Vegemite","1","1","3","27","0.037037","harvestcraft:vegemiteItem","0","",""
"roguelike","","loot_forest","FOOD","0","5","5","true","Taffy","1","1","3","27","0.037037","harvestcraft:taffyItem","0","",""
"roguelike","","loot_forest","FOOD","0","5","5","true","Lemon Bar","1","1","3","27","0.037037","harvestcraft:lemonbarItem","0","",""
"roguelike","","loot_forest","FOOD","0","5","5","true","Ginger Snaps","1","1","3","27","0.037037","harvestcraft:gingersnapsItem","0","",""
"roguelike","","loot_forest","FOOD","0","5","5","true","Marshmallows","1","1","3","27","0.037037","harvestcraft:marshmellowsItem","0","",""
"roguelike","","loot_forest","FOOD","0","5","5","true","Jellybeans","1","1","3","27","0.037037","harvestcraft:jellybeansItem","0","",""
"roguelike","","loot_forest","FOOD","0","5","5","true","Gummy Bears","1","1","3","27","0.037037","harvestcraft:gummybearsItem","0","",""
"roguelike","","loot_forest","FOOD","0","5","5","true","Mochi","1","1","3","27","0.037037","harvestcraft:mochiItem","0","",""
"roguelike","","loot_forest","FOOD","0","5","5","true","Chocolate Coin","1","1","3","27","0.037037","gregtech:gt.metaitem.01","32010","",""
"roguelike","","loot_forest","FOOD","0","5","5","true","Cranberry Sauce","1","1","3","27","0.037037","harvestcraft:cranberrysauceItem","0","",""
"roguelike","","loot_forest","FOOD","0","5","5","true","Peppermint","1","1","3","27","0.037037","harvestcraft:peppermintItem","0","",""
"roguelike","","loot_forest","FOOD","0","5","5","true","Pralines","1","1","3","27","0.037037","harvestcraft:pralinesItem","0","",""
"roguelike","","loot_forest","FOOD","0","5","5","true","Sesame Snaps","1","1","3","27","0.037037","harvestcraft:sesamesnapsItem","0","",""
"roguelike","","loot_forest","FOOD","0","5","5","true","Sweetwart","1","1","3","27","0.037037","WitchingGadgets:item.WG_MagicFood","0","",""
"roguelike","","loot_forest","FOOD","0","5","5","true","Sugary Dough","1","1","3","27","0.037037","gregtech:gt.metaitem.02","32212","",""
"roguelike","","loot_forest","FOOD","0","5","5","true","Sesame Ball","1","1","3","27","0.037037","harvestcraft:sesameballItem","0","",""
"roguelike","","loot_forest","FOOD","0","5","5","true","Marinated Cucumbers","1","1","3","27","0.037037","harvestcraft:marinatedcucumbersItem","0","",""
"roguelike","","loot_forest","FOOD","0","5","5","true","Sweet Pickle","1","1","3","27","0.037037","harvestcraft:sweetpickleItem","0","",""
"roguelike","","loot_forest","FOOD","0","5","5","true","Museli","1","1","3","27","0.037037","harvestcraft:museliItem","0","",""
"roguelike","","loot_forest","FOOD","0","5","5","true","Poached Pear","1","1","3","27","0.037037","harvestcraft:poachedpearItem","0","",""
"roguelike","","loot_forest","FOOD","0","5","5","true","Glazed Carrots","1","1","3","27","0.037037","harvestcraft:glazedcarrotsItem","0","",""
"roguelike","","loot_forest","ARMOUR","0","3","3","true","Candied Ginger","1","1","3","27","0.037037","harvestcraft:candiedgingerItem","0","",""
"roguelike","","loot_forest","ARMOUR","0","3","3","true","Candied Lemon","1","1","3","27","0.037037","harvestcraft:candiedlemonItem","0","",""
"roguelike","","loot_forest","ARMOUR","0","3","3","true","Candied Sweet Potatoes","1","1","3","27","0.037037","harvestcraft:candiedsweetpotatoesItem","0","",""
"roguelike","","loot_forest","ARMOUR","0","3","3","true","Candied Walnuts","1","1","3","27","0.037037","harvestcraft:candiedwalnutsItem","0","",""
"roguelike","","loot_forest","ARMOUR","0","3","3","true","Caramel","1","1","3","27","0.037037","harvestcraft:caramelItem","0","",""
"roguelike","","loot_forest","ARMOUR","0","3","3","true","Caramel Apple","1","1","3","27","0.037037","harvestcraft:caramelappleItem","0","",""
"roguelike","","loot_forest","ARMOUR","0","3","3","true","Vegemite","1","1","3","27","0.037037","harvestcraft:vegemiteItem","0","",""
"roguelike","","loot_forest","ARMOUR","0","3","3","true","Taffy","1","1","3","27","0.037037","harvestcraft:taffyItem","0","",""
"roguelike","","loot_forest","ARMOUR","0","3","3","true","Lemon Bar","1","1","3","27","0.037037","harvestcraft:lemonbarItem","0","",""
"roguelike","","loot_forest","ARMOUR","0","3","3","true","Ginger Snaps","1","1","3","27","0.037037","harvestcraft:gingersnapsItem","0","",""
"roguelike","","loot_forest","ARMOUR","0","3","3","true","Marshmallows","1","1","3","27","0.037037","harvestcraft:marshmellowsItem","0","",""
"roguelike","","loot_forest","ARMOUR","0","3","3","true","Jellybeans","1","1","3","27","0.037037","harvestcraft:jellybeansItem","0","",""
"roguelike","","loot_forest","ARMOUR","0","3","3","true","Gummy Bears","1","1","3","27","0.037037","harvestcraft:gummybearsItem","0","",""
"roguelike","","loot_forest","ARMOUR","0","3","3","true","Mochi","1","1","3","27","0.037037","harvestcraft:mochiItem","0","",""
"roguelike","","loot_forest","ARMOUR","0","3","3","true","Chocolate Coin","1","1","3","27","0.037037","gregtech:gt.metaitem.01","32010","",""
"roguelike","","loot_forest","ARMOUR","0","3","3","true","Cranberry Sauce","1","1","3","27","0.037037","harvestcraft:cranberrysauceItem","0","",""
"roguelike","","loot_forest","ARMOUR","0","3","3","true","Peppermint","1","1","3","27","0.037037","harvestcraft:peppermintItem","0","",""
"roguelike","","loot_forest","ARMOUR","0","3","3","true","Pralines","1","1","3","27","0.037037","harvestcraft:pralinesItem","0","",""
"roguelike","","loot_forest","ARMOUR","0","3","3","true","Sesame Snaps","1","1","3","27","0.037037","harvestcraft:sesamesnapsItem","0","",""
"roguelike","","loot_forest","ARMOUR","0","3","3","true","Sweetwart","1","1","3","27","0.037037","WitchingGadgets:item.WG_MagicFood","0","",""
"roguelike","","loot_forest","ARMOUR","0","3","3","true","Sugary Dough","1","1","3","27","0.037037","gregtech:gt.metaitem.02","32212","",""
"roguelike","","loot_forest","ARMOUR","0","3","3","true","Sesame Ball","1","1","3","27","0.037037","harvestcraft:sesameballItem","0","",""
"roguelike","","loot_forest","ARMOUR","0","3","3","true","Marinated Cucumbers","1","1","3","27","0.037037","harvestcraft:marinatedcucumbersItem","0","",""
"roguelike","","loot_forest","ARMOUR","0","3","3","true","Sweet Pickle","1","1","3","27","0.037037","harvestcraft:sweetpickleItem","0","",""
"roguelike","","loot_forest","ARMOUR","0","3","3","true","Museli","1","1","3","27","0.037037","harvestcraft:museliItem","0","",""
"roguelike","","loot_forest","ARMOUR","0","3","3","true","Poached Pear","1","1","3","27","0.037037","harvestcraft:poachedpearItem","0","",""
"roguelike","","loot_forest","ARMOUR","0","3","3","true","Glazed Carrots","1","1","3","27","0.037037","harvestcraft:glazedcarrotsItem","0","",""
"roguelike","","loot_forest","FOOD","1","5","5","true","Blood Cookie","1","1","3","13","0.076923","BloodArsenal:blood_cookie","0","",""
"roguelike","","loot_forest","FOOD","1","5","5","true","Raisin Cookies","1","1","3","13","0.076923","harvestcraft:raisincookiesItem","0","",""
"roguelike","","loot_forest","FOOD","1","5","5","true","Juice and Cookies","1","1","3","13","0.076923","BloodArsenal:juice_and_cookies","0","",""
"roguelike","","loot_forest","FOOD","1","5","5","true","Cookie","1","1","3","13","0.076923","minecraft:cookie","0","",""
"roguelike","","loot_forest","FOOD","1","5","5","true","Chaos Cookie","1","1","3","13","0.076923","harvestcraft:chaoscookieItem","0","",""
"roguelike","","loot_forest","FOOD","1","5","5","true","Cream Cookie","1","1","3","13","0.076923","harvestcraft:creamcookieItem","0","",""
"roguelike","","loot_forest","FOOD","1","5","5","true","Peanut Butter Cookies","1","1","3","13","0.076923","harvestcraft:peanutbuttercookiesItem","0","",""
"roguelike","","loot_forest","FOOD","1","5","5","true","Chocolate Donut","1","1","3","13","0.076923","harvestcraft:chocolatedonutItem","0","",""
"roguelike","","loot_forest","FOOD","1","5","5","true","Cinnamon Sugar Donut","1","1","3","13","0.076923","harvestcraft:cinnamonsugardonutItem","0","",""
"roguelike","","loot_forest","FOOD","1","5","5","true","Donut","1","1","3","13","0.076923","harvestcraft:donutItem","0","",""
"roguelike","","loot_forest","FOOD","1","5","5","true","Frosted Donut","1","1","3","13","0.076923","harvestcraft:frosteddonutItem","0","",""
"roguelike","","loot_forest","FOOD","1","5","5","true","Jelly Donut","1","1","3","13","0.076923","harvestcraft:jellydonutItem","0","",""
"roguelike","","loot_forest","FOOD","1","5","5","true","Powdered Donut","1","1","3","13","0.076923","harvestcraft:powdereddonutItem","0","",""
"roguelike","","loot_forest","ARMOUR","1","3","3","true","Blood Cookie","1","1","3","13","0.076923","BloodArsenal:blood_cookie","0","",""
"roguelike","","loot_forest","ARMOUR","1","3","3","true","Raisin Cookies","1","1","3","13","0.076923","harvestcraft:raisincookiesItem","0","",""
"roguelike","","loot_forest","ARMOUR","1","3","3","true","Juice and Cookies","1","1","3","13","0.076923","BloodArsenal:juice_and_cookies","0","",""
"roguelike","","loot_forest","ARMOUR","1","3","3","true","Cookie","1","1","3","13","0.076923","minecraft:cookie","0","",""
"roguelike","","loot_forest","ARMOUR","1","3","3","true","Chaos Cookie","1","1","3","13","0.076923","harvestcraft:chaoscookieItem","0","",""
"roguelike","","loot_forest","ARMOUR","1","3","3","true","Cream Cookie","1","1","3","13","0.076923","harvestcraft:creamcookieItem","0","",""
"roguelike","","loot_forest","ARMOUR","1","3","3","true","Peanut Butter Cookies","1","1","3","13","0.076923","harvestcraft:peanutbuttercookiesItem","0","",""
"roguelike","","loot_forest","ARMOUR","1","3","3","true","Chocolate Donut","1","1","3","13","0.076923","harvestcraft:chocolatedonutItem","0","",""
"roguelike","","loot_forest","ARMOUR","1","3","3","true","Cinnamon Sugar Donut","1","1","3","13","0.076923","harvestcraft:cinnamonsugardonutItem","0","",""
"roguelike","","loot_forest","ARMOUR","1","3","3","true","Donut","1","1","3","13","0.076923","harvestcraft:donutItem","0","",""
"roguelike","","loot_forest","ARMOUR","1","3","3","true","Frosted Donut","1","1","3","13","0.076923","harvestcraft:frosteddonutItem","0","",""
"roguelike","","loot_forest","ARMOUR","1","3","3","true","Jelly Donut","1","1","3","13","0.076923","harvestcraft:jellydonutItem","0","",""
"roguelike","","loot_forest","ARMOUR","1","3","3","true","Powdered Donut","1","1","3","13","0.076923","harvestcraft:powdereddonutItem","0","",""
"roguelike","","loot_forest","FOOD","2","6","6","true","Cranberry Bar","1","1","3","23","0.043478","harvestcraft:cranberrybarItem","0","",""
"roguelike","","loot_forest","FOOD","2","6","6","true","Brownie","1","1","3","23","0.043478","harvestcraft:brownieItem","0","",""
"roguelike","","loot_forest","FOOD","2","6","6","true","Baklava","1","1","3","23","0.043478","harvestcraft:baklavaItem","0","",""
"roguelike","","loot_forest","FOOD","2","6","6","true","Gingered Rhubarb Tart","1","1","3","23","0.043478","harvestcraft:gingeredrhubarbtartItem","0","",""
"roguelike","","loot_forest","FOOD","2","6","6","true","Lemon Meringue","1","1","3","23","0.043478","harvestcraft:lemonmeringueItem","0","",""
"roguelike","","loot_forest","FOOD","2","6","6","true","Cinnamon Roll","1","1","3","23","0.043478","harvestcraft:cinnamonrollItem","0","",""
"roguelike","","loot_forest","FOOD","2","6","6","true","Cinnamon Apple Oatmeal","1","1","3","23","0.043478","harvestcraft:cinnamonappleoatmealItem","0","",""
"roguelike","","loot_forest","FOOD","2","6","6","true","Spice Bun","1","1","3","23","0.043478","harvestcraft:spicebunItem","0","",""
"roguelike","","loot_forest","FOOD","2","6","6","true","Fig Bar","1","1","3","23","0.043478","harvestcraft:figbarItem","0","",""
"roguelike","","loot_forest","FOOD","2","6","6","true","Manjuu","1","1","3","23","0.043478","harvestcraft:manjuuItem","0","",""
"roguelike","","loot_forest","FOOD","2","6","6","true","Jaffa","1","1","3","23","0.043478","harvestcraft:jaffaItem","0","",""
"roguelike","","loot_forest","FOOD","2","6","6","true","Tim Tam","1","1","3","23","0.043478","harvestcraft:timtamItem","0","",""
"roguelike","","loot_forest","FOOD","2","6","6","true","Baked Beans","1","1","3","23","0.043478","harvestcraft:bakedbeansItem","0","",""
"roguelike","","loot_forest","FOOD","2","6","6","true","General Tso's Chicken","1","1","3","23","0.043478","harvestcraft:generaltsochickenItem","0","",""
"roguelike","","loot_forest","FOOD","2","6","6","true","Orange Chicken","1","1","3","23","0.043478","harvestcraft:orangechickenItem","0","",""
"roguelike","","loot_forest","FOOD","2","6","6","true","Sunflower Broccoli Salad","1","1","3","23","0.043478","harvestcraft:sunflowerbroccolisaladItem","0","",""
"roguelike","","loot_forest","FOOD","2","6","6","true","Pineapple Ham","1","1","3","23","0.043478","harvestcraft:pineapplehamItem","0","",""
"roguelike","","loot_forest","FOOD","2","6","6","true","Lamb with Mint Sauce","1","1","3","23","0.043478","harvestcraft:lambwithmintsauceItem","0","",""
"roguelike","","loot_forest","FOOD","2","6","6","true","Baked Ham","1","1","3","23","0.043478","harvestcraft:bakedhamItem","0","",""
"roguelike","","loot_forest","FOOD","2","6","6","true","Lamb with Mint Sauce","1","1","3","23","0.043478","harvestcraft:lambwithmintsauceItem","0","",""
"roguelike","","loot_forest","FOOD","2","6","6","true","Sand Pear","1","1","3","23","0.043478","ExtraTrees:food","23","",""
"roguelike","","loot_forest","FOOD","2","6","6","true","Sand Pear","1","1","40","23","0.043478","ExtraTrees:food","23","",""
"roguelike","","loot_forest","FOOD","2","6","6","true","Marzipan","1","1","3","23","0.043478","harvestcraft:marzipanItem","0","",""
"roguelike","","loot_forest","ARMOUR","2","3","3","true","Cranberry Bar","1","1","3","23","0.043478","harvestcraft:cranberrybarItem","0","",""
"roguelike","","loot_forest","ARMOUR","2","3","3","true","Brownie","1","1","3","23","0.043478","harvestcraft:brownieItem","0","",""
"roguelike","","loot_forest","ARMOUR","2","3","3","true","Baklava","1","1","3","23","0.043478","harvestcraft:baklavaItem","0","",""
"roguelike","","loot_forest","ARMOUR","2","3","3","true","Gingered Rhubarb Tart","1","1","3","23","0.043478","harvestcraft:gingeredrhubarbtartItem","0","",""
"roguelike","","loot_forest","ARMOUR","2","3","3","true","Lemon Meringue","1","1","3","23","0.043478","harvestcraft:lemonmeringueItem","0","",""
"roguelike","","loot_forest","ARMOUR","2","3","3","true","Cinnamon Roll","1","1","3","23","0.043478","harvestcraft:cinnamonrollItem","0","",""
"roguelike","","loot_forest","ARMOUR","2","3","3","true","Cinnamon Apple Oatmeal","1","1","3","23","0.043478","harvestcraft:cinnamonappleoatmealItem","0","",""
"roguelike","","loot_forest","ARMOUR","2","3","3","true","Spice Bun","1","1","3","23","0.043478","harvestcraft:spicebunItem","0","",""
"roguelike","","loot_forest","ARMOUR","2","3","3","true","Fig Bar","1","1","3","23","0.043478","harvestcraft:figbarItem","0","",""
"roguelike","","loot_forest","ARMOUR","2","3","3","true","Manjuu","1","1","3","23","0.043478","harvestcraft:manjuuItem","0","",""
"roguelike","","loot_forest","ARMOUR","2","3","3","true","Jaffa","1","1","3","23","0.043478","harvestcraft:jaffaItem","0","",""
"roguelike","","loot_forest","ARMOUR","2","3","3","true","Tim Tam","1","1","3","23","0.043478","harvestcraft:timtamItem","0","",""
"roguelike","","loot_forest","ARMOUR","2","3","3","true","Baked Beans","1","1","3","23","0.043478","harvestcraft:bakedbeansItem","0","",""
"roguelike","","loot_forest","ARMOUR","2","3","3","true","General Tso's Chicken","1","1","3","23","0.043478","harvestcraft:generaltsochickenItem","0","",""
"roguelike","","loot_forest","ARMOUR","2","3","3","true","Orange Chicken","1","1","3","23","0.043478","harvestcraft:orangechickenItem","0","",""
"roguelike","","loot_forest","ARMOUR","2","3","3","true","Sunflower Broccoli Salad","1","1","3","23","0.043478","harvestcraft:sunflowerbroccolisaladItem","0","",""
"roguelike","","loot_forest","ARMOUR","2","3","3","true","Pineapple Ham","1","1","3","23","0.043478","harvestcraft:pineapplehamItem","0","",""
"roguelike","","loot_forest","ARMOUR","2","3","3","true","Lamb with Mint Sauce","1","1","3","23","0.043478","harvestcraft:lambwithmintsauceItem","0","",""
"roguelike","","loot_forest","ARMOUR","2","3","3","true","Baked Ham","1","1","3","23","0.043478","harvestcraft:bakedhamItem","0","",""
"roguelike","","loot_forest","ARMOUR","2","3","3","true","Lamb with Mint Sauce","1","1","3","23","0.043478","harvestcraft:lambwithmintsauceItem","0","",""
"roguelike","","loot_forest","ARMOUR","2","3","3","true","Sand Pear","1","1","3","23","0.043478","ExtraTrees:food","23","",""
"roguelike","","loot_forest","ARMOUR","2","3","3","true","Sand Pear","1","1","40","23","0.043478","ExtraTrees:food","23","",""
"roguelike","","loot_forest","ARMOUR","2","3","3","true","Marzipan","1","1","3","23","0.043478","harvestcraft:marzipanItem","0","",""
"roguelike","","loot_forest","FOOD","3","6","6","true","Chicken Pot Pie","1","1","3","19","0.052632","harvestcraft:chickenpotpieItem","0","",""
"roguelike","","loot_forest","FOOD","3","6","6","true","Cherry Pie","1","1","3","19","0.052632","harvestcraft:cherrypieItem","0","",""
"roguelike","","loot_forest","FOOD","3","6","6","true","Cottage Pie","1","1","3","19","0.052632","harvestcraft:cottagepieItem","0","",""
"roguelike","","loot_forest","FOOD","3","6","6","true","Gooseberry Pie","1","1","3","19","0.052632","harvestcraft:gooseberrypieItem","0","",""
"roguelike","","loot_forest","FOOD","3","6","6","true","Keylime Pie","1","1","3","19","0.052632","harvestcraft:keylimepieItem","0","",""
"roguelike","","loot_forest","FOOD","3","6","6","true","Meat Pie","1","1","3","19","0.052632","harvestcraft:meatpieItem","0","",""
"roguelike","","loot_forest","FOOD","3","6","6","true","Mince Pie","1","1","3","19","0.052632","harvestcraft:mincepieItem","0","",""
"roguelike","","loot_forest","FOOD","3","6","6","true","Pecan Pie","1","1","3","19","0.052632","harvestcraft:pecanpieItem","0","",""
"roguelike","","loot_forest","FOOD","3","6","6","true","Raspberry Pie","1","1","3","19","0.052632","harvestcraft:raspberrypieItem","0","",""
"roguelike","","loot_forest","FOOD","3","6","6","true","Shepherd's Pie","1","1","3","19","0.052632","harvestcraft:shepardspieItem","0","",""
"roguelike","","loot_forest","FOOD","3","6","6","true","Spinach Pie","1","1","3","19","0.052632","harvestcraft:spinachpieItem","0","",""
"roguelike","","loot_forest","FOOD","3","6","6","true","Strawberry Pie","1","1","3","19","0.052632","harvestcraft:strawberrypieItem","0","",""
"roguelike","","loot_forest","FOOD","3","6","6","true","Sweet Potato Pie","1","1","3","19","0.052632","harvestcraft:sweetpotatopieItem","0","",""
"roguelike","","loot_forest","FOOD","3","6","6","true","Apple Pie","1","1","3","19","0.052632","harvestcraft:applepieItem","0","",""
"roguelike","","loot_forest","FOOD","3","6","6","true","Blueberry Pie","1","1","3","19","0.052632","harvestcraft:blueberrypieItem","0","",""
"roguelike","","loot_forest","FOOD","3","6","6","true","Cheesecake","1","1","3","19","0.052632","harvestcraft:cheesecakeItem","0","",""
"roguelike","","loot_forest","FOOD","3","6","6","true","Nethercake","1","1","3","19","0.052632","WitchingGadgets:item.WG_MagicFood","1","",""
"roguelike","","loot_forest","FOOD","3","6","6","true","Pumpkin Pie","1","1","3","19","0.052632","minecraft:pumpkin_pie","0","",""
"roguelike","","loot_forest","FOOD","3","6","6","true","Cheesecake","1","1","3","19","0.052632","harvestcraft:cheesecakeItem","0","",""
"roguelike","","loot_forest","ARMOUR","3","3","3","true","Chicken Pot Pie","1","1","3","19","0.052632","harvestcraft:chickenpotpieItem","0","",""
"roguelike","","loot_forest","ARMOUR","3","3","3","true","Cherry Pie","1","1","3","19","0.052632","harvestcraft:cherrypieItem","0","",""
"roguelike","","loot_forest","ARMOUR","3","3","3","true","Cottage Pie","1","1","3","19","0.052632","harvestcraft:cottagepieItem","0","",""
"roguelike","","loot_forest","ARMOUR","3","3","3","true","Gooseberry Pie","1","1","3","19","0.052632","harvestcraft:gooseberrypieItem","0","",""
"roguelike","","loot_forest","ARMOUR","3","3","3","true","Keylime Pie","1","1","3","19","0.052632","harvestcraft:keylimepieItem","0","",""
"roguelike","","loot_forest","ARMOUR","3","3","3","true","Meat Pie","1","1","3","19","0.052632","harvestcraft:meatpieItem","0","",""
"roguelike","","loot_forest","ARMOUR","3","3","3","true","Mince Pie","1","1","3","19","0.052632","harvestcraft:mincepieItem","0","",""
"roguelike","","loot_forest","ARMOUR","3","3","3","true","Pecan Pie","1","1","3","19","0.052632","harvestcraft:pecanpieItem","0","",""
"roguelike","","loot_forest","ARMOUR","3","3","3","true","Raspberry Pie","1","1","3","19","0.052632","harvestcraft:raspberrypieItem","0","",""
"roguelike","","loot_forest","ARMOUR","3","3","3","true","Shepherd's Pie","1","1","3","19","0.052632","harvestcraft:shepardspieItem","0","",""
"roguelike","","loot_forest","ARMOUR","3","3","3","true","Spinach Pie","1","1","3","19","0.052632","harvestcraft:spinachpieItem","0","",""
"roguelike","","loot_forest","ARMOUR","3","3","3","true","Strawberry Pie","1","1","3","19","0.052632","harvestcraft:strawberrypieItem","0","",""
"roguelike","","loot_forest","ARMOUR","3","3","3","true","Sweet Potato Pie","1","1","3","19","0.052632","harvestcraft:sweetpotatopieItem","0","",""
"roguelike","","loot_forest","ARMOUR","3","3","3","true","Apple Pie","1","1","3","19","0.052632","harvestcraft:applepieItem","0","",""
"roguelike","","loot_forest","ARMOUR","3","3","3","true","Blueberry Pie","1","1","3","19","0.052632","harvestcraft:blueberrypieItem","0","",""
"roguelike","","loot_forest","ARMOUR","3","3","3","true","Cheesecake","1","1","3","19","0.052632","harvestcraft:cheesecakeItem","0","",""
"roguelike","","loot_forest","ARMOUR","3","3","3","true","Nethercake","1","1","3","19","0.052632","WitchingGadgets:item.WG_MagicFood","1","",""
"roguelike","","loot_forest","ARMOUR","3","3","3","true","Pumpkin Pie","1","1","3","19","0.052632","minecraft:pumpkin_pie","0","",""
"roguelike","","loot_forest","ARMOUR","3","3","3","true","Cheesecake","1","1","3","19","0.052632","harvestcraft:cheesecakeItem","0","",""
"roguelike","","loot_forest","FOOD","4","6","6","true","Cake","1","1","2","16","0.062500","minecraft:cake","0","",""
"roguelike","","loot_forest","FOOD","4","6","6","true","Rice Cake","1","1","2","16","0.062500","harvestcraft:ricecakeItem","0","",""
"roguelike","","loot_forest","FOOD","4","6","6","true","Red Velvet Cake","1","1","2","16","0.062500","harvestcraft:redvelvetcakeItem","0","",""
"roguelike","","loot_forest","FOOD","4","6","6","true","Pumpkin Cheesecake","1","1","2","16","0.062500","harvestcraft:pumpkincheesecakeItem","0","",""
"roguelike","","loot_forest","FOOD","4","6","6","true","Potato Cakes","1","1","2","16","0.062500","harvestcraft:potatocakesItem","0","",""
"roguelike","","loot_forest","FOOD","4","6","6","true","Pineapple Upsidedown Cake","1","1","2","16","0.062500","harvestcraft:pineappleupsidedowncakeItem","0","",""
"roguelike","","loot_forest","FOOD","4","6","6","true","Pancakes","1","1","2","16","0.062500","harvestcraft:pancakesItem","0","",""
"roguelike","","loot_forest","FOOD","4","6","6","true","Maple Syrup Pancakes","1","1","2","16","0.062500","harvestcraft:maplesyruppancakesItem","0","",""
"roguelike","","loot_forest","FOOD","4","6","6","true","Holiday Cake","1","1","2","16","0.062500","harvestcraft:holidaycakeItem","0","",""
"roguelike","","loot_forest","FOOD","4","6","6","true","Chocolate Sprinkles Cake","1","1","2","16","0.062500","harvestcraft:chocolatesprinklecakeItem","0","",""
"roguelike","","loot_forest","FOOD","4","6","6","true","Cherry Cheesecake","1","1","2","16","0.062500","harvestcraft:cherrycheesecakeItem","0","",""
"roguelike","","loot_forest","FOOD","4","6","6","true","Cheesecake","1","1","2","16","0.062500","harvestcraft:cheesecakeItem","0","",""
"roguelike","","loot_forest","FOOD","4","6","6","true","Blueberry Pancakes","1","1","2","16","0.062500","harvestcraft:blueberrypancakesItem","0","",""
"roguelike","","loot_forest","FOOD","4","6","6","true","Carrot Cake","1","1","2","16","0.062500","harvestcraft:pamcarrotCake","0","",""
"roguelike","","loot_forest","FOOD","4","6","6","true","Cheesecake","1","1","2","16","0.062500","harvestcraft:cheesecakeItem","0","",""
"roguelike","","loot_forest","FOOD","4","6","6","true","Carrot Cake","1","1","2","16","0.062500","harvestcraft:carrotcakeItem","0","",""
"roguelike","","loot_forest","ARMOUR","4","4","4","true","Cake","1","1","2","16","0.062500","minecraft:cake","0","",""
"roguelike","","loot_forest","ARMOUR","4","4","4","true","Rice Cake","1","1","2","16","0.062500","harvestcraft:ricecakeItem","0","",""
"roguelike","","loot_forest","ARMOUR","4","4","4","true","Red Velvet Cake","1","1","2","16","0.062500","harvestcraft:redvelvetcakeItem","0","",""
"roguelike","","loot_forest","ARMOUR","4","4","4","true","Pumpkin Cheesecake","1","1","2","16","0.062500","harvestcraft:pumpkincheesecakeItem","0","",""
"roguelike","","loot_forest","ARMOUR","4","4","4","true","Potato Cakes","1","1","2","16","0.062500","harvestcraft:potatocakesItem","0","",""
"roguelike","","loot_forest","ARMOUR","4","4","4","true","Pineapple Upsidedown Cake","1","1","2","16","0.062500","harvestcraft:pineappleupsidedowncakeItem","0","",""
"roguelike","","loot_forest","ARMOUR","4","4","4","true","Pancakes","1","1","2","16","0.062500","harvestcraft:pancakesItem","0","",""
"roguelike","","loot_forest","ARMOUR","4","4","4","true","Maple Syrup Pancakes","1","1","2","16","0.062500","harvestcraft:maplesyruppancakesItem","0","",""
"roguelike","","loot_forest","ARMOUR","4","4","4","true","Holiday Cake","1","1","2","16","0.062500","harvestcraft:holidaycakeItem","0","",""
"roguelike","","loot_forest","ARMOUR","4","4","4","true","Chocolate Sprinkles Cake","1","1","2","16","0.062500","harvestcraft:chocolatesprinklecakeItem","0","",""
"roguelike","","loot_forest","ARMOUR","4","4","4","true","Cherry Cheesecake","1","1","2","16","0.062500","harvestcraft:cherrycheesecakeItem","0","",""
"roguelike","","loot_forest","ARMOUR","4","4","4","true","Cheesecake","1","1","2","16","0.062500","harvestcraft:cheesecakeItem","0","",""
"roguelike","","loot_forest","ARMOUR","4","4","4","true","Blueberry Pancakes","1","1","2","16","0.062500","harvestcraft:blueberrypancakesItem","0","",""
"roguelike","","loot_forest","ARMOUR","4","4","4","true","Carrot Cake","1","1","2","16","0.062500","harvestcraft:pamcarrotCake","0","",""
"roguelike","","loot_forest","ARMOUR","4","4","4","true","Cheesecake","1","1","2","16","0.062500","harvestcraft:cheesecakeItem","0","",""
"roguelike","","loot_forest","ARMOUR","4","4","4","true","Carrot Cake","1","1","2","16","0.062500","harvestcraft:carrotcakeItem","0","",""
"roguelike","","loot_ice","FOOD","0","5","5","true","Apple Smoothie","1","1","3","27","0.037037","harvestcraft:applesmoothieItem","0","",""
"roguelike","","loot_ice","FOOD","0","5","5","true","Apricot Smoothie","1","1","3","27","0.037037","harvestcraft:apricotsmoothieItem","0","",""
"roguelike","","loot_ice","FOOD","0","5","5","true","Banana Smoothie","1","1","3","27","0.037037","harvestcraft:bananasmoothieItem","0","",""
"roguelike","","loot_ice","FOOD","0","5","5","true","Blackberry Smoothie","1","1","3","27","0.037037","harvestcraft:blackberrysmoothieItem","0","",""
"roguelike","","loot_ice","FOOD","0","5","5","true","Blueberry Smoothie","1","1","3","27","0.037037","harvestcraft:blueberrysmoothieItem","0","",""
"roguelike","","loot_ice","FOOD","0","5","5","true","Cherry Smoothie","1","1","3","27","0.037037","harvestcraft:cherrysmoothieItem","0","",""
"roguelike","","loot_ice","FOOD","0","5","5","true","Coconut Smoothie","1","1","3","27","0.037037","harvestcraft:coconutsmoothieItem","0","",""
"roguelike","","loot_ice","FOOD","0","5","5","true","Cranberry Smoothie","1","1","3","27","0.037037","harvestcraft:cranberrysmoothieItem","0","",""
"roguelike","","loot_ice","FOOD","0","5","5","true","Fig Smoothie","1","1","3","27","0.037037","harvestcraft:figsmoothieItem","0","",""
"roguelike","","loot_ice","FOOD","0","5","5","true","Gooseberry Smoothie","1","1","3","27","0.037037","harvestcraft:gooseberrysmoothieItem","0","",""
"roguelike","","loot_ice","FOOD","0","5","5","true","Grapefruit Smoothie","1","1","3","27","0.037037","harvestcraft:grapefruitsmoothieItem","0","",""
"roguelike","","loot_ice","FOOD","0","5","5","true","Grape Smoothie","1","1","3","27","0.037037","harvestcraft:grapesmoothieItem","0","",""
"roguelike","","loot_ice","FOOD","0","5","5","true","Kiwi Smoothie","1","1","3","27","0.037037","harvestcraft:kiwismoothieItem","0","",""
"roguelike","","loot_ice","FOOD","0","5","5","true","Lemon Smoothie","1","1","3","27","0.037037","harvestcraft:lemonsmoothieItem","0","",""
"roguelike","","loot_ice","FOOD","0","5","5","true","Lime Smoothie","1","1","3","27","0.037037","harvestcraft:limesmoothieItem","0","",""
"roguelike","","loot_ice","FOOD","0","5","5","true","Mango Smoothie","1","1","3","27","0.037037","harvestcraft:mangosmoothieItem","0","",""
"roguelike","","loot_ice","FOOD","0","5","5","true","Melon Smoothie","1","1","3","27","0.037037","harvestcraft:melonsmoothieItem","0","",""
"roguelike","","loot_ice","FOOD","0","5","5","true","Orange Smoothie","1","1","3","27","0.037037","harvestcraft:orangesmoothieItem","0","",""
"roguelike","","loot_ice","FOOD","0","5","5","true","Papaya Smoothie","1","1","3","27","0.037037","harvestcraft:papayasmoothieItem","0","",""
"roguelike","","loot_ice","FOOD","0","5","5","true","Peach Smoothie","1","1","3","27","0.037037","harvestcraft:peachsmoothieItem","0","",""
"roguelike","","loot_ice","FOOD","0","5","5","true","Pear Smoothie","1","1","3","27","0.037037","harvestcraft:pearsmoothieItem","0","",""
"roguelike","","loot_ice","FOOD","0","5","5","true","Persimmon Smoothie","1","1","3","27","0.037037","harvestcraft:persimmonsmoothieItem","0","",""
"roguelike","","loot_ice","FOOD","0","5","5","true","Plum Smoothie","1","1","3","27","0.037037","harvestcraft:plumsmoothieItem","0","",""
"roguelike","","loot_ice","FOOD","0","5","5","true","Pomegranate Smoothie","1","1","3","27","0.037037","harvestcraft:pomegranatesmoothieItem","0","",""
"roguelike","","loot_ice","FOOD","0","5","5","true","Raspberry Smoothie","1","1","3","27","0.037037","harvestcraft:raspberrysmoothieItem","0","",""
"roguelike","","loot_ice","FOOD","0","5","5","true","Starfruit Smoothie","1","1","3","27","0.037037","harvestcraft:starfruitsmoothieItem","0","",""
"roguelike","","loot_ice","FOOD","0","5","5","true","Strawberry Smoothie","1","1","3","27","0.037037","harvestcraft:strawberrysmoothieItem","0","",""
"roguelike","","loot_ice","ARMOUR","0","3","3","true","Apple Smoothie","1","1","3","27","0.037037","harvestcraft:applesmoothieItem","0","",""
"roguelike","","loot_ice","ARMOUR","0","3","3","true","Apricot Smoothie","1","1","3","27","0.037037","harvestcraft:apricotsmoothieItem","0","",""
"roguelike","","loot_ice","ARMOUR","0","3","3","true","Banana Smoothie","1","1","3","27","0.037037","harvestcraft:bananasmoothieItem","0","",""
"roguelike","","loot_ice","ARMOUR","0","3","3","true","Blackberry Smoothie","1","1","3","27","0.037037","harvestcraft:blackberrysmoothieItem","0","",""
"roguelike","","loot_ice","ARMOUR","0","3","3","true","Blueberry Smoothie","1","1","3","27","0.037037","harvestcraft:blueberrysmoothieItem","0","",""
"roguelike","","loot_ice","ARMOUR","0","3","3","true","Cherry Smoothie","1","1","3","27","0.037037","harvestcraft:cherrysmoothieItem","0","",""
"roguelike","","loot_ice","ARMOUR","0","3","3","true","Coconut Smoothie","1","1","3","27","0.037037","harvestcraft:coconutsmoothieItem","0","",""
"roguelike","","loot_ice","ARMOUR","0","3","3","true","Cranberry Smoothie","1","1","3","27","0.037037","harvestcraft:cranberrysmoothieItem","0","",""
"roguelike","","loot_ice","ARMOUR","0","3","3","true","Fig Smoothie","1","1","3","27","0.037037","harvestcraft:figsmoothieItem","0","",""
"roguelike","","loot_ice","ARMOUR","0","3","3","true","Gooseberry Smoothie","1","1","3","27","0.037037","harvestcraft:gooseberrysmoothieItem","0","",""
"roguelike","","loot_ice","ARMOUR","0","3","3","true","Grapefruit Smoothie","1","1","3","27","0.037037","harvestcraft:grapefruitsmoothieItem","0","",""
"roguelike","","loot_ice","ARMOUR","0","3","3","true","Grape Smoothie","1","1","3","27","0.037037","harvestcraft:grapesmoothieItem","0","",""
"roguelike","","loot_ice","ARMOUR","0","3","3","true","Kiwi Smoothie","1","1","3","27","0.037037","harvestcraft:kiwismoothieItem","0","",""
"roguelike","","loot_ice","ARMOUR","0","3","3","true","Lemon Smoothie","1","1","3","27","0.037037","harvestcraft:lemonsmoothieItem","0","",""
"roguelike","","loot_ice","ARMOUR","0","3","3","true","Lime Smoothie","1","1","3","27","0.037037","harvestcraft:limesmoothieItem","0","",""
"roguelike","","loot_ice","ARMOUR","0","3","3","true","Mango Smoothie","1","1","3","27","0.037037","harvestcraft:mangosmoothieItem","0","",""
"roguelike","","loot_ice","ARMOUR","0","3","3","true","Melon Smoothie","1","1","3","27","0.037037","harvestcraft:melonsmoothieItem","0","",""
"roguelike","","loot_ice","ARMOUR","0","3","3","true","Orange Smoothie","1","1","3","27","0.037037","harvestcraft:orangesmoothieItem","0","",""
"roguelike","","loot_ice","ARMOUR","0","3","3","true","Papaya Smoothie","1","1","3","27","0.037037","harvestcraft:papayasmoothieItem","0","",""
"roguelike","","loot_ice","ARMOUR","0","3","3","true","Peach Smoothie","1","1","3","27","0.037037","harvestcraft:peachsmoothieItem","0","",""
"roguelike","","loot_ice","ARMOUR","0","3","3","true","Pear Smoothie","1","1","3","27","0.037037","harvestcraft:pearsmoothieItem","0","",""
"roguelike","","loot_ice","ARMOUR","0","3","3","true","Persimmon Smoothie","1","1","3","27","0.037037","harvestcraft:persimmonsmoothieItem","0","",""
"roguelike","","loot_ice","ARMOUR","0","3","3","true","Plum Smoothie","1","1","3","27","0.037037","harvestcraft:plumsmoothieItem","0","",""
"roguelike","","loot_ice","ARMOUR","0","3","3","true","Pomegranate Smoothie","1","1","3","27","0.037037","harvestcraft:pomegranatesmoothieItem","0","",""
"roguelike","","loot_ice","ARMOUR","0","3","3","true","Raspberry Smoothie","1","1","3","27","0.037037","harvestcraft:raspberrysmoothieItem","0","",""
"roguelike","","loot_ice","ARMOUR","0","3","3","true","Starfruit Smoothie","1","1","3","27","0.037037","harvestcraft:starfruitsmoothieItem","0","",""
"roguelike","","loot_ice","ARMOUR","0","3","3","true","Strawberry Smoothie","1","1","3","27","0.037037","harvestcraft:strawberrysmoothieItem","0","",""
"roguelike","","loot_ice","FOOD","1","5","5","true","Chocolate Ice Cream","1","1","3","12","0.083333","ThaumicHorizons:iceCream","0","",""
"roguelike","","loot_ice","FOOD","1","5","5","true","Caramel Ice Cream","1","1","3","12","0.083333","harvestcraft:caramelicecreamItem","0","",""
"roguelike","","loot_ice","FOOD","1","5","5","true","Cherry Ice Cream","1","1","3","12","0.083333","harvestcraft:cherryicecreamItem","0","",""
"roguelike","","loot_ice","FOOD","1","5","5","true","Chocolate Ice Cream","1","1","3","12","0.083333","harvestcraft:chocolateicecreamItem","0","",""
"roguelike","","loot_ice","FOOD","1","5","5","true","Ice Cream","1","1","3","12","0.083333","harvestcraft:icecreamItem","0","",""
"roguelike","","loot_ice","FOOD","1","5","5","true","Cherry Smoothie","1","1","3","12","0.083333","harvestcraft:cherrysmoothieItem","0","",""
"roguelike","","loot_ice","FOOD","1","5","5","true","Mocha Ice Cream","1","1","3","12","0.083333","harvestcraft:mochaicecreamItem","0","",""
"roguelike","","loot_ice","FOOD","1","5","5","true","Neapolitan Ice Cream","1","1","3","12","0.083333","harvestcraft:neapolitanicecreamItem","0","",""
"roguelike","","loot_ice","FOOD","1","5","5","true","Pistachio Ice Cream","1","1","3","12","0.083333","harvestcraft:pistachioicecreamItem","0","",""
"roguelike","","loot_ice","FOOD","1","5","5","true","Spumoni Ice Cream","1","1","3","12","0.083333","harvestcraft:spumoniicecreamItem","0","",""
"roguelike","","loot_ice","FOOD","1","5","5","true","Strawberry Ice Cream","1","1","3","12","0.083333","harvestcraft:strawberryicecreamItem","0","",""
"roguelike","","loot_ice","FOOD","1","5","5","true","Vanilla Ice Cream","1","1","3","12","0.083333","harvestcraft:vanillaicecreamItem","0","",""
"roguelike","","loot_ice","ARMOUR","1","3","3","true","Chocolate Ice Cream","1","1","3","12","0.083333","ThaumicHorizons:iceCream","0","",""
"roguelike","","loot_ice","ARMOUR","1","3","3","true","Caramel Ice Cream","1","1","3","12","0.083333","harvestcraft:caramelicecreamItem","0","",""
"roguelike","","loot_ice","ARMOUR","1","3","3","true","Cherry Ice Cream","1","1","3","12","0.083333","harvestcraft:cherryicecreamItem","0","",""
"roguelike","","loot_ice","ARMOUR","1","3","3","true","Chocolate Ice Cream","1","1","3","12","0.083333","harvestcraft:chocolateicecreamItem","0","",""
"roguelike","","loot_ice","ARMOUR","1","3","3","true","Ice Cream","1","1","3","12","0.083333","harvestcraft:icecreamItem","0","",""
"roguelike","","loot_ice","ARMOUR","1","3","3","true","Cherry Smoothie","1","1","3","12","0.083333","harvestcraft:cherrysmoothieItem","0","",""
"roguelike","","loot_ice","ARMOUR","1","3","3","true","Mocha Ice Cream","1","1","3","12","0.083333","harvestcraft:mochaicecreamItem","0","",""
"roguelike","","loot_ice","ARMOUR","1","3","3","true","Neapolitan Ice Cream","1","1","3","12","0.083333","harvestcraft:neapolitanicecreamItem","0","",""
"roguelike","","loot_ice","ARMOUR","1","3","3","true","Pistachio Ice Cream","1","1","3","12","0.083333","harvestcraft:pistachioicecreamItem","0","",""
"roguelike","","loot_ice","ARMOUR","1","3","3","true","Spumoni Ice Cream","1","1","3","12","0.083333","harvestcraft:spumoniicecreamItem","0","",""
"roguelike","","loot_ice","ARMOUR","1","3","3","true","Strawberry Ice Cream","1","1","3","12","0.083333","harvestcraft:strawberryicecreamItem","0","",""
"roguelike","","loot_ice","ARMOUR","1","3","3","true","Vanilla Ice Cream","1","1","3","12","0.083333","harvestcraft:vanillaicecreamItem","0","",""
"roguelike","","loot_ice","FOOD","2","6","6","true","Toast","1","1","3","8","0.125000","cookingforblockheads:toast","0","",""
"roguelike","","loot_ice","FOOD","2","6","6","true","Beans on Toast","1","1","3","8","0.125000","harvestcraft:beansontoastItem","0","",""
"roguelike","","loot_ice","FOOD","2","6","6","true","Cheese on Toast","1","1","3","8","0.125000","harvestcraft:cheeseontoastItem","0","",""
"roguelike","","loot_ice","FOOD","2","6","6","true","French Toast","1","1","3","8","0.125000","harvestcraft:frenchtoastItem","0","",""
"roguelike","","loot_ice","FOOD","2","6","6","true","Toast","1","1","3","8","0.125000","harvestcraft:toastItem","0","",""
"roguelike","","loot_ice","FOOD","2","6","6","true","Toasted Coconut","1","1","3","8","0.125000","harvestcraft:toastedcoconutItem","0","",""
"roguelike","","loot_ice","FOOD","2","6","6","true","Toast Sandwich","1","1","3","8","0.125000","harvestcraft:toastsandwichItem","0","",""
"roguelike","","loot_ice","FOOD","2","6","6","true","Vegemite on Toast","1","1","3","8","0.125000","harvestcraft:vegemiteontoastItem","0","",""
"roguelike","","loot_ice","ARMOUR","2","3","3","true","Toast","1","1","3","8","0.125000","cookingforblockheads:toast","0","",""
"roguelike","","loot_ice","ARMOUR","2","3","3","true","Beans on Toast","1","1","3","8","0.125000","harvestcraft:beansontoastItem","0","",""
"roguelike","","loot_ice","ARMOUR","2","3","3","true","Cheese on Toast","1","1","3","8","0.125000","harvestcraft:cheeseontoastItem","0","",""
"roguelike","","loot_ice","ARMOUR","2","3","3","true","French Toast","1","1","3","8","0.125000","harvestcraft:frenchtoastItem","0","",""
"roguelike","","loot_ice","ARMOUR","2","3","3","true","Toast","1","1","3","8","0.125000","harvestcraft:toastItem","0","",""
"roguelike","","loot_ice","ARMOUR","2","3","3","true","Toasted Coconut","1","1","3","8","0.125000","harvestcraft:toastedcoconutItem","0","",""
"roguelike","","loot_ice","ARMOUR","2","3","3","true","Toast Sandwich","1","1","3","8","0.125000","harvestcraft:toastsandwichItem","0","",""
"roguelike","","loot_ice","ARMOUR","2","3","3","true","Vegemite on Toast","1","1","3","8","0.125000","harvestcraft:vegemiteontoastItem","0","",""
"roguelike","","loot_ice","FOOD","3","6","6","true","Spaghetti","1","1","3","7","0.142857","harvestcraft:spagettiItem","0","",""
"roguelike","","loot_ice","FOOD","3","6","6","true","Spaghetti and Meatballs","1","1","3","7","0.142857","harvestcraft:spagettiandmeatballsItem","0","",""
"roguelike","","loot_ice","FOOD","3","6","6","true","French Toast","1","1","3","7","0.142857","harvestcraft:frenchtoastItem","0","",""
"roguelike","","loot_ice","FOOD","3","6","6","true","Chicken Parmesan","1","1","3","7","0.142857","harvestcraft:chickenparmasanItem","0","",""
"roguelike","","loot_ice","FOOD","3","6","6","true","Ceasar Salad","1","1","3","7","0.142857","harvestcraft:ceasarsaladItem","0","",""
"roguelike","","loot_ice","FOOD","3","6","6","true","Mushroom Risotto","1","1","3","7","0.142857","harvestcraft:mushroomrisottoItem","0","",""
"roguelike","","loot_ice","FOOD","3","6","6","true","Eggplant Parm","1","1","3","7","0.142857","harvestcraft:eggplantparmItem","0","",""
"roguelike","","loot_ice","ARMOUR","3","4","4","true","Spaghetti","1","1","3","7","0.142857","harvestcraft:spagettiItem","0","",""
"roguelike","","loot_ice","ARMOUR","3","4","4","true","Spaghetti and Meatballs","1","1","3","7","0.142857","harvestcraft:spagettiandmeatballsItem","0","",""
"roguelike","","loot_ice","ARMOUR","3","4","4","true","French Toast","1","1","3","7","0.142857","harvestcraft:frenchtoastItem","0","",""
"roguelike","","loot_ice","ARMOUR","3","4","4","true","Chicken Parmesan","1","1","3","7","0.142857","harvestcraft:chickenparmasanItem","0","",""
"roguelike","","loot_ice","ARMOUR","3","4","4","true","Ceasar Salad","1","1","3","7","0.142857","harvestcraft:ceasarsaladItem","0","",""
"roguelike","","loot_ice","ARMOUR","3","4","4","true","Mushroom Risotto","1","1","3","7","0.142857","harvestcraft:mushroomrisottoItem","0","",""
"roguelike","","loot_ice","ARMOUR","3","4","4","true","Eggplant Parm","1","1","3","7","0.142857","harvestcraft:eggplantparmItem","0","",""
"roguelike","","loot_ice","FOOD","4","6","6","true","Random Taco","1","1","3","7","0.142857","harvestcraft:randomtacoItem","0","",""
"roguelike","","loot_ice","FOOD","4","6","6","true","Taco","1","1","3","7","0.142857","harvestcraft:tacoItem","0","",""
"roguelike","","loot_ice","FOOD","4","6","6","true","Fish Taco","1","1","3","7","0.142857","harvestcraft:fishtacoItem","0","",""
"roguelike","","loot_ice","FOOD","4","6","6","true","Avocado Burrito","1","1","3","7","0.142857","harvestcraft:avocadoburritoItem","0","",""
"roguelike","","loot_ice","FOOD","4","6","6","true","Bean Burrito","1","1","3","7","0.142857","harvestcraft:beanburritoItem","0","",""
"roguelike","","loot_ice","FOOD","4","6","6","true","Nachoes","1","1","3","7","0.142857","harvestcraft:nachoesItem","0","",""
"roguelike","","loot_ice","FOOD","4","6","6","true","Hearty Breakfast","1","1","3","7","0.142857","harvestcraft:heartybreakfastItem","0","",""
"roguelike","","loot_ice","ARMOUR","4","4","4","true","Random Taco","1","1","3","7","0.142857","harvestcraft:randomtacoItem","0","",""
"roguelike","","loot_ice","ARMOUR","4","4","4","true","Taco","1","1","3","7","0.142857","harvestcraft:tacoItem","0","",""
"roguelike","","loot_ice","ARMOUR","4","4","4","true","Fish Taco","1","1","3","7","0.142857","harvestcraft:fishtacoItem","0","",""
"roguelike","","loot_ice","ARMOUR","4","4","4","true","Avocado Burrito","1","1","3","7","0.142857","harvestcraft:avocadoburritoItem","0","",""
"roguelike","","loot_ice","ARMOUR","4","4","4","true","Bean Burrito","1","1","3","7","0.142857","harvestcraft:beanburritoItem","0","",""
"roguelike","","loot_ice","ARMOUR","4","4","4","true","Nachoes","1","1","3","7","0.142857","harvestcraft:nachoesItem","0","",""
"roguelike","","loot_ice","ARMOUR","4","4","4","true","Hearty Breakfast","1","1","3","7","0.142857","harvestcraft:heartybreakfastItem","0","",""
"roguelike","","loot_jungle","FOOD","0","5","5","true","Mango Jelly","10","1","3","240","0.041667","harvestcraft:mangojellyItem","0","",""
"roguelike","","loot_jungle","FOOD","0","5","5","true","Orange Jelly","10","1","3","240","0.041667","harvestcraft:orangejellyItem","0","",""
"roguelike","","loot_jungle","FOOD","0","5","5","true","Papaya Jelly","10","1","3","240","0.041667","harvestcraft:papayajellyItem","0","",""
"roguelike","","loot_jungle","FOOD","0","5","5","true","Peach Jelly","10","1","3","240","0.041667","harvestcraft:peachjellyItem","0","",""
"roguelike","","loot_jungle","FOOD","0","5","5","true","Pomegranate Jelly","10","1","3","240","0.041667","harvestcraft:pomegranatejellyItem","0","",""
"roguelike","","loot_jungle","FOOD","0","5","5","true","Raspberry Jelly","10","1","3","240","0.041667","harvestcraft:raspberryjellyItem","0","",""
"roguelike","","loot_jungle","FOOD","0","5","5","true","Starfruit Jelly","10","1","3","240","0.041667","harvestcraft:starfruitjellyItem","0","",""
"roguelike","","loot_jungle","FOOD","0","5","5","true","Strawberry Jelly","10","1","3","240","0.041667","harvestcraft:strawberryjellyItem","0","",""
"roguelike","","loot_jungle","FOOD","0","5","5","true","Watermelon Jelly","10","1","3","240","0.041667","harvestcraft:watermelonjellyItem","0","",""
"roguelike","","loot_jungle","FOOD","0","5","5","true","Apricot Jelly","10","1","3","240","0.041667","harvestcraft:apricotjellyItem","0","",""
"roguelike","","loot_jungle","FOOD","0","5","5","true","Fig Jelly","10","1","3","240","0.041667","harvestcraft:figjellyItem","0","",""
"roguelike","","loot_jungle","FOOD","0","5","5","true","Grapefruit Jelly","10","1","3","240","0.041667","harvestcraft:grapefruitjellyItem","0","",""
"roguelike","","loot_jungle","FOOD","0","5","5","true","Persimmon Jelly","10","1","3","240","0.041667","harvestcraft:persimmonjellyItem","0","",""
"roguelike","","loot_jungle","FOOD","0","5","5","true","Pear Jelly","10","1","3","240","0.041667","harvestcraft:pearjellyItem","0","",""
"roguelike","","loot_jungle","FOOD","0","5","5","true","Plum Jelly","10","1","3","240","0.041667","harvestcraft:plumjellyItem","0","",""
"roguelike","","loot_jungle","FOOD","0","5","5","true","Lime Jelly","10","1","3","240","0.041667","harvestcraft:limejellyItem","0","",""
"roguelike","","loot_jungle","FOOD","0","5","5","true","Grape Jelly","10","1","3","240","0.041667","harvestcraft:grapejellyItem","0","",""
"roguelike","","loot_jungle","FOOD","0","5","5","true","Apple Jelly","10","1","3","240","0.041667","harvestcraft:applejellyItem","0","",""
"roguelike","","loot_jungle","FOOD","0","5","5","true","Blackberry Jelly","10","1","3","240","0.041667","harvestcraft:blackberryjellyItem","0","",""
"roguelike","","loot_jungle","FOOD","0","5","5","true","Blueberry Jelly","10","1","3","240","0.041667","harvestcraft:blueberryjellyItem","0","",""
"roguelike","","loot_jungle","FOOD","0","5","5","true","Cherry Jelly","10","1","3","240","0.041667","harvestcraft:cherryjellyItem","0","",""
"roguelike","","loot_jungle","FOOD","0","5","5","true","Cranberry Jelly","10","1","3","240","0.041667","harvestcraft:cranberryjellyItem","0","",""
"roguelike","","loot_jungle","FOOD","0","5","5","true","Kiwi Jelly","10","1","3","240","0.041667","harvestcraft:kiwijellyItem","0","",""
"roguelike","","loot_jungle","FOOD","0","5","5","true","Lemon Jelly","10","1","3","240","0.041667","harvestcraft:lemonjellyItem","0","",""
"roguelike","","loot_jungle","ARMOUR","0","3","3","true","Mango Jelly","10","1","3","240","0.041667","harvestcraft:mangojellyItem","0","",""
"roguelike","","loot_jungle","ARMOUR","0","3","3","true","Orange Jelly","10","1","3","240","0.041667","harvestcraft:orangejellyItem","0","",""
"roguelike","","loot_jungle","ARMOUR","0","3","3","true","Papaya Jelly","10","1","3","240","0.041667","harvestcraft:papayajellyItem","0","",""
"roguelike","","loot_jungle","ARMOUR","0","3","3","true","Peach Jelly","10","1","3","240","0.041667","harvestcraft:peachjellyItem","0","",""
"roguelike","","loot_jungle","ARMOUR","0","3","3","true","Pomegranate Jelly","10","1","3","240","0.041667","harvestcraft:pomegranatejellyItem","0","",""
"roguelike","","loot_jungle","ARMOUR","0","3","3","true","Raspberry Jelly","10","1","3","240","0.041667","harvestcraft:raspberryjellyItem","0","",""
"roguelike","","loot_jungle","ARMOUR","0","3","3","true","Starfruit Jelly","10","1","3","240","0.041667","harvestcraft:starfruitjellyItem","0","",""
"roguelike","","loot_jungle","ARMOUR","0","3","3","true","Strawberry Jelly","10","1","3","240","0.041667","harvestcraft:strawberryjellyItem","0","",""
"roguelike","","loot_jungle","ARMOUR","0","3","3","true","Watermelon Jelly","10","1","3","240","0.041667","harvestcraft:watermelonjellyItem","0","",""
"roguelike","","loot_jungle","ARMOUR","0","3","3","true","Apricot Jelly","10","1","3","240","0.041667","harvestcraft:apricotjellyItem","0","",""
"roguelike","","loot_jungle","ARMOUR","0","3","3","true","Fig Jelly","10","1","3","240","0.041667","harvestcraft:figjellyItem","0","",""
"roguelike","","loot_jungle","ARMOUR","0","3","3","true","Grapefruit Jelly","10","1","3","240","0.041667","harvestcraft:grapefruitjellyItem","0","",""
"roguelike","","loot_jungle","ARMOUR","0","3","3","true","Persimmon Jelly","10","1","3","240","0.041667","harvestcraft:persimmonjellyItem","0","",""
"roguelike","","loot_jungle","ARMOUR","0","3","3","true","Pear Jelly","10","1","3","240","0.041667","harvestcraft:pearjellyItem","0","",""
"roguelike","","loot_jungle","ARMOUR","0","3","3","true","Plum Jelly","10","1","3","240","0.041667","harvestcraft:plumjellyItem","0","",""
"roguelike","","loot_jungle","ARMOUR","0","3","3","true","Lime Jelly","10","1","3","240","0.041667","harvestcraft:limejellyItem","0","",""
"roguelike","","loot_jungle","ARMOUR","0","3","3","true","Grape Jelly","10","1","3","240","0.041667","harvestcraft:grapejellyItem","0","",""
"roguelike","","loot_jungle","ARMOUR","0","3","3","true","Apple Jelly","10","1","3","240","0.041667","harvestcraft:applejellyItem","0","",""
"roguelike","","loot_jungle","ARMOUR","0","3","3","true","Blackberry Jelly","10","1","3","240","0.041667","harvestcraft:blackberryjellyItem","0","",""
"roguelike","","loot_jungle","ARMOUR","0","3","3","true","Blueberry Jelly","10","1","3","240","0.041667","harvestcraft:blueberryjellyItem","0","",""
"roguelike","","loot_jungle","ARMOUR","0","3","3","true","Cherry Jelly","10","1","3","240","0.041667","harvestcraft:cherryjellyItem","0","",""
"roguelike","","loot_jungle","ARMOUR","0","3","3","true","Cranberry Jelly","10","1","3","240","0.041667","harvestcraft:cranberryjellyItem","0","",""
"roguelike","","loot_jungle","ARMOUR","0","3","3","true","Kiwi Jelly","10","1","3","240","0.041667","harvestcraft:kiwijellyItem","0","",""
"roguelike","","loot_jungle","ARMOUR","0","3","3","true","Lemon Jelly","10","1","3","240","0.041667","harvestcraft:lemonjellyItem","0","",""
"roguelike","","loot_jungle","FOOD","2","5","5","true","Pork Sausage","10","1","3","110","0.090909","harvestcraft:porksausageItem","0","",""
"roguelike","","loot_jungle","FOOD","2","5","5","true","Raspberry Trifle","10","1","3","110","0.090909","harvestcraft:raspberrytrifleItem","0","",""
"roguelike","","loot_jungle","FOOD","2","5","5","true","Sausage","10","1","3","110","0.090909","harvestcraft:sausageItem","0","",""
"roguelike","","loot_jungle","FOOD","2","5","5","true","Sausage Roll","10","1","3","110","0.090909","harvestcraft:sausagerollItem","0","",""
"roguelike","","loot_jungle","FOOD","2","5","5","true","Museli","10","1","3","110","0.090909","harvestcraft:museliItem","0","",""
"roguelike","","loot_jungle","FOOD","2","5","5","true","Raw Carp","10","1","3","110","0.090909","harvestcraft:carprawItem","0","",""
"roguelike","","loot_jungle","FOOD","2","5","5","true","Dim Sum","10","1","3","110","0.090909","harvestcraft:dimsumItem","0","",""
"roguelike","","loot_jungle","FOOD","2","5","5","true","Fried Pecan Okra","10","1","3","110","0.090909","harvestcraft:friedpecanokraItem","0","",""
"roguelike","","loot_jungle","FOOD","2","5","5","true","BBQ Pulled Pork","10","1","3","110","0.090909","harvestcraft:bbqpulledporkItem","0","",""
"roguelike","","loot_jungle","FOOD","2","5","5","true","Pepperoni","10","1","3","110","0.090909","harvestcraft:pepperoniItem","0","",""
"roguelike","","loot_jungle","FOOD","2","5","5","true","Pickled Onions","10","1","3","110","0.090909","harvestcraft:pickledonionsItem","0","",""
"roguelike","","loot_jungle","ARMOUR","2","3","3","true","Pork Sausage","10","1","3","110","0.090909","harvestcraft:porksausageItem","0","",""
"roguelike","","loot_jungle","ARMOUR","2","3","3","true","Raspberry Trifle","10","1","3","110","0.090909","harvestcraft:raspberrytrifleItem","0","",""
"roguelike","","loot_jungle","ARMOUR","2","3","3","true","Sausage","10","1","3","110","0.090909","harvestcraft:sausageItem","0","",""
"roguelike","","loot_jungle","ARMOUR","2","3","3","true","Sausage Roll","10","1","3","110","0.090909","harvestcraft:sausagerollItem","0","",""
"roguelike","","loot_jungle","ARMOUR","2","3","3","true","Museli","10","1","3","110","0.090909","harvestcraft:museliItem","0","",""
"roguelike","","loot_jungle","ARMOUR","2","3","3","true","Raw Carp","10","1","3","110","0.090909","harvestcraft:carprawItem","0","",""
"roguelike","","loot_jungle","ARMOUR","2","3","3","true","Dim Sum","10","1","3","110","0.090909","harvestcraft:dimsumItem","0","",""
"roguelike","","loot_jungle","ARMOUR","2","3","3","true","Fried Pecan Okra","10","1","3","110","0.090909","harvestcraft:friedpecanokraItem","0","",""
"roguelike","","loot_jungle","ARMOUR","2","3","3","true","BBQ Pulled Pork","10","1","3","110","0.090909","harvestcraft:bbqpulledporkItem","0","",""
"roguelike","","loot_jungle","ARMOUR","2","3","3","true","Pepperoni","10","1","3","110","0.090909","harvestcraft:pepperoniItem","0","",""
"roguelike","","loot_jungle","ARMOUR","2","3","3","true","Pickled Onions","10","1","3","110","0.090909","harvestcraft:pickledonionsItem","0","",""
"roguelike","","loot_jungle","FOOD","1","5","5","true","Cream Cookie","20","1","3","120","0.166667","harvestcraft:creamcookieItem","0","",""
"roguelike","","loot_jungle","FOOD","1","5","5","true","Cream of Avocado Soup","20","1","3","120","0.166667","harvestcraft:creamofavocadosoupItem","0","",""
"roguelike","","loot_jungle","FOOD","1","5","5","true","Creamed Broccoli Soup","20","1","3","120","0.166667","harvestcraft:creamedbroccolisoupItem","0","",""
"roguelike","","loot_jungle","FOOD","1","5","5","true","Creamed Corn","20","1","3","120","0.166667","harvestcraft:creamedcornItem","0","",""
"roguelike","","loot_jungle","FOOD","1","5","5","true","Peaches and Cream Oatmeal","20","1","3","120","0.166667","harvestcraft:peachesandcreamoatmealItem","0","",""
"roguelike","","loot_jungle","FOOD","1","5","5","true","Coconut Cream","20","1","3","120","0.166667","harvestcraft:coconutcreamItem","0","",""
"roguelike","","loot_jungle","ARMOUR","1","4","4","true","Cream Cookie","20","1","3","120","0.166667","harvestcraft:creamcookieItem","0","",""
"roguelike","","loot_jungle","ARMOUR","1","4","4","true","Cream of Avocado Soup","20","1","3","120","0.166667","harvestcraft:creamofavocadosoupItem","0","",""
"roguelike","","loot_jungle","ARMOUR","1","4","4","true","Creamed Broccoli Soup","20","1","3","120","0.166667","harvestcraft:creamedbroccolisoupItem","0","",""
"roguelike","","loot_jungle","ARMOUR","1","4","4","true","Creamed Corn","20","1","3","120","0.166667","harvestcraft:creamedcornItem","0","",""
"roguelike","","loot_jungle","ARMOUR","1","4","4","true","Peaches and Cream Oatmeal","20","1","3","120","0.166667","harvestcraft:peachesandcreamoatmealItem","0","",""
"roguelike","","loot_jungle","ARMOUR","1","4","4","true","Coconut Cream","20","1","3","120","0.166667","harvestcraft:coconutcreamItem","0","",""
"roguelike","","loot_jungle","FOOD","3","6","6","true","Chicken Sandwich","20","1","3","240","0.083333","harvestcraft:chickensandwichItem","0","",""
"roguelike","","loot_jungle","FOOD","3","6","6","true","Fish Sandwich","20","1","3","240","0.083333","harvestcraft:fishsandwichItem","0","",""
"roguelike","","loot_jungle","FOOD","3","6","6","true","Leafy Chicken Sandwich","20","1","3","240","0.083333","harvestcraft:leafychickensandwichItem","0","",""
"roguelike","","loot_jungle","FOOD","3","6","6","true","Leafy Fish Sandwich","20","1","3","240","0.083333","harvestcraft:leafyfishsandwichItem","0","",""
"roguelike","","loot_jungle","FOOD","3","6","6","true","Veggie Sandwich","20","1","3","240","0.083333","gregtech:gt.metaitem.02","32231","",""
"roguelike","","loot_jungle","FOOD","3","6","6","true","Cheese Sandwich","20","1","3","240","0.083333","gregtech:gt.metaitem.02","32232","",""
"roguelike","","loot_jungle","FOOD","3","6","6","true","Large Steak Sandwich","20","1","3","240","0.083333","gregtech:gt.metaitem.02","32244","",""
"roguelike","","loot_jungle","FOOD","3","6","6","true","Large Bacon Sandwich","20","1","3","240","0.083333","gregtech:gt.metaitem.02","32243","",""
"roguelike","","loot_jungle","FOOD","3","6","6","true","Large Cheese Sandwich","20","1","3","240","0.083333","gregtech:gt.metaitem.02","32242","",""
"roguelike","","loot_jungle","FOOD","3","6","6","true","Large Veggie Sandwich","20","1","3","240","0.083333","gregtech:gt.metaitem.02","32241","",""
"roguelike","","loot_jungle","FOOD","3","6","6","true","Steak Sandwich","20","1","3","240","0.083333","gregtech:gt.metaitem.02","32234","",""
"roguelike","","loot_jungle","FOOD","3","6","6","true","Bacon Sandwich","20","1","3","240","0.083333","gregtech:gt.metaitem.02","32233","",""
"roguelike","","loot_jungle","ARMOUR","3","4","4","true","Chicken Sandwich","20","1","3","240","0.083333","harvestcraft:chickensandwichItem","0","",""
"roguelike","","loot_jungle","ARMOUR","3","4","4","true","Fish Sandwich","20","1","3","240","0.083333","harvestcraft:fishsandwichItem","0","",""
"roguelike","","loot_jungle","ARMOUR","3","4","4","true","Leafy Chicken Sandwich","20","1","3","240","0.083333","harvestcraft:leafychickensandwichItem","0","",""
"roguelike","","loot_jungle","ARMOUR","3","4","4","true","Leafy Fish Sandwich","20","1","3","240","0.083333","harvestcraft:leafyfishsandwichItem","0","",""
"roguelike","","loot_jungle","ARMOUR","3","4","4","true","Veggie Sandwich","20","1","3","240","0.083333","gregtech:gt.metaitem.02","32231","",""
"roguelike","","loot_jungle","ARMOUR","3","4","4","true","Cheese Sandwich","20","1","3","240","0.083333","gregtech:gt.metaitem.02","32232","",""
"roguelike","","loot_jungle","ARMOUR","3","4","4","true","Large Steak Sandwich","20","1","3","240","0.083333","gregtech:gt.metaitem.02","32244","",""
"roguelike","","loot_jungle","ARMOUR","3","4","4","true","Large Bacon Sandwich","20","1","3","240","0.083333","gregtech:gt.metaitem.02","32243","",""
"roguelike","","loot_jungle","ARMOUR","3","4","4","true","Large Cheese Sandwich","20","1","3","240","0.083333","gregtech:gt.metaitem.02","32242","",""
"roguelike","","loot_jungle","ARMOUR","3","4","4","true","Large Veggie Sandwich","20","1","3","240","0.083333","gregtech:gt.metaitem.02","32241","",""
"roguelike","","loot_jungle","ARMOUR","3","4","4","true","Steak Sandwich","20","1","3","240","0.083333","gregtech:gt.metaitem.02","32234","",""
"roguelike","","loot_jungle","ARMOUR","3","4","4","true","Bacon Sandwich","20","1","3","240","0.083333","gregtech:gt.metaitem.02","32233","",""
"roguelike","","loot_jungle","FOOD","4","6","6","true","Beet Burger","20","1","3","240","0.083333","harvestcraft:beetburgerItem","0","",""
"roguelike","","loot_jungle","FOOD","4","6","6","true","Bacon Mushroom Burger","20","1","3","240","0.083333","harvestcraft:baconmushroomburgerItem","0","",""
"roguelike","","loot_jungle","FOOD","4","6","6","true","Deluxe Cheeseburger","20","1","3","240","0.083333","harvestcraft:deluxecheeseburgerItem","0","",""
"roguelike","","loot_jungle","FOOD","4","6","6","true","Onion Hamburger","20","1","3","240","0.083333","harvestcraft:onionhamburgerItem","0","",""
"roguelike","","loot_jungle","FOOD","4","6","6","true","Coleslaw Burger","20","1","3","240","0.083333","harvestcraft:coleslawburgerItem","0","",""
"roguelike","","loot_jungle","FOOD","4","6","6","true","Bacon Cheeseburger","20","1","3","240","0.083333","harvestcraft:baconcheeseburgerItem","0","",""
"roguelike","","loot_jungle","FOOD","4","6","6","true","Cheeseburger","20","1","3","240","0.083333","harvestcraft:cheeseburgerItem","0","",""
"roguelike","","loot_jungle","FOOD","4","6","6","true","Hamburger","20","1","3","240","0.083333","harvestcraft:hamburgerItem","0","",""
"roguelike","","loot_jungle","FOOD","4","6","6","true","Veggieburger","20","1","3","240","0.083333","gregtech:gt.metaitem.02","32221","",""
"roguelike","","loot_jungle","FOOD","4","6","6","true","Cheeseburger","20","1","3","240","0.083333","gregtech:gt.metaitem.02","32222","",""
"roguelike","","loot_jungle","FOOD","4","6","6","true","Hamburger","20","1","3","240","0.083333","gregtech:gt.metaitem.02","32223","",""
"roguelike","","loot_jungle","FOOD","4","6","6","true","Chumburger","20","1","3","240","0.083333","gregtech:gt.metaitem.02","32224","",""
"roguelike","","loot_jungle","ARMOUR","4","4","4","true","Beet Burger","20","1","3","240","0.083333","harvestcraft:beetburgerItem","0","",""
"roguelike","","loot_jungle","ARMOUR","4","4","4","true","Bacon Mushroom Burger","20","1","3","240","0.083333","harvestcraft:baconmushroomburgerItem","0","",""
"roguelike","","loot_jungle","ARMOUR","4","4","4","true","Deluxe Cheeseburger","20","1","3","240","0.083333","harvestcraft:deluxecheeseburgerItem","0","",""
"roguelike","","loot_jungle","ARMOUR","4","4","4","true","Onion Hamburger","20","1","3","240","0.083333","harvestcraft:onionhamburgerItem","0","",""
"roguelike","","loot_jungle","ARMOUR","4","4","4","true","Coleslaw Burger","20","1","3","240","0.083333","harvestcraft:coleslawburgerItem","0","",""
"roguelike","","loot_jungle","ARMOUR","4","4","4","true","Bacon Cheeseburger","20","1","3","240","0.083333","harvestcraft:baconcheeseburgerItem","0","",""
"roguelike","","loot_jungle","ARMOUR","4","4","4","true","Cheeseburger","20","1","3","240","0.083333","harvestcraft:cheeseburgerItem","0","",""
"roguelike","","loot_jungle","ARMOUR","4","4","4","true","Hamburger","20","1","3","240","0.083333","harvestcraft:hamburgerItem","0","",""
"roguelike","","loot_jungle","ARMOUR","4","4","4","true","Veggieburger","20","1","3","240","0.083333","gregtech:gt.metaitem.02","32221","",""
"roguelike","","loot_jungle","ARMOUR","4","4","4","true","Cheeseburger","20","1","3","240","0.083333","gregtech:gt.metaitem.02","32222","",""
"roguelike","","loot_jungle","ARMOUR","4","4","4","true","Hamburger","20","1","3","240","0.083333","gregtech:gt.metaitem.02","32223","",""
"roguelike","","loot_jungle","ARMOUR","4","4","4","true","Chumburger","20","1","3","240","0.083333","gregtech:gt.metaitem.02","32224","",""
"roguelike","","loot_mountain","FOOD","0","5","5","true","Apple Juice","10","1","3","365","0.027397","harvestcraft:applejuiceItem","0","",""
"roguelike","","loot_mountain","FOOD","0","5","5","true","Melon Juice","10","1","3","365","0.027397","harvestcraft:melonjuiceItem","0","",""
"roguelike","","loot_mountain","FOOD","0","5","5","true","Carrot Juice","10","1","3","365","0.027397","harvestcraft:carrotjuiceItem","0","",""
"roguelike","","loot_mountain","FOOD","0","5","5","true","Strawberry Juice","10","1","3","365","0.027397","harvestcraft:strawberryjuiceItem","0","",""
"roguelike","","loot_mountain","FOOD","0","5","5","true","Lemonade","10","1","3","365","0.027397","harvestcraft:lemonaideItem","0","",""
"roguelike","","loot_mountain","FOOD","0","5","5","true","Blueberry Juice","10","1","3","365","0.027397","harvestcraft:blueberryjuiceItem","0","",""
"roguelike","","loot_mountain","FOOD","0","5","5","true","Cherry Juice","10","1","3","365","0.027397","harvestcraft:cherryjuiceItem","0","",""
"roguelike","","loot_mountain","FOOD","0","5","5","true","Papaya Juice","10","1","3","365","0.027397","harvestcraft:papayajuiceItem","0","",""
"roguelike","","loot_mountain","FOOD","0","5","5","true","Starfruit Juice","10","1","3","365","0.027397","harvestcraft:starfruitjuiceItem","0","",""
"roguelike","","loot_mountain","FOOD","0","5","5","true","Orange Juice","10","1","3","365","0.027397","harvestcraft:orangejuiceItem","0","",""
"roguelike","","loot_mountain","FOOD","0","5","5","true","Peach Juice","10","1","3","365","0.027397","harvestcraft:peachjuiceItem","0","",""
"roguelike","","loot_mountain","FOOD","0","5","5","true","Lime Juice","10","1","3","365","0.027397","harvestcraft:limejuiceItem","0","",""
"roguelike","","loot_mountain","FOOD","0","5","5","true","Mango Juice","10","1","3","365","0.027397","harvestcraft:mangojuiceItem","0","",""
"roguelike","","loot_mountain","FOOD","0","5","5","true","Pomegranate Juice","10","1","3","365","0.027397","harvestcraft:pomegranatejuiceItem","0","",""
"roguelike","","loot_mountain","FOOD","0","5","5","true","Blackberry Juice","10","1","3","365","0.027397","harvestcraft:blackberryjuiceItem","0","",""
"roguelike","","loot_mountain","FOOD","0","5","5","true","Raspberry Juice","10","1","3","365","0.027397","harvestcraft:raspberryjuiceItem","0","",""
"roguelike","","loot_mountain","FOOD","0","5","5","true","Kiwi Juice","10","1","3","365","0.027397","harvestcraft:kiwijuiceItem","0","",""
"roguelike","","loot_mountain","FOOD","0","5","5","true","Cranberry Juice","10","1","3","365","0.027397","harvestcraft:cranberryjuiceItem","0","",""
"roguelike","","loot_mountain","FOOD","0","5","5","true","Cactus Fruit Juice","10","1","3","365","0.027397","harvestcraft:cactusfruitjuiceItem","0","",""
"roguelike","","loot_mountain","FOOD","0","5","5","true","Plum Juice","10","1","3","365","0.027397","harvestcraft:plumjuiceItem","0","",""
"roguelike","","loot_mountain","FOOD","0","5","5","true","Pear Juice","10","1","3","365","0.027397","harvestcraft:pearjuiceItem","0","",""
"roguelike","","loot_mountain","FOOD","0","5","5","true","Apricot Juice","10","1","3","365","0.027397","harvestcraft:apricotjuiceItem","0","",""
"roguelike","","loot_mountain","FOOD","0","5","5","true","Fig Juice","10","1","3","365","0.027397","harvestcraft:figjuiceItem","0","",""
"roguelike","","loot_mountain","FOOD","0","5","5","true","Grapefruit Juice","10","1","3","365","0.027397","harvestcraft:grapefruitjuiceItem","0","",""
"roguelike","","loot_mountain","FOOD","0","5","5","true","Persimmon Juice","10","1","3","365","0.027397","harvestcraft:persimmonjuiceItem","0","",""
"roguelike","","loot_mountain","FOOD","0","5","5","true","Banana Juice","10","1","3","365","0.027397","harvestcraft:bananajuiceItem","0","",""
"roguelike","","loot_mountain","FOOD","0","5","5","true","Gooseberry Juice","10","1","3","365","0.027397","harvestcraft:gooseberryjuiceItem","0","",""
"roguelike","","loot_mountain","FOOD","0","5","5","true","Grape Juice","10","1","3","365","0.027397","gregtech:gt.metaitem.02","32101","",""
"roguelike","","loot_mountain","FOOD","0","5","5","true","Potato Juice","10","1","3","365","0.027397","gregtech:gt.metaitem.02","32104","",""
"roguelike","","loot_mountain","FOOD","0","5","5","true","Hops Juice","10","1","3","365","0.027397","gregtech:gt.metaitem.02","32112","",""
"roguelike","","loot_mountain","FOOD","0","5","5","true","Wheaty Juice","10","1","3","365","0.027397","gregtech:gt.metaitem.02","32115","",""
"roguelike","","loot_mountain","FOOD","0","5","5","true","Wheaty Hops Juice","10","1","3","365","0.027397","gregtech:gt.metaitem.02","32118","",""
"roguelike","","loot_mountain","FOOD","0","5","5","true","Apple Juice","10","1","3","365","0.027397","gregtech:gt.metaitem.02","32125","",""
"roguelike","","loot_mountain","FOOD","0","5","5","true","Golden Apple Juice","3","1","3","365","0.008219","gregtech:gt.metaitem.02","32127","",""
"roguelike","","loot_mountain","FOOD","0","5","5","true","Idun's Apple Juice","1","1","3","365","0.002740","gregtech:gt.metaitem.02","32129","",""
"roguelike","","loot_mountain","FOOD","0","5","5","true","Lemon Juice","10","1","3","365","0.027397","gregtech:gt.metaitem.02","32131","",""
"roguelike","","loot_mountain","FOOD","0","5","5","true","Cave Johnson's Grenade Juice","1","1","3","365","0.002740","gregtech:gt.metaitem.02","32135","",""
"roguelike","","loot_mountain","FOOD","0","5","5","true","Orange Juice","10","1","3","365","0.027397","BloodArsenal:orange_juice","0","",""
"roguelike","","loot_mountain","FOOD","0","5","5","true","Melon Juice Bottle","10","1","3","365","0.027397","adventurebackpack:melonJuiceBottle","0","",""
"roguelike","","loot_mountain","ARMOUR","0","3","3","true","Apple Juice","10","1","3","365","0.027397","harvestcraft:applejuiceItem","0","",""
"roguelike","","loot_mountain","ARMOUR","0","3","3","true","Melon Juice","10","1","3","365","0.027397","harvestcraft:melonjuiceItem","0","",""
"roguelike","","loot_mountain","ARMOUR","0","3","3","true","Carrot Juice","10","1","3","365","0.027397","harvestcraft:carrotjuiceItem","0","",""
"roguelike","","loot_mountain","ARMOUR","0","3","3","true","Strawberry Juice","10","1","3","365","0.027397","harvestcraft:strawberryjuiceItem","0","",""
"roguelike","","loot_mountain","ARMOUR","0","3","3","true","Lemonade","10","1","3","365","0.027397","harvestcraft:lemonaideItem","0","",""
"roguelike","","loot_mountain","ARMOUR","0","3","3","true","Blueberry Juice","10","1","3","365","0.027397","harvestcraft:blueberryjuiceItem","0","",""
"roguelike","","loot_mountain","ARMOUR","0","3","3","true","Cherry Juice","10","1","3","365","0.027397","harvestcraft:cherryjuiceItem","0","",""
"roguelike","","loot_mountain","ARMOUR","0","3","3","true","Papaya Juice","10","1","3","365","0.027397","harvestcraft:papayajuiceItem","0","",""
"roguelike","","loot_mountain","ARMOUR","0","3","3","true","Starfruit Juice","10","1","3","365","0.027397","harvestcraft:starfruitjuiceItem","0","",""
"roguelike","","loot_mountain","ARMOUR","0","3","3","true","Orange Juice","10","1","3","365","0.027397","harvestcraft:orangejuiceItem","0","",""
"roguelike","","loot_mountain","ARMOUR","0","3","3","true","Peach Juice","10","1","3","365","0.027397","harvestcraft:peachjuiceItem","0","",""
"roguelike","","loot_mountain","ARMOUR","0","3","3","true","Lime Juice","10","1","3","365","0.027397","harvestcraft:limejuiceItem","0","",""
"roguelike","","loot_mountain","ARMOUR","0","3","3","true","Mango Juice","10","1","3","365","0.027397","harvestcraft:mangojuiceItem","0","",""
"roguelike","","loot_mountain","ARMOUR","0","3","3","true","Pomegranate Juice","10","1","3","365","0.027397","harvestcraft:pomegranatejuiceItem","0","",""
"roguelike","","loot_mountain","ARMOUR","0","3","3","true","Blackberry Juice","10","1","3","365","0.027397","harvestcraft:blackberryjuiceItem","0","",""
"roguelike","","loot_mountain","ARMOUR","0","3","3","true","Raspberry Juice","10","1","3","365","0.027397","harvestcraft:raspberryjuiceItem","0","",""
"roguelike","","loot_mountain","ARMOUR","0","3","3","true","Kiwi Juice","10","1","3","365","0.027397","harvestcraft:kiwijuiceItem","0","",""
"roguelike","","loot_mountain","ARMOUR","0","3","3","true","Cranberry Juice","10","1","3","365","0.027397","harvestcraft:cranberryjuiceItem","0","",""
"roguelike","","loot_mountain","ARMOUR","0","3","3","true","Cactus Fruit Juice","10","1","3","365","0.027397","harvestcraft:cactusfruitjuiceItem","0","",""
"roguelike","","loot_mountain","ARMOUR","0","3","3","true","Plum Juice","10","1","3","365","0.027397","harvestcraft:plumjuiceItem","0","",""
"roguelike","","loot_mountain","ARMOUR","0","3","3","true","Pear Juice","10","1","3","365","0.027397","harvestcraft:pearjuiceItem","0","",""
"roguelike","","loot_mountain","ARMOUR","0","3","3","true","Apricot Juice","10","1","3","365","0.027397","harvestcraft:apricotjuiceItem","0","",""
"roguelike","","loot_mountain","ARMOUR","0","3","3","true","Fig Juice","10","1","3","365","0.027397","harvestcraft:figjuiceItem","0","",""
"roguelike","","loot_mountain","ARMOUR","0","3","3","true","Grapefruit Juice","10","1","3","365","0.027397","harvestcraft:grapefruitjuiceItem","0","",""
"roguelike","","loot_mountain","ARMOUR","0","3","3","true","Persimmon Juice","10","1","3","365","0.027397","harvestcraft:persimmonjuiceItem","0","",""
"roguelike","","loot_mountain","ARMOUR","0","3","3","true","Banana Juice","10","1","3","365","0.027397","harvestcraft:bananajuiceItem","0","",""
"roguelike","","loot_mountain","ARMOUR","0","3","3","true","Gooseberry Juice","10","1","3","365","0.027397","harvestcraft:gooseberryjuiceItem","0","",""
"roguelike","","loot_mountain","ARMOUR","0","3","3","true","Grape Juice","10","1","3","365","0.027397","gregtech:gt.metaitem.02","32101","",""
"roguelike","","loot_mountain","ARMOUR","0","3","3","true","Potato Juice","10","1","3","365","0.027397","gregtech:gt.metaitem.02","32104","",""
"roguelike","","loot_mountain","ARMOUR","0","3","3","true","Hops Juice","10","1","3","365","0.027397","gregtech:gt.metaitem.02","32112","",""
"roguelike","","loot_mountain","ARMOUR","0","3","3","true","Wheaty Juice","10","1","3","365","0.027397","gregtech:gt.metaitem.02","32115","",""
"roguelike","","loot_mountain","ARMOUR","0","3","3","true","Wheaty Hops Juice","10","1","3","365","0.027397","gregtech:gt.metaitem.02","32118","",""
"roguelike","","loot_mountain","ARMOUR","0","3","3","true","Apple Juice","10","1","3","365","0.027397","gregtech:gt.metaitem.02","32125","",""
"roguelike","","loot_mountain","ARMOUR","0","3","3","true","Golden Apple Juice","3","1","3","365","0.008219","gregtech:gt.metaitem.02","32127","",""
"roguelike","","loot_mountain","ARMOUR","0","3","3","true","Idun's Apple Juice","1","1","3","365","0.002740","gregtech:gt.metaitem.02","32129","",""
"roguelike","","loot_mountain","ARMOUR","0","3","3","true","Lemon Juice","10","1","3","365","0.027397","gregtech:gt.metaitem.02","32131","",""
"roguelike","","loot_mountain","ARMOUR","0","3","3","true","Cave Johnson's Grenade Juice","1","1","3","365","0.002740","gregtech:gt.metaitem.02","32135","",""
"roguelike","","loot_mountain","ARMOUR","0","3","3","true","Orange Juice","10","1","3","365","0.027397","BloodArsenal:orange_juice","0","",""
"roguelike","","loot_mountain","ARMOUR","0","3","3","true","Melon Juice Bottle","10","1","3","365","0.027397","adventurebackpack:melonJuiceBottle","0","",""
"roguelike","","loot_mountain","FOOD","1","5","5","true","Cherry Soda","10","1","3","202","0.049505","harvestcraft:cherrysodaItem","0","",""
"roguelike","","loot_mountain","FOOD","1","5","5","true","Cola Soda","10","1","3","202","0.049505","harvestcraft:colasodaItem","0","",""
"roguelike","","loot_mountain","FOOD","1","5","5","true","Ginger Ale","10","1","3","202","0.049505","harvestcraft:gingersodaItem","0","",""
"roguelike","","loot_mountain","FOOD","1","5","5","true","Grape Soda","10","1","3","202","0.049505","harvestcraft:grapesodaItem","0","",""
"roguelike","","loot_mountain","FOOD","1","5","5","true","Grapefruit Soda","10","1","3","202","0.049505","harvestcraft:grapefruitsodaItem","0","",""
"roguelike","","loot_mountain","FOOD","1","5","5","true","Lemon-Lime Soda","10","1","3","202","0.049505","harvestcraft:lemonlimesodaItem","0","",""
"roguelike","","loot_mountain","FOOD","1","5","5","true","Orange Soda","10","1","3","202","0.049505","harvestcraft:orangesodaItem","0","",""
"roguelike","","loot_mountain","FOOD","1","5","5","true","Root Beer","10","1","3","202","0.049505","harvestcraft:rootbeersodaItem","0","",""
"roguelike","","loot_mountain","FOOD","1","5","5","true","Strawberry Soda","10","1","3","202","0.049505","harvestcraft:strawberrysodaItem","0","",""
"roguelike","","loot_mountain","FOOD","1","5","5","true","Chocolate Milk","10","1","3","202","0.049505","harvestcraft:chocolatemilkItem","0","",""
"roguelike","","loot_mountain","FOOD","1","5","5","true","Soy Milk","10","1","3","202","0.049505","harvestcraft:soymilkItem","0","",""
"roguelike","","loot_mountain","FOOD","1","5","5","true","Coconut Milk","10","1","3","202","0.049505","harvestcraft:coconutmilkItem","0","",""
"roguelike","","loot_mountain","FOOD","1","5","5","true","Chocolate Milkshake","10","1","3","202","0.049505","harvestcraft:chocolatemilkshakeItem","0","",""
"roguelike","","loot_mountain","FOOD","1","5","5","true","Gooseberry Milkshake","10","1","3","202","0.049505","harvestcraft:gooseberrymilkshakeItem","0","",""
"roguelike","","loot_mountain","FOOD","1","5","5","true","Strawberry Milkshake","10","1","3","202","0.049505","harvestcraft:strawberrymilkshakeItem","0","",""
"roguelike","","loot_mountain","FOOD","1","5","5","true","Banana Milkshake","10","1","3","202","0.049505","harvestcraft:bananamilkshakeItem","0","",""
"roguelike","","loot_mountain","FOOD","1","5","5","true","Chocolate Milk","10","1","3","202","0.049505","gregtech:gt.metaitem.02","32006","",""
"roguelike","","loot_mountain","FOOD","1","5","5","true","Milk","10","1","3","202","0.049505","gregtech:gt.metaitem.02","32136","",""
"roguelike","","loot_mountain","FOOD","1","5","5","true","Latte","10","1","3","202","0.049505","gregtech:gt.metaitem.02","32002","",""
"roguelike","","loot_mountain","FOOD","1","5","5","true","Dark Chocolate Milk","10","1","3","202","0.049505","gregtech:gt.metaitem.02","32005","",""
"roguelike","","loot_mountain","FOOD","1","5","5","true","Sodalite Dust","1","1","3","202","0.004950","gregtech:gt.metaitem.01","2525","",""
"roguelike","","loot_mountain","FOOD","1","5","5","true","Soda Ash Dust","1","1","3","202","0.004950","gregtech:gt.metaitem.01","2624","",""
"roguelike","","loot_mountain","ARMOUR","1","3","3","true","Cherry Soda","10","1","3","202","0.049505","harvestcraft:cherrysodaItem","0","",""
"roguelike","","loot_mountain","ARMOUR","1","3","3","true","Cola Soda","10","1","3","202","0.049505","harvestcraft:colasodaItem","0","",""
"roguelike","","loot_mountain","ARMOUR","1","3","3","true","Ginger Ale","10","1","3","202","0.049505","harvestcraft:gingersodaItem","0","",""
"roguelike","","loot_mountain","ARMOUR","1","3","3","true","Grape Soda","10","1","3","202","0.049505","harvestcraft:grapesodaItem","0","",""
"roguelike","","loot_mountain","ARMOUR","1","3","3","true","Grapefruit Soda","10","1","3","202","0.049505","harvestcraft:grapefruitsodaItem","0","",""
"roguelike","","loot_mountain","ARMOUR","1","3","3","true","Lemon-Lime Soda","10","1","3","202","0.049505","harvestcraft:lemonlimesodaItem","0","",""
"roguelike","","loot_mountain","ARMOUR","1","3","3","true","Orange Soda","10","1","3","202","0.049505","harvestcraft:orangesodaItem","0","",""
"roguelike","","loot_mountain","ARMOUR","1","3","3","true","Root Beer","10","1","3","202","0.049505","harvestcraft:rootbeersodaItem","0","",""
"roguelike","","loot_mountain","ARMOUR","1","3","3","true","Strawberry Soda","10","1","3","202","0.049505","harvestcraft:strawberrysodaItem","0","",""
"roguelike","","loot_mountain","ARMOUR","1","3","3","true","Chocolate Milk","10","1","3","202","0.049505","harvestcraft:chocolatemilkItem","0","",""
"roguelike","","loot_mountain","ARMOUR","1","3","3","true","Soy Milk","10","1","3","202","0.049505","harvestcraft:soymilkItem","0","",""
"roguelike","","loot_mountain","ARMOUR","1","3","3","true","Coconut Milk","10","1","3","202","0.049505","harvestcraft:coconutmilkItem","0","",""
"roguelike","","loot_mountain","ARMOUR","1","3","3","true","Chocolate Milkshake","10","1","3","202","0.049505","harvestcraft:chocolatemilkshakeItem","0","",""
"roguelike","","loot_mountain","ARMOUR","1","3","3","true","Gooseberry Milkshake","10","1","3","202","0.049505","harvestcraft:gooseberrymilkshakeItem","0","",""
"roguelike","","loot_mountain","ARMOUR","1","3","3","true","Strawberry Milkshake","10","1","3","202","0.049505","harvestcraft:strawberrymilkshakeItem","0","",""
"roguelike","","loot_mountain","ARMOUR","1","3","3","true","Banana Milkshake","10","1","3","202","0.049505","harvestcraft:bananamilkshakeItem","0","",""
"roguelike","","loot_mountain","ARMOUR","1","3","3","true","Chocolate Milk","10","1","3","202","0.049505","gregtech:gt.metaitem.02","32006","",""
"roguelike","","loot_mountain","ARMOUR","1","3","3","true","Milk","10","1","3","202","0.049505","gregtech:gt.metaitem.02","32136","",""
"roguelike","","loot_mountain","ARMOUR","1","3","3","true","Latte","10","1","3","202","0.049505","gregtech:gt.metaitem.02","32002","",""
"roguelike","","loot_mountain","ARMOUR","1","3","3","true","Dark Chocolate Milk","10","1","3","202","0.049505","gregtech:gt.metaitem.02","32005","",""
"roguelike","","loot_mountain","ARMOUR","1","3","3","true","Sodalite Dust","1","1","3","202","0.004950","gregtech:gt.metaitem.01","2525","",""
"roguelike","","loot_mountain","ARMOUR","1","3","3","true","Soda Ash Dust","1","1","3","202","0.004950","gregtech:gt.metaitem.01","2624","",""
"roguelike","","loot_mountain","FOOD","2","6","6","true","Raspberry Iced Tea","20","1","3","270","0.074074","harvestcraft:raspberryicedteaItem","0","",""
"roguelike","","loot_mountain","FOOD","2","6","6","true","Chai Tea","20","1","3","270","0.074074","harvestcraft:chaiteaItem","0","",""
"roguelike","","loot_mountain","FOOD","2","6","6","true","Cup of Tea","20","1","3","270","0.074074","harvestcraft:teaItem","0","",""
"roguelike","","loot_mountain","FOOD","2","6","6","true","Apple Cider","10","1","3","270","0.037037","harvestcraft:appleciderItem","0","",""
"roguelike","","loot_mountain","FOOD","2","6","6","true","Coffee","10","1","3","270","0.037037","gregtech:gt.metaitem.02","32000","",""
"roguelike","","loot_mountain","FOOD","2","6","6","true","Sweet coffee","10","1","3","270","0.037037","gregtech:gt.metaitem.02","32001","",""
"roguelike","","loot_mountain","FOOD","2","6","6","true","Sweet Latte","10","1","3","270","0.037037","gregtech:gt.metaitem.02","32003","",""
"roguelike","","loot_mountain","FOOD","2","6","6","true","Sweet Jesus Latte","10","1","3","270","0.037037","gregtech:gt.metaitem.02","32004","",""
"roguelike","","loot_mountain","FOOD","2","6","6","true","Tea","10","1","3","270","0.037037","gregtech:gt.metaitem.02","32007","",""
"roguelike","","loot_mountain","FOOD","2","6","6","true","Sweet Tea","10","1","3","270","0.037037","gregtech:gt.metaitem.02","32008","",""
"roguelike","","loot_mountain","FOOD","2","6","6","true","Ice Tea","10","1","3","270","0.037037","gregtech:gt.metaitem.02","32009","",""
"roguelike","","loot_mountain","FOOD","2","6","6","true","Purple Drink","10","1","3","270","0.037037","gregtech:gt.metaitem.02","32100","",""
"roguelike","","loot_mountain","FOOD","2","6","6","true","Vinegar","10","1","3","270","0.037037","gregtech:gt.metaitem.02","32103","",""
"roguelike","","loot_mountain","FOOD","2","6","6","true","Mineral Water","10","1","3","270","0.037037","gregtech:gt.metaitem.02","32107","",""
"roguelike","","loot_mountain","FOOD","2","6","6","true","Reed Water","10","1","3","270","0.037037","gregtech:gt.metaitem.02","32109","",""
"roguelike","","loot_mountain","FOOD","2","6","6","true","Chilly Sauce","10","1","3","270","0.037037","gregtech:gt.metaitem.02","32120","",""
"roguelike","","loot_mountain","FOOD","2","6","6","true","Hot Sauce","10","1","3","270","0.037037","gregtech:gt.metaitem.02","32121","",""
"roguelike","","loot_mountain","FOOD","2","6","6","true","Diabolo Sauce","10","1","3","270","0.037037","gregtech:gt.metaitem.02","32122","",""
"roguelike","","loot_mountain","FOOD","2","6","6","true","Diablo Sauce","10","1","3","270","0.037037","gregtech:gt.metaitem.02","32123","",""
"roguelike","","loot_mountain","FOOD","2","6","6","true","Cider","10","1","3","270","0.037037","gregtech:gt.metaitem.02","32126","",""
"roguelike","","loot_mountain","FOOD","2","6","6","true","Golden Cider","10","1","3","270","0.037037","gregtech:gt.metaitem.02","32128","",""
"roguelike","","loot_mountain","FOOD","2","6","6","true","Lemonade","10","1","3","270","0.037037","gregtech:gt.metaitem.02","32133","",""
"roguelike","","loot_mountain","FOOD","2","6","6","true","Holy Water","10","1","3","270","0.037037","gregtech:gt.metaitem.02","32137","",""
"roguelike","","loot_mountain","FOOD","2","6","6","true","Latte","10","1","3","270","0.037037","gregtech:gt.metaitem.02","32002","",""
"roguelike","","loot_mountain","ARMOUR","2","3","3","true","Raspberry Iced Tea","20","1","3","270","0.074074","harvestcraft:raspberryicedteaItem","0","",""
"roguelike","","loot_mountain","ARMOUR","2","3","3","true","Chai Tea","20","1","3","270","0.074074","harvestcraft:chaiteaItem","0","",""
"roguelike","","loot_mountain","ARMOUR","2","3","3","true","Cup of Tea","20","1","3","270","0.074074","harvestcraft:teaItem","0","",""
"roguelike","","loot_mountain","ARMOUR","2","3","3","true","Apple Cider","10","1","3","270","0.037037","harvestcraft:appleciderItem","0","",""
"roguelike","","loot_mountain","ARMOUR","2","3","3","true","Coffee","10","1","3","270","0.037037","gregtech:gt.metaitem.02","32000","",""
"roguelike","","loot_mountain","ARMOUR","2","3","3","true","Sweet coffee","10","1","3","270","0.037037","gregtech:gt.metaitem.02","32001","",""
"roguelike","","loot_mountain","ARMOUR","2","3","3","true","Sweet Latte","10","1","3","270","0.037037","gregtech:gt.metaitem.02","32003","",""
"roguelike","","loot_mountain","ARMOUR","2","3","3","true","Sweet Jesus Latte","10","1","3","270","0.037037","gregtech:gt.metaitem.02","32004","",""
"roguelike","","loot_mountain","ARMOUR","2","3","3","true","Tea","10","1","3","270","0.037037","gregtech:gt.metaitem.02","32007","",""
"roguelike","","loot_mountain","ARMOUR","2","3","3","true","Sweet Tea","10","1","3","270","0.037037","gregtech:gt.metaitem.02","32008","",""
"roguelike","","loot_mountain","ARMOUR","2","3","3","true","Ice Tea","10","1","3","270","0.037037","gregtech:gt.metaitem.02","32009","",""
"roguelike","","loot_mountain","ARMOUR","2","3","3","true","Purple Drink","10","1","3","270","0.037037","gregtech:gt.metaitem.02","32100","",""
"roguelike","","loot_mountain","ARMOUR","2","3","3","true","Vinegar","10","1","3","270","0.037037","gregtech:gt.metaitem.02","32103","",""
"roguelike","","loot_mountain","ARMOUR","2","3","3","true","Mineral Water","10","1","3","270","0.037037","gregtech:gt.metaitem.02","32107","",""
"roguelike","","loot_mountain","ARMOUR","2","3","3","true","Reed Water","10","1","3","270","0.037037","gregtech:gt.metaitem.02","32109","",""
"roguelike","","loot_mountain","ARMOUR","2","3","3","true","Chilly Sauce","10","1","3","270","0.037037","gregtech:gt.metaitem.02","32120","",""
"roguelike","","loot_mountain","ARMOUR","2","3","3","true","Hot Sauce","10","1","3","270","0.037037","gregtech:gt.metaitem.02","32121","",""
"roguelike","","loot_mountain","ARMOUR","2","3","3","true","Diabolo Sauce","10","1","3","270","0.037037","gregtech:gt.metaitem.02","32122","",""
"roguelike","","loot_mountain","ARMOUR","2","3","3","true","Diablo Sauce","10","1","3","270","0.037037","gregtech:gt.metaitem.02","32123","",""
"roguelike","","loot_mountain","ARMOUR","2","3","3","true","Cider","10","1","3","270","0.037037","gregtech:gt.metaitem.02","32126","",""
"roguelike","","loot_mountain","ARMOUR","2","3","3","true","Golden Cider","10","1","3","270","0.037037","gregtech:gt.metaitem.02","32128","",""
"roguelike","","loot_mountain","ARMOUR","2","3","3","true","Lemonade","10","1","3","270","0.037037","gregtech:gt.metaitem.02","32133","",""
"roguelike","","loot_mountain","ARMOUR","2","3","3","true","Holy Water","10","1","3","270","0.037037","gregtech:gt.metaitem.02","32137","",""
"roguelike","","loot_mountain","ARMOUR","2","3","3","true","Latte","10","1","3","270","0.037037","gregtech:gt.metaitem.02","32002","",""
"roguelike","","loot_mountain","FOOD","4","6","6","true","Wine","10","1","3","130","0.076923","gregtech:gt.metaitem.02","32102","",""
"roguelike","","loot_mountain","FOOD","4","6","6","true","Vodka","10","1","3","130","0.076923","gregtech:gt.metaitem.02","32105","",""
"roguelike","","loot_mountain","FOOD","4","6","6","true","Rum","10","1","3","130","0.076923","gregtech:gt.metaitem.02","32110","",""
"roguelike","","loot_mountain","FOOD","4","6","6","true","Pirate Brew","10","1","3","130","0.076923","gregtech:gt.metaitem.02","32111","",""
"roguelike","","loot_mountain","FOOD","4","6","6","true","Dark Beer","10","1","3","130","0.076923","gregtech:gt.metaitem.02","32113","",""
"roguelike","","loot_mountain","FOOD","4","6","6","true","Dragon Blood","10","1","3","130","0.076923","gregtech:gt.metaitem.02","32114","",""
"roguelike","","loot_mountain","FOOD","4","6","6","true","Scotch","10","1","3","130","0.076923","gregtech:gt.metaitem.02","32116","",""
"roguelike","","loot_mountain","FOOD","4","6","6","true","Glen McKenner","10","1","3","130","0.076923","gregtech:gt.metaitem.02","32117","",""
"roguelike","","loot_mountain","FOOD","4","6","6","true","Beer","10","1","3","130","0.076923","gregtech:gt.metaitem.02","32119","",""
"roguelike","","loot_mountain","FOOD","4","6","6","true","Notches Brew","10","1","3","130","0.076923","gregtech:gt.metaitem.02","32130","",""
"roguelike","","loot_mountain","FOOD","4","6","6","true","Limoncello","10","1","3","130","0.076923","gregtech:gt.metaitem.02","32132","",""
"roguelike","","loot_mountain","FOOD","4","6","6","true","Alcopops","10","1","3","130","0.076923","gregtech:gt.metaitem.02","32134","",""
"roguelike","","loot_mountain","FOOD","4","6","6","true","Leninade","10","1","3","130","0.076923","gregtech:gt.metaitem.02","32106","",""
"roguelike","","loot_mountain","ARMOUR","4","4","4","true","Wine","10","1","3","130","0.076923","gregtech:gt.metaitem.02","32102","",""
"roguelike","","loot_mountain","ARMOUR","4","4","4","true","Vodka","10","1","3","130","0.076923","gregtech:gt.metaitem.02","32105","",""
"roguelike","","loot_mountain","ARMOUR","4","4","4","true","Rum","10","1","3","130","0.076923","gregtech:gt.metaitem.02","32110","",""
"roguelike","","loot_mountain","ARMOUR","4","4","4","true","Pirate Brew","10","1","3","130","0.076923","gregtech:gt.metaitem.02","32111","",""
"roguelike","","loot_mountain","ARMOUR","4","4","4","true","Dark Beer","10","1","3","130","0.076923","gregtech:gt.metaitem.02","32113","",""
"roguelike","","loot_mountain","ARMOUR","4","4","4","true","Dragon Blood","10","1","3","130","0.076923","gregtech:gt.metaitem.02","32114","",""
"roguelike","","loot_mountain","ARMOUR","4","4","4","true","Scotch","10","1","3","130","0.076923","gregtech:gt.metaitem.02","32116","",""
"roguelike","","loot_mountain","ARMOUR","4","4","4","true","Glen McKenner","10","1","3","130","0.076923","gregtech:gt.metaitem.02","32117","",""
"roguelike","","loot_mountain","ARMOUR","4","4","4","true","Beer","10","1","3","130","0.076923","gregtech:gt.metaitem.02","32119","",""
"roguelike","","loot_mountain","ARMOUR","4","4","4","true","Notches Brew","10","1","3","130","0.076923","gregtech:gt.metaitem.02","32130","",""
"roguelike","","loot_mountain","ARMOUR","4","4","4","true","Limoncello","10","1","3","130","0.076923","gregtech:gt.metaitem.02","32132","",""
"roguelike","","loot_mountain","ARMOUR","4","4","4","true","Alcopops","10","1","3","130","0.076923","gregtech:gt.metaitem.02","32134","",""
"roguelike","","loot_mountain","ARMOUR","4","4","4","true","Leninade","10","1","3","130","0.076923","gregtech:gt.metaitem.02","32106","",""
"roguelike","","loot_mountain","FOOD","3","6","6","true","Asparagus Soup","10","1","3","340","0.029412","harvestcraft:asparagussoupItem","0","",""
"roguelike","","loot_mountain","FOOD","3","6","6","true","Potato Soup","10","1","3","340","0.029412","harvestcraft:potatosoupItem","0","",""
"roguelike","","loot_mountain","FOOD","3","6","6","true","Rice Soup","10","1","3","340","0.029412","harvestcraft:ricesoupItem","0","",""
"roguelike","","loot_mountain","FOOD","3","6","6","true","Beet Soup","10","1","3","340","0.029412","harvestcraft:beetsoupItem","0","",""
"roguelike","","loot_mountain","FOOD","3","6","6","true","Creamed Broccoli Soup","10","1","3","340","0.029412","harvestcraft:creamedbroccolisoupItem","0","",""
"roguelike","","loot_mountain","FOOD","3","6","6","true","Split Pea Soup","10","1","3","340","0.029412","harvestcraft:splitpeasoupItem","0","",""
"roguelike","","loot_mountain","FOOD","3","6","6","true","Turnip Soup","10","1","3","340","0.029412","harvestcraft:turnipsoupItem","0","",""
"roguelike","","loot_mountain","FOOD","3","6","6","true","Celery Soup","10","1","3","340","0.029412","harvestcraft:celerysoupItem","0","",""
"roguelike","","loot_mountain","FOOD","3","6","6","true","Leek Bacon Soup","10","1","3","340","0.029412","harvestcraft:leekbaconsoupItem","0","",""
"roguelike","","loot_mountain","FOOD","3","6","6","true","Lamb Barley Soup","10","1","3","340","0.029412","harvestcraft:lambbarleysoupItem","0","",""
"roguelike","","loot_mountain","FOOD","3","6","6","true","Old World Veggie Soup","10","1","3","340","0.029412","harvestcraft:oldworldveggiesoupItem","0","",""
"roguelike","","loot_mountain","FOOD","3","6","6","true","Garden Soup","10","1","3","340","0.029412","harvestcraft:gardensoupItem","0","",""
"roguelike","","loot_mountain","FOOD","3","6","6","true","Seed Soup","10","1","3","340","0.029412","harvestcraft:seedsoupItem","0","",""
"roguelike","","loot_mountain","FOOD","3","6","6","true","Cactus Soup","10","1","3","340","0.029412","harvestcraft:cactussoupItem","0","",""
"roguelike","","loot_mountain","FOOD","3","6","6","true","Cream of Avocado Soup","10","1","3","340","0.029412","harvestcraft:creamofavocadosoupItem","0","",""
"roguelike","","loot_mountain","FOOD","3","6","6","true","Pea and Ham Soup","10","1","3","340","0.029412","harvestcraft:peaandhamsoupItem","0","",""
"roguelike","","loot_mountain","FOOD","3","6","6","true","Potato and Leek Soup","10","1","3","340","0.029412","harvestcraft:potatoandleeksoupItem","0","",""
"roguelike","","loot_mountain","FOOD","3","6","6","true","Chicken Noodle Soup","10","1","3","340","0.029412","harvestcraft:chickennoodlesoupItem","0","",""
"roguelike","","loot_mountain","FOOD","3","6","6","true","Spider Eye Soup","10","1","3","340","0.029412","harvestcraft:spidereyesoupItem","0","",""
"roguelike","","loot_mountain","FOOD","3","6","6","true","Vegetable Soup","10","1","3","340","0.029412","harvestcraft:vegetablesoupItem","0","",""
"roguelike","","loot_mountain","FOOD","3","6","6","true","Tomato Soup","10","1","3","340","0.029412","harvestcraft:tomatosoupItem","0","",""
"roguelike","","loot_mountain","FOOD","3","6","6","true","Onion Soup","10","1","3","340","0.029412","harvestcraft:onionsoupItem","0","",""
"roguelike","","loot_mountain","FOOD","3","6","6","true","Cucumber Soup","10","1","3","340","0.029412","harvestcraft:cucumbersoupItem","0","",""
"roguelike","","loot_mountain","FOOD","3","6","6","true","Carrot Soup","10","1","3","340","0.029412","harvestcraft:carrotsoupItem","0","",""
"roguelike","","loot_mountain","FOOD","3","6","6","true","Pumpkin Soup","10","1","3","340","0.029412","harvestcraft:pumpkinsoupItem","0","",""
"roguelike","","loot_mountain","FOOD","3","6","6","true","Beetroot Soup","10","1","3","340","0.029412","etfuturum:beetroot_soup","0","",""
"roguelike","","loot_mountain","FOOD","3","6","6","true","Suspicious Stew","10","1","3","340","0.029412","etfuturum:suspicious_stew","0","",""
"roguelike","","loot_mountain","FOOD","3","6","6","true","Mushroom Stew","10","1","3","340","0.029412","minecraft:mushroom_stew","0","",""
"roguelike","","loot_mountain","FOOD","3","6","6","true","Rabbit Stew","10","1","3","340","0.029412","etfuturum:rabbit_stew","0","",""
"roguelike","","loot_mountain","FOOD","3","6","6","true","Vishroom Stew","10","1","3","340","0.029412","Automagy:foodstuff","0","",""
"roguelike","","loot_mountain","FOOD","3","6","6","true","Raw Meaty Stew","10","1","3","340","0.029412","witchery:stewraw","0","",""
"roguelike","","loot_mountain","FOOD","3","6","6","true","Meaty Stew","10","1","3","340","0.029412","witchery:stew","0","",""
"roguelike","","loot_mountain","FOOD","3","6","6","true","Meaty Stew","10","1","3","340","0.029412","harvestcraft:meatystewItem","0","",""
"roguelike","","loot_mountain","FOOD","3","6","6","true","Glowshroom Stew","10","1","3","340","0.029412","Natura:natura.stewbowl","14","",""
"roguelike","","loot_mountain","ARMOUR","3","4","4","true","Asparagus Soup","10","1","3","340","0.029412","harvestcraft:asparagussoupItem","0","",""
"roguelike","","loot_mountain","ARMOUR","3","4","4","true","Potato Soup","10","1","3","340","0.029412","harvestcraft:potatosoupItem","0","",""
"roguelike","","loot_mountain","ARMOUR","3","4","4","true","Rice Soup","10","1","3","340","0.029412","harvestcraft:ricesoupItem","0","",""
"roguelike","","loot_mountain","ARMOUR","3","4","4","true","Beet Soup","10","1","3","340","0.029412","harvestcraft:beetsoupItem","0","",""
"roguelike","","loot_mountain","ARMOUR","3","4","4","true","Creamed Broccoli Soup","10","1","3","340","0.029412","harvestcraft:creamedbroccolisoupItem","0","",""
"roguelike","","loot_mountain","ARMOUR","3","4","4","true","Split Pea Soup","10","1","3","340","0.029412","harvestcraft:splitpeasoupItem","0","",""
"roguelike","","loot_mountain","ARMOUR","3","4","4","true","Turnip Soup","10","1","3","340","0.029412","harvestcraft:turnipsoupItem","0","",""
"roguelike","","loot_mountain","ARMOUR","3","4","4","true","Celery Soup","10","1","3","340","0.029412","harvestcraft:celerysoupItem","0","",""
"roguelike","","loot_mountain","ARMOUR","3","4","4","true","Leek Bacon Soup","10","1","3","340","0.029412","harvestcraft:leekbaconsoupItem","0","",""
"roguelike","","loot_mountain","ARMOUR","3","4","4","true","Lamb Barley Soup","10","1","3","340","0.029412","harvestcraft:lambbarleysoupItem","0","",""
"roguelike","","loot_mountain","ARMOUR","3","4","4","true","Old World Veggie Soup","10","1","3","340","0.029412","harvestcraft:oldworldveggiesoupItem","0","",""
"roguelike","","loot_mountain","ARMOUR","3","4","4","true","Garden Soup","10","1","3","340","0.029412","harvestcraft:gardensoupItem","0","",""
"roguelike","","loot_mountain","ARMOUR","3","4","4","true","Seed Soup","10","1","3","340","0.029412","harvestcraft:seedsoupItem","0","",""
"roguelike","","loot_mountain","ARMOUR","3","4","4","true","Cactus Soup","10","1","3","340","0.029412","harvestcraft:cactussoupItem","0","",""
"roguelike","","loot_mountain","ARMOUR","3","4","4","true","Cream of Avocado Soup","10","1","3","340","0.029412","harvestcraft:creamofavocadosoupItem","0","",""
"roguelike","","loot_mountain","ARMOUR","3","4","4","true","Pea and Ham Soup","10","1","3","340","0.029412","harvestcraft:peaandhamsoupItem","0","",""
"roguelike","","loot_mountain","ARMOUR","3","4","4","true","Potato and Leek Soup","10","1","3","340","0.029412","harvestcraft:potatoandleeksoupItem","0","",""
"roguelike","","loot_mountain","ARMOUR","3","4","4","true","Chicken Noodle Soup","10","1","3","340","0.029412","harvestcraft:chickennoodlesoupItem","0","",""
"roguelike","","loot_mountain","ARMOUR","3","4","4","true","Spider Eye Soup","10","1","3","340","0.029412","harvestcraft:spidereyesoupItem","0","",""
"roguelike","","loot_mountain","ARMOUR","3","4","4","true","Vegetable Soup","10","1","3","340","0.029412","harvestcraft:vegetablesoupItem","0","",""
"roguelike","","loot_mountain","ARMOUR","3","4","4","true","Tomato Soup","10","1","3","340","0.029412","harvestcraft:tomatosoupItem","0","",""
"roguelike","","loot_mountain","ARMOUR","3","4","4","true","Onion Soup","10","1","3","340","0.029412","harvestcraft:onionsoupItem","0","",""
"roguelike","","loot_mountain","ARMOUR","3","4","4","true","Cucumber Soup","10","1","3","340","0.029412","harvestcraft:cucumbersoupItem","0","",""
"roguelike","","loot_mountain","ARMOUR","3","4","4","true","Carrot Soup","10","1","3","340","0.029412","harvestcraft:carrotsoupItem","0","",""
"roguelike","","loot_mountain","ARMOUR","3","4","4","true","Pumpkin Soup","10","1","3","340","0.029412","harvestcraft:pumpkinsoupItem","0","",""
"roguelike","","loot_mountain","ARMOUR","3","4","4","true","Beetroot Soup","10","1","3","340","0.029412","etfuturum:beetroot_soup","0","",""
"roguelike","","loot_mountain","ARMOUR","3","4","4","true","Suspicious Stew","10","1","3","340","0.029412","etfuturum:suspicious_stew","0","",""
"roguelike","","loot_mountain","ARMOUR","3","4","4","true","Mushroom Stew","10","1","3","340","0.029412","minecraft:mushroom_stew","0","",""
"roguelike","","loot_mountain","ARMOUR","3","4","4","true","Rabbit Stew","10","1","3","340","0.029412","etfuturum:rabbit_stew","0","",""
"roguelike","","loot_mountain","ARMOUR","3","4","4","true","Vishroom Stew","10","1","3","340","0.029412","Automagy:foodstuff","0","",""
"roguelike","","loot_mountain","ARMOUR","3","4","4","true","Raw Meaty Stew","10","1","3","340","0.029412","witchery:stewraw","0","",""
"roguelike","","loot_mountain","ARMOUR","3","4","4","true","Meaty Stew","10","1","3","340","0.029412","witchery:stew","0","",""
"roguelike","","loot_mountain","ARMOUR","3","4","4","true","Meaty Stew","10","1","3","340","0.029412","harvestcraft:meatystewItem","0","",""
"roguelike","","loot_mountain","ARMOUR","3","4","4","true","Glowshroom Stew","10","1","3","340","0.029412","Natura:natura.stewbowl","14","",""
"roguelike","","loot_plains","FOOD","0","5","5","true","Apple Yogurt","10","1","3","310","0.032258","harvestcraft:appleyogurtItem","0","",""
"roguelike","","loot_plains","FOOD","0","5","5","true","Apricot Yogurt","10","1","3","310","0.032258","harvestcraft:apricotyogurtItem","0","",""
"roguelike","","loot_plains","FOOD","0","5","5","true","Banana Yogurt","10","1","3","310","0.032258","harvestcraft:bananayogurtItem","0","",""
"roguelike","","loot_plains","FOOD","0","5","5","true","Blackberry Yogurt","10","1","3","310","0.032258","harvestcraft:blackberryyogurtItem","0","",""
"roguelike","","loot_plains","FOOD","0","5","5","true","Blueberry Yogurt","10","1","3","310","0.032258","harvestcraft:blueberryyogurtItem","0","",""
"roguelike","","loot_plains","FOOD","0","5","5","true","Cherry Yogurt","10","1","3","310","0.032258","harvestcraft:cherryyogurtItem","0","",""
"roguelike","","loot_plains","FOOD","0","5","5","true","Chocolate Yogurt","10","1","3","310","0.032258","harvestcraft:chocolateyogurtItem","0","",""
"roguelike","","loot_plains","FOOD","0","5","5","true","Coconut Yogurt","10","1","3","310","0.032258","harvestcraft:coconutyogurtItem","0","",""
"roguelike","","loot_plains","FOOD","0","5","5","true","Fig Yogurt","10","1","3","310","0.032258","harvestcraft:figyogurtItem","0","",""
"roguelike","","loot_plains","FOOD","0","5","5","true","Grape Yogurt","10","1","3","310","0.032258","harvestcraft:grapeyogurtItem","0","",""
"roguelike","","loot_plains","FOOD","0","5","5","true","Kiwi Yogurt","10","1","3","310","0.032258","harvestcraft:kiwiyogurtItem","0","",""
"roguelike","","loot_plains","FOOD","0","5","5","true","Lemon Yogurt","10","1","3","310","0.032258","harvestcraft:lemonyogurtItem","0","",""
"roguelike","","loot_plains","FOOD","0","5","5","true","Lime Yogurt","10","1","3","310","0.032258","harvestcraft:limeyogurtItem","0","",""
"roguelike","","loot_plains","FOOD","0","5","5","true","Mango Yogurt","10","1","3","310","0.032258","harvestcraft:mangoyogurtItem","0","",""
"roguelike","","loot_plains","FOOD","0","5","5","true","Melon Yogurt","10","1","3","310","0.032258","harvestcraft:melonyogurtItem","0","",""
"roguelike","","loot_plains","FOOD","0","5","5","true","Orange Yogurt","10","1","3","310","0.032258","harvestcraft:orangeyogurtItem","0","",""
"roguelike","","loot_plains","FOOD","0","5","5","true","Papaya Yogurt","10","1","3","310","0.032258","harvestcraft:papayayogurtItem","0","",""
"roguelike","","loot_plains","FOOD","0","5","5","true","Peach Yogurt","10","1","3","310","0.032258","harvestcraft:peachyogurtItem","0","",""
"roguelike","","loot_plains","FOOD","0","5","5","true","Pear Yogurt","10","1","3","310","0.032258","harvestcraft:pearyogurtItem","0","",""
"roguelike","","loot_plains","FOOD","0","5","5","true","Pineapple Yogurt","10","1","3","310","0.032258","harvestcraft:pineappleyogurtItem","0","",""
"roguelike","","loot_plains","FOOD","0","5","5","true","Plain Yogurt","10","1","3","310","0.032258","harvestcraft:plainyogurtItem","0","",""
"roguelike","","loot_plains","FOOD","0","5","5","true","Plum Yogurt","10","1","3","310","0.032258","harvestcraft:plumyogurtItem","0","",""
"roguelike","","loot_plains","FOOD","0","5","5","true","Pomegranate Yogurt","10","1","3","310","0.032258","harvestcraft:pomegranateyogurtItem","0","",""
"roguelike","","loot_plains","FOOD","0","5","5","true","Pumpkin Yogurt","10","1","3","310","0.032258","harvestcraft:pumpkinyogurtItem","0","",""
"roguelike","","loot_plains","FOOD","0","5","5","true","Starfruit Yogurt","10","1","3","310","0.032258","harvestcraft:starfruityogurtItem","0","",""
"roguelike","","loot_plains","FOOD","0","5","5","true","Strawberry Yogurt","10","1","3","310","0.032258","harvestcraft:strawberryyogurtItem","0","",""
"roguelike","","loot_plains","FOOD","0","5","5","true","Raspberry Yogurt","10","1","3","310","0.032258","harvestcraft:raspberryyogurtItem","0","",""
"roguelike","","loot_plains","FOOD","0","5","5","true","Cranberry Yogurt","10","1","3","310","0.032258","harvestcraft:cranberryyogurtItem","0","",""
"roguelike","","loot_plains","FOOD","0","5","5","true","Gooseberry Yogurt","10","1","3","310","0.032258","harvestcraft:gooseberryyogurtItem","0","",""
"roguelike","","loot_plains","FOOD","0","5","5","true","Persimmon Yogurt","10","1","3","310","0.032258","harvestcraft:persimmonyogurtItem","0","",""
"roguelike","","loot_plains","FOOD","0","5","5","true","Grapefruit Yogurt","10","1","3","310","0.032258","harvestcraft:grapefruityogurtItem","0","",""
"roguelike","","loot_plains","ARMOUR","0","3","3","true","Apple Yogurt","10","1","3","310","0.032258","harvestcraft:appleyogurtItem","0","",""
"roguelike","","loot_plains","ARMOUR","0","3","3","true","Apricot Yogurt","10","1","3","310","0.032258","harvestcraft:apricotyogurtItem","0","",""
"roguelike","","loot_plains","ARMOUR","0","3","3","true","Banana Yogurt","10","1","3","310","0.032258","harvestcraft:bananayogurtItem","0","",""
"roguelike","","loot_plains","ARMOUR","0","3","3","true","Blackberry Yogurt","10","1","3","310","0.032258","harvestcraft:blackberryyogurtItem","0","",""
"roguelike","","loot_plains","ARMOUR","0","3","3","true","Blueberry Yogurt","10","1","3","310","0.032258","harvestcraft:blueberryyogurtItem","0","",""
"roguelike","","loot_plains","ARMOUR","0","3","3","true","Cherry Yogurt","10","1","3","310","0.032258","harvestcraft:cherryyogurtItem","0","",""
"roguelike","","loot_plains","ARMOUR","0","3","3","true","Chocolate Yogurt","10","1","3","310","0.032258","harvestcraft:chocolateyogurtItem","0","",""
"roguelike","","loot_plains","ARMOUR","0","3","3","true","Coconut Yogurt","10","1","3","310","0.032258","harvestcraft:coconutyogurtItem","0","",""
"roguelike","","loot_plains","ARMOUR","0","3","3","true","Fig Yogurt","10","1","3","310","0.032258","harvestcraft:figyogurtItem","0","",""
"roguelike","","loot_plains","ARMOUR","0","3","3","true","Grape Yogurt","10","1","3","310","0.032258","harvestcraft:grapeyogurtItem","0","",""
"roguelike","","loot_plains","ARMOUR","0","3","3","true","Kiwi Yogurt","10","1","3","310","0.032258","harvestcraft:kiwiyogurtItem","0","",""
"roguelike","","loot_plains","ARMOUR","0","3","3","true","Lemon Yogurt","10","1","3","310","0.032258","harvestcraft:lemonyogurtItem","0","",""
"roguelike","","loot_plains","ARMOUR","0","3","3","true","Lime Yogurt","10","1","3","310","0.032258","harvestcraft:limeyogurtItem","0","",""
"roguelike","","loot_plains","ARMOUR","0","3","3","true","Mango Yogurt","10","1","3","310","0.032258","harvestcraft:mangoyogurtItem","0","",""
"roguelike","","loot_plains","ARMOUR","0","3","3","true","Melon Yogurt","10","1","3","310","0.032258","harvestcraft:melonyogurtItem","0","",""
"roguelike","","loot_plains","ARMOUR","0","3","3","true","Orange Yogurt","10","1","3","310","0.032258","harvestcraft:orangeyogurtItem","0","",""
"roguelike","","loot_plains","ARMOUR","0","3","3","true","Papaya Yogurt","10","1","3","310","0.032258","harvestcraft:papayayogurtItem","0","",""
"roguelike","","loot_plains","ARMOUR","0","3","3","true","Peach Yogurt","10","1","3","310","0.032258","harvestcraft:peachyogurtItem","0","",""
"roguelike","","loot_plains","ARMOUR","0","3","3","true","Pear Yogurt","10","1","3","310","0.032258","harvestcraft:pearyogurtItem","0","",""
"roguelike","","loot_plains","ARMOUR","0","3","3","true","Pineapple Yogurt","10","1","3","310","0.032258","harvestcraft:pineappleyogurtItem","0","",""
"roguelike","","loot_plains","ARMOUR","0","3","3","true","Plain Yogurt","10","1","3","310","0.032258","harvestcraft:plainyogurtItem","0","",""
"roguelike","","loot_plains","ARMOUR","0","3","3","true","Plum Yogurt","10","1","3","310","0.032258","harvestcraft:plumyogurtItem","0","",""
"roguelike","","loot_plains","ARMOUR","0","3","3","true","Pomegranate Yogurt","10","1","3","310","0.032258","harvestcraft:pomegranateyogurtItem","0","",""
"roguelike","","loot_plains","ARMOUR","0","3","3","true","Pumpkin Yogurt","10","1","3","310","0.032258","harvestcraft:pumpkinyogurtItem","0","",""
"roguelike","","loot_plains","ARMOUR","0","3","3","true","Starfruit Yogurt","10","1","3","310","0.032258","harvestcraft:starfruityogurtItem","0","",""
"roguelike","","loot_plains","ARMOUR","0","3","3","true","Strawberry Yogurt","10","1","3","310","0.032258","harvestcraft:strawberryyogurtItem","0","",""
"roguelike","","loot_plains","ARMOUR","0","3","3","true","Raspberry Yogurt","10","1","3","310","0.032258","harvestcraft:raspberryyogurtItem","0","",""
"roguelike","","loot_plains","ARMOUR","0","3","3","true","Cranberry Yogurt","10","1","3","310","0.032258","harvestcraft:cranberryyogurtItem","0","",""
"roguelike","","loot_plains","ARMOUR","0","3","3","true","Gooseberry Yogurt","10","1","3","310","0.032258","harvestcraft:gooseberryyogurtItem","0","",""
"roguelike","","loot_plains","ARMOUR","0","3","3","true","Persimmon Yogurt","10","1","3","310","0.032258","harvestcraft:persimmonyogurtItem","0","",""
"roguelike","","loot_plains","ARMOUR","0","3","3","true","Grapefruit Yogurt","10","1","3","310","0.032258","harvestcraft:grapefruityogurtItem","0","",""
"roguelike","","loot_plains","FOOD","1","5","5","true","Honey Sandwich","10","1","3","260","0.038462","harvestcraft:honeysandwichItem","0","",""
"roguelike","","loot_plains","FOOD","1","5","5","true","Apricot Jelly Sandwich","10","1","3","260","0.038462","harvestcraft:apricotjellysandwichItem","0","",""
"roguelike","","loot_plains","FOOD","1","5","5","true","Watermelon Jelly Sandwich","10","1","3","260","0.038462","harvestcraft:watermelonjellysandwichItem","0","",""
"roguelike","","loot_plains","FOOD","1","5","5","true","Strawberry Jelly Sandwich","10","1","3","260","0.038462","harvestcraft:strawberryjellysandwichItem","0","",""
"roguelike","","loot_plains","FOOD","1","5","5","true","Starfruit Jelly Sandwich","10","1","3","260","0.038462","harvestcraft:starfruitjellysandwichItem","0","",""
"roguelike","","loot_plains","FOOD","1","5","5","true","Raspberry Jelly Sandwich","10","1","3","260","0.038462","harvestcraft:raspberryjellysandwichItem","0","",""
"roguelike","","loot_plains","FOOD","1","5","5","true","Pomegranate Jelly Sandwich","10","1","3","260","0.038462","harvestcraft:pomegranatejellysandwichItem","0","",""
"roguelike","","loot_plains","FOOD","1","5","5","true","Peach Jelly Sandwich","10","1","3","260","0.038462","harvestcraft:peachjellysandwichItem","0","",""
"roguelike","","loot_plains","FOOD","1","5","5","true","Cranberry Jelly Sandwich","10","1","3","260","0.038462","harvestcraft:cranberryjellysandwichItem","0","",""
"roguelike","","loot_plains","FOOD","1","5","5","true","Kiwi Jelly Sandwich","10","1","3","260","0.038462","harvestcraft:kiwijellysandwichItem","0","",""
"roguelike","","loot_plains","FOOD","1","5","5","true","Lemon Jelly Sandwich","10","1","3","260","0.038462","harvestcraft:lemonjellysandwichItem","0","",""
"roguelike","","loot_plains","FOOD","1","5","5","true","Lime Jelly Sandwich","10","1","3","260","0.038462","harvestcraft:limejellysandwichItem","0","",""
"roguelike","","loot_plains","FOOD","1","5","5","true","Mango Jelly Sandwich","10","1","3","260","0.038462","harvestcraft:mangojellysandwichItem","0","",""
"roguelike","","loot_plains","FOOD","1","5","5","true","Orange Jelly Sandwich","10","1","3","260","0.038462","harvestcraft:orangejellysandwichItem","0","",""
"roguelike","","loot_plains","FOOD","1","5","5","true","Papaya Jelly Sandwich","10","1","3","260","0.038462","harvestcraft:papayajellysandwichItem","0","",""
"roguelike","","loot_plains","FOOD","1","5","5","true","Cherry Jelly Sandwich","10","1","3","260","0.038462","harvestcraft:cherryjellysandwichItem","0","",""
"roguelike","","loot_plains","FOOD","1","5","5","true","Blueberry Jelly Sandwich","10","1","3","260","0.038462","harvestcraft:blueberryjellysandwichItem","0","",""
"roguelike","","loot_plains","FOOD","1","5","5","true","Blackberry Jelly Sandwich","10","1","3","260","0.038462","harvestcraft:blackberryjellysandwichItem","0","",""
"roguelike","","loot_plains","FOOD","1","5","5","true","Apple Jelly Sandwich","10","1","3","260","0.038462","harvestcraft:applejellysandwichItem","0","",""
"roguelike","","loot_plains","FOOD","1","5","5","true","Plum Jelly Sandwich","10","1","3","260","0.038462","harvestcraft:plumjellysandwichItem","0","",""
"roguelike","","loot_plains","FOOD","1","5","5","true","Fig Jelly Sandwich","10","1","3","260","0.038462","harvestcraft:figjellysandwichItem","0","",""
"roguelike","","loot_plains","FOOD","1","5","5","true","Grapefruit Jelly Sandwich","10","1","3","260","0.038462","harvestcraft:grapefruitjellysandwichItem","0","",""
"roguelike","","loot_plains","FOOD","1","5","5","true","Persimmon Jelly Sandwich","10","1","3","260","0.038462","harvestcraft:persimmonjellysandwichItem","0","",""
"roguelike","","loot_plains","FOOD","1","5","5","true","Pear Jelly Sandwich","10","1","3","260","0.038462","harvestcraft:pearjellysandwichItem","0","",""
"roguelike","","loot_plains","FOOD","1","5","5","true","Gooseberry Jelly Sandwich","10","1","3","260","0.038462","harvestcraft:gooseberryjellysandwichItem","0","",""
"roguelike","","loot_plains","FOOD","1","5","5","true","Ham & Sweet Pickle Sandwich","10","1","3","260","0.038462","harvestcraft:hamsweetpicklesandwichItem","0","",""
"roguelike","","loot_plains","ARMOUR","1","3","3","true","Honey Sandwich","10","1","3","260","0.038462","harvestcraft:honeysandwichItem","0","",""
"roguelike","","loot_plains","ARMOUR","1","3","3","true","Apricot Jelly Sandwich","10","1","3","260","0.038462","harvestcraft:apricotjellysandwichItem","0","",""
"roguelike","","loot_plains","ARMOUR","1","3","3","true","Watermelon Jelly Sandwich","10","1","3","260","0.038462","harvestcraft:watermelonjellysandwichItem","0","",""
"roguelike","","loot_plains","ARMOUR","1","3","3","true","Strawberry Jelly Sandwich","10","1","3","260","0.038462","harvestcraft:strawberryjellysandwichItem","0","",""
"roguelike","","loot_plains","ARMOUR","1","3","3","true","Starfruit Jelly Sandwich","10","1","3","260","0.038462","harvestcraft:starfruitjellysandwichItem","0","",""
"roguelike","","loot_plains","ARMOUR","1","3","3","true","Raspberry Jelly Sandwich","10","1","3","260","0.038462","harvestcraft:raspberryjellysandwichItem","0","",""
"roguelike","","loot_plains","ARMOUR","1","3","3","true","Pomegranate Jelly Sandwich","10","1","3","260","0.038462","harvestcraft:pomegranatejellysandwichItem","0","",""
"roguelike","","loot_plains","ARMOUR","1","3","3","true","Peach Jelly Sandwich","10","1","3","260","0.038462","harvestcraft:peachjellysandwichItem","0","",""
"roguelike","","loot_plains","ARMOUR","1","3","3","true","Cranberry Jelly Sandwich","10","1","3","260","0.038462","harvestcraft:cranberryjellysandwichItem","0","",""
"roguelike","","loot_plains","ARMOUR","1","3","3","true","Kiwi Jelly Sandwich","10","1","3","260","0.038462","harvestcraft:kiwijellysandwichItem","0","",""
"roguelike","","loot_plains","ARMOUR","1","3","3","true","Lemon Jelly Sandwich","10","1","3","260","0.038462","harvestcraft:lemonjellysandwichItem","0","",""
"roguelike","","loot_plains","ARMOUR","1","3","3","true","Lime Jelly Sandwich","10","1","3","260","0.038462","harvestcraft:limejellysandwichItem","0","",""
"roguelike","","loot_plains","ARMOUR","1","3","3","true","Mango Jelly Sandwich","10","1","3","260","0.038462","harvestcraft:mangojellysandwichItem","0","",""
"roguelike","","loot_plains","ARMOUR","1","3","3","true","Orange Jelly Sandwich","10","1","3","260","0.038462","harvestcraft:orangejellysandwichItem","0","",""
"roguelike","","loot_plains","ARMOUR","1","3","3","true","Papaya Jelly Sandwich","10","1","3","260","0.038462","harvestcraft:papayajellysandwichItem","0","",""
"roguelike","","loot_plains","ARMOUR","1","3","3","true","Cherry Jelly Sandwich","10","1","3","260","0.038462","harvestcraft:cherryjellysandwichItem","0","",""
"roguelike","","loot_plains","ARMOUR","1","3","3","true","Blueberry Jelly Sandwich","10","1","3","260","0.038462","harvestcraft:blueberryjellysandwichItem","0","",""
"roguelike","","loot_plains","ARMOUR","1","3","3","true","Blackberry Jelly Sandwich","10","1","3","260","0.038462","harvestcraft:blackberryjellysandwichItem","0","",""
"roguelike","","loot_plains","ARMOUR","1","3","3","true","Apple Jelly Sandwich","10","1","3","260","0.038462","harvestcraft:applejellysandwichItem","0","",""
"roguelike","","loot_plains","ARMOUR","1","3","3","true","Plum Jelly Sandwich","10","1","3","260","0.038462","harvestcraft:plumjellysandwichItem","0","",""
"roguelike","","loot_plains","ARMOUR","1","3","3","true","Fig Jelly Sandwich","10","1","3","260","0.038462","harvestcraft:figjellysandwichItem","0","",""
"roguelike","","loot_plains","ARMOUR","1","3","3","true","Grapefruit Jelly Sandwich","10","1","3","260","0.038462","harvestcraft:grapefruitjellysandwichItem","0","",""
"roguelike","","loot_plains","ARMOUR","1","3","3","true","Persimmon Jelly Sandwich","10","1","3","260","0.038462","harvestcraft:persimmonjellysandwichItem","0","",""
"roguelike","","loot_plains","ARMOUR","1","3","3","true","Pear Jelly Sandwich","10","1","3","260","0.038462","harvestcraft:pearjellysandwichItem","0","",""
"roguelike","","loot_plains","ARMOUR","1","3","3","true","Gooseberry Jelly Sandwich","10","1","3","260","0.038462","harvestcraft:gooseberryjellysandwichItem","0","",""
"roguelike","","loot_plains","ARMOUR","1","3","3","true","Ham & Sweet Pickle Sandwich","10","1","3","260","0.038462","harvestcraft:hamsweetpicklesandwichItem","0","",""
"roguelike","","loot_plains","FOOD","2","6","6","true","Buttered Potato","10","1","3","280","0.035714","harvestcraft:butteredpotatoItem","0","",""
"roguelike","","loot_plains","FOOD","2","6","6","true","Chicken Pot Pie","10","1","3","280","0.035714","harvestcraft:chickenpotpieItem","0","",""
"roguelike","","loot_plains","FOOD","2","6","6","true","Cornish Pasty","10","1","3","280","0.035714","harvestcraft:cornishpastyItem","0","",""
"roguelike","","loot_plains","FOOD","2","6","6","true","Fries","10","1","3","280","0.035714","harvestcraft:friesItem","0","",""
"roguelike","","loot_plains","FOOD","2","6","6","true","Hash","10","1","3","280","0.035714","harvestcraft:hashItem","0","",""
"roguelike","","loot_plains","FOOD","2","6","6","true","Leek Bacon Soup","10","1","3","280","0.035714","harvestcraft:leekbaconsoupItem","0","",""
"roguelike","","loot_plains","FOOD","2","6","6","true","Mixed Salad","10","1","3","280","0.035714","harvestcraft:mixedsaladItem","0","",""
"roguelike","","loot_plains","FOOD","2","6","6","true","Potato and Leek Soup","10","1","3","280","0.035714","harvestcraft:potatoandleeksoupItem","0","",""
"roguelike","","loot_plains","FOOD","2","6","6","true","Potato Cakes","10","1","3","280","0.035714","harvestcraft:potatocakesItem","0","",""
"roguelike","","loot_plains","FOOD","2","6","6","true","Potato Soup","10","1","3","280","0.035714","harvestcraft:potatosoupItem","0","",""
"roguelike","","loot_plains","FOOD","2","6","6","true","Pot Roast","10","1","3","280","0.035714","harvestcraft:potroastItem","0","",""
"roguelike","","loot_plains","FOOD","2","6","6","true","Roasted Root Veggie Medley","10","1","3","280","0.035714","harvestcraft:roastedrootveggiemedleyItem","0","",""
"roguelike","","loot_plains","FOOD","2","6","6","true","Roast Potatoes","10","1","3","280","0.035714","harvestcraft:roastpotatoesItem","0","",""
"roguelike","","loot_plains","FOOD","2","6","6","true","Scallion Baked Potato","10","1","3","280","0.035714","harvestcraft:scallionbakedpotatoItem","0","",""
"roguelike","","loot_plains","FOOD","2","6","6","true","Shepherd's Pie","10","1","3","280","0.035714","harvestcraft:shepardspieItem","0","",""
"roguelike","","loot_plains","FOOD","2","6","6","true","Vegetable Soup","10","1","3","280","0.035714","harvestcraft:vegetablesoupItem","0","",""
"roguelike","","loot_plains","FOOD","2","6","6","true","Veggie Strips","10","1","3","280","0.035714","harvestcraft:veggiestripsItem","0","",""
"roguelike","","loot_plains","FOOD","2","6","6","true","Cottage Pie","10","1","3","280","0.035714","harvestcraft:cottagepieItem","0","",""
"roguelike","","loot_plains","FOOD","2","6","6","true","Veggie Salad","10","1","3","280","0.035714","BiomesOPlenty:food","5","",""
"roguelike","","loot_plains","FOOD","2","6","6","true","Turnip","10","1","3","280","0.035714","BiomesOPlenty:food","11","",""
"roguelike","","loot_plains","FOOD","2","6","6","true","Potato Chips (Raw)","10","1","3","280","0.035714","gregtech:gt.metaitem.02","32205","",""
"roguelike","","loot_plains","FOOD","2","6","6","true","Potato Chips","10","1","3","280","0.035714","gregtech:gt.metaitem.02","32206","",""
"roguelike","","loot_plains","FOOD","2","6","6","true","Fries","10","1","3","280","0.035714","gregtech:gt.metaitem.02","32203","",""
"roguelike","","loot_plains","FOOD","2","6","6","true","Potato Strips","10","1","3","280","0.035714","gregtech:gt.metaitem.02","32202","",""
"roguelike","","loot_plains","FOOD","2","6","6","true","Latte","10","1","3","280","0.035714","gregtech:gt.metaitem.02","32002","",""
"roguelike","","loot_plains","FOOD","2","6","6","true","Potato on a Stick","10","1","3","280","0.035714","gregtech:gt.metaitem.02","32200","",""
"roguelike","","loot_plains","FOOD","2","6","6","true","Roasted Potato on a Stick","10","1","3","280","0.035714","gregtech:gt.metaitem.02","32201","",""
"roguelike","","loot_plains","FOOD","2","6","6","true","Potato Chips (Raw)","10","1","3","280","0.035714","gregtech:gt.metaitem.02","32205","",""
"roguelike","","loot_plains","ARMOUR","2","3","3","true","Buttered Potato","10","1","3","280","0.035714","harvestcraft:butteredpotatoItem","0","",""
"roguelike","","loot_plains","ARMOUR","2","3","3","true","Chicken Pot Pie","10","1","3","280","0.035714","harvestcraft:chickenpotpieItem","0","",""
"roguelike","","loot_plains","ARMOUR","2","3","3","true","Cornish Pasty","10","1","3","280","0.035714","harvestcraft:cornishpastyItem","0","",""
"roguelike","","loot_plains","ARMOUR","2","3","3","true","Fries","10","1","3","280","0.035714","harvestcraft:friesItem","0","",""
"roguelike","","loot_plains","ARMOUR","2","3","3","true","Hash","10","1","3","280","0.035714","harvestcraft:hashItem","0","",""
"roguelike","","loot_plains","ARMOUR","2","3","3","true","Leek Bacon Soup","10","1","3","280","0.035714","harvestcraft:leekbaconsoupItem","0","",""
"roguelike","","loot_plains","ARMOUR","2","3","3","true","Mixed Salad","10","1","3","280","0.035714","harvestcraft:mixedsaladItem","0","",""
"roguelike","","loot_plains","ARMOUR","2","3","3","true","Potato and Leek Soup","10","1","3","280","0.035714","harvestcraft:potatoandleeksoupItem","0","",""
"roguelike","","loot_plains","ARMOUR","2","3","3","true","Potato Cakes","10","1","3","280","0.035714","harvestcraft:potatocakesItem","0","",""
"roguelike","","loot_plains","ARMOUR","2","3","3","true","Potato Soup","10","1","3","280","0.035714","harvestcraft:potatosoupItem","0","",""
"roguelike","","loot_plains","ARMOUR","2","3","3","true","Pot Roast","10","1","3","280","0.035714","harvestcraft:potroastItem","0","",""
"roguelike","","loot_plains","ARMOUR","2","3","3","true","Roasted Root Veggie Medley","10","1","3","280","0.035714","harvestcraft:roastedrootveggiemedleyItem","0","",""
"roguelike","","loot_plains","ARMOUR","2","3","3","true","Roast Potatoes","10","1","3","280","0.035714","harvestcraft:roastpotatoesItem","0","",""
"roguelike","","loot_plains","ARMOUR","2","3","3","true","Scallion Baked Potato","10","1","3","280","0.035714","harvestcraft:scallionbakedpotatoItem","0","",""
"roguelike","","loot_plains","ARMOUR","2","3","3","true","Shepherd's Pie","10","1","3","280","0.035714","harvestcraft:shepardspieItem","0","",""
"roguelike","","loot_plains","ARMOUR","2","3","3","true","Vegetable Soup","10","1","3","280","0.035714","harvestcraft:vegetablesoupItem","0","",""
"roguelike","","loot_plains","ARMOUR","2","3","3","true","Veggie Strips","10","1","3","280","0.035714","harvestcraft:veggiestripsItem","0","",""
"roguelike","","loot_plains","ARMOUR","2","3","3","true","Cottage Pie","10","1","3","280","0.035714","harvestcraft:cottagepieItem","0","",""
"roguelike","","loot_plains","ARMOUR","2","3","3","true","Veggie Salad","10","1","3","280","0.035714","BiomesOPlenty:food","5","",""
"roguelike","","loot_plains","ARMOUR","2","3","3","true","Turnip","10","1","3","280","0.035714","BiomesOPlenty:food","11","",""
"roguelike","","loot_plains","ARMOUR","2","3","3","true","Potato Chips (Raw)","10","1","3","280","0.035714","gregtech:gt.metaitem.02","32205","",""
"roguelike","","loot_plains","ARMOUR","2","3","3","true","Potato Chips","10","1","3","280","0.035714","gregtech:gt.metaitem.02","32206","",""
"roguelike","","loot_plains","ARMOUR","2","3","3","true","Fries","10","1","3","280","0.035714","gregtech:gt.metaitem.02","32203","",""
"roguelike","","loot_plains","ARMOUR","2","3","3","true","Potato Strips","10","1","3","280","0.035714","gregtech:gt.metaitem.02","32202","",""
"roguelike","","loot_plains","ARMOUR","2","3","3","true","Latte","10","1","3","280","0.035714","gregtech:gt.metaitem.02","32002","",""
"roguelike","","loot_plains","ARMOUR","2","3","3","true","Potato on a Stick","10","1","3","280","0.035714","gregtech:gt.metaitem.02","32200","",""
"roguelike","","loot_plains","ARMOUR","2","3","3","true","Roasted Potato on a Stick","10","1","3","280","0.035714","gregtech:gt.metaitem.02","32201","",""
"roguelike","","loot_plains","ARMOUR","2","3","3","true","Potato Chips (Raw)","10","1","3","280","0.035714","gregtech:gt.metaitem.02","32205","",""
"roguelike","","loot_plains","FOOD","4","6","6","true","Apple Jelly","10","1","3","153","0.065359","harvestcraft:applejellyItem","0","",""
"roguelike","","loot_plains","FOOD","4","6","6","true","Apple Juice","10","1","3","153","0.065359","harvestcraft:applejuiceItem","0","",""
"roguelike","","loot_plains","FOOD","4","6","6","true","Apple Pie","10","1","3","153","0.065359","harvestcraft:applepieItem","0","",""
"roguelike","","loot_plains","FOOD","4","6","6","true","Apple Sauce","10","1","3","153","0.065359","harvestcraft:applesauceItem","0","",""
"roguelike","","loot_plains","FOOD","4","6","6","true","Apple Smoothie","10","1","3","153","0.065359","harvestcraft:applesmoothieItem","0","",""
"roguelike","","loot_plains","FOOD","4","6","6","true","Apple Yogurt","10","1","3","153","0.065359","harvestcraft:appleyogurtItem","0","",""
"roguelike","","loot_plains","FOOD","4","6","6","true","Caramel Apple","10","1","3","153","0.065359","harvestcraft:caramelappleItem","0","",""
"roguelike","","loot_plains","FOOD","4","6","6","true","Cinnamon Apple Oatmeal","10","1","3","153","0.065359","harvestcraft:cinnamonappleoatmealItem","0","",""
"roguelike","","loot_plains","FOOD","4","6","6","true","Fruit Crumble","10","1","3","153","0.065359","harvestcraft:fruitcrumbleItem","0","",""
"roguelike","","loot_plains","FOOD","4","6","6","true","Fruit Punch","10","1","3","153","0.065359","harvestcraft:fruitpunchItem","0","",""
"roguelike","","loot_plains","FOOD","4","6","6","true","Fruit Salad","10","1","3","153","0.065359","harvestcraft:fruitsaladItem","0","",""
"roguelike","","loot_plains","FOOD","4","6","6","true","Mince Pie","10","1","3","153","0.065359","harvestcraft:mincepieItem","0","",""
"roguelike","","loot_plains","FOOD","4","6","6","true","Ploughman's Lunch","10","1","3","153","0.065359","harvestcraft:ploughmanslunchItem","0","",""
"roguelike","","loot_plains","FOOD","4","6","6","true","Golden Apple","10","1","3","153","0.065359","minecraft:golden_apple","0","",""
"roguelike","","loot_plains","FOOD","4","6","6","true","Golden Apple","3","1","3","153","0.019608","minecraft:golden_apple","1","",""
"roguelike","","loot_plains","FOOD","4","6","6","true","Fruit Salad","10","1","3","153","0.065359","BiomesOPlenty:food","4","",""
"roguelike","","loot_plains","ARMOUR","4","4","4","true","Apple Jelly","10","1","3","153","0.065359","harvestcraft:applejellyItem","0","",""
"roguelike","","loot_plains","ARMOUR","4","4","4","true","Apple Juice","10","1","3","153","0.065359","harvestcraft:applejuiceItem","0","",""
"roguelike","","loot_plains","ARMOUR","4","4","4","true","Apple Pie","10","1","3","153","0.065359","harvestcraft:applepieItem","0","",""
"roguelike","","loot_plains","ARMOUR","4","4","4","true","Apple Sauce","10","1","3","153","0.065359","harvestcraft:applesauceItem","0","",""
"roguelike","","loot_plains","ARMOUR","4","4","4","true","Apple Smoothie","10","1","3","153","0.065359","harvestcraft:applesmoothieItem","0","",""
"roguelike","","loot_plains","ARMOUR","4","4","4","true","Apple Yogurt","10","1","3","153","0.065359","harvestcraft:appleyogurtItem","0","",""
"roguelike","","loot_plains","ARMOUR","4","4","4","true","Caramel Apple","10","1","3","153","0.065359","harvestcraft:caramelappleItem","0","",""
"roguelike","","loot_plains","ARMOUR","4","4","4","true","Cinnamon Apple Oatmeal","10","1","3","153","0.065359","harvestcraft:cinnamonappleoatmealItem","0","",""
"roguelike","","loot_plains","ARMOUR","4","4","4","true","Fruit Crumble","10","1","3","153","0.065359","harvestcraft:fruitcrumbleItem","0","",""
"roguelike","","loot_plains","ARMOUR","4","4","4","true","Fruit Punch","10","1","3","153","0.065359","harvestcraft:fruitpunchItem","0","",""
"roguelike","","loot_plains","ARMOUR","4","4","4","true","Fruit Salad","10","1","3","153","0.065359","harvestcraft:fruitsaladItem","0","",""
"roguelike","","loot_plains","ARMOUR","4","4","4","true","Mince Pie","10","1","3","153","0.065359","harvestcraft:mincepieItem","0","",""
"roguelike","","loot_plains","ARMOUR","4","4","4","true","Ploughman's Lunch","10","1","3","153","0.065359","harvestcraft:ploughmanslunchItem","0","",""
"roguelike","","loot_plains","ARMOUR","4","4","4","true","Golden Apple","10","1","3","153","0.065359","minecraft:golden_apple","0","",""
"roguelike","","loot_plains","ARMOUR","4","4","4","true","Golden Apple","3","1","3","153","0.019608","minecraft:golden_apple","1","",""
"roguelike","","loot_plains","ARMOUR","4","4","4","true","Fruit Salad","10","1","3","153","0.065359","BiomesOPlenty:food","4","",""
"roguelike","","loot_plains","FOOD","3","6","6","true","Cheese","10","1","3","80","0.125000","harvestcraft:cheeseItem","0","",""
"roguelike","","loot_plains","FOOD","3","6","6","true","Cheese on Toast","10","1","3","80","0.125000","harvestcraft:cheeseontoastItem","0","",""
"roguelike","","loot_plains","FOOD","3","6","6","true","Grilled Cheese","10","1","3","80","0.125000","harvestcraft:grilledcheeseItem","0","",""
"roguelike","","loot_plains","FOOD","3","6","6","true","Cheese Slice","10","1","3","80","0.125000","gregtech:gt.metaitem.02","32576","",""
"roguelike","","loot_plains","FOOD","3","6","6","true","Cheeseburger","10","1","3","80","0.125000","gregtech:gt.metaitem.02","32222","",""
"roguelike","","loot_plains","FOOD","3","6","6","true","Cheese Sandwich","10","1","3","80","0.125000","gregtech:gt.metaitem.02","32232","",""
"roguelike","","loot_plains","FOOD","3","6","6","true","Large Cheese Sandwich","10","1","3","80","0.125000","gregtech:gt.metaitem.02","32242","",""
"roguelike","","loot_plains","FOOD","3","6","6","true","Cheese","10","1","3","80","0.125000","gregtech:gt.metaitem.02","32558","",""
"roguelike","","loot_plains","ARMOUR","3","4","4","true","Cheese","10","1","3","80","0.125000","harvestcraft:cheeseItem","0","",""
"roguelike","","loot_plains","ARMOUR","3","4","4","true","Cheese on Toast","10","1","3","80","0.125000","harvestcraft:cheeseontoastItem","0","",""
"roguelike","","loot_plains","ARMOUR","3","4","4","true","Grilled Cheese","10","1","3","80","0.125000","harvestcraft:grilledcheeseItem","0","",""
"roguelike","","loot_plains","ARMOUR","3","4","4","true","Cheese Slice","10","1","3","80","0.125000","gregtech:gt.metaitem.02","32576","",""
"roguelike","","loot_plains","ARMOUR","3","4","4","true","Cheeseburger","10","1","3","80","0.125000","gregtech:gt.metaitem.02","32222","",""
"roguelike","","loot_plains","ARMOUR","3","4","4","true","Cheese Sandwich","10","1","3","80","0.125000","gregtech:gt.metaitem.02","32232","",""
"roguelike","","loot_plains","ARMOUR","3","4","4","true","Large Cheese Sandwich","10","1","3","80","0.125000","gregtech:gt.metaitem.02","32242","",""
"roguelike","","loot_plains","ARMOUR","3","4","4","true","Cheese","10","1","3","80","0.125000","gregtech:gt.metaitem.02","32558","",""
"roguelike","","loot_swamp","FOOD","0","5","5","true","Raw Anchovy","10","1","3","365","0.027397","harvestcraft:anchovyrawItem","0","",""
"roguelike","","loot_swamp","FOOD","0","5","5","true","Raw Bass","10","1","3","365","0.027397","harvestcraft:bassrawItem","0","",""
"roguelike","","loot_swamp","FOOD","0","5","5","true","Raw Herring","10","1","3","365","0.027397","harvestcraft:herringrawItem","0","",""
"roguelike","","loot_swamp","FOOD","0","5","5","true","Cooked Calamari","10","1","3","365","0.027397","harvestcraft:calamaricookedItem","0","",""
"roguelike","","loot_swamp","FOOD","0","5","5","true","Raw Calamari","10","1","3","365","0.027397","harvestcraft:calamarirawItem","0","",""
"roguelike","","loot_swamp","FOOD","0","5","5","true","Raw Carp","10","1","3","365","0.027397","harvestcraft:carprawItem","0","",""
"roguelike","","loot_swamp","FOOD","0","5","5","true","Raw Catfish","10","1","3","365","0.027397","harvestcraft:catfishrawItem","0","",""
"roguelike","","loot_swamp","FOOD","0","5","5","true","Raw Charr","10","1","3","365","0.027397","harvestcraft:charrrawItem","0","",""
"roguelike","","loot_swamp","FOOD","0","5","5","true","Cooked Crayfish","10","1","3","365","0.027397","harvestcraft:crayfishcookedItem","0","",""
"roguelike","","loot_swamp","FOOD","0","5","5","true","Raw Crayfish","10","1","3","365","0.027397","harvestcraft:crayfishrawItem","0","",""
"roguelike","","loot_swamp","FOOD","0","5","5","true","Raw Eel","10","1","3","365","0.027397","harvestcraft:eelrawItem","0","",""
"roguelike","","loot_swamp","FOOD","0","5","5","true","Green Heart Fish","10","1","3","365","0.027397","harvestcraft:greenheartfishItem","0","",""
"roguelike","","loot_swamp","FOOD","0","5","5","true","Raw Grouper","10","1","3","365","0.027397","harvestcraft:grouperrawItem","0","",""
"roguelike","","loot_swamp","FOOD","0","5","5","true","Raw Jellyfish","10","1","3","365","0.027397","harvestcraft:jellyfishrawItem","0","",""
"roguelike","","loot_swamp","FOOD","0","5","5","true","Raw Mudfish","10","1","3","365","0.027397","harvestcraft:mudfishrawItem","0","",""
"roguelike","","loot_swamp","FOOD","0","5","5","true","Raw Octopus","10","1","3","365","0.027397","harvestcraft:octopusrawItem","0","",""
"roguelike","","loot_swamp","FOOD","0","5","5","true","Cooked Octopus","10","1","3","365","0.027397","harvestcraft:octopuscookedItem","0","",""
"roguelike","","loot_swamp","FOOD","0","5","5","true","Raw Perch","10","1","3","365","0.027397","harvestcraft:perchrawItem","0","",""
"roguelike","","loot_swamp","FOOD","0","5","5","true","Raw Scallop","10","1","3","365","0.027397","harvestcraft:scalloprawItem","0","",""
"roguelike","","loot_swamp","FOOD","0","5","5","true","Raw Shrimp","10","1","3","365","0.027397","harvestcraft:shrimprawItem","0","",""
"roguelike","","loot_swamp","FOOD","0","5","5","true","Cooked Scallop","10","1","3","365","0.027397","harvestcraft:scallopcookedItem","0","",""
"roguelike","","loot_swamp","FOOD","0","5","5","true","Cooked Shrimp","10","1","3","365","0.027397","harvestcraft:shrimpcookedItem","0","",""
"roguelike","","loot_swamp","FOOD","0","5","5","true","Raw Snail","10","1","3","365","0.027397","harvestcraft:snailrawItem","0","",""
"roguelike","","loot_swamp","FOOD","0","5","5","true","Cooked Snail","10","1","3","365","0.027397","harvestcraft:snailcookedItem","0","",""
"roguelike","","loot_swamp","FOOD","0","5","5","true","Raw Snapper","10","1","3","365","0.027397","harvestcraft:snapperrawItem","0","",""
"roguelike","","loot_swamp","FOOD","0","5","5","true","Raw Tilapia","10","1","3","365","0.027397","harvestcraft:tilapiarawItem","0","",""
"roguelike","","loot_swamp","FOOD","0","5","5","true","Raw Tuna","10","1","3","365","0.027397","harvestcraft:tunarawItem","0","",""
"roguelike","","loot_swamp","FOOD","0","5","5","true","Raw Walleye","15","1","3","365","0.041096","harvestcraft:walleyerawItem","0","",""
"roguelike","","loot_swamp","FOOD","0","5","5","true","Raw Trout","10","1","3","365","0.027397","harvestcraft:troutrawItem","0","",""
"roguelike","","loot_swamp","FOOD","0","5","5","true","Raw Fish","10","1","3","365","0.027397","minecraft:fish","0","",""
"roguelike","","loot_swamp","FOOD","0","5","5","true","Clownfish","10","1","3","365","0.027397","minecraft:fish","2","",""
"roguelike","","loot_swamp","FOOD","0","5","5","true","Pufferfish","10","1","3","365","0.027397","minecraft:fish","3","",""
"roguelike","","loot_swamp","FOOD","0","5","5","true","Raw Salmon","10","1","3","365","0.027397","minecraft:fish","1","",""
"roguelike","","loot_swamp","FOOD","0","5","5","true","Cooked Fish","10","1","3","365","0.027397","minecraft:cooked_fished","0","",""
"roguelike","","loot_swamp","FOOD","0","5","5","true","Cooked Salmon","10","1","3","365","0.027397","minecraft:cooked_fished","1","",""
"roguelike","","loot_swamp","FOOD","0","5","5","true","Goldfish","10","1","3","365","0.027397","cropsnh:goldfish","1","",""
"roguelike","","loot_swamp","ARMOUR","0","3","3","true","Raw Anchovy","10","1","3","365","0.027397","harvestcraft:anchovyrawItem","0","",""
"roguelike","","loot_swamp","ARMOUR","0","3","3","true","Raw Bass","10","1","3","365","0.027397","harvestcraft:bassrawItem","0","",""
"roguelike","","loot_swamp","ARMOUR","0","3","3","true","Raw Herring","10","1","3","365","0.027397","harvestcraft:herringrawItem","0","",""
"roguelike","","loot_swamp","ARMOUR","0","3","3","true","Cooked Calamari","10","1","3","365","0.027397","harvestcraft:calamaricookedItem","0","",""
"roguelike","","loot_swamp","ARMOUR","0","3","3","true","Raw Calamari","10","1","3","365","0.027397","harvestcraft:calamarirawItem","0","",""
"roguelike","","loot_swamp","ARMOUR","0","3","3","true","Raw Carp","10","1","3","365","0.027397","harvestcraft:carprawItem","0","",""
"roguelike","","loot_swamp","ARMOUR","0","3","3","true","Raw Catfish","10","1","3","365","0.027397","harvestcraft:catfishrawItem","0","",""
"roguelike","","loot_swamp","ARMOUR","0","3","3","true","Raw Charr","10","1","3","365","0.027397","harvestcraft:charrrawItem","0","",""
"roguelike","","loot_swamp","ARMOUR","0","3","3","true","Cooked Crayfish","10","1","3","365","0.027397","harvestcraft:crayfishcookedItem","0","",""
"roguelike","","loot_swamp","ARMOUR","0","3","3","true","Raw Crayfish","10","1","3","365","0.027397","harvestcraft:crayfishrawItem","0","",""
"roguelike","","loot_swamp","ARMOUR","0","3","3","true","Raw Eel","10","1","3","365","0.027397","harvestcraft:eelrawItem","0","",""
"roguelike","","loot_swamp","ARMOUR","0","3","3","true","Green Heart Fish","10","1","3","365","0.027397","harvestcraft:greenheartfishItem","0","",""
"roguelike","","loot_swamp","ARMOUR","0","3","3","true","Raw Grouper","10","1","3","365","0.027397","harvestcraft:grouperrawItem","0","",""
"roguelike","","loot_swamp","ARMOUR","0","3","3","true","Raw Jellyfish","10","1","3","365","0.027397","harvestcraft:jellyfishrawItem","0","",""
"roguelike","","loot_swamp","ARMOUR","0","3","3","true","Raw Mudfish","10","1","3","365","0.027397","harvestcraft:mudfishrawItem","0","",""
"roguelike","","loot_swamp","ARMOUR","0","3","3","true","Raw Octopus","10","1","3","365","0.027397","harvestcraft:octopusrawItem","0","",""
"roguelike","","loot_swamp","ARMOUR","0","3","3","true","Cooked Octopus","10","1","3","365","0.027397","harvestcraft:octopuscookedItem","0","",""
"roguelike","","loot_swamp","ARMOUR","0","3","3","true","Raw Perch","10","1","3","365","0.027397","harvestcraft:perchrawItem","0","",""
"roguelike","","loot_swamp","ARMOUR","0","3","3","true","Raw Scallop","10","1","3","365","0.027397","harvestcraft:scalloprawItem","0","",""
"roguelike","","loot_swamp","ARMOUR","0","3","3","true","Raw Shrimp","10","1","3","365","0.027397","harvestcraft:shrimprawItem","0","",""
"roguelike","","loot_swamp","ARMOUR","0","3","3","true","Cooked Scallop","10","1","3","365","0.027397","harvestcraft:scallopcookedItem","0","",""
"roguelike","","loot_swamp","ARMOUR","0","3","3","true","Cooked Shrimp","10","1","3","365","0.027397","harvestcraft:shrimpcookedItem","0","",""
"roguelike","","loot_swamp","ARMOUR","0","3","3","true","Raw Snail","10","1","3","365","0.027397","harvestcraft:snailrawItem","0","",""
"roguelike","","loot_swamp","ARMOUR","0","3","3","true","Cooked Snail","10","1","3","365","0.027397","harvestcraft:snailcookedItem","0","",""
"roguelike","","loot_swamp","ARMOUR","0","3","3","true","Raw Snapper","10","1","3","365","0.027397","harvestcraft:snapperrawItem","0","",""
"roguelike","","loot_swamp","ARMOUR","0","3","3","true","Raw Tilapia","10","1","3","365","0.027397","harvestcraft:tilapiarawItem","0","",""
"roguelike","","loot_swamp","ARMOUR","0","3","3","true","Raw Tuna","10","1","3","365","0.027397","harvestcraft:tunarawItem","0","",""
"roguelike","","loot_swamp","ARMOUR","0","3","3","true","Raw Walleye","15","1","3","365","0.041096","harvestcraft:walleyerawItem","0","",""
"roguelike","","loot_swamp","ARMOUR","0","3","3","true","Raw Trout","10","1","3","365","0.027397","harvestcraft:troutrawItem","0","",""
"roguelike","","loot_swamp","ARMOUR","0","3","3","true","Raw Fish","10","1","3","365","0.027397","minecraft:fish","0","",""
"roguelike","","loot_swamp","ARMOUR","0","3","3","true","Clownfish","10","1","3","365","0.027397","minecraft:fish","2","",""
"roguelike","","loot_swamp","ARMOUR","0","3","3","true","Pufferfish","10","1","3","365","0.027397","minecraft:fish","3","",""
"roguelike","","loot_swamp","ARMOUR","0","3","3","true","Raw Salmon","10","1","3","365","0.027397","minecraft:fish","1","",""
"roguelike","","loot_swamp","ARMOUR","0","3","3","true","Cooked Fish","10","1","3","365","0.027397","minecraft:cooked_fished","0","",""
"roguelike","","loot_swamp","ARMOUR","0","3","3","true","Cooked Salmon","10","1","3","365","0.027397","minecraft:cooked_fished","1","",""
"roguelike","","loot_swamp","ARMOUR","0","3","3","true","Goldfish","10","1","3","365","0.027397","cropsnh:goldfish","1","",""
"roguelike","","loot_swamp","FOOD","1","5","5","true","Raw Anchovy","10","1","3","365","0.027397","harvestcraft:anchovyrawItem","0","",""
"roguelike","","loot_swamp","FOOD","1","5","5","true","Raw Bass","10","1","3","365","0.027397","harvestcraft:bassrawItem","0","",""
"roguelike","","loot_swamp","FOOD","1","5","5","true","Raw Herring","10","1","3","365","0.027397","harvestcraft:herringrawItem","0","",""
"roguelike","","loot_swamp","FOOD","1","5","5","true","Cooked Calamari","10","1","3","365","0.027397","harvestcraft:calamaricookedItem","0","",""
"roguelike","","loot_swamp","FOOD","1","5","5","true","Raw Calamari","10","1","3","365","0.027397","harvestcraft:calamarirawItem","0","",""
"roguelike","","loot_swamp","FOOD","1","5","5","true","Raw Carp","10","1","3","365","0.027397","harvestcraft:carprawItem","0","",""
"roguelike","","loot_swamp","FOOD","1","5","5","true","Raw Catfish","10","1","3","365","0.027397","harvestcraft:catfishrawItem","0","",""
"roguelike","","loot_swamp","FOOD","1","5","5","true","Raw Charr","10","1","3","365","0.027397","harvestcraft:charrrawItem","0","",""
"roguelike","","loot_swamp","FOOD","1","5","5","true","Cooked Crayfish","10","1","3","365","0.027397","harvestcraft:crayfishcookedItem","0","",""
"roguelike","","loot_swamp","FOOD","1","5","5","true","Raw Crayfish","10","1","3","365","0.027397","harvestcraft:crayfishrawItem","0","",""
"roguelike","","loot_swamp","FOOD","1","5","5","true","Raw Eel","10","1","3","365","0.027397","harvestcraft:eelrawItem","0","",""
"roguelike","","loot_swamp","FOOD","1","5","5","true","Green Heart Fish","10","1","3","365","0.027397","harvestcraft:greenheartfishItem","0","",""
"roguelike","","loot_swamp","FOOD","1","5","5","true","Raw Grouper","10","1","3","365","0.027397","harvestcraft:grouperrawItem","0","",""
"roguelike","","loot_swamp","FOOD","1","5","5","true","Raw Jellyfish","10","1","3","365","0.027397","harvestcraft:jellyfishrawItem","0","",""
"roguelike","","loot_swamp","FOOD","1","5","5","true","Raw Mudfish","10","1","3","365","0.027397","harvestcraft:mudfishrawItem","0","",""
"roguelike","","loot_swamp","FOOD","1","5","5","true","Raw Octopus","10","1","3","365","0.027397","harvestcraft:octopusrawItem","0","",""
"roguelike","","loot_swamp","FOOD","1","5","5","true","Cooked Octopus","10","1","3","365","0.027397","harvestcraft:octopuscookedItem","0","",""
"roguelike","","loot_swamp","FOOD","1","5","5","true","Raw Perch","10","1","3","365","0.027397","harvestcraft:perchrawItem","0","",""
"roguelike","","loot_swamp","FOOD","1","5","5","true","Raw Scallop","10","1","3","365","0.027397","harvestcraft:scalloprawItem","0","",""
"roguelike","","loot_swamp","FOOD","1","5","5","true","Raw Shrimp","10","1","3","365","0.027397","harvestcraft:shrimprawItem","0","",""
"roguelike","","loot_swamp","FOOD","1","5","5","true","Cooked Scallop","10","1","3","365","0.027397","harvestcraft:scallopcookedItem","0","",""
"roguelike","","loot_swamp","FOOD","1","5","5","true","Cooked Shrimp","10","1","3","365","0.027397","harvestcraft:shrimpcookedItem","0","",""
"roguelike","","loot_swamp","FOOD","1","5","5","true","Raw Snail","10","1","3","365","0.027397","harvestcraft:snailrawItem","0","",""
"roguelike","","loot_swamp","FOOD","1","5","5","true","Cooked Snail","10","1","3","365","0.027397","harvestcraft:snailcookedItem","0","",""
"roguelike","","loot_swamp","FOOD","1","5","5","true","Raw Snapper","10","1","3","365","0.027397","harvestcraft:snapperrawItem","0","",""
"roguelike","","loot_swamp","FOOD","1","5","5","true","Raw Tilapia","10","1","3","365","0.027397","harvestcraft:tilapiarawItem","0","",""
"roguelike","","loot_swamp","FOOD","1","5","5","true","Raw Tuna","10","1","3","365","0.027397","harvestcraft:tunarawItem","0","",""
"roguelike","","loot_swamp","FOOD","1","5","5","true","Raw Walleye","15","1","3","365","0.041096","harvestcraft:walleyerawItem","0","",""
"roguelike","","loot_swamp","FOOD","1","5","5","true","Raw Trout","10","1","3","365","0.027397","harvestcraft:troutrawItem","0","",""
"roguelike","","loot_swamp","FOOD","1","5","5","true","Raw Fish","10","1","3","365","0.027397","minecraft:fish","0","",""
"roguelike","","loot_swamp","FOOD","1","5","5","true","Clownfish","10","1","3","365","0.027397","minecraft:fish","2","",""
"roguelike","","loot_swamp","FOOD","1","5","5","true","Pufferfish","10","1","3","365","0.027397","minecraft:fish","3","",""
"roguelike","","loot_swamp","FOOD","1","5","5","true","Raw Salmon","10","1","3","365","0.027397","minecraft:fish","1","",""
"roguelike","","loot_swamp","FOOD","1","5","5","true","Cooked Fish","10","1","3","365","0.027397","minecraft:cooked_fished","0","",""
"roguelike","","loot_swamp","FOOD","1","5","5","true","Cooked Salmon","10","1","3","365","0.027397","minecraft:cooked_fished","1","",""
"roguelike","","loot_swamp","FOOD","1","5","5","true","Goldfish","10","1","3","365","0.027397","cropsnh:goldfish","1","",""
"roguelike","","loot_swamp","ARMOUR","1","3","3","true","Raw Anchovy","10","1","3","365","0.027397","harvestcraft:anchovyrawItem","0","",""
"roguelike","","loot_swamp","ARMOUR","1","3","3","true","Raw Bass","10","1","3","365","0.027397","harvestcraft:bassrawItem","0","",""
"roguelike","","loot_swamp","ARMOUR","1","3","3","true","Raw Herring","10","1","3","365","0.027397","harvestcraft:herringrawItem","0","",""
"roguelike","","loot_swamp","ARMOUR","1","3","3","true","Cooked Calamari","10","1","3","365","0.027397","harvestcraft:calamaricookedItem","0","",""
"roguelike","","loot_swamp","ARMOUR","1","3","3","true","Raw Calamari","10","1","3","365","0.027397","harvestcraft:calamarirawItem","0","",""
"roguelike","","loot_swamp","ARMOUR","1","3","3","true","Raw Carp","10","1","3","365","0.027397","harvestcraft:carprawItem","0","",""
"roguelike","","loot_swamp","ARMOUR","1","3","3","true","Raw Catfish","10","1","3","365","0.027397","harvestcraft:catfishrawItem","0","",""
"roguelike","","loot_swamp","ARMOUR","1","3","3","true","Raw Charr","10","1","3","365","0.027397","harvestcraft:charrrawItem","0","",""
"roguelike","","loot_swamp","ARMOUR","1","3","3","true","Cooked Crayfish","10","1","3","365","0.027397","harvestcraft:crayfishcookedItem","0","",""
"roguelike","","loot_swamp","ARMOUR","1","3","3","true","Raw Crayfish","10","1","3","365","0.027397","harvestcraft:crayfishrawItem","0","",""
"roguelike","","loot_swamp","ARMOUR","1","3","3","true","Raw Eel","10","1","3","365","0.027397","harvestcraft:eelrawItem","0","",""
"roguelike","","loot_swamp","ARMOUR","1","3","3","true","Green Heart Fish","10","1","3","365","0.027397","harvestcraft:greenheartfishItem","0","",""
"roguelike","","loot_swamp","ARMOUR","1","3","3","true","Raw Grouper","10","1","3","365","0.027397","harvestcraft:grouperrawItem","0","",""
"roguelike","","loot_swamp","ARMOUR","1","3","3","true","Raw Jellyfish","10","1","3","365","0.027397","harvestcraft:jellyfishrawItem","0","",""
"roguelike","","loot_swamp","ARMOUR","1","3","3","true","Raw Mudfish","10","1","3","365","0.027397","harvestcraft:mudfishrawItem","0","",""
"roguelike","","loot_swamp","ARMOUR","1","3","3","true","Raw Octopus","10","1","3","365","0.027397","harvestcraft:octopusrawItem","0","",""
"roguelike","","loot_swamp","ARMOUR","1","3","3","true","Cooked Octopus","10","1","3","365","0.027397","harvestcraft:octopuscookedItem","0","",""
"roguelike","","loot_swamp","ARMOUR","1","3","3","true","Raw Perch","10","1","3","365","0.027397","harvestcraft:perchrawItem","0","",""
"roguelike","","loot_swamp","ARMOUR","1","3","3","true","Raw Scallop","10","1","3","365","0.027397","harvestcraft:scalloprawItem","0","",""
"roguelike","","loot_swamp","ARMOUR","1","3","3","true","Raw Shrimp","10","1","3","365","0.027397","harvestcraft:shrimprawItem","0","",""
"roguelike","","loot_swamp","ARMOUR","1","3","3","true","Cooked Scallop","10","1","3","365","0.027397","harvestcraft:scallopcookedItem","0","",""
"roguelike","","loot_swamp","ARMOUR","1","3","3","true","Cooked Shrimp","10","1","3","365","0.027397","harvestcraft:shrimpcookedItem","0","",""
"roguelike","","loot_swamp","ARMOUR","1","3","3","true","Raw Snail","10","1","3","365","0.027397","harvestcraft:snailrawItem","0","",""
"roguelike","","loot_swamp","ARMOUR","1","3","3","true","Cooked Snail","10","1","3","365","0.027397","harvestcraft:snailcookedItem","0","",""
"roguelike","","loot_swamp","ARMOUR","1","3","3","true","Raw Snapper","10","1","3","365","0.027397","harvestcraft:snapperrawItem","0","",""
"roguelike","","loot_swamp","ARMOUR","1","3","3","true","Raw Tilapia","10","1","3","365","0.027397","harvestcraft:tilapiarawItem","0","",""
"roguelike","","loot_swamp","ARMOUR","1","3","3","true","Raw Tuna","10","1","3","365","0.027397","harvestcraft:tunarawItem","0","",""
"roguelike","","loot_swamp","ARMOUR","1","3","3","true","Raw Walleye","15","1","3","365","0.041096","harvestcraft:walleyerawItem","0","",""
"roguelike","","loot_swamp","ARMOUR","1","3","3","true","Raw Trout","10","1","3","365","0.027397","harvestcraft:troutrawItem","0","",""
"roguelike","","loot_swamp","ARMOUR","1","3","3","true","Raw Fish","10","1","3","365","0.027397","minecraft:fish","0","",""
"roguelike","","loot_swamp","ARMOUR","1","3","3","true","Clownfish","10","1","3","365","0.027397","minecraft:fish","2","",""
"roguelike","","loot_swamp","ARMOUR","1","3","3","true","Pufferfish","10","1","3","365","0.027397","minecraft:fish","3","",""
"roguelike","","loot_swamp","ARMOUR","1","3","3","true","Raw Salmon","10","1","3","365","0.027397","minecraft:fish","1","",""
"roguelike","","loot_swamp","ARMOUR","1","3","3","true","Cooked Fish","10","1","3","365","0.027397","minecraft:cooked_fished","0","",""
"roguelike","","loot_swamp","ARMOUR","1","3","3","true","Cooked Salmon","10","1","3","365","0.027397","minecraft:cooked_fished","1","",""
"roguelike","","loot_swamp","ARMOUR","1","3","3","true","Goldfish","10","1","3","365","0.027397","cropsnh:goldfish","1","",""
"roguelike","","loot_swamp","FOOD","2","6","6","true","Sushi","20","1","3","180","0.111111","harvestcraft:sushiItem","0","",""
"roguelike","","loot_swamp","FOOD","2","6","6","true","Leafy Fish Sandwich","20","1","3","180","0.111111","harvestcraft:leafyfishsandwichItem","0","",""
"roguelike","","loot_swamp","FOOD","2","6","6","true","Fish Taco","20","1","3","180","0.111111","harvestcraft:fishtacoItem","0","",""
"roguelike","","loot_swamp","FOOD","2","6","6","true","Fish Dinner","20","1","3","180","0.111111","harvestcraft:fishdinnerItem","0","",""
"roguelike","","loot_swamp","FOOD","2","6","6","true","Fish Sandwich","20","1","3","180","0.111111","harvestcraft:fishsandwichItem","0","",""
"roguelike","","loot_swamp","FOOD","2","6","6","true","Fish Sticks","20","1","3","180","0.111111","harvestcraft:fishsticksItem","0","",""
"roguelike","","loot_swamp","FOOD","2","6","6","true","Fish and Chips","20","1","3","180","0.111111","harvestcraft:fishandchipsItem","0","",""
"roguelike","","loot_swamp","FOOD","2","6","6","true","Fish Lettuce Wrap","20","1","3","180","0.111111","harvestcraft:fishlettucewrapItem","0","",""
"roguelike","","loot_swamp","FOOD","2","6","6","true","California Roll","20","1","3","180","0.111111","harvestcraft:californiarollItem","0","",""
"roguelike","","loot_swamp","ARMOUR","2","3","3","true","Sushi","20","1","3","180","0.111111","harvestcraft:sushiItem","0","",""
"roguelike","","loot_swamp","ARMOUR","2","3","3","true","Leafy Fish Sandwich","20","1","3","180","0.111111","harvestcraft:leafyfishsandwichItem","0","",""
"roguelike","","loot_swamp","ARMOUR","2","3","3","true","Fish Taco","20","1","3","180","0.111111","harvestcraft:fishtacoItem","0","",""
"roguelike","","loot_swamp","ARMOUR","2","3","3","true","Fish Dinner","20","1","3","180","0.111111","harvestcraft:fishdinnerItem","0","",""
"roguelike","","loot_swamp","ARMOUR","2","3","3","true","Fish Sandwich","20","1","3","180","0.111111","harvestcraft:fishsandwichItem","0","",""
"roguelike","","loot_swamp","ARMOUR","2","3","3","true","Fish Sticks","20","1","3","180","0.111111","harvestcraft:fishsticksItem","0","",""
"roguelike","","loot_swamp","ARMOUR","2","3","3","true","Fish and Chips","20","1","3","180","0.111111","harvestcraft:fishandchipsItem","0","",""
"roguelike","","loot_swamp","ARMOUR","2","3","3","true","Fish Lettuce Wrap","20","1","3","180","0.111111","harvestcraft:fishlettucewrapItem","0","",""
"roguelike","","loot_swamp","ARMOUR","2","3","3","true","California Roll","20","1","3","180","0.111111","harvestcraft:californiarollItem","0","",""
"roguelike","","loot_swamp","FOOD","3","6","6","true","Sushi","20","1","3","180","0.111111","harvestcraft:sushiItem","0","",""
"roguelike","","loot_swamp","FOOD","3","6","6","true","Leafy Fish Sandwich","20","1","3","180","0.111111","harvestcraft:leafyfishsandwichItem","0","",""
"roguelike","","loot_swamp","FOOD","3","6","6","true","Fish Taco","20","1","3","180","0.111111","harvestcraft:fishtacoItem","0","",""
"roguelike","","loot_swamp","FOOD","3","6","6","true","Fish Dinner","20","1","3","180","0.111111","harvestcraft:fishdinnerItem","0","",""
"roguelike","","loot_swamp","FOOD","3","6","6","true","Fish Sandwich","20","1","3","180","0.111111","harvestcraft:fishsandwichItem","0","",""
"roguelike","","loot_swamp","FOOD","3","6","6","true","Fish Sticks","20","1","3","180","0.111111","harvestcraft:fishsticksItem","0","",""
"roguelike","","loot_swamp","FOOD","3","6","6","true","Fish and Chips","20","1","3","180","0.111111","harvestcraft:fishandchipsItem","0","",""
"roguelike","","loot_swamp","FOOD","3","6","6","true","Fish Lettuce Wrap","20","1","3","180","0.111111","harvestcraft:fishlettucewrapItem","0","",""
"roguelike","","loot_swamp","FOOD","3","6","6","true","California Roll","20","1","3","180","0.111111","harvestcraft:californiarollItem","0","",""
"roguelike","","loot_swamp","ARMOUR","3","4","4","true","Sushi","20","1","3","180","0.111111","harvestcraft:sushiItem","0","",""
"roguelike","","loot_swamp","ARMOUR","3","4","4","true","Leafy Fish Sandwich","20","1","3","180","0.111111","harvestcraft:leafyfishsandwichItem","0","",""
"roguelike","","loot_swamp","ARMOUR","3","4","4","true","Fish Taco","20","1","3","180","0.111111","harvestcraft:fishtacoItem","0","",""
"roguelike","","loot_swamp","ARMOUR","3","4","4","true","Fish Dinner","20","1","3","180","0.111111","harvestcraft:fishdinnerItem","0","",""
"roguelike","","loot_swamp","ARMOUR","3","4","4","true","Fish Sandwich","20","1","3","180","0.111111","harvestcraft:fishsandwichItem","0","",""
"roguelike","","loot_swamp","ARMOUR","3","4","4","true","Fish Sticks","20","1","3","180","0.111111","harvestcraft:fishsticksItem","0","",""
"roguelike","","loot_swamp","ARMOUR","3","4","4","true","Fish and Chips","20","1","3","180","0.111111","harvestcraft:fishandchipsItem","0","",""
"roguelike","","loot_swamp","ARMOUR","3","4","4","true","Fish Lettuce Wrap","20","1","3","180","0.111111","harvestcraft:fishlettucewrapItem","0","",""
"roguelike","","loot_swamp","ARMOUR","3","4","4","true","California Roll","20","1","3","180","0.111111","harvestcraft:californiarollItem","0","",""
"roguelike","","loot_swamp","FOOD","4","6","6","true","Sushi","20","1","3","180","0.111111","harvestcraft:sushiItem","0","",""
"roguelike","","loot_swamp","FOOD","4","6","6","true","Leafy Fish Sandwich","20","1","3","180","0.111111","harvestcraft:leafyfishsandwichItem","0","",""
"roguelike","","loot_swamp","FOOD","4","6","6","true","Fish Taco","20","1","3","180","0.111111","harvestcraft:fishtacoItem","0","",""
"roguelike","","loot_swamp","FOOD","4","6","6","true","Fish Dinner","20","1","3","180","0.111111","harvestcraft:fishdinnerItem","0","",""
"roguelike","","loot_swamp","FOOD","4","6","6","true","Fish Sandwich","20","1","3","180","0.111111","harvestcraft:fishsandwichItem","0","",""
"roguelike","","loot_swamp","FOOD","4","6","6","true","Fish Sticks","20","1","3","180","0.111111","harvestcraft:fishsticksItem","0","",""
"roguelike","","loot_swamp","FOOD","4","6","6","true","Fish and Chips","20","1","3","180","0.111111","harvestcraft:fishandchipsItem","0","",""
"roguelike","","loot_swamp","FOOD","4","6","6","true","Fish Lettuce Wrap","20","1","3","180","0.111111","harvestcraft:fishlettucewrapItem","0","",""
"roguelike","","loot_swamp","FOOD","4","6","6","true","California Roll","20","1","3","180","0.111111","harvestcraft:californiarollItem","0","",""
"roguelike","","loot_swamp","ARMOUR","4","4","4","true","Sushi","20","1","3","180","0.111111","harvestcraft:sushiItem","0","",""
"roguelike","","loot_swamp","ARMOUR","4","4","4","true","Leafy Fish Sandwich","20","1","3","180","0.111111","harvestcraft:leafyfishsandwichItem","0","",""
"roguelike","","loot_swamp","ARMOUR","4","4","4","true","Fish Taco","20","1","3","180","0.111111","harvestcraft:fishtacoItem","0","",""
"roguelike","","loot_swamp","ARMOUR","4","4","4","true","Fish Dinner","20","1","3","180","0.111111","harvestcraft:fishdinnerItem","0","",""
"roguelike","","loot_swamp","ARMOUR","4","4","4","true","Fish Sandwich","20","1","3","180","0.111111","harvestcraft:fishsandwichItem","0","",""
"roguelike","","loot_swamp","ARMOUR","4","4","4","true","Fish Sticks","20","1","3","180","0.111111","harvestcraft:fishsticksItem","0","",""
"roguelike","","loot_swamp","ARMOUR","4","4","4","true","Fish and Chips","20","1","3","180","0.111111","harvestcraft:fishandchipsItem","0","",""
"roguelike","","loot_swamp","ARMOUR","4","4","4","true","Fish Lettuce Wrap","20","1","3","180","0.111111","harvestcraft:fishlettucewrapItem","0","",""
"roguelike","","loot_swamp","ARMOUR","4","4","4","true","California Roll","20","1","3","180","0.111111","harvestcraft:californiarollItem","0","",""
"roguelike","","loot_enchanting","ENCHANTING","0","3","3","true","<not a plain item, or id not in this build>","8","1","1","35","0.228571","enchanted_book","0","","{StoredEnchantments:[0:{id:35s,lvl:1s}]}"
"roguelike","","loot_enchanting","ENCHANTING","0","3","3","true","<not a plain item, or id not in this build>","4","1","1","35","0.114286","enchanted_book","0","","{StoredEnchantments:[0:{id:35s,lvl:2s}]}"
"roguelike","","loot_enchanting","ENCHANTING","0","3","3","true","<not a plain item, or id not in this build>","1","1","1","35","0.028571","enchanted_book","0","","{StoredEnchantments:[0:{id:35s,lvl:3s}]}"
"roguelike","","loot_enchanting","ENCHANTING","0","3","3","true","Phial of Enchanter's Concentrate","6","1","4","35","0.171429","Automagy:phialExtra","0","",""
"roguelike","","loot_enchanting","ENCHANTING","0","3","3","true","Redstone","8","20","32","35","0.228571","minecraft:redstone","0","",""
"roguelike","","loot_enchanting","ENCHANTING","0","3","3","true","Lapis Lazuli","8","20","32","35","0.228571","minecraft:dye","4","",""
"roguelike","","loot_enchanting","ENCHANTING","1","3","3","true","<not a plain item, or id not in this build>","8","1","1","35","0.228571","enchanted_book","0","","{StoredEnchantments:[0:{id:35s,lvl:1s}]}"
"roguelike","","loot_enchanting","ENCHANTING","1","3","3","true","<not a plain item, or id not in this build>","4","1","1","35","0.114286","enchanted_book","0","","{StoredEnchantments:[0:{id:35s,lvl:2s}]}"
"roguelike","","loot_enchanting","ENCHANTING","1","3","3","true","<not a plain item, or id not in this build>","1","1","1","35","0.028571","enchanted_book","0","","{StoredEnchantments:[0:{id:35s,lvl:3s}]}"
"roguelike","","loot_enchanting","ENCHANTING","1","3","3","true","Phial of Enchanter's Concentrate","6","1","4","35","0.171429","Automagy:phialExtra","0","",""
"roguelike","","loot_enchanting","ENCHANTING","1","3","3","true","Redstone","8","20","32","35","0.228571","minecraft:redstone","0","",""
"roguelike","","loot_enchanting","ENCHANTING","1","3","3","true","Lapis Lazuli","8","20","32","35","0.228571","minecraft:dye","4","",""
"roguelike","","loot_enchanting","ENCHANTING","2","3","3","true","<not a plain item, or id not in this build>","8","1","1","35","0.228571","enchanted_book","0","","{StoredEnchantments:[0:{id:35s,lvl:1s}]}"
"roguelike","","loot_enchanting","ENCHANTING","2","3","3","true","<not a plain item, or id not in this build>","4","1","1","35","0.114286","enchanted_book","0","","{StoredEnchantments:[0:{id:35s,lvl:2s}]}"
"roguelike","","loot_enchanting","ENCHANTING","2","3","3","true","<not a plain item, or id not in this build>","1","1","1","35","0.028571","enchanted_book","0","","{StoredEnchantments:[0:{id:35s,lvl:3s}]}"
"roguelike","","loot_enchanting","ENCHANTING","2","3","3","true","Phial of Enchanter's Concentrate","6","1","4","35","0.171429","Automagy:phialExtra","0","",""
"roguelike","","loot_enchanting","ENCHANTING","2","3","3","true","Redstone","8","20","32","35","0.228571","minecraft:redstone","0","",""
"roguelike","","loot_enchanting","ENCHANTING","2","3","3","true","Lapis Lazuli","8","20","32","35","0.228571","minecraft:dye","4","",""
"roguelike","","loot_enchanting","ENCHANTING","3","3","3","true","<not a plain item, or id not in this build>","8","1","1","35","0.228571","enchanted_book","0","","{StoredEnchantments:[0:{id:35s,lvl:1s}]}"
"roguelike","","loot_enchanting","ENCHANTING","3","3","3","true","<not a plain item, or id not in this build>","4","1","1","35","0.114286","enchanted_book","0","","{StoredEnchantments:[0:{id:35s,lvl:2s}]}"
"roguelike","","loot_enchanting","ENCHANTING","3","3","3","true","<not a plain item, or id not in this build>","1","1","1","35","0.028571","enchanted_book","0","","{StoredEnchantments:[0:{id:35s,lvl:3s}]}"
"roguelike","","loot_enchanting","ENCHANTING","3","3","3","true","Phial of Enchanter's Concentrate","6","1","4","35","0.171429","Automagy:phialExtra","0","",""
"roguelike","","loot_enchanting","ENCHANTING","3","3","3","true","Redstone","8","20","32","35","0.228571","minecraft:redstone","0","",""
"roguelike","","loot_enchanting","ENCHANTING","3","3","3","true","Lapis Lazuli","8","20","32","35","0.228571","minecraft:dye","4","",""
"roguelike","","loot_enchanting","ENCHANTING","4","3","3","true","<not a plain item, or id not in this build>","8","1","1","35","0.228571","enchanted_book","0","","{StoredEnchantments:[0:{id:35s,lvl:1s}]}"
"roguelike","","loot_enchanting","ENCHANTING","4","3","3","true","<not a plain item, or id not in this build>","4","1","1","35","0.114286","enchanted_book","0","","{StoredEnchantments:[0:{id:35s,lvl:2s}]}"
"roguelike","","loot_enchanting","ENCHANTING","4","3","3","true","<not a plain item, or id not in this build>","1","1","1","35","0.028571","enchanted_book","0","","{StoredEnchantments:[0:{id:35s,lvl:3s}]}"
"roguelike","","loot_enchanting","ENCHANTING","4","3","3","true","Phial of Enchanter's Concentrate","6","1","4","35","0.171429","Automagy:phialExtra","0","",""
"roguelike","","loot_enchanting","ENCHANTING","4","3","3","true","Redstone","8","20","32","35","0.228571","minecraft:redstone","0","",""
"roguelike","","loot_enchanting","ENCHANTING","4","3","3","true","Lapis Lazuli","8","20","32","35","0.228571","minecraft:dye","4","",""
"roguelike","","loot_enchanting","TOOLS","0","1","1","true","<not a plain item, or id not in this build>","8","1","1","35","0.228571","enchanted_book","0","","{StoredEnchantments:[0:{id:35s,lvl:1s}]}"
"roguelike","","loot_enchanting","TOOLS","0","1","1","true","<not a plain item, or id not in this build>","4","1","1","35","0.114286","enchanted_book","0","","{StoredEnchantments:[0:{id:35s,lvl:2s}]}"
"roguelike","","loot_enchanting","TOOLS","0","1","1","true","<not a plain item, or id not in this build>","1","1","1","35","0.028571","enchanted_book","0","","{StoredEnchantments:[0:{id:35s,lvl:3s}]}"
"roguelike","","loot_enchanting","TOOLS","0","1","1","true","Phial of Enchanter's Concentrate","6","1","4","35","0.171429","Automagy:phialExtra","0","",""
"roguelike","","loot_enchanting","TOOLS","0","1","1","true","Redstone","8","20","32","35","0.228571","minecraft:redstone","0","",""
"roguelike","","loot_enchanting","TOOLS","0","1","1","true","Lapis Lazuli","8","20","32","35","0.228571","minecraft:dye","4","",""
"roguelike","","loot_enchanting","TOOLS","1","1","1","true","<not a plain item, or id not in this build>","8","1","1","35","0.228571","enchanted_book","0","","{StoredEnchantments:[0:{id:35s,lvl:1s}]}"
"roguelike","","loot_enchanting","TOOLS","1","1","1","true","<not a plain item, or id not in this build>","4","1","1","35","0.114286","enchanted_book","0","","{StoredEnchantments:[0:{id:35s,lvl:2s}]}"
"roguelike","","loot_enchanting","TOOLS","1","1","1","true","<not a plain item, or id not in this build>","1","1","1","35","0.028571","enchanted_book","0","","{StoredEnchantments:[0:{id:35s,lvl:3s}]}"
"roguelike","","loot_enchanting","TOOLS","1","1","1","true","Phial of Enchanter's Concentrate","6","1","4","35","0.171429","Automagy:phialExtra","0","",""
"roguelike","","loot_enchanting","TOOLS","1","1","1","true","Redstone","8","20","32","35","0.228571","minecraft:redstone","0","",""
"roguelike","","loot_enchanting","TOOLS","1","1","1","true","Lapis Lazuli","8","20","32","35","0.228571","minecraft:dye","4","",""
"roguelike","","loot_enchanting","TOOLS","2","1","1","true","<not a plain item, or id not in this build>","8","1","1","35","0.228571","enchanted_book","0","","{StoredEnchantments:[0:{id:35s,lvl:1s}]}"
"roguelike","","loot_enchanting","TOOLS","2","1","1","true","<not a plain item, or id not in this build>","4","1","1","35","0.114286","enchanted_book","0","","{StoredEnchantments:[0:{id:35s,lvl:2s}]}"
"roguelike","","loot_enchanting","TOOLS","2","1","1","true","<not a plain item, or id not in this build>","1","1","1","35","0.028571","enchanted_book","0","","{StoredEnchantments:[0:{id:35s,lvl:3s}]}"
"roguelike","","loot_enchanting","TOOLS","2","1","1","true","Phial of Enchanter's Concentrate","6","1","4","35","0.171429","Automagy:phialExtra","0","",""
"roguelike","","loot_enchanting","TOOLS","2","1","1","true","Redstone","8","20","32","35","0.228571","minecraft:redstone","0","",""
"roguelike","","loot_enchanting","TOOLS","2","1","1","true","Lapis Lazuli","8","20","32","35","0.228571","minecraft:dye","4","",""
"roguelike","","loot_enchanting","TOOLS","3","1","1","true","<not a plain item, or id not in this build>","8","1","1","35","0.228571","enchanted_book","0","","{StoredEnchantments:[0:{id:35s,lvl:1s}]}"
"roguelike","","loot_enchanting","TOOLS","3","1","1","true","<not a plain item, or id not in this build>","4","1","1","35","0.114286","enchanted_book","0","","{StoredEnchantments:[0:{id:35s,lvl:2s}]}"
"roguelike","","loot_enchanting","TOOLS","3","1","1","true","<not a plain item, or id not in this build>","1","1","1","35","0.028571","enchanted_book","0","","{StoredEnchantments:[0:{id:35s,lvl:3s}]}"
"roguelike","","loot_enchanting","TOOLS","3","1","1","true","Phial of Enchanter's Concentrate","6","1","4","35","0.171429","Automagy:phialExtra","0","",""
"roguelike","","loot_enchanting","TOOLS","3","1","1","true","Redstone","8","20","32","35","0.228571","minecraft:redstone","0","",""
"roguelike","","loot_enchanting","TOOLS","3","1","1","true","Lapis Lazuli","8","20","32","35","0.228571","minecraft:dye","4","",""
"roguelike","","loot_enchanting","TOOLS","4","1","1","true","<not a plain item, or id not in this build>","8","1","1","35","0.228571","enchanted_book","0","","{StoredEnchantments:[0:{id:35s,lvl:1s}]}"
"roguelike","","loot_enchanting","TOOLS","4","1","1","true","<not a plain item, or id not in this build>","4","1","1","35","0.114286","enchanted_book","0","","{StoredEnchantments:[0:{id:35s,lvl:2s}]}"
"roguelike","","loot_enchanting","TOOLS","4","1","1","true","<not a plain item, or id not in this build>","1","1","1","35","0.028571","enchanted_book","0","","{StoredEnchantments:[0:{id:35s,lvl:3s}]}"
"roguelike","","loot_enchanting","TOOLS","4","1","1","true","Phial of Enchanter's Concentrate","6","1","4","35","0.171429","Automagy:phialExtra","0","",""
"roguelike","","loot_enchanting","TOOLS","4","1","1","true","Redstone","8","20","32","35","0.228571","minecraft:redstone","0","",""
"roguelike","","loot_enchanting","TOOLS","4","1","1","true","Lapis Lazuli","8","20","32","35","0.228571","minecraft:dye","4","",""
"roguelike","","loot_enchanting","ENCHANTING","0","8","8","true","Book","10","1","3","10","1.000000","minecraft:book","0","",""
"roguelike","","loot_enchanting","ENCHANTING","1","8","8","true","Book","10","1","3","10","1.000000","minecraft:book","0","",""
"roguelike","","loot_enchanting","ENCHANTING","2","8","8","true","Book","10","1","3","10","1.000000","minecraft:book","0","",""
"roguelike","","loot_enchanting","ENCHANTING","3","8","8","true","Book","10","1","3","10","1.000000","minecraft:book","0","",""
"roguelike","","loot_enchanting","ENCHANTING","4","8","8","true","Book","10","1","3","10","1.000000","minecraft:book","0","",""
"roguelike","","loot_enchanting","ENCHANTING","0","3","3","true","<not a plain item, or id not in this build>","1","1","1","6","0.166667","enchanted_book","0","","{StoredEnchantments:[0:{id:0s,lvl:1s}]}"
"roguelike","","loot_enchanting","ENCHANTING","0","3","3","true","<not a plain item, or id not in this build>","1","1","1","6","0.166667","enchanted_book","0","","{StoredEnchantments:[0:{id:17s,lvl:2s}]}"
"roguelike","","loot_enchanting","ENCHANTING","0","3","3","true","<not a plain item, or id not in this build>","1","1","1","6","0.166667","enchanted_book","0","","{StoredEnchantments:[0:{id:19s,lvl:1s}]}"
"roguelike","","loot_enchanting","ENCHANTING","0","3","3","true","<not a plain item, or id not in this build>","1","1","1","6","0.166667","enchanted_book","0","","{StoredEnchantments:[0:{id:180s,lvl:1s}]}"
"roguelike","","loot_enchanting","ENCHANTING","0","3","3","true","<not a plain item, or id not in this build>","1","1","1","6","0.166667","enchanted_book","0","","{StoredEnchantments:[0:{id:16s,lvl:1s}]}"
"roguelike","","loot_enchanting","ENCHANTING","0","3","3","true","<not a plain item, or id not in this build>","1","1","1","6","0.166667","enchanted_book","0","","{StoredEnchantments:[0:{id:32s,lvl:1s}]}"
"roguelike","","loot_enchanting","TOOLS","0","1","1","true","<not a plain item, or id not in this build>","1","1","1","6","0.166667","enchanted_book","0","","{StoredEnchantments:[0:{id:0s,lvl:1s}]}"
"roguelike","","loot_enchanting","TOOLS","0","1","1","true","<not a plain item, or id not in this build>","1","1","1","6","0.166667","enchanted_book","0","","{StoredEnchantments:[0:{id:17s,lvl:2s}]}"
"roguelike","","loot_enchanting","TOOLS","0","1","1","true","<not a plain item, or id not in this build>","1","1","1","6","0.166667","enchanted_book","0","","{StoredEnchantments:[0:{id:19s,lvl:1s}]}"
"roguelike","","loot_enchanting","TOOLS","0","1","1","true","<not a plain item, or id not in this build>","1","1","1","6","0.166667","enchanted_book","0","","{StoredEnchantments:[0:{id:180s,lvl:1s}]}"
"roguelike","","loot_enchanting","TOOLS","0","1","1","true","<not a plain item, or id not in this build>","1","1","1","6","0.166667","enchanted_book","0","","{StoredEnchantments:[0:{id:16s,lvl:1s}]}"
"roguelike","","loot_enchanting","TOOLS","0","1","1","true","<not a plain item, or id not in this build>","1","1","1","6","0.166667","enchanted_book","0","","{StoredEnchantments:[0:{id:32s,lvl:1s}]}"
"roguelike","","loot_enchanting","ENCHANTING","1","3","3","true","<not a plain item, or id not in this build>","1","1","1","6","0.166667","enchanted_book","0","","{StoredEnchantments:[0:{id:197s,lvl:1s}]}"
"roguelike","","loot_enchanting","ENCHANTING","1","3","3","true","<not a plain item, or id not in this build>","1","1","1","6","0.166667","enchanted_book","0","","{StoredEnchantments:[0:{id:126s,lvl:1s}]}"
"roguelike","","loot_enchanting","ENCHANTING","1","3","3","true","<not a plain item, or id not in this build>","1","1","1","6","0.166667","enchanted_book","0","","{StoredEnchantments:[0:{id:100s,lvl:1s}]}"
"roguelike","","loot_enchanting","ENCHANTING","1","3","3","true","<not a plain item, or id not in this build>","1","1","1","6","0.166667","enchanted_book","0","","{StoredEnchantments:[0:{id:32s,lvl:2s}]}"
"roguelike","","loot_enchanting","ENCHANTING","1","3","3","true","<not a plain item, or id not in this build>","1","1","1","6","0.166667","enchanted_book","0","","{StoredEnchantments:[0:{id:62s,lvl:1s}]}"
"roguelike","","loot_enchanting","ENCHANTING","1","3","3","true","<not a plain item, or id not in this build>","1","1","1","6","0.166667","enchanted_book","0","","{StoredEnchantments:[0:{id:6s,lvl:1s}]}"
"roguelike","","loot_enchanting","TOOLS","1","1","1","true","<not a plain item, or id not in this build>","1","1","1","6","0.166667","enchanted_book","0","","{StoredEnchantments:[0:{id:197s,lvl:1s}]}"
"roguelike","","loot_enchanting","TOOLS","1","1","1","true","<not a plain item, or id not in this build>","1","1","1","6","0.166667","enchanted_book","0","","{StoredEnchantments:[0:{id:126s,lvl:1s}]}"
"roguelike","","loot_enchanting","TOOLS","1","1","1","true","<not a plain item, or id not in this build>","1","1","1","6","0.166667","enchanted_book","0","","{StoredEnchantments:[0:{id:100s,lvl:1s}]}"
"roguelike","","loot_enchanting","TOOLS","1","1","1","true","<not a plain item, or id not in this build>","1","1","1","6","0.166667","enchanted_book","0","","{StoredEnchantments:[0:{id:32s,lvl:2s}]}"
"roguelike","","loot_enchanting","TOOLS","1","1","1","true","<not a plain item, or id not in this build>","1","1","1","6","0.166667","enchanted_book","0","","{StoredEnchantments:[0:{id:62s,lvl:1s}]}"
"roguelike","","loot_enchanting","TOOLS","1","1","1","true","<not a plain item, or id not in this build>","1","1","1","6","0.166667","enchanted_book","0","","{StoredEnchantments:[0:{id:6s,lvl:1s}]}"
"roguelike","","loot_enchanting","ENCHANTING","2","3","3","true","<not a plain item, or id not in this build>","1","1","1","6","0.166667","enchanted_book","0","","{StoredEnchantments:[0:{id:48s,lvl:3s},1:{id:33s,lvl:1s}]}"
"roguelike","","loot_enchanting","ENCHANTING","2","3","3","true","<not a plain item, or id not in this build>","1","1","1","6","0.166667","enchanted_book","0","","{StoredEnchantments:[0:{id:34s,lvl:3s}]}"
"roguelike","","loot_enchanting","ENCHANTING","2","3","3","true","<not a plain item, or id not in this build>","1","1","1","6","0.166667","enchanted_book","0","","{StoredEnchantments:[0:{id:3s,lvl:3s}]}"
"roguelike","","loot_enchanting","ENCHANTING","2","3","3","true","<not a plain item, or id not in this build>","1","1","1","6","0.166667","enchanted_book","0","","{StoredEnchantments:[0:{id:19s,lvl:2s}]}"
"roguelike","","loot_enchanting","ENCHANTING","2","3","3","true","<not a plain item, or id not in this build>","1","1","1","6","0.166667","enchanted_book","0","","{StoredEnchantments:[0:{id:98s,lvl:5s}]}"
"roguelike","","loot_enchanting","ENCHANTING","2","3","3","true","<not a plain item, or id not in this build>","1","1","1","6","0.166667","enchanted_book","0","","{StoredEnchantments:[0:{id:101s,lvl:2s}]}"
"roguelike","","loot_enchanting","TOOLS","2","1","1","true","<not a plain item, or id not in this build>","1","1","1","6","0.166667","enchanted_book","0","","{StoredEnchantments:[0:{id:48s,lvl:3s},1:{id:33s,lvl:1s}]}"
"roguelike","","loot_enchanting","TOOLS","2","1","1","true","<not a plain item, or id not in this build>","1","1","1","6","0.166667","enchanted_book","0","","{StoredEnchantments:[0:{id:34s,lvl:3s}]}"
"roguelike","","loot_enchanting","TOOLS","2","1","1","true","<not a plain item, or id not in this build>","1","1","1","6","0.166667","enchanted_book","0","","{StoredEnchantments:[0:{id:3s,lvl:3s}]}"
"roguelike","","loot_enchanting","TOOLS","2","1","1","true","<not a plain item, or id not in this build>","1","1","1","6","0.166667","enchanted_book","0","","{StoredEnchantments:[0:{id:19s,lvl:2s}]}"
"roguelike","","loot_enchanting","TOOLS","2","1","1","true","<not a plain item, or id not in this build>","1","1","1","6","0.166667","enchanted_book","0","","{StoredEnchantments:[0:{id:98s,lvl:5s}]}"
"roguelike","","loot_enchanting","TOOLS","2","1","1","true","<not a plain item, or id not in this build>","1","1","1","6","0.166667","enchanted_book","0","","{StoredEnchantments:[0:{id:101s,lvl:2s}]}"
"roguelike","","loot_enchanting","ENCHANTING","3","3","3","true","<not a plain item, or id not in this build>","1","1","1","6","0.166667","enchanted_book","0","","{StoredEnchantments:[0:{id:21s,lvl:3s}]}"
"roguelike","","loot_enchanting","ENCHANTING","3","3","3","true","<not a plain item, or id not in this build>","1","1","1","6","0.166667","enchanted_book","0","","{StoredEnchantments:[0:{id:16s,lvl:4s}]}"
"roguelike","","loot_enchanting","ENCHANTING","3","3","3","true","<not a plain item, or id not in this build>","1","1","1","6","0.166667","enchanted_book","0","","{StoredEnchantments:[0:{id:4s,lvl:4s}]}"
"roguelike","","loot_enchanting","ENCHANTING","3","3","3","true","<not a plain item, or id not in this build>","1","1","1","6","0.166667","enchanted_book","0","","{StoredEnchantments:[0:{id:70s,lvl:3s}]}"
"roguelike","","loot_enchanting","ENCHANTING","3","3","3","true","<not a plain item, or id not in this build>","1","1","1","6","0.166667","enchanted_book","0","","{StoredEnchantments:[0:{id:34s,lvl:3s}]}"
"roguelike","","loot_enchanting","ENCHANTING","3","3","3","true","<not a plain item, or id not in this build>","1","1","1","6","0.166667","enchanted_book","0","","{StoredEnchantments:[0:{id:18s,lvl:4s},1:{id:48s,lvl:4s},2:{id:100s,lvl:3s}]}"
"roguelike","","loot_enchanting","TOOLS","3","1","1","true","<not a plain item, or id not in this build>","1","1","1","6","0.166667","enchanted_book","0","","{StoredEnchantments:[0:{id:21s,lvl:3s}]}"
"roguelike","","loot_enchanting","TOOLS","3","1","1","true","<not a plain item, or id not in this build>","1","1","1","6","0.166667","enchanted_book","0","","{StoredEnchantments:[0:{id:16s,lvl:4s}]}"
"roguelike","","loot_enchanting","TOOLS","3","1","1","true","<not a plain item, or id not in this build>","1","1","1","6","0.166667","enchanted_book","0","","{StoredEnchantments:[0:{id:4s,lvl:4s}]}"
"roguelike","","loot_enchanting","TOOLS","3","1","1","true","<not a plain item, or id not in this build>","1","1","1","6","0.166667","enchanted_book","0","","{StoredEnchantments:[0:{id:70s,lvl:3s}]}"
"roguelike","","loot_enchanting","TOOLS","3","1","1","true","<not a plain item, or id not in this build>","1","1","1","6","0.166667","enchanted_book","0","","{StoredEnchantments:[0:{id:34s,lvl:3s}]}"
"roguelike","","loot_enchanting","TOOLS","3","1","1","true","<not a plain item, or id not in this build>","1","1","1","6","0.166667","enchanted_book","0","","{StoredEnchantments:[0:{id:18s,lvl:4s},1:{id:48s,lvl:4s},2:{id:100s,lvl:3s}]}"
"roguelike","","loot_enchanting","ENCHANTING","4","3","3","true","<not a plain item, or id not in this build>","1","1","1","6","0.166667","enchanted_book","0","","{StoredEnchantments:[0:{id:127s,lvl:5s},1:{id:129s,lvl:5s}]}"
"roguelike","","loot_enchanting","ENCHANTING","4","3","3","true","<not a plain item, or id not in this build>","1","1","1","6","0.166667","enchanted_book","0","","{StoredEnchantments:[0:{id:211s,lvl:2s},1:{id:48s,lvl:3s},2:{id:9s,lvl:1s}]}"
"roguelike","","loot_enchanting","ENCHANTING","4","3","3","true","<not a plain item, or id not in this build>","1","1","1","6","0.166667","enchanted_book","0","","{StoredEnchantments:[0:{id:16s,lvl:6s}]}"
"roguelike","","loot_enchanting","ENCHANTING","4","3","3","true","<not a plain item, or id not in this build>","1","1","1","6","0.166667","enchanted_book","0","","{StoredEnchantments:[0:{id:153s,lvl:3s},1:{id:46s,lvl:1s}]}"
"roguelike","","loot_enchanting","ENCHANTING","4","3","3","true","<not a plain item, or id not in this build>","1","1","1","6","0.166667","enchanted_book","0","","{RepairCost:1,StoredEnchantments:[0:{id:98s,lvl:5s},1:{id:68s,lvl:1s}]}"
"roguelike","","loot_enchanting","ENCHANTING","4","3","3","true","<not a plain item, or id not in this build>","1","1","1","6","0.166667","enchanted_book","0","","{StoredEnchantments:[0:{id:17s,lvl:5s},1:{id:20s,lvl:2s}]}"
"roguelike","","loot_enchanting","TOOLS","4","1","1","true","<not a plain item, or id not in this build>","1","1","1","6","0.166667","enchanted_book","0","","{StoredEnchantments:[0:{id:127s,lvl:5s},1:{id:129s,lvl:5s}]}"
"roguelike","","loot_enchanting","TOOLS","4","1","1","true","<not a plain item, or id not in this build>","1","1","1","6","0.166667","enchanted_book","0","","{StoredEnchantments:[0:{id:211s,lvl:2s},1:{id:48s,lvl:3s},2:{id:9s,lvl:1s}]}"
"roguelike","","loot_enchanting","TOOLS","4","1","1","true","<not a plain item, or id not in this build>","1","1","1","6","0.166667","enchanted_book","0","","{StoredEnchantments:[0:{id:16s,lvl:6s}]}"
"roguelike","","loot_enchanting","TOOLS","4","1","1","true","<not a plain item, or id not in this build>","1","1","1","6","0.166667","enchanted_book","0","","{StoredEnchantments:[0:{id:153s,lvl:3s},1:{id:46s,lvl:1s}]}"
"roguelike","","loot_enchanting","TOOLS","4","1","1","true","<not a plain item, or id not in this build>","1","1","1","6","0.166667","enchanted_book","0","","{RepairCost:1,StoredEnchantments:[0:{id:98s,lvl:5s},1:{id:68s,lvl:1s}]}"
"roguelike","","loot_enchanting","TOOLS","4","1","1","true","<not a plain item, or id not in this build>","1","1","1","6","0.166667","enchanted_book","0","","{StoredEnchantments:[0:{id:17s,lvl:5s},1:{id:20s,lvl:2s}]}"
"roguelike","","loot_hot_food","FOOD","0","5","5","true","Cooked Calamari","1","1","3","27","0.037037","harvestcraft:calamaricookedItem","0","",""
"roguelike","","loot_hot_food","FOOD","0","5","5","true","Cooked Clam","1","1","3","27","0.037037","harvestcraft:clamcookedItem","0","",""
"roguelike","","loot_hot_food","FOOD","0","5","5","true","Cooked Crab","1","1","3","27","0.037037","harvestcraft:crabcookedItem","0","",""
"roguelike","","loot_hot_food","FOOD","0","5","5","true","Cooked Crayfish","1","1","3","27","0.037037","harvestcraft:crayfishcookedItem","0","",""
"roguelike","","loot_hot_food","FOOD","0","5","5","true","Cooked Frog Legs","1","1","3","27","0.037037","harvestcraft:frogcookedItem","0","",""
"roguelike","","loot_hot_food","FOOD","0","5","5","true","Cooked Mutton","1","1","3","27","0.037037","harvestcraft:muttoncookedItem","0","",""
"roguelike","","loot_hot_food","FOOD","0","5","5","true","Cooked Octopus","1","1","3","27","0.037037","harvestcraft:octopuscookedItem","0","",""
"roguelike","","loot_hot_food","FOOD","0","5","5","true","Cooked Rabbit","1","1","3","27","0.037037","harvestcraft:rabbitcookedItem","0","",""
"roguelike","","loot_hot_food","FOOD","0","5","5","true","Cooked Scallop","1","1","3","27","0.037037","harvestcraft:scallopcookedItem","0","",""
"roguelike","","loot_hot_food","FOOD","0","5","5","true","Cooked Shrimp","1","1","3","27","0.037037","harvestcraft:shrimpcookedItem","0","",""
"roguelike","","loot_hot_food","FOOD","0","5","5","true","Cooked Snail","1","1","3","27","0.037037","harvestcraft:snailcookedItem","0","",""
"roguelike","","loot_hot_food","FOOD","0","5","5","true","Cooked Turtle","1","1","3","27","0.037037","harvestcraft:turtlecookedItem","0","",""
"roguelike","","loot_hot_food","FOOD","0","5","5","true","Cooked Venison","1","1","3","27","0.037037","harvestcraft:venisoncookedItem","0","",""
"roguelike","","loot_hot_food","FOOD","0","5","5","true","Firm Tofu","1","1","3","27","0.037037","harvestcraft:firmtofuItem","0","",""
"roguelike","","loot_hot_food","FOOD","0","5","5","true","Cooked Ocelot Meat","1","1","3","27","0.037037","miscutils:item.BasicMetaFood","7","",""
"roguelike","","loot_hot_food","FOOD","0","5","5","true","Blaze Flesh","1","1","3","27","0.037037","miscutils:item.BasicMetaFood","8","",""
"roguelike","","loot_hot_food","FOOD","0","5","5","true","Cooked Horse Meat","1","1","3","27","0.037037","miscutils:item.BasicMetaFood","3","",""
"roguelike","","loot_hot_food","FOOD","0","5","5","true","Cooked Human Meat","1","1","3","27","0.037037","miscutils:item.BasicMetaFood","1","",""
"roguelike","","loot_hot_food","FOOD","0","5","5","true","Cooked Wolf Meat","1","1","3","27","0.037037","miscutils:item.BasicMetaFood","5","",""
"roguelike","","loot_hot_food","FOOD","0","5","5","true","Cooked Fish","1","1","3","27","0.037037","minecraft:cooked_fished","0","",""
"roguelike","","loot_hot_food","FOOD","0","5","5","true","Cooked Salmon","1","1","3","27","0.037037","minecraft:cooked_fished","1","",""
"roguelike","","loot_hot_food","FOOD","0","5","5","true","Cooked Porkchop","1","1","3","27","0.037037","minecraft:cooked_porkchop","0","",""
"roguelike","","loot_hot_food","FOOD","0","5","5","true","Steak","1","1","3","27","0.037037","minecraft:cooked_beef","0","",""
"roguelike","","loot_hot_food","FOOD","0","5","5","true","Cooked Chicken","1","1","3","27","0.037037","minecraft:cooked_chicken","0","",""
"roguelike","","loot_hot_food","FOOD","0","5","5","true","Cooked Imphide","1","1","3","27","0.037037","Natura:impmeat","1","",""
"roguelike","","loot_hot_food","FOOD","0","5","5","true","Unidentifiable Cooked Meat","1","1","3","27","0.037037","ThaumicHorizons:meatCookedTH","0","",""
"roguelike","","loot_hot_food","FOOD","0","5","5","true","Venison Steak","1","1","3","27","0.037037","TwilightForest:item.venisonCooked","0","",""
"roguelike","","loot_hot_food","ARMOUR","0","3","3","true","Cooked Calamari","1","1","3","27","0.037037","harvestcraft:calamaricookedItem","0","",""
"roguelike","","loot_hot_food","ARMOUR","0","3","3","true","Cooked Clam","1","1","3","27","0.037037","harvestcraft:clamcookedItem","0","",""
"roguelike","","loot_hot_food","ARMOUR","0","3","3","true","Cooked Crab","1","1","3","27","0.037037","harvestcraft:crabcookedItem","0","",""
"roguelike","","loot_hot_food","ARMOUR","0","3","3","true","Cooked Crayfish","1","1","3","27","0.037037","harvestcraft:crayfishcookedItem","0","",""
"roguelike","","loot_hot_food","ARMOUR","0","3","3","true","Cooked Frog Legs","1","1","3","27","0.037037","harvestcraft:frogcookedItem","0","",""
"roguelike","","loot_hot_food","ARMOUR","0","3","3","true","Cooked Mutton","1","1","3","27","0.037037","harvestcraft:muttoncookedItem","0","",""
"roguelike","","loot_hot_food","ARMOUR","0","3","3","true","Cooked Octopus","1","1","3","27","0.037037","harvestcraft:octopuscookedItem","0","",""
"roguelike","","loot_hot_food","ARMOUR","0","3","3","true","Cooked Rabbit","1","1","3","27","0.037037","harvestcraft:rabbitcookedItem","0","",""
"roguelike","","loot_hot_food","ARMOUR","0","3","3","true","Cooked Scallop","1","1","3","27","0.037037","harvestcraft:scallopcookedItem","0","",""
"roguelike","","loot_hot_food","ARMOUR","0","3","3","true","Cooked Shrimp","1","1","3","27","0.037037","harvestcraft:shrimpcookedItem","0","",""
"roguelike","","loot_hot_food","ARMOUR","0","3","3","true","Cooked Snail","1","1","3","27","0.037037","harvestcraft:snailcookedItem","0","",""
"roguelike","","loot_hot_food","ARMOUR","0","3","3","true","Cooked Turtle","1","1","3","27","0.037037","harvestcraft:turtlecookedItem","0","",""
"roguelike","","loot_hot_food","ARMOUR","0","3","3","true","Cooked Venison","1","1","3","27","0.037037","harvestcraft:venisoncookedItem","0","",""
"roguelike","","loot_hot_food","ARMOUR","0","3","3","true","Firm Tofu","1","1","3","27","0.037037","harvestcraft:firmtofuItem","0","",""
"roguelike","","loot_hot_food","ARMOUR","0","3","3","true","Cooked Ocelot Meat","1","1","3","27","0.037037","miscutils:item.BasicMetaFood","7","",""
"roguelike","","loot_hot_food","ARMOUR","0","3","3","true","Blaze Flesh","1","1","3","27","0.037037","miscutils:item.BasicMetaFood","8","",""
"roguelike","","loot_hot_food","ARMOUR","0","3","3","true","Cooked Horse Meat","1","1","3","27","0.037037","miscutils:item.BasicMetaFood","3","",""
"roguelike","","loot_hot_food","ARMOUR","0","3","3","true","Cooked Human Meat","1","1","3","27","0.037037","miscutils:item.BasicMetaFood","1","",""
"roguelike","","loot_hot_food","ARMOUR","0","3","3","true","Cooked Wolf Meat","1","1","3","27","0.037037","miscutils:item.BasicMetaFood","5","",""
"roguelike","","loot_hot_food","ARMOUR","0","3","3","true","Cooked Fish","1","1","3","27","0.037037","minecraft:cooked_fished","0","",""
"roguelike","","loot_hot_food","ARMOUR","0","3","3","true","Cooked Salmon","1","1","3","27","0.037037","minecraft:cooked_fished","1","",""
"roguelike","","loot_hot_food","ARMOUR","0","3","3","true","Cooked Porkchop","1","1","3","27","0.037037","minecraft:cooked_porkchop","0","",""
"roguelike","","loot_hot_food","ARMOUR","0","3","3","true","Steak","1","1","3","27","0.037037","minecraft:cooked_beef","0","",""
"roguelike","","loot_hot_food","ARMOUR","0","3","3","true","Cooked Chicken","1","1","3","27","0.037037","minecraft:cooked_chicken","0","",""
"roguelike","","loot_hot_food","ARMOUR","0","3","3","true","Cooked Imphide","1","1","3","27","0.037037","Natura:impmeat","1","",""
"roguelike","","loot_hot_food","ARMOUR","0","3","3","true","Unidentifiable Cooked Meat","1","1","3","27","0.037037","ThaumicHorizons:meatCookedTH","0","",""
"roguelike","","loot_hot_food","ARMOUR","0","3","3","true","Venison Steak","1","1","3","27","0.037037","TwilightForest:item.venisonCooked","0","",""
"roguelike","","loot_hot_food","FOOD","1","5","5","true","Pistachio Baked Salmon","1","1","3","9","0.111111","harvestcraft:pistachiobakedsalmonItem","0","",""
"roguelike","","loot_hot_food","FOOD","1","5","5","true","Scallion Baked Potato","1","1","3","9","0.111111","harvestcraft:scallionbakedpotatoItem","0","",""
"roguelike","","loot_hot_food","FOOD","1","5","5","true","Baked Beets","1","1","3","9","0.111111","harvestcraft:bakedbeetsItem","0","",""
"roguelike","","loot_hot_food","FOOD","1","5","5","true","Baked Beans","1","1","3","9","0.111111","harvestcraft:bakedbeansItem","0","",""
"roguelike","","loot_hot_food","FOOD","1","5","5","true","Baked Ham","1","1","3","9","0.111111","harvestcraft:bakedhamItem","0","",""
"roguelike","","loot_hot_food","FOOD","1","5","5","true","Loaded Baked Potato","1","1","3","9","0.111111","harvestcraft:loadedbakedpotatoItem","0","",""
"roguelike","","loot_hot_food","FOOD","1","5","5","true","Baked Sweet Potato","1","1","3","9","0.111111","harvestcraft:bakedsweetpotatoItem","0","",""
"roguelike","","loot_hot_food","FOOD","1","5","5","true","Baked Potato","1","1","3","9","0.111111","minecraft:baked_potato","0","",""
"roguelike","","loot_hot_food","FOOD","1","5","5","true","Baked Cake Bottom","1","1","3","9","0.111111","gregtech:gt.metaitem.02","32570","",""
"roguelike","","loot_hot_food","ARMOUR","1","3","3","true","Pistachio Baked Salmon","1","1","3","9","0.111111","harvestcraft:pistachiobakedsalmonItem","0","",""
"roguelike","","loot_hot_food","ARMOUR","1","3","3","true","Scallion Baked Potato","1","1","3","9","0.111111","harvestcraft:scallionbakedpotatoItem","0","",""
"roguelike","","loot_hot_food","ARMOUR","1","3","3","true","Baked Beets","1","1","3","9","0.111111","harvestcraft:bakedbeetsItem","0","",""
"roguelike","","loot_hot_food","ARMOUR","1","3","3","true","Baked Beans","1","1","3","9","0.111111","harvestcraft:bakedbeansItem","0","",""
"roguelike","","loot_hot_food","ARMOUR","1","3","3","true","Baked Ham","1","1","3","9","0.111111","harvestcraft:bakedhamItem","0","",""
"roguelike","","loot_hot_food","ARMOUR","1","3","3","true","Loaded Baked Potato","1","1","3","9","0.111111","harvestcraft:loadedbakedpotatoItem","0","",""
"roguelike","","loot_hot_food","ARMOUR","1","3","3","true","Baked Sweet Potato","1","1","3","9","0.111111","harvestcraft:bakedsweetpotatoItem","0","",""
"roguelike","","loot_hot_food","ARMOUR","1","3","3","true","Baked Potato","1","1","3","9","0.111111","minecraft:baked_potato","0","",""
"roguelike","","loot_hot_food","ARMOUR","1","3","3","true","Baked Cake Bottom","1","1","3","9","0.111111","gregtech:gt.metaitem.02","32570","",""
"roguelike","","loot_hot_food","FOOD","2","6","6","true","Pistachio Baked Salmon","1","1","3","9","0.111111","harvestcraft:pistachiobakedsalmonItem","0","",""
"roguelike","","loot_hot_food","FOOD","2","6","6","true","Scallion Baked Potato","1","1","3","9","0.111111","harvestcraft:scallionbakedpotatoItem","0","",""
"roguelike","","loot_hot_food","FOOD","2","6","6","true","Baked Beets","1","1","3","9","0.111111","harvestcraft:bakedbeetsItem","0","",""
"roguelike","","loot_hot_food","FOOD","2","6","6","true","Baked Beans","1","1","3","9","0.111111","harvestcraft:bakedbeansItem","0","",""
"roguelike","","loot_hot_food","FOOD","2","6","6","true","Baked Ham","1","1","3","9","0.111111","harvestcraft:bakedhamItem","0","",""
"roguelike","","loot_hot_food","FOOD","2","6","6","true","Loaded Baked Potato","1","1","3","9","0.111111","harvestcraft:loadedbakedpotatoItem","0","",""
"roguelike","","loot_hot_food","FOOD","2","6","6","true","Baked Sweet Potato","1","1","3","9","0.111111","harvestcraft:bakedsweetpotatoItem","0","",""
"roguelike","","loot_hot_food","FOOD","2","6","6","true","Baked Potato","1","1","3","9","0.111111","minecraft:baked_potato","0","",""
"roguelike","","loot_hot_food","FOOD","2","6","6","true","Baked Cake Bottom","1","1","3","9","0.111111","gregtech:gt.metaitem.02","32570","",""
"roguelike","","loot_hot_food","ARMOUR","2","3","3","true","Pistachio Baked Salmon","1","1","3","9","0.111111","harvestcraft:pistachiobakedsalmonItem","0","",""
"roguelike","","loot_hot_food","ARMOUR","2","3","3","true","Scallion Baked Potato","1","1","3","9","0.111111","harvestcraft:scallionbakedpotatoItem","0","",""
"roguelike","","loot_hot_food","ARMOUR","2","3","3","true","Baked Beets","1","1","3","9","0.111111","harvestcraft:bakedbeetsItem","0","",""
"roguelike","","loot_hot_food","ARMOUR","2","3","3","true","Baked Beans","1","1","3","9","0.111111","harvestcraft:bakedbeansItem","0","",""
"roguelike","","loot_hot_food","ARMOUR","2","3","3","true","Baked Ham","1","1","3","9","0.111111","harvestcraft:bakedhamItem","0","",""
"roguelike","","loot_hot_food","ARMOUR","2","3","3","true","Loaded Baked Potato","1","1","3","9","0.111111","harvestcraft:loadedbakedpotatoItem","0","",""
"roguelike","","loot_hot_food","ARMOUR","2","3","3","true","Baked Sweet Potato","1","1","3","9","0.111111","harvestcraft:bakedsweetpotatoItem","0","",""
"roguelike","","loot_hot_food","ARMOUR","2","3","3","true","Baked Potato","1","1","3","9","0.111111","minecraft:baked_potato","0","",""
"roguelike","","loot_hot_food","ARMOUR","2","3","3","true","Baked Cake Bottom","1","1","3","9","0.111111","gregtech:gt.metaitem.02","32570","",""
"roguelike","","loot_hot_food","FOOD","3","6","6","true","Sunday Roast","1","1","3","9","0.111111","harvestcraft:sundayroastItem","0","",""
"roguelike","","loot_hot_food","FOOD","3","6","6","true","Roast Potatoes","1","1","3","9","0.111111","harvestcraft:roastpotatoesItem","0","",""
"roguelike","","loot_hot_food","FOOD","3","6","6","true","Roasted Pumpkin Seeds","1","1","3","9","0.111111","harvestcraft:roastedpumpkinseedsItem","0","",""
"roguelike","","loot_hot_food","FOOD","3","6","6","true","Pot Roast","1","1","3","9","0.111111","harvestcraft:potroastItem","0","",""
"roguelike","","loot_hot_food","FOOD","3","6","6","true","Roasted Root Veggie Medley","1","1","3","9","0.111111","harvestcraft:roastedrootveggiemedleyItem","0","",""
"roguelike","","loot_hot_food","FOOD","3","6","6","true","Oven Roasted Cauliflower","1","1","3","9","0.111111","harvestcraft:ovenroastedcauliflowerItem","0","",""
"roguelike","","loot_hot_food","FOOD","3","6","6","true","Roasted Chestnut","1","1","3","9","0.111111","harvestcraft:roastedchestnutItem","0","",""
"roguelike","","loot_hot_food","FOOD","3","6","6","true","Roast Chicken","1","1","3","9","0.111111","harvestcraft:roastchickenItem","0","",""
"roguelike","","loot_hot_food","FOOD","3","6","6","true","Roasted Potato on a Stick","1","1","3","9","0.111111","gregtech:gt.metaitem.02","32201","",""
"roguelike","","loot_hot_food","ARMOUR","3","4","4","true","Sunday Roast","1","1","3","9","0.111111","harvestcraft:sundayroastItem","0","",""
"roguelike","","loot_hot_food","ARMOUR","3","4","4","true","Roast Potatoes","1","1","3","9","0.111111","harvestcraft:roastpotatoesItem","0","",""
"roguelike","","loot_hot_food","ARMOUR","3","4","4","true","Roasted Pumpkin Seeds","1","1","3","9","0.111111","harvestcraft:roastedpumpkinseedsItem","0","",""
"roguelike","","loot_hot_food","ARMOUR","3","4","4","true","Pot Roast","1","1","3","9","0.111111","harvestcraft:potroastItem","0","",""
"roguelike","","loot_hot_food","ARMOUR","3","4","4","true","Roasted Root Veggie Medley","1","1","3","9","0.111111","harvestcraft:roastedrootveggiemedleyItem","0","",""
"roguelike","","loot_hot_food","ARMOUR","3","4","4","true","Oven Roasted Cauliflower","1","1","3","9","0.111111","harvestcraft:ovenroastedcauliflowerItem","0","",""
"roguelike","","loot_hot_food","ARMOUR","3","4","4","true","Roasted Chestnut","1","1","3","9","0.111111","harvestcraft:roastedchestnutItem","0","",""
"roguelike","","loot_hot_food","ARMOUR","3","4","4","true","Roast Chicken","1","1","3","9","0.111111","harvestcraft:roastchickenItem","0","",""
"roguelike","","loot_hot_food","ARMOUR","3","4","4","true","Roasted Potato on a Stick","1","1","3","9","0.111111","gregtech:gt.metaitem.02","32201","",""
"roguelike","","loot_hot_food","FOOD","4","6","6","true","Hotdog","1","1","3","3","0.333333","harvestcraft:hotdogItem","0","",""
"roguelike","","loot_hot_food","FOOD","4","6","6","true","Hot Wings","1","1","3","3","0.333333","harvestcraft:hotwingsItem","0","",""
"roguelike","","loot_hot_food","FOOD","4","6","6","true","Hot Chocolate","1","1","3","3","0.333333","harvestcraft:hotchocolateItem","0","",""
"roguelike","","loot_hot_food","ARMOUR","4","4","4","true","Hotdog","1","1","3","3","0.333333","harvestcraft:hotdogItem","0","",""
"roguelike","","loot_hot_food","ARMOUR","4","4","4","true","Hot Wings","1","1","3","3","0.333333","harvestcraft:hotwingsItem","0","",""
"roguelike","","loot_hot_food","ARMOUR","4","4","4","true","Hot Chocolate","1","1","3","3","0.333333","harvestcraft:hotchocolateItem","0","",""
"roguelike","","loot_junk","","0","6","6","true","Clay","30","3","16","357","0.084034","minecraft:clay_ball","0","",""
"roguelike","","loot_junk","","0","6","6","true","Sugar Canes","30","3","12","357","0.084034","minecraft:reeds","0","",""
"roguelike","","loot_junk","","0","6","6","true","Bone","30","3","12","357","0.084034","minecraft:bone","0","",""
"roguelike","","loot_junk","","0","6","6","true","Sand","30","3","30","357","0.084034","minecraft:sand","0","",""
"roguelike","","loot_junk","","0","6","6","true","Stick","30","3","12","357","0.084034","minecraft:stick","0","",""
"roguelike","","loot_junk","","0","6","6","true","Coal","30","1","8","357","0.084034","minecraft:coal","0","",""
"roguelike","","loot_junk","","0","6","6","true","Gravel","30","3","30","357","0.084034","minecraft:gravel","0","",""
"roguelike","","loot_junk","","0","6","6","true","Leather","30","2","4","357","0.084034","minecraft:leather","0","",""
"roguelike","","loot_junk","","0","6","6","true","Arrow","30","3","9","357","0.084034","minecraft:arrow","0","",""
"roguelike","","loot_junk","","0","6","6","true","Flint","30","3","7","357","0.084034","minecraft:flint","0","",""
"roguelike","","loot_junk","","0","6","6","true","Rotten Flesh","30","1","3","357","0.084034","minecraft:rotten_flesh","0","",""
"roguelike","","loot_junk","","0","6","6","true","Common Treasure","3","1","1","357","0.008403","Thaumcraft:ItemLootBag","0","",""
"roguelike","","loot_junk","","0","6","6","true","Cotton","20","1","7","357","0.056022","Natura:barleyFood","3","",""
"roguelike","","loot_junk","","0","6","6","true","Name Tag","2","1","1","357","0.005602","minecraft:name_tag","0","",""
"roguelike","","loot_junk","","0","6","6","true","LootBag (Default)","2","1","1","357","0.005602","enhancedlootbags:lootbag","0","",""
"roguelike","","loot_junk","","1","6","6","true","Clay","30","3","20","373","0.080429","minecraft:clay_ball","0","",""
"roguelike","","loot_junk","","1","6","6","true","Paper","30","3","12","373","0.080429","minecraft:paper","0","",""
"roguelike","","loot_junk","","1","6","6","true","Sand","30","3","30","373","0.080429","minecraft:sand","0","",""
"roguelike","","loot_junk","","1","6","6","true","Torch","30","3","12","373","0.080429","minecraft:torch","0","",""
"roguelike","","loot_junk","","1","6","6","true","Coal","30","1","7","373","0.080429","minecraft:coal","0","",""
"roguelike","","loot_junk","","1","6","6","true","Gunpowder","30","1","7","373","0.080429","minecraft:gunpowder","0","",""
"roguelike","","loot_junk","","1","6","6","true","Gravel","30","3","30","373","0.080429","minecraft:gravel","0","",""
"roguelike","","loot_junk","","1","6","6","true","Tanned Leather","10","1","2","373","0.026810","Backpack:tannedLeather","0","",""
"roguelike","","loot_junk","","1","6","6","true","Lapis Lazuli","15","4","10","373","0.040214","minecraft:dye","4","",""
"roguelike","","loot_junk","","1","6","6","true","Arrow","15","3","9","373","0.040214","minecraft:arrow","0","",""
"roguelike","","loot_junk","","1","6","6","true","Redstone","20","3","24","373","0.053619","minecraft:redstone","0","",""
"roguelike","","loot_junk","","1","6","6","true","Arrow of Weakness","11","3","14","373","0.029491","etfuturum:tipped_arrow","8264","",""
"roguelike","","loot_junk","","1","6","6","true","Arrow of Slowness","2","3","9","373","0.005362","etfuturum:tipped_arrow","8266","",""
"roguelike","","loot_junk","","1","6","6","true","Arrow of Healing","2","3","9","373","0.005362","etfuturum:tipped_arrow","8229","",""
"roguelike","","loot_junk","","1","6","6","true","Flint","30","3","7","373","0.080429","minecraft:flint","0","",""
"roguelike","","loot_junk","","1","6","6","true","Bone","30","1","12","373","0.080429","minecraft:bone","0","",""
"roguelike","","loot_junk","","1","6","6","true","Common Treasure","4","1","1","373","0.010724","Thaumcraft:ItemLootBag","0","",""
"roguelike","","loot_junk","","1","6","6","true","Name Tag","1","1","1","373","0.002681","minecraft:name_tag","0","",""
"roguelike","","loot_junk","","1","6","6","true","String","20","1","12","373","0.053619","minecraft:string","0","",""
"roguelike","","loot_junk","","1","6","6","true","LootBag (Default)","2","1","1","373","0.005362","enhancedlootbags:lootbag","0","",""
"roguelike","","loot_junk","","1","6","6","true","LootBag (dreamcraft.lootbag.group.gardens)","1","1","1","373","0.002681","enhancedlootbags:lootbag","36","",""
"roguelike","","loot_junk","","2","6","6","true","Book","30","3","5","360","0.083333","minecraft:book","0","",""
"roguelike","","loot_junk","","2","6","6","true","Blank Pattern","10","1","3","360","0.027778","TConstruct:blankPattern","0","",""
"roguelike","","loot_junk","","2","6","6","true","Torch","30","3","12","360","0.083333","minecraft:torch","0","",""
"roguelike","","loot_junk","","2","6","6","true","Coal","30","1","12","360","0.083333","minecraft:coal","0","",""
"roguelike","","loot_junk","","2","6","6","true","Gunpowder","50","1","4","360","0.138889","minecraft:gunpowder","0","",""
"roguelike","","loot_junk","","2","6","6","true","Arrow of Weakness","20","3","14","360","0.055556","etfuturum:tipped_arrow","8264","",""
"roguelike","","loot_junk","","2","6","6","true","Arrow of Slowness","5","3","9","360","0.013889","etfuturum:tipped_arrow","8266","",""
"roguelike","","loot_junk","","2","6","6","true","Arrow of Healing","5","3","9","360","0.013889","etfuturum:tipped_arrow","8229","",""
"roguelike","","loot_junk","","2","6","6","true","Ghast Tear","5","1","3","360","0.013889","minecraft:ghast_tear","0","",""
"roguelike","","loot_junk","","2","6","6","true","Uncommon Treasure","4","1","1","360","0.011111","Thaumcraft:ItemLootBag","1","",""
"roguelike","","loot_junk","","2","6","6","true","Name Tag","1","1","1","360","0.002778","minecraft:name_tag","0","",""
"roguelike","","loot_junk","","2","6","6","true","Redstone","20","3","24","360","0.055556","minecraft:redstone","0","",""
"roguelike","","loot_junk","","2","6","6","true","String","60","1","7","360","0.166667","minecraft:string","0","",""
"roguelike","","loot_junk","","2","6","6","true","Bone","60","1","12","360","0.166667","minecraft:bone","0","",""
"roguelike","","loot_junk","","2","6","6","true","Exquisite Sapphire","2","1","1","360","0.005556","gregtech:gt.metaitem.02","30503","",""
"roguelike","","loot_junk","","2","6","6","true","Lapis Lazuli","15","4","10","360","0.041667","minecraft:dye","4","",""
"roguelike","","loot_junk","","2","6","6","true","Powderbarrel","10","2","4","360","0.027778","gregtech:gt.blockreinforced","5","",""
"roguelike","","loot_junk","","2","6","6","true","LootBag (dreamcraft.lootbag.group.basic_stone_age)","1","1","1","360","0.002778","enhancedlootbags:lootbag","1","",""
"roguelike","","loot_junk","","2","6","6","true","LootBag (dreamcraft.lootbag.group.fast_food)","1","1","1","360","0.002778","enhancedlootbags:lootbag","28","",""
"roguelike","","loot_junk","","2","6","6","true","LootBag (dreamcraft.lootbag.group.gardens)","1","1","1","360","0.002778","enhancedlootbags:lootbag","36","",""
"roguelike","","loot_junk","","3","6","6","true","Book","30","3","5","279","0.107527","minecraft:book","0","",""
"roguelike","","loot_junk","","3","6","6","true","Ender Pearl","10","3","5","279","0.035842","minecraft:ender_pearl","0","",""
"roguelike","","loot_junk","","3","6","6","true","Blank Pattern","10","1","3","279","0.035842","TConstruct:blankPattern","0","",""
"roguelike","","loot_junk","","3","6","6","true","Torch","30","3","14","279","0.107527","minecraft:torch","0","",""
"roguelike","","loot_junk","","3","6","6","true","Powderbarrel","50","2","4","279","0.179211","gregtech:gt.blockreinforced","5","",""
"roguelike","","loot_junk","","3","6","6","true","Arrow of Weakness","40","3","14","279","0.143369","etfuturum:tipped_arrow","8264","",""
"roguelike","","loot_junk","","3","6","6","true","Arrow of Slowness","10","3","9","279","0.035842","etfuturum:tipped_arrow","8266","",""
"roguelike","","loot_junk","","3","6","6","true","Arrow of Healing","10","3","9","279","0.035842","etfuturum:tipped_arrow","8229","",""
"roguelike","","loot_junk","","3","6","6","true","Ghast Tear","5","1","3","279","0.017921","minecraft:ghast_tear","0","",""
"roguelike","","loot_junk","","3","6","6","true","Uncommon Treasure","4","1","1","279","0.014337","Thaumcraft:ItemLootBag","1","",""
"roguelike","","loot_junk","","3","6","6","true","Name Tag","1","1","1","279","0.003584","minecraft:name_tag","0","",""
"roguelike","","loot_junk","","3","6","6","true","Redstone","20","3","24","279","0.071685","minecraft:redstone","0","",""
"roguelike","","loot_junk","","3","6","6","true","String","20","1","7","279","0.071685","minecraft:string","0","",""
"roguelike","","loot_junk","","3","6","6","true","Bone","20","1","14","279","0.071685","minecraft:bone","0","",""
"roguelike","","loot_junk","","3","6","6","true","Lapis Lazuli","15","4","10","279","0.053763","minecraft:dye","4","",""
"roguelike","","loot_junk","","3","6","6","true","LootBag (dreamcraft.lootbag.group.seeds)","1","1","1","279","0.003584","enhancedlootbags:lootbag","35","",""
"roguelike","","loot_junk","","3","6","6","true","LootBag (dreamcraft.lootbag.group.crops_farmhand)","1","1","1","279","0.003584","enhancedlootbags:lootbag","51","",""
"roguelike","","loot_junk","","3","6","6","true","LootBag (dreamcraft.lootbag.group.bees_basic)","1","1","1","279","0.003584","enhancedlootbags:lootbag","25","",""
"roguelike","","loot_junk","","3","6","6","true","LootBag (dreamcraft.lootbag.group.fast_food)","1","1","1","279","0.003584","enhancedlootbags:lootbag","28","",""
"roguelike","","loot_junk","","4","6","6","true","Book","30","3","5","260","0.115385","minecraft:book","0","",""
"roguelike","","loot_junk","","4","6","6","true","Ender Pearl","20","3","5","260","0.076923","minecraft:ender_pearl","0","",""
"roguelike","","loot_junk","","4","6","6","true","Blank Pattern","10","1","3","260","0.038462","TConstruct:blankPattern","0","",""
"roguelike","","loot_junk","","4","6","6","true","Torch","30","3","7","260","0.115385","minecraft:torch","0","",""
"roguelike","","loot_junk","","4","6","6","true","Powderbarrel","30","2","4","260","0.115385","gregtech:gt.blockreinforced","5","",""
"roguelike","","loot_junk","","4","6","6","true","Arrow of Weakness","35","3","14","260","0.134615","etfuturum:tipped_arrow","8264","",""
"roguelike","","loot_junk","","4","6","6","true","Arrow of Slowness","5","3","9","260","0.019231","etfuturum:tipped_arrow","8266","",""
"roguelike","","loot_junk","","4","6","6","true","Arrow of Healing","5","3","9","260","0.019231","etfuturum:tipped_arrow","8229","",""
"roguelike","","loot_junk","","4","6","6","true","Ghast Tear","10","1","3","260","0.038462","minecraft:ghast_tear","0","",""
"roguelike","","loot_junk","","4","6","6","true","Lapis Lazuli","35","4","10","260","0.134615","minecraft:dye","4","",""
"roguelike","","loot_junk","","4","6","6","true","Rare Treasure","4","1","1","260","0.015385","Thaumcraft:ItemLootBag","2","",""
"roguelike","","loot_junk","","4","6","6","true","Redstone","20","3","24","260","0.076923","minecraft:redstone","0","",""
"roguelike","","loot_junk","","4","6","6","true","Name Tag","2","1","1","260","0.007692","minecraft:name_tag","0","",""
"roguelike","","loot_junk","","4","6","6","true","Magma Cream","20","1","7","260","0.076923","minecraft:magma_cream","0","",""
"roguelike","","loot_junk","","4","6","6","true","LootBag (dreamcraft.lootbag.group.seeds)","1","1","1","260","0.003846","enhancedlootbags:lootbag","35","",""
"roguelike","","loot_junk","","4","6","6","true","LootBag (dreamcraft.lootbag.group.crops_farmhand)","1","1","1","260","0.003846","enhancedlootbags:lootbag","51","",""
"roguelike","","loot_junk","","4","6","6","true","LootBag (dreamcraft.lootbag.group.bees_basic)","1","1","1","260","0.003846","enhancedlootbags:lootbag","25","",""
"roguelike","","loot_junk","","4","6","6","true","LootBag (dreamcraft.lootbag.group.fast_food)","1","1","1","260","0.003846","enhancedlootbags:lootbag","28","",""
"roguelike","","loot_music","MUSIC","0","1","1","true","Music Disc","10","1","1","212","0.047170","minecraft:record_11","0","",""
"roguelike","","loot_music","MUSIC","0","1","1","true","Music Disc","10","1","1","212","0.047170","minecraft:record_13","0","",""
"roguelike","","loot_music","MUSIC","0","1","1","true","Music Disc","10","1","1","212","0.047170","minecraft:record_cat","0","",""
"roguelike","","loot_music","MUSIC","0","1","1","true","Music Disc","10","1","1","212","0.047170","minecraft:record_blocks","0","",""
"roguelike","","loot_music","MUSIC","0","1","1","true","Music Disc","10","1","1","212","0.047170","minecraft:record_chirp","0","",""
"roguelike","","loot_music","MUSIC","0","1","1","true","Music Disc","10","1","1","212","0.047170","minecraft:record_far","0","",""
"roguelike","","loot_music","MUSIC","0","1","1","true","Music Disc","10","1","1","212","0.047170","minecraft:record_mall","0","",""
"roguelike","","loot_music","MUSIC","0","1","1","true","Music Disc","10","1","1","212","0.047170","minecraft:record_mellohi","0","",""
"roguelike","","loot_music","MUSIC","0","1","1","true","Music Disc","10","1","1","212","0.047170","minecraft:record_stal","0","",""
"roguelike","","loot_music","MUSIC","0","1","1","true","Music Disc","10","1","1","212","0.047170","minecraft:record_strad","0","",""
"roguelike","","loot_music","MUSIC","0","1","1","true","Music Disc","10","1","1","212","0.047170","minecraft:record_ward","0","",""
"roguelike","","loot_music","MUSIC","0","1","1","true","Music Disc","10","1","1","212","0.047170","minecraft:record_wait","0","",""
"roguelike","","loot_music","MUSIC","0","1","1","true","Music Disc","2","1","1","212","0.009434","BiomesOPlenty:record_corruption","0","",""
"roguelike","","loot_music","MUSIC","0","1","1","true","Music Disc","10","1","1","212","0.047170","BiomesOPlenty:record_wanderer","0","",""
"roguelike","","loot_music","MUSIC","0","1","1","true","Scathed Music Disc","10","1","1","212","0.047170","Botania:recordGaia1","0","",""
"roguelike","","loot_music","MUSIC","0","1","1","true","Scathed Music Disc","10","1","1","212","0.047170","Botania:recordGaia2","0","",""
"roguelike","","loot_music","MUSIC","0","1","1","true","Music Disc","10","1","1","212","0.047170","etfuturum:otherside_record","0","",""
"roguelike","","loot_music","MUSIC","0","1","1","true","Music Disc","5","1","1","212","0.023585","HardcoreEnderExpansion:music_disk","0","",""
"roguelike","","loot_music","MUSIC","0","1","1","true","Music Disc","5","1","1","212","0.023585","HardcoreEnderExpansion:music_disk","1","",""
"roguelike","","loot_music","MUSIC","0","1","1","true","Music Disc","5","1","1","212","0.023585","HardcoreEnderExpansion:music_disk","2","",""
"roguelike","","loot_music","MUSIC","0","1","1","true","Music Disc","5","1","1","212","0.023585","HardcoreEnderExpansion:music_disk","3","",""
"roguelike","","loot_music","MUSIC","0","1","1","true","Music Disc","5","1","1","212","0.023585","HardcoreEnderExpansion:music_disk","4","",""
"roguelike","","loot_music","MUSIC","0","1","1","true","Music Disc","5","1","1","212","0.023585","HardcoreEnderExpansion:music_disk","5","",""
"roguelike","","loot_music","MUSIC","0","1","1","true","Music Disc","5","1","1","212","0.023585","HardcoreEnderExpansion:music_disk","6","",""
"roguelike","","loot_music","MUSIC","0","1","1","true","Music Disc","5","1","1","212","0.023585","HardcoreEnderExpansion:music_disk","7","",""
"roguelike","","loot_music","MUSIC","0","1","1","true","Music Disc","5","1","1","212","0.023585","HardcoreEnderExpansion:music_disk","8","",""
"roguelike","","loot_music","MUSIC","0","1","1","true","Music Disc","5","1","1","212","0.023585","HardcoreEnderExpansion:music_disk","9","",""
"roguelike","","loot_music","MUSIC","1","1","1","true","Music Disc","10","1","1","212","0.047170","minecraft:record_11","0","",""
"roguelike","","loot_music","MUSIC","1","1","1","true","Music Disc","10","1","1","212","0.047170","minecraft:record_13","0","",""
"roguelike","","loot_music","MUSIC","1","1","1","true","Music Disc","10","1","1","212","0.047170","minecraft:record_cat","0","",""
"roguelike","","loot_music","MUSIC","1","1","1","true","Music Disc","10","1","1","212","0.047170","minecraft:record_blocks","0","",""
"roguelike","","loot_music","MUSIC","1","1","1","true","Music Disc","10","1","1","212","0.047170","minecraft:record_chirp","0","",""
"roguelike","","loot_music","MUSIC","1","1","1","true","Music Disc","10","1","1","212","0.047170","minecraft:record_far","0","",""
"roguelike","","loot_music","MUSIC","1","1","1","true","Music Disc","10","1","1","212","0.047170","minecraft:record_mall","0","",""
"roguelike","","loot_music","MUSIC","1","1","1","true","Music Disc","10","1","1","212","0.047170","minecraft:record_mellohi","0","",""
"roguelike","","loot_music","MUSIC","1","1","1","true","Music Disc","10","1","1","212","0.047170","minecraft:record_stal","0","",""
"roguelike","","loot_music","MUSIC","1","1","1","true","Music Disc","10","1","1","212","0.047170","minecraft:record_strad","0","",""
"roguelike","","loot_music","MUSIC","1","1","1","true","Music Disc","10","1","1","212","0.047170","minecraft:record_ward","0","",""
"roguelike","","loot_music","MUSIC","1","1","1","true","Music Disc","10","1","1","212","0.047170","minecraft:record_wait","0","",""
"roguelike","","loot_music","MUSIC","1","1","1","true","Music Disc","2","1","1","212","0.009434","BiomesOPlenty:record_corruption","0","",""
"roguelike","","loot_music","MUSIC","1","1","1","true","Music Disc","10","1","1","212","0.047170","BiomesOPlenty:record_wanderer","0","",""
"roguelike","","loot_music","MUSIC","1","1","1","true","Scathed Music Disc","10","1","1","212","0.047170","Botania:recordGaia1","0","",""
"roguelike","","loot_music","MUSIC","1","1","1","true","Scathed Music Disc","10","1","1","212","0.047170","Botania:recordGaia2","0","",""
"roguelike","","loot_music","MUSIC","1","1","1","true","Music Disc","10","1","1","212","0.047170","etfuturum:otherside_record","0","",""
"roguelike","","loot_music","MUSIC","1","1","1","true","Music Disc","5","1","1","212","0.023585","HardcoreEnderExpansion:music_disk","0","",""
"roguelike","","loot_music","MUSIC","1","1","1","true","Music Disc","5","1","1","212","0.023585","HardcoreEnderExpansion:music_disk","1","",""
"roguelike","","loot_music","MUSIC","1","1","1","true","Music Disc","5","1","1","212","0.023585","HardcoreEnderExpansion:music_disk","2","",""
"roguelike","","loot_music","MUSIC","1","1","1","true","Music Disc","5","1","1","212","0.023585","HardcoreEnderExpansion:music_disk","3","",""
"roguelike","","loot_music","MUSIC","1","1","1","true","Music Disc","5","1","1","212","0.023585","HardcoreEnderExpansion:music_disk","4","",""
"roguelike","","loot_music","MUSIC","1","1","1","true","Music Disc","5","1","1","212","0.023585","HardcoreEnderExpansion:music_disk","5","",""
"roguelike","","loot_music","MUSIC","1","1","1","true","Music Disc","5","1","1","212","0.023585","HardcoreEnderExpansion:music_disk","6","",""
"roguelike","","loot_music","MUSIC","1","1","1","true","Music Disc","5","1","1","212","0.023585","HardcoreEnderExpansion:music_disk","7","",""
"roguelike","","loot_music","MUSIC","1","1","1","true","Music Disc","5","1","1","212","0.023585","HardcoreEnderExpansion:music_disk","8","",""
"roguelike","","loot_music","MUSIC","1","1","1","true","Music Disc","5","1","1","212","0.023585","HardcoreEnderExpansion:music_disk","9","",""
"roguelike","","loot_music","MUSIC","2","1","1","true","Music Disc","10","1","1","212","0.047170","minecraft:record_11","0","",""
"roguelike","","loot_music","MUSIC","2","1","1","true","Music Disc","10","1","1","212","0.047170","minecraft:record_13","0","",""
"roguelike","","loot_music","MUSIC","2","1","1","true","Music Disc","10","1","1","212","0.047170","minecraft:record_cat","0","",""
"roguelike","","loot_music","MUSIC","2","1","1","true","Music Disc","10","1","1","212","0.047170","minecraft:record_blocks","0","",""
"roguelike","","loot_music","MUSIC","2","1","1","true","Music Disc","10","1","1","212","0.047170","minecraft:record_chirp","0","",""
"roguelike","","loot_music","MUSIC","2","1","1","true","Music Disc","10","1","1","212","0.047170","minecraft:record_far","0","",""
"roguelike","","loot_music","MUSIC","2","1","1","true","Music Disc","10","1","1","212","0.047170","minecraft:record_mall","0","",""
"roguelike","","loot_music","MUSIC","2","1","1","true","Music Disc","10","1","1","212","0.047170","minecraft:record_mellohi","0","",""
"roguelike","","loot_music","MUSIC","2","1","1","true","Music Disc","10","1","1","212","0.047170","minecraft:record_stal","0","",""
"roguelike","","loot_music","MUSIC","2","1","1","true","Music Disc","10","1","1","212","0.047170","minecraft:record_strad","0","",""
"roguelike","","loot_music","MUSIC","2","1","1","true","Music Disc","10","1","1","212","0.047170","minecraft:record_ward","0","",""
"roguelike","","loot_music","MUSIC","2","1","1","true","Music Disc","10","1","1","212","0.047170","minecraft:record_wait","0","",""
"roguelike","","loot_music","MUSIC","2","1","1","true","Music Disc","2","1","1","212","0.009434","BiomesOPlenty:record_corruption","0","",""
"roguelike","","loot_music","MUSIC","2","1","1","true","Music Disc","10","1","1","212","0.047170","BiomesOPlenty:record_wanderer","0","",""
"roguelike","","loot_music","MUSIC","2","1","1","true","Scathed Music Disc","10","1","1","212","0.047170","Botania:recordGaia1","0","",""
"roguelike","","loot_music","MUSIC","2","1","1","true","Scathed Music Disc","10","1","1","212","0.047170","Botania:recordGaia2","0","",""
"roguelike","","loot_music","MUSIC","2","1","1","true","Music Disc","10","1","1","212","0.047170","etfuturum:otherside_record","0","",""
"roguelike","","loot_music","MUSIC","2","1","1","true","Music Disc","5","1","1","212","0.023585","HardcoreEnderExpansion:music_disk","0","",""
"roguelike","","loot_music","MUSIC","2","1","1","true","Music Disc","5","1","1","212","0.023585","HardcoreEnderExpansion:music_disk","1","",""
"roguelike","","loot_music","MUSIC","2","1","1","true","Music Disc","5","1","1","212","0.023585","HardcoreEnderExpansion:music_disk","2","",""
"roguelike","","loot_music","MUSIC","2","1","1","true","Music Disc","5","1","1","212","0.023585","HardcoreEnderExpansion:music_disk","3","",""
"roguelike","","loot_music","MUSIC","2","1","1","true","Music Disc","5","1","1","212","0.023585","HardcoreEnderExpansion:music_disk","4","",""
"roguelike","","loot_music","MUSIC","2","1","1","true","Music Disc","5","1","1","212","0.023585","HardcoreEnderExpansion:music_disk","5","",""
"roguelike","","loot_music","MUSIC","2","1","1","true","Music Disc","5","1","1","212","0.023585","HardcoreEnderExpansion:music_disk","6","",""
"roguelike","","loot_music","MUSIC","2","1","1","true","Music Disc","5","1","1","212","0.023585","HardcoreEnderExpansion:music_disk","7","",""
"roguelike","","loot_music","MUSIC","2","1","1","true","Music Disc","5","1","1","212","0.023585","HardcoreEnderExpansion:music_disk","8","",""
"roguelike","","loot_music","MUSIC","2","1","1","true","Music Disc","5","1","1","212","0.023585","HardcoreEnderExpansion:music_disk","9","",""
"roguelike","","loot_music","MUSIC","3","1","1","true","Music Disc","10","1","1","212","0.047170","minecraft:record_11","0","",""
"roguelike","","loot_music","MUSIC","3","1","1","true","Music Disc","10","1","1","212","0.047170","minecraft:record_13","0","",""
"roguelike","","loot_music","MUSIC","3","1","1","true","Music Disc","10","1","1","212","0.047170","minecraft:record_cat","0","",""
"roguelike","","loot_music","MUSIC","3","1","1","true","Music Disc","10","1","1","212","0.047170","minecraft:record_blocks","0","",""
"roguelike","","loot_music","MUSIC","3","1","1","true","Music Disc","10","1","1","212","0.047170","minecraft:record_chirp","0","",""
"roguelike","","loot_music","MUSIC","3","1","1","true","Music Disc","10","1","1","212","0.047170","minecraft:record_far","0","",""
"roguelike","","loot_music","MUSIC","3","1","1","true","Music Disc","10","1","1","212","0.047170","minecraft:record_mall","0","",""
"roguelike","","loot_music","MUSIC","3","1","1","true","Music Disc","10","1","1","212","0.047170","minecraft:record_mellohi","0","",""
"roguelike","","loot_music","MUSIC","3","1","1","true","Music Disc","10","1","1","212","0.047170","minecraft:record_stal","0","",""
"roguelike","","loot_music","MUSIC","3","1","1","true","Music Disc","10","1","1","212","0.047170","minecraft:record_strad","0","",""
"roguelike","","loot_music","MUSIC","3","1","1","true","Music Disc","10","1","1","212","0.047170","minecraft:record_ward","0","",""
"roguelike","","loot_music","MUSIC","3","1","1","true","Music Disc","10","1","1","212","0.047170","minecraft:record_wait","0","",""
"roguelike","","loot_music","MUSIC","3","1","1","true","Music Disc","2","1","1","212","0.009434","BiomesOPlenty:record_corruption","0","",""
"roguelike","","loot_music","MUSIC","3","1","1","true","Music Disc","10","1","1","212","0.047170","BiomesOPlenty:record_wanderer","0","",""
"roguelike","","loot_music","MUSIC","3","1","1","true","Scathed Music Disc","10","1","1","212","0.047170","Botania:recordGaia1","0","",""
"roguelike","","loot_music","MUSIC","3","1","1","true","Scathed Music Disc","10","1","1","212","0.047170","Botania:recordGaia2","0","",""
"roguelike","","loot_music","MUSIC","3","1","1","true","Music Disc","10","1","1","212","0.047170","etfuturum:otherside_record","0","",""
"roguelike","","loot_music","MUSIC","3","1","1","true","Music Disc","5","1","1","212","0.023585","HardcoreEnderExpansion:music_disk","0","",""
"roguelike","","loot_music","MUSIC","3","1","1","true","Music Disc","5","1","1","212","0.023585","HardcoreEnderExpansion:music_disk","1","",""
"roguelike","","loot_music","MUSIC","3","1","1","true","Music Disc","5","1","1","212","0.023585","HardcoreEnderExpansion:music_disk","2","",""
"roguelike","","loot_music","MUSIC","3","1","1","true","Music Disc","5","1","1","212","0.023585","HardcoreEnderExpansion:music_disk","3","",""
"roguelike","","loot_music","MUSIC","3","1","1","true","Music Disc","5","1","1","212","0.023585","HardcoreEnderExpansion:music_disk","4","",""
"roguelike","","loot_music","MUSIC","3","1","1","true","Music Disc","5","1","1","212","0.023585","HardcoreEnderExpansion:music_disk","5","",""
"roguelike","","loot_music","MUSIC","3","1","1","true","Music Disc","5","1","1","212","0.023585","HardcoreEnderExpansion:music_disk","6","",""
"roguelike","","loot_music","MUSIC","3","1","1","true","Music Disc","5","1","1","212","0.023585","HardcoreEnderExpansion:music_disk","7","",""
"roguelike","","loot_music","MUSIC","3","1","1","true","Music Disc","5","1","1","212","0.023585","HardcoreEnderExpansion:music_disk","8","",""
"roguelike","","loot_music","MUSIC","3","1","1","true","Music Disc","5","1","1","212","0.023585","HardcoreEnderExpansion:music_disk","9","",""
"roguelike","","loot_music","MUSIC","4","1","1","true","Music Disc","10","1","1","212","0.047170","minecraft:record_11","0","",""
"roguelike","","loot_music","MUSIC","4","1","1","true","Music Disc","10","1","1","212","0.047170","minecraft:record_13","0","",""
"roguelike","","loot_music","MUSIC","4","1","1","true","Music Disc","10","1","1","212","0.047170","minecraft:record_cat","0","",""
"roguelike","","loot_music","MUSIC","4","1","1","true","Music Disc","10","1","1","212","0.047170","minecraft:record_blocks","0","",""
"roguelike","","loot_music","MUSIC","4","1","1","true","Music Disc","10","1","1","212","0.047170","minecraft:record_chirp","0","",""
"roguelike","","loot_music","MUSIC","4","1","1","true","Music Disc","10","1","1","212","0.047170","minecraft:record_far","0","",""
"roguelike","","loot_music","MUSIC","4","1","1","true","Music Disc","10","1","1","212","0.047170","minecraft:record_mall","0","",""
"roguelike","","loot_music","MUSIC","4","1","1","true","Music Disc","10","1","1","212","0.047170","minecraft:record_mellohi","0","",""
"roguelike","","loot_music","MUSIC","4","1","1","true","Music Disc","10","1","1","212","0.047170","minecraft:record_stal","0","",""
"roguelike","","loot_music","MUSIC","4","1","1","true","Music Disc","10","1","1","212","0.047170","minecraft:record_strad","0","",""
"roguelike","","loot_music","MUSIC","4","1","1","true","Music Disc","10","1","1","212","0.047170","minecraft:record_ward","0","",""
"roguelike","","loot_music","MUSIC","4","1","1","true","Music Disc","10","1","1","212","0.047170","minecraft:record_wait","0","",""
"roguelike","","loot_music","MUSIC","4","1","1","true","Music Disc","2","1","1","212","0.009434","BiomesOPlenty:record_corruption","0","",""
"roguelike","","loot_music","MUSIC","4","1","1","true","Music Disc","10","1","1","212","0.047170","BiomesOPlenty:record_wanderer","0","",""
"roguelike","","loot_music","MUSIC","4","1","1","true","Scathed Music Disc","10","1","1","212","0.047170","Botania:recordGaia1","0","",""
"roguelike","","loot_music","MUSIC","4","1","1","true","Scathed Music Disc","10","1","1","212","0.047170","Botania:recordGaia2","0","",""
"roguelike","","loot_music","MUSIC","4","1","1","true","Music Disc","10","1","1","212","0.047170","etfuturum:otherside_record","0","",""
"roguelike","","loot_music","MUSIC","4","1","1","true","Music Disc","5","1","1","212","0.023585","HardcoreEnderExpansion:music_disk","0","",""
"roguelike","","loot_music","MUSIC","4","1","1","true","Music Disc","5","1","1","212","0.023585","HardcoreEnderExpansion:music_disk","1","",""
"roguelike","","loot_music","MUSIC","4","1","1","true","Music Disc","5","1","1","212","0.023585","HardcoreEnderExpansion:music_disk","2","",""
"roguelike","","loot_music","MUSIC","4","1","1","true","Music Disc","5","1","1","212","0.023585","HardcoreEnderExpansion:music_disk","3","",""
"roguelike","","loot_music","MUSIC","4","1","1","true","Music Disc","5","1","1","212","0.023585","HardcoreEnderExpansion:music_disk","4","",""
"roguelike","","loot_music","MUSIC","4","1","1","true","Music Disc","5","1","1","212","0.023585","HardcoreEnderExpansion:music_disk","5","",""
"roguelike","","loot_music","MUSIC","4","1","1","true","Music Disc","5","1","1","212","0.023585","HardcoreEnderExpansion:music_disk","6","",""
"roguelike","","loot_music","MUSIC","4","1","1","true","Music Disc","5","1","1","212","0.023585","HardcoreEnderExpansion:music_disk","7","",""
"roguelike","","loot_music","MUSIC","4","1","1","true","Music Disc","5","1","1","212","0.023585","HardcoreEnderExpansion:music_disk","8","",""
"roguelike","","loot_music","MUSIC","4","1","1","true","Music Disc","5","1","1","212","0.023585","HardcoreEnderExpansion:music_disk","9","",""
"roguelike","","loot_music","MUSIC","4","1","1","true","Music Disc","30","1","1","30","1.000000","etfuturum:pigstep_record","0","",""
"roguelike","","loot_ore","ORE","0","8","8","true","Emerald","10","1","3","155","0.064516","minecraft:emerald","0","",""
"roguelike","","loot_ore","ORE","0","8","8","true","Diamond","10","1","3","155","0.064516","minecraft:diamond","0","",""
"roguelike","","loot_ore","ORE","0","8","8","true","Steel Ingot","10","3","4","155","0.064516","gregtech:gt.metaitem.01","11305","",""
"roguelike","","loot_ore","ORE","0","8","8","true","Cast Iron Ingot","15","4","10","155","0.096774","gregtech:gt.metaitem.01","11304","",""
"roguelike","","loot_ore","ORE","0","8","8","true","Zinc Ingot","15","4","10","155","0.096774","gregtech:gt.metaitem.01","11036","",""
"roguelike","","loot_ore","ORE","0","8","8","true","Gold Ingot","15","5","8","155","0.096774","minecraft:gold_ingot","0","",""
"roguelike","","loot_ore","ORE","0","8","8","true","Copper Ingot","30","5","15","155","0.193548","gregtech:gt.metaitem.01","11035","",""
"roguelike","","loot_ore","ORE","0","8","8","true","Iron Ingot","30","5","15","155","0.193548","minecraft:iron_ingot","0","",""
"roguelike","","loot_ore","ORE","0","8","8","true","Coal","20","5","15","155","0.129032","minecraft:coal","0","",""
"roguelike","","loot_ore","WEAPONS","0","4","4","true","Emerald","10","1","3","155","0.064516","minecraft:emerald","0","",""
"roguelike","","loot_ore","WEAPONS","0","4","4","true","Diamond","10","1","3","155","0.064516","minecraft:diamond","0","",""
"roguelike","","loot_ore","WEAPONS","0","4","4","true","Steel Ingot","10","3","4","155","0.064516","gregtech:gt.metaitem.01","11305","",""
"roguelike","","loot_ore","WEAPONS","0","4","4","true","Cast Iron Ingot","15","4","10","155","0.096774","gregtech:gt.metaitem.01","11304","",""
"roguelike","","loot_ore","WEAPONS","0","4","4","true","Zinc Ingot","15","4","10","155","0.096774","gregtech:gt.metaitem.01","11036","",""
"roguelike","","loot_ore","WEAPONS","0","4","4","true","Gold Ingot","15","5","8","155","0.096774","minecraft:gold_ingot","0","",""
"roguelike","","loot_ore","WEAPONS","0","4","4","true","Copper Ingot","30","5","15","155","0.193548","gregtech:gt.metaitem.01","11035","",""
"roguelike","","loot_ore","WEAPONS","0","4","4","true","Iron Ingot","30","5","15","155","0.193548","minecraft:iron_ingot","0","",""
"roguelike","","loot_ore","WEAPONS","0","4","4","true","Coal","20","5","15","155","0.129032","minecraft:coal","0","",""
"roguelike","","loot_ore","ORE","1","9","9","true","Damascus Steel Ingot","10","3","5","155","0.064516","gregtech:gt.metaitem.01","11335","",""
"roguelike","","loot_ore","ORE","1","9","9","true","Vanadiumsteel Ingot","10","3","5","155","0.064516","gregtech:gt.metaitem.01","11371","",""
"roguelike","","loot_ore","ORE","1","9","9","true","Silver Ingot","15","4","10","155","0.096774","gregtech:gt.metaitem.01","11054","",""
"roguelike","","loot_ore","ORE","1","9","9","true","Bronze Ingot","15","4","10","155","0.096774","gregtech:gt.metaitem.01","11300","",""
"roguelike","","loot_ore","ORE","1","9","9","true","Steel Ingot","15","2","4","155","0.096774","gregtech:gt.metaitem.01","11305","",""
"roguelike","","loot_ore","ORE","1","9","9","true","Tin Ingot","30","5","15","155","0.193548","gregtech:gt.metaitem.01","11057","",""
"roguelike","","loot_ore","ORE","1","9","9","true","Cast Iron Ingot","30","3","8","155","0.193548","gregtech:gt.metaitem.01","11304","",""
"roguelike","","loot_ore","ORE","1","9","9","true","Iron Ingot","30","5","15","155","0.193548","minecraft:iron_ingot","0","",""
"roguelike","","loot_ore","WEAPONS","1","4","4","true","Damascus Steel Ingot","10","3","5","155","0.064516","gregtech:gt.metaitem.01","11335","",""
"roguelike","","loot_ore","WEAPONS","1","4","4","true","Vanadiumsteel Ingot","10","3","5","155","0.064516","gregtech:gt.metaitem.01","11371","",""
"roguelike","","loot_ore","WEAPONS","1","4","4","true","Silver Ingot","15","4","10","155","0.096774","gregtech:gt.metaitem.01","11054","",""
"roguelike","","loot_ore","WEAPONS","1","4","4","true","Bronze Ingot","15","4","10","155","0.096774","gregtech:gt.metaitem.01","11300","",""
"roguelike","","loot_ore","WEAPONS","1","4","4","true","Steel Ingot","15","2","4","155","0.096774","gregtech:gt.metaitem.01","11305","",""
"roguelike","","loot_ore","WEAPONS","1","4","4","true","Tin Ingot","30","5","15","155","0.193548","gregtech:gt.metaitem.01","11057","",""
"roguelike","","loot_ore","WEAPONS","1","4","4","true","Cast Iron Ingot","30","3","8","155","0.193548","gregtech:gt.metaitem.01","11304","",""
"roguelike","","loot_ore","WEAPONS","1","4","4","true","Iron Ingot","30","5","15","155","0.193548","minecraft:iron_ingot","0","",""
"roguelike","","loot_ore","ORE","2","9","9","true","Exquisite Emerald","5","1","2","115","0.043478","gregtech:gt.metaitem.02","30501","",""
"roguelike","","loot_ore","ORE","2","9","9","true","Exquisite Diamond","5","1","2","115","0.043478","gregtech:gt.metaitem.02","30500","",""
"roguelike","","loot_ore","ORE","2","9","9","true","Ruby","15","2","3","115","0.130435","gregtech:gt.metaitem.01","8502","",""
"roguelike","","loot_ore","ORE","2","9","9","true","Emerald","15","2","3","115","0.130435","minecraft:emerald","0","",""
"roguelike","","loot_ore","ORE","2","9","9","true","Diamond","15","2","3","115","0.130435","minecraft:diamond","0","",""
"roguelike","","loot_ore","ORE","2","9","9","true","Silver Ingot","30","3","9","115","0.260870","gregtech:gt.metaitem.01","11054","",""
"roguelike","","loot_ore","ORE","2","9","9","true","Gold Ingot","30","3","9","115","0.260870","minecraft:gold_ingot","0","",""
"roguelike","","loot_ore","WEAPONS","2","3","3","true","Exquisite Emerald","5","1","2","115","0.043478","gregtech:gt.metaitem.02","30501","",""
"roguelike","","loot_ore","WEAPONS","2","3","3","true","Exquisite Diamond","5","1","2","115","0.043478","gregtech:gt.metaitem.02","30500","",""
"roguelike","","loot_ore","WEAPONS","2","3","3","true","Ruby","15","2","3","115","0.130435","gregtech:gt.metaitem.01","8502","",""
"roguelike","","loot_ore","WEAPONS","2","3","3","true","Emerald","15","2","3","115","0.130435","minecraft:emerald","0","",""
"roguelike","","loot_ore","WEAPONS","2","3","3","true","Diamond","15","2","3","115","0.130435","minecraft:diamond","0","",""
"roguelike","","loot_ore","WEAPONS","2","3","3","true","Silver Ingot","30","3","9","115","0.260870","gregtech:gt.metaitem.01","11054","",""
"roguelike","","loot_ore","WEAPONS","2","3","3","true","Gold Ingot","30","3","9","115","0.260870","minecraft:gold_ingot","0","",""
"roguelike","","loot_ore","ORE","3","10","10","true","Tumbaga Ingot","10","6","18","120","0.083333","miscutils:itemIngotTumbaga","0","",""
"roguelike","","loot_ore","ORE","3","10","10","true","Cobalt Ingot","10","3","5","120","0.083333","gregtech:gt.metaitem.01","11033","",""
"roguelike","","loot_ore","ORE","3","10","10","true","Rubber Bar","10","3","5","120","0.083333","gregtech:gt.metaitem.01","11880","",""
"roguelike","","loot_ore","ORE","3","10","10","true","Lapis Lazuli","15","4","10","120","0.125000","minecraft:dye","4","",""
"roguelike","","loot_ore","ORE","3","10","10","true","Red Alloy Ingot","15","4","6","120","0.125000","gregtech:gt.metaitem.01","11308","",""
"roguelike","","loot_ore","ORE","3","10","10","true","Bronze Ingot","30","5","15","120","0.250000","gregtech:gt.metaitem.01","11300","",""
"roguelike","","loot_ore","ORE","3","10","10","true","Redstone","30","3","24","120","0.250000","minecraft:redstone","0","",""
"roguelike","","loot_ore","WEAPONS","3","4","4","true","Tumbaga Ingot","10","6","18","120","0.083333","miscutils:itemIngotTumbaga","0","",""
"roguelike","","loot_ore","WEAPONS","3","4","4","true","Cobalt Ingot","10","3","5","120","0.083333","gregtech:gt.metaitem.01","11033","",""
"roguelike","","loot_ore","WEAPONS","3","4","4","true","Rubber Bar","10","3","5","120","0.083333","gregtech:gt.metaitem.01","11880","",""
"roguelike","","loot_ore","WEAPONS","3","4","4","true","Lapis Lazuli","15","4","10","120","0.125000","minecraft:dye","4","",""
"roguelike","","loot_ore","WEAPONS","3","4","4","true","Red Alloy Ingot","15","4","6","120","0.125000","gregtech:gt.metaitem.01","11308","",""
"roguelike","","loot_ore","WEAPONS","3","4","4","true","Bronze Ingot","30","5","15","120","0.250000","gregtech:gt.metaitem.01","11300","",""
"roguelike","","loot_ore","WEAPONS","3","4","4","true","Redstone","30","3","24","120","0.250000","minecraft:redstone","0","",""
"roguelike","","loot_ore","ORE","4","8","8","true","Firestone Dust","9","1","2","120","0.075000","gregtech:gt.metaitem.01","2347","",""
"roguelike","","loot_ore","ORE","4","8","8","true","Ancient Debris","6","1","2","120","0.050000","etfuturum:ancient_debris","0","",""
"roguelike","","loot_ore","ORE","4","8","8","true","Damascus Steel Ingot","15","2","4","120","0.125000","gregtech:gt.metaitem.01","11335","",""
"roguelike","","loot_ore","ORE","4","8","8","true","Vanadiumsteel Ingot","15","2","4","120","0.125000","gregtech:gt.metaitem.01","11371","",""
"roguelike","","loot_ore","ORE","4","8","8","true","Steel Ingot","15","2","4","120","0.125000","gregtech:gt.metaitem.01","11305","",""
"roguelike","","loot_ore","ORE","4","8","8","true","Lead Ingot","15","2","4","120","0.125000","gregtech:gt.metaitem.01","11089","",""
"roguelike","","loot_ore","ORE","4","8","8","true","Sulfur Dust","15","2","4","120","0.125000","gregtech:gt.metaitem.01","2022","",""
"roguelike","","loot_ore","ORE","4","8","8","true","Bronze Ingot","30","5","15","120","0.250000","gregtech:gt.metaitem.01","11300","",""
"roguelike","","loot_ore","WEAPONS","4","3","3","true","Firestone Dust","9","1","2","120","0.075000","gregtech:gt.metaitem.01","2347","",""
"roguelike","","loot_ore","WEAPONS","4","3","3","true","Ancient Debris","6","1","2","120","0.050000","etfuturum:ancient_debris","0","",""
"roguelike","","loot_ore","WEAPONS","4","3","3","true","Damascus Steel Ingot","15","2","4","120","0.125000","gregtech:gt.metaitem.01","11335","",""
"roguelike","","loot_ore","WEAPONS","4","3","3","true","Vanadiumsteel Ingot","15","2","4","120","0.125000","gregtech:gt.metaitem.01","11371","",""
"roguelike","","loot_ore","WEAPONS","4","3","3","true","Steel Ingot","15","2","4","120","0.125000","gregtech:gt.metaitem.01","11305","",""
"roguelike","","loot_ore","WEAPONS","4","3","3","true","Lead Ingot","15","2","4","120","0.125000","gregtech:gt.metaitem.01","11089","",""
"roguelike","","loot_ore","WEAPONS","4","3","3","true","Sulfur Dust","15","2","4","120","0.125000","gregtech:gt.metaitem.01","2022","",""
"roguelike","","loot_ore","WEAPONS","4","3","3","true","Bronze Ingot","30","5","15","120","0.250000","gregtech:gt.metaitem.01","11300","",""
"roguelike","","loot_potions","POTIONS","0","2","2","true","Splash Potion of Regeneration","1","1","1","4","0.250000","minecraft:potion","16417","",""
"roguelike","","loot_potions","POTIONS","0","2","2","true","Potion of Regeneration","1","1","1","4","0.250000","minecraft:potion","8225","",""
"roguelike","","loot_potions","POTIONS","0","2","2","true","Potion of Healing","1","1","1","4","0.250000","minecraft:potion","8197","",""
"roguelike","","loot_potions","POTIONS","0","2","2","true","Potion of Healing","1","1","1","4","0.250000","minecraft:potion","8229","",""
"roguelike","","loot_potions","POTIONS","1","2","2","true","Splash Potion of Regeneration","1","1","1","4","0.250000","minecraft:potion","16417","",""
"roguelike","","loot_potions","POTIONS","1","2","2","true","Potion of Regeneration","1","1","1","4","0.250000","minecraft:potion","8225","",""
"roguelike","","loot_potions","POTIONS","1","2","2","true","Potion of Healing","1","1","1","4","0.250000","minecraft:potion","8197","",""
"roguelike","","loot_potions","POTIONS","1","2","2","true","Potion of Healing","1","1","1","4","0.250000","minecraft:potion","8229","",""
"roguelike","","loot_potions","POTIONS","2","2","2","true","Splash Potion of Regeneration","1","1","1","4","0.250000","minecraft:potion","16417","",""
"roguelike","","loot_potions","POTIONS","2","2","2","true","Potion of Regeneration","1","1","1","4","0.250000","minecraft:potion","8225","",""
"roguelike","","loot_potions","POTIONS","2","2","2","true","Potion of Healing","1","1","1","4","0.250000","minecraft:potion","8197","",""
"roguelike","","loot_potions","POTIONS","2","2","2","true","Potion of Healing","1","1","1","4","0.250000","minecraft:potion","8229","",""
"roguelike","","loot_potions","POTIONS","3","2","2","true","Splash Potion of Regeneration","1","1","1","4","0.250000","minecraft:potion","16417","",""
"roguelike","","loot_potions","POTIONS","3","2","2","true","Potion of Regeneration","1","1","1","4","0.250000","minecraft:potion","8225","",""
"roguelike","","loot_potions","POTIONS","3","2","2","true","Potion of Healing","1","1","1","4","0.250000","minecraft:potion","8197","",""
"roguelike","","loot_potions","POTIONS","3","2","2","true","Potion of Healing","1","1","1","4","0.250000","minecraft:potion","8229","",""
"roguelike","","loot_potions","POTIONS","4","2","2","true","Splash Potion of Regeneration","1","1","1","4","0.250000","minecraft:potion","16417","",""
"roguelike","","loot_potions","POTIONS","4","2","2","true","Potion of Regeneration","1","1","1","4","0.250000","minecraft:potion","8225","",""
"roguelike","","loot_potions","POTIONS","4","2","2","true","Potion of Healing","1","1","1","4","0.250000","minecraft:potion","8197","",""
"roguelike","","loot_potions","POTIONS","4","2","2","true","Potion of Healing","1","1","1","4","0.250000","minecraft:potion","8229","",""
"roguelike","","loot_potions","ARMOUR","0","1","1","true","Splash Potion of Regeneration","1","1","1","4","0.250000","minecraft:potion","16417","",""
"roguelike","","loot_potions","ARMOUR","0","1","1","true","Potion of Regeneration","1","1","1","4","0.250000","minecraft:potion","8225","",""
"roguelike","","loot_potions","ARMOUR","0","1","1","true","Potion of Healing","1","1","1","4","0.250000","minecraft:potion","8197","",""
"roguelike","","loot_potions","ARMOUR","0","1","1","true","Potion of Healing","1","1","1","4","0.250000","minecraft:potion","8229","",""
"roguelike","","loot_potions","ARMOUR","1","1","1","true","Splash Potion of Regeneration","1","1","1","4","0.250000","minecraft:potion","16417","",""
"roguelike","","loot_potions","ARMOUR","1","1","1","true","Potion of Regeneration","1","1","1","4","0.250000","minecraft:potion","8225","",""
"roguelike","","loot_potions","ARMOUR","1","1","1","true","Potion of Healing","1","1","1","4","0.250000","minecraft:potion","8197","",""
"roguelike","","loot_potions","ARMOUR","1","1","1","true","Potion of Healing","1","1","1","4","0.250000","minecraft:potion","8229","",""
"roguelike","","loot_potions","ARMOUR","2","1","1","true","Splash Potion of Regeneration","1","1","1","4","0.250000","minecraft:potion","16417","",""
"roguelike","","loot_potions","ARMOUR","2","1","1","true","Potion of Regeneration","1","1","1","4","0.250000","minecraft:potion","8225","",""
"roguelike","","loot_potions","ARMOUR","2","1","1","true","Potion of Healing","1","1","1","4","0.250000","minecraft:potion","8197","",""
"roguelike","","loot_potions","ARMOUR","2","1","1","true","Potion of Healing","1","1","1","4","0.250000","minecraft:potion","8229","",""
"roguelike","","loot_potions","ARMOUR","3","1","1","true","Splash Potion of Regeneration","1","1","1","4","0.250000","minecraft:potion","16417","",""
"roguelike","","loot_potions","ARMOUR","3","1","1","true","Potion of Regeneration","1","1","1","4","0.250000","minecraft:potion","8225","",""
"roguelike","","loot_potions","ARMOUR","3","1","1","true","Potion of Healing","1","1","1","4","0.250000","minecraft:potion","8197","",""
"roguelike","","loot_potions","ARMOUR","3","1","1","true","Potion of Healing","1","1","1","4","0.250000","minecraft:potion","8229","",""
"roguelike","","loot_potions","ARMOUR","4","1","1","true","Splash Potion of Regeneration","1","1","1","4","0.250000","minecraft:potion","16417","",""
"roguelike","","loot_potions","ARMOUR","4","1","1","true","Potion of Regeneration","1","1","1","4","0.250000","minecraft:potion","8225","",""
"roguelike","","loot_potions","ARMOUR","4","1","1","true","Potion of Healing","1","1","1","4","0.250000","minecraft:potion","8197","",""
"roguelike","","loot_potions","ARMOUR","4","1","1","true","Potion of Healing","1","1","1","4","0.250000","minecraft:potion","8229","",""
"roguelike","","loot_potions","POTIONS","0","4","4","true","Splash Potion of Slowness","1","1","1","7","0.142857","minecraft:potion","16458","",""
"roguelike","","loot_potions","POTIONS","0","4","4","true","Potion of Regeneration","1","1","1","7","0.142857","minecraft:potion","8225","",""
"roguelike","","loot_potions","POTIONS","0","4","4","true","Potion of Swiftness","1","1","1","7","0.142857","minecraft:potion","8194","",""
"roguelike","","loot_potions","POTIONS","0","4","4","true","Potion of Swiftness","1","1","1","7","0.142857","minecraft:potion","8226","",""
"roguelike","","loot_potions","POTIONS","0","4","4","true","Potion of Swiftness","1","1","1","7","0.142857","minecraft:potion","8194","",""
"roguelike","","loot_potions","POTIONS","0","4","4","true","Potion of Invisibility","1","1","1","7","0.142857","minecraft:potion","8238","",""
"roguelike","","loot_potions","POTIONS","0","4","4","true","Potion of Strength","1","1","1","7","0.142857","minecraft:potion","8265","",""
"roguelike","","loot_potions","ARMOUR","0","2","2","true","Splash Potion of Slowness","1","1","1","7","0.142857","minecraft:potion","16458","",""
"roguelike","","loot_potions","ARMOUR","0","2","2","true","Potion of Regeneration","1","1","1","7","0.142857","minecraft:potion","8225","",""
"roguelike","","loot_potions","ARMOUR","0","2","2","true","Potion of Swiftness","1","1","1","7","0.142857","minecraft:potion","8194","",""
"roguelike","","loot_potions","ARMOUR","0","2","2","true","Potion of Swiftness","1","1","1","7","0.142857","minecraft:potion","8226","",""
"roguelike","","loot_potions","ARMOUR","0","2","2","true","Potion of Swiftness","1","1","1","7","0.142857","minecraft:potion","8194","",""
"roguelike","","loot_potions","ARMOUR","0","2","2","true","Potion of Invisibility","1","1","1","7","0.142857","minecraft:potion","8238","",""
"roguelike","","loot_potions","ARMOUR","0","2","2","true","Potion of Strength","1","1","1","7","0.142857","minecraft:potion","8265","",""
"roguelike","","loot_potions","POTIONS","1","4","4","true","Potion of Regeneration","1","1","1","16","0.062500","minecraft:potion","8225","",""
"roguelike","","loot_potions","POTIONS","1","4","4","true","Potion of Swiftness","1","1","1","16","0.062500","minecraft:potion","8194","",""
"roguelike","","loot_potions","POTIONS","1","4","4","true","Potion of Swiftness","1","1","1","16","0.062500","minecraft:potion","8226","",""
"roguelike","","loot_potions","POTIONS","1","4","4","true","Potion of Swiftness","1","1","1","16","0.062500","minecraft:potion","8194","",""
"roguelike","","loot_potions","POTIONS","1","4","4","true","Potion of Invisibility","1","1","1","16","0.062500","minecraft:potion","8238","",""
"roguelike","","loot_potions","POTIONS","1","4","4","true","Splash Potion of Night Vision","2","1","1","16","0.125000","minecraft:potion","16422","",""
"roguelike","","loot_potions","POTIONS","1","4","4","true","Splash Potion of Night Vision","2","1","1","16","0.125000","minecraft:potion","16454","",""
"roguelike","","loot_potions","POTIONS","1","4","4","true","Potion of Weakness","2","1","1","16","0.125000","minecraft:potion","8264","",""
"roguelike","","loot_potions","POTIONS","1","4","4","true","Splash Potion of Harming","2","1","1","16","0.125000","minecraft:potion","16428","",""
"roguelike","","loot_potions","POTIONS","1","4","4","true","Splash Potion of Harming","2","1","1","16","0.125000","minecraft:potion","16460","",""
"roguelike","","loot_potions","POTIONS","1","4","4","true","Potion of Strength","1","1","1","16","0.062500","minecraft:potion","8265","",""
"roguelike","","loot_potions","ARMOUR","1","2","2","true","Potion of Regeneration","1","1","1","16","0.062500","minecraft:potion","8225","",""
"roguelike","","loot_potions","ARMOUR","1","2","2","true","Potion of Swiftness","1","1","1","16","0.062500","minecraft:potion","8194","",""
"roguelike","","loot_potions","ARMOUR","1","2","2","true","Potion of Swiftness","1","1","1","16","0.062500","minecraft:potion","8226","",""
"roguelike","","loot_potions","ARMOUR","1","2","2","true","Potion of Swiftness","1","1","1","16","0.062500","minecraft:potion","8194","",""
"roguelike","","loot_potions","ARMOUR","1","2","2","true","Potion of Invisibility","1","1","1","16","0.062500","minecraft:potion","8238","",""
"roguelike","","loot_potions","ARMOUR","1","2","2","true","Splash Potion of Night Vision","2","1","1","16","0.125000","minecraft:potion","16422","",""
"roguelike","","loot_potions","ARMOUR","1","2","2","true","Splash Potion of Night Vision","2","1","1","16","0.125000","minecraft:potion","16454","",""
"roguelike","","loot_potions","ARMOUR","1","2","2","true","Potion of Weakness","2","1","1","16","0.125000","minecraft:potion","8264","",""
"roguelike","","loot_potions","ARMOUR","1","2","2","true","Splash Potion of Harming","2","1","1","16","0.125000","minecraft:potion","16428","",""
"roguelike","","loot_potions","ARMOUR","1","2","2","true","Splash Potion of Harming","2","1","1","16","0.125000","minecraft:potion","16460","",""
"roguelike","","loot_potions","ARMOUR","1","2","2","true","Potion of Strength","1","1","1","16","0.062500","minecraft:potion","8265","",""
"roguelike","","loot_potions","POTIONS","2","4","4","true","Potion of Regeneration","1","1","1","31","0.032258","minecraft:potion","8225","",""
"roguelike","","loot_potions","POTIONS","2","4","4","true","Potion of Swiftness","1","1","1","31","0.032258","minecraft:potion","8194","",""
"roguelike","","loot_potions","POTIONS","2","4","4","true","Potion of Swiftness","1","1","1","31","0.032258","minecraft:potion","8226","",""
"roguelike","","loot_potions","POTIONS","2","4","4","true","Potion of Swiftness","1","1","1","31","0.032258","minecraft:potion","8194","",""
"roguelike","","loot_potions","POTIONS","2","4","4","true","Potion of Invisibility","1","1","1","31","0.032258","minecraft:potion","8238","",""
"roguelike","","loot_potions","POTIONS","2","4","4","true","Splash Potion of Night Vision","2","1","1","31","0.064516","minecraft:potion","16422","",""
"roguelike","","loot_potions","POTIONS","2","4","4","true","Splash Potion of Night Vision","2","1","1","31","0.064516","minecraft:potion","16454","",""
"roguelike","","loot_potions","POTIONS","2","4","4","true","Potion of Weakness","2","1","1","31","0.064516","minecraft:potion","8264","",""
"roguelike","","loot_potions","POTIONS","2","4","4","true","Splash Potion of Harming","2","1","1","31","0.064516","minecraft:potion","16428","",""
"roguelike","","loot_potions","POTIONS","2","4","4","true","Splash Potion of Harming","2","1","1","31","0.064516","minecraft:potion","16460","",""
"roguelike","","loot_potions","POTIONS","2","4","4","true","Lingering Potion of Healing","3","1","1","31","0.096774","etfuturum:lingering_potion","8229","",""
"roguelike","","loot_potions","POTIONS","2","4","4","true","Lingering Potion of Harming","3","1","1","31","0.096774","etfuturum:lingering_potion","8236","",""
"roguelike","","loot_potions","POTIONS","2","4","4","true","Lingering Potion of Weakness","3","1","1","31","0.096774","etfuturum:lingering_potion","8264","",""
"roguelike","","loot_potions","POTIONS","2","4","4","true","Lingering Potion of Slowness","3","1","1","31","0.096774","etfuturum:lingering_potion","8266","",""
"roguelike","","loot_potions","POTIONS","2","4","4","true","Lingering Potion of Harming","3","1","1","31","0.096774","etfuturum:lingering_potion","8268","",""
"roguelike","","loot_potions","POTIONS","2","4","4","true","Potion of Strength","1","1","1","31","0.032258","minecraft:potion","8265","",""
"roguelike","","loot_potions","ARMOUR","2","2","2","true","Potion of Regeneration","1","1","1","31","0.032258","minecraft:potion","8225","",""
"roguelike","","loot_potions","ARMOUR","2","2","2","true","Potion of Swiftness","1","1","1","31","0.032258","minecraft:potion","8194","",""
"roguelike","","loot_potions","ARMOUR","2","2","2","true","Potion of Swiftness","1","1","1","31","0.032258","minecraft:potion","8226","",""
"roguelike","","loot_potions","ARMOUR","2","2","2","true","Potion of Swiftness","1","1","1","31","0.032258","minecraft:potion","8194","",""
"roguelike","","loot_potions","ARMOUR","2","2","2","true","Potion of Invisibility","1","1","1","31","0.032258","minecraft:potion","8238","",""
"roguelike","","loot_potions","ARMOUR","2","2","2","true","Splash Potion of Night Vision","2","1","1","31","0.064516","minecraft:potion","16422","",""
"roguelike","","loot_potions","ARMOUR","2","2","2","true","Splash Potion of Night Vision","2","1","1","31","0.064516","minecraft:potion","16454","",""
"roguelike","","loot_potions","ARMOUR","2","2","2","true","Potion of Weakness","2","1","1","31","0.064516","minecraft:potion","8264","",""
"roguelike","","loot_potions","ARMOUR","2","2","2","true","Splash Potion of Harming","2","1","1","31","0.064516","minecraft:potion","16428","",""
"roguelike","","loot_potions","ARMOUR","2","2","2","true","Splash Potion of Harming","2","1","1","31","0.064516","minecraft:potion","16460","",""
"roguelike","","loot_potions","ARMOUR","2","2","2","true","Lingering Potion of Healing","3","1","1","31","0.096774","etfuturum:lingering_potion","8229","",""
"roguelike","","loot_potions","ARMOUR","2","2","2","true","Lingering Potion of Harming","3","1","1","31","0.096774","etfuturum:lingering_potion","8236","",""
"roguelike","","loot_potions","ARMOUR","2","2","2","true","Lingering Potion of Weakness","3","1","1","31","0.096774","etfuturum:lingering_potion","8264","",""
"roguelike","","loot_potions","ARMOUR","2","2","2","true","Lingering Potion of Slowness","3","1","1","31","0.096774","etfuturum:lingering_potion","8266","",""
"roguelike","","loot_potions","ARMOUR","2","2","2","true","Lingering Potion of Harming","3","1","1","31","0.096774","etfuturum:lingering_potion","8268","",""
"roguelike","","loot_potions","ARMOUR","2","2","2","true","Potion of Strength","1","1","1","31","0.032258","minecraft:potion","8265","",""
"roguelike","","loot_potions","POTIONS","3","4","4","true","Potion of Regeneration","1","1","1","51","0.019608","minecraft:potion","8225","",""
"roguelike","","loot_potions","POTIONS","3","4","4","true","Potion of Swiftness","1","1","1","51","0.019608","minecraft:potion","8194","",""
"roguelike","","loot_potions","POTIONS","3","4","4","true","Potion of Swiftness","1","1","1","51","0.019608","minecraft:potion","8226","",""
"roguelike","","loot_potions","POTIONS","3","4","4","true","Potion of Swiftness","1","1","1","51","0.019608","minecraft:potion","8194","",""
"roguelike","","loot_potions","POTIONS","3","4","4","true","Potion of Invisibility","1","1","1","51","0.019608","minecraft:potion","8238","",""
"roguelike","","loot_potions","POTIONS","3","4","4","true","Splash Potion of Night Vision","2","1","1","51","0.039216","minecraft:potion","16422","",""
"roguelike","","loot_potions","POTIONS","3","4","4","true","Splash Potion of Night Vision","2","1","1","51","0.039216","minecraft:potion","16454","",""
"roguelike","","loot_potions","POTIONS","3","4","4","true","Potion of Weakness","2","1","1","51","0.039216","minecraft:potion","8264","",""
"roguelike","","loot_potions","POTIONS","3","4","4","true","Splash Potion of Harming","2","1","1","51","0.039216","minecraft:potion","16428","",""
"roguelike","","loot_potions","POTIONS","3","4","4","true","Splash Potion of Harming","2","1","1","51","0.039216","minecraft:potion","16460","",""
"roguelike","","loot_potions","POTIONS","3","4","4","true","Lingering Potion of Healing","3","1","1","51","0.058824","etfuturum:lingering_potion","8229","",""
"roguelike","","loot_potions","POTIONS","3","4","4","true","Lingering Potion of Harming","3","1","1","51","0.058824","etfuturum:lingering_potion","8236","",""
"roguelike","","loot_potions","POTIONS","3","4","4","true","Lingering Potion of Weakness","3","1","1","51","0.058824","etfuturum:lingering_potion","8264","",""
"roguelike","","loot_potions","POTIONS","3","4","4","true","Lingering Potion of Slowness","3","1","1","51","0.058824","etfuturum:lingering_potion","8266","",""
"roguelike","","loot_potions","POTIONS","3","4","4","true","Lingering Potion of Harming","3","1","1","51","0.058824","etfuturum:lingering_potion","8268","",""
"roguelike","","loot_potions","POTIONS","3","4","4","true","Flask of Poison","4","1","1","51","0.078431","RandomThings:imbue","0","",""
"roguelike","","loot_potions","POTIONS","3","4","4","true","Flask of Experience","4","1","1","51","0.078431","RandomThings:imbue","1","",""
"roguelike","","loot_potions","POTIONS","3","4","4","true","Flask of Fire","4","1","1","51","0.078431","RandomThings:imbue","2","",""
"roguelike","","loot_potions","POTIONS","3","4","4","true","Flask of Weakness","4","1","1","51","0.078431","RandomThings:imbue","4","",""
"roguelike","","loot_potions","POTIONS","3","4","4","true","Flask of Spectre","4","1","1","51","0.078431","RandomThings:imbue","5","",""
"roguelike","","loot_potions","POTIONS","3","4","4","true","Potion of Strength","1","1","1","51","0.019608","minecraft:potion","8265","",""
"roguelike","","loot_potions","ARMOUR","3","2","2","true","Potion of Regeneration","1","1","1","51","0.019608","minecraft:potion","8225","",""
"roguelike","","loot_potions","ARMOUR","3","2","2","true","Potion of Swiftness","1","1","1","51","0.019608","minecraft:potion","8194","",""
"roguelike","","loot_potions","ARMOUR","3","2","2","true","Potion of Swiftness","1","1","1","51","0.019608","minecraft:potion","8226","",""
"roguelike","","loot_potions","ARMOUR","3","2","2","true","Potion of Swiftness","1","1","1","51","0.019608","minecraft:potion","8194","",""
"roguelike","","loot_potions","ARMOUR","3","2","2","true","Potion of Invisibility","1","1","1","51","0.019608","minecraft:potion","8238","",""
"roguelike","","loot_potions","ARMOUR","3","2","2","true","Splash Potion of Night Vision","2","1","1","51","0.039216","minecraft:potion","16422","",""
"roguelike","","loot_potions","ARMOUR","3","2","2","true","Splash Potion of Night Vision","2","1","1","51","0.039216","minecraft:potion","16454","",""
"roguelike","","loot_potions","ARMOUR","3","2","2","true","Potion of Weakness","2","1","1","51","0.039216","minecraft:potion","8264","",""
"roguelike","","loot_potions","ARMOUR","3","2","2","true","Splash Potion of Harming","2","1","1","51","0.039216","minecraft:potion","16428","",""
"roguelike","","loot_potions","ARMOUR","3","2","2","true","Splash Potion of Harming","2","1","1","51","0.039216","minecraft:potion","16460","",""
"roguelike","","loot_potions","ARMOUR","3","2","2","true","Lingering Potion of Healing","3","1","1","51","0.058824","etfuturum:lingering_potion","8229","",""
"roguelike","","loot_potions","ARMOUR","3","2","2","true","Lingering Potion of Harming","3","1","1","51","0.058824","etfuturum:lingering_potion","8236","",""
"roguelike","","loot_potions","ARMOUR","3","2","2","true","Lingering Potion of Weakness","3","1","1","51","0.058824","etfuturum:lingering_potion","8264","",""
"roguelike","","loot_potions","ARMOUR","3","2","2","true","Lingering Potion of Slowness","3","1","1","51","0.058824","etfuturum:lingering_potion","8266","",""
"roguelike","","loot_potions","ARMOUR","3","2","2","true","Lingering Potion of Harming","3","1","1","51","0.058824","etfuturum:lingering_potion","8268","",""
"roguelike","","loot_potions","ARMOUR","3","2","2","true","Flask of Poison","4","1","1","51","0.078431","RandomThings:imbue","0","",""
"roguelike","","loot_potions","ARMOUR","3","2","2","true","Flask of Experience","4","1","1","51","0.078431","RandomThings:imbue","1","",""
"roguelike","","loot_potions","ARMOUR","3","2","2","true","Flask of Fire","4","1","1","51","0.078431","RandomThings:imbue","2","",""
"roguelike","","loot_potions","ARMOUR","3","2","2","true","Flask of Weakness","4","1","1","51","0.078431","RandomThings:imbue","4","",""
"roguelike","","loot_potions","ARMOUR","3","2","2","true","Flask of Spectre","4","1","1","51","0.078431","RandomThings:imbue","5","",""
"roguelike","","loot_potions","ARMOUR","3","2","2","true","Potion of Strength","1","1","1","51","0.019608","minecraft:potion","8265","",""
"roguelike","","loot_potions","POTIONS","4","4","4","true","Potion of Regeneration","1","1","1","71","0.014085","minecraft:potion","8225","",""
"roguelike","","loot_potions","POTIONS","4","4","4","true","Potion of Swiftness","1","1","1","71","0.014085","minecraft:potion","8194","",""
"roguelike","","loot_potions","POTIONS","4","4","4","true","Potion of Swiftness","1","1","1","71","0.014085","minecraft:potion","8226","",""
"roguelike","","loot_potions","POTIONS","4","4","4","true","Potion of Swiftness","1","1","1","71","0.014085","minecraft:potion","8194","",""
"roguelike","","loot_potions","POTIONS","4","4","4","true","Potion of Invisibility","1","1","1","71","0.014085","minecraft:potion","8238","",""
"roguelike","","loot_potions","POTIONS","4","4","4","true","Splash Potion of Night Vision","2","1","1","71","0.028169","minecraft:potion","16422","",""
"roguelike","","loot_potions","POTIONS","4","4","4","true","Splash Potion of Night Vision","2","1","1","71","0.028169","minecraft:potion","16454","",""
"roguelike","","loot_potions","POTIONS","4","4","4","true","Potion of Weakness","2","1","1","71","0.028169","minecraft:potion","8264","",""
"roguelike","","loot_potions","POTIONS","4","4","4","true","Splash Potion of Harming","2","1","1","71","0.028169","minecraft:potion","16428","",""
"roguelike","","loot_potions","POTIONS","4","4","4","true","Splash Potion of Harming","2","1","1","71","0.028169","minecraft:potion","16460","",""
"roguelike","","loot_potions","POTIONS","4","4","4","true","Lingering Potion of Healing","3","1","1","71","0.042254","etfuturum:lingering_potion","8229","",""
"roguelike","","loot_potions","POTIONS","4","4","4","true","Lingering Potion of Harming","3","1","1","71","0.042254","etfuturum:lingering_potion","8236","",""
"roguelike","","loot_potions","POTIONS","4","4","4","true","Lingering Potion of Weakness","3","1","1","71","0.042254","etfuturum:lingering_potion","8264","",""
"roguelike","","loot_potions","POTIONS","4","4","4","true","Lingering Potion of Slowness","3","1","1","71","0.042254","etfuturum:lingering_potion","8266","",""
"roguelike","","loot_potions","POTIONS","4","4","4","true","Lingering Potion of Harming","3","1","1","71","0.042254","etfuturum:lingering_potion","8268","",""
"roguelike","","loot_potions","POTIONS","4","4","4","true","Flask of Poison","4","1","1","71","0.056338","RandomThings:imbue","0","",""
"roguelike","","loot_potions","POTIONS","4","4","4","true","Flask of Experience","4","1","1","71","0.056338","RandomThings:imbue","1","",""
"roguelike","","loot_potions","POTIONS","4","4","4","true","Flask of Fire","4","1","1","71","0.056338","RandomThings:imbue","2","",""
"roguelike","","loot_potions","POTIONS","4","4","4","true","Flask of Weakness","4","1","1","71","0.056338","RandomThings:imbue","4","",""
"roguelike","","loot_potions","POTIONS","4","4","4","true","Flask of Spectre","4","1","1","71","0.056338","RandomThings:imbue","5","",""
"roguelike","","loot_potions","POTIONS","4","4","4","true","Debonair Potion","5","1","1","71","0.070423","minecraft:potion","8159","",""
"roguelike","","loot_potions","POTIONS","4","4","4","true","Potion of Fire Resistance","5","1","1","71","0.070423","minecraft:potion","8259","",""
"roguelike","","loot_potions","POTIONS","4","4","4","true","Potion of Fire Resistance","5","1","1","71","0.070423","minecraft:potion","8227","",""
"roguelike","","loot_potions","POTIONS","4","4","4","true","Splash Potion of Fire Resistance","5","1","1","71","0.070423","minecraft:potion","16451","",""
"roguelike","","loot_potions","POTIONS","4","4","4","true","Potion of Strength","1","1","1","71","0.014085","minecraft:potion","8265","",""
"roguelike","","loot_potions","ARMOUR","4","2","2","true","Potion of Regeneration","1","1","1","71","0.014085","minecraft:potion","8225","",""
"roguelike","","loot_potions","ARMOUR","4","2","2","true","Potion of Swiftness","1","1","1","71","0.014085","minecraft:potion","8194","",""
"roguelike","","loot_potions","ARMOUR","4","2","2","true","Potion of Swiftness","1","1","1","71","0.014085","minecraft:potion","8226","",""
"roguelike","","loot_potions","ARMOUR","4","2","2","true","Potion of Swiftness","1","1","1","71","0.014085","minecraft:potion","8194","",""
"roguelike","","loot_potions","ARMOUR","4","2","2","true","Potion of Invisibility","1","1","1","71","0.014085","minecraft:potion","8238","",""
"roguelike","","loot_potions","ARMOUR","4","2","2","true","Splash Potion of Night Vision","2","1","1","71","0.028169","minecraft:potion","16422","",""
"roguelike","","loot_potions","ARMOUR","4","2","2","true","Splash Potion of Night Vision","2","1","1","71","0.028169","minecraft:potion","16454","",""
"roguelike","","loot_potions","ARMOUR","4","2","2","true","Potion of Weakness","2","1","1","71","0.028169","minecraft:potion","8264","",""
"roguelike","","loot_potions","ARMOUR","4","2","2","true","Splash Potion of Harming","2","1","1","71","0.028169","minecraft:potion","16428","",""
"roguelike","","loot_potions","ARMOUR","4","2","2","true","Splash Potion of Harming","2","1","1","71","0.028169","minecraft:potion","16460","",""
"roguelike","","loot_potions","ARMOUR","4","2","2","true","Lingering Potion of Healing","3","1","1","71","0.042254","etfuturum:lingering_potion","8229","",""
"roguelike","","loot_potions","ARMOUR","4","2","2","true","Lingering Potion of Harming","3","1","1","71","0.042254","etfuturum:lingering_potion","8236","",""
"roguelike","","loot_potions","ARMOUR","4","2","2","true","Lingering Potion of Weakness","3","1","1","71","0.042254","etfuturum:lingering_potion","8264","",""
"roguelike","","loot_potions","ARMOUR","4","2","2","true","Lingering Potion of Slowness","3","1","1","71","0.042254","etfuturum:lingering_potion","8266","",""
"roguelike","","loot_potions","ARMOUR","4","2","2","true","Lingering Potion of Harming","3","1","1","71","0.042254","etfuturum:lingering_potion","8268","",""
"roguelike","","loot_potions","ARMOUR","4","2","2","true","Flask of Poison","4","1","1","71","0.056338","RandomThings:imbue","0","",""
"roguelike","","loot_potions","ARMOUR","4","2","2","true","Flask of Experience","4","1","1","71","0.056338","RandomThings:imbue","1","",""
"roguelike","","loot_potions","ARMOUR","4","2","2","true","Flask of Fire","4","1","1","71","0.056338","RandomThings:imbue","2","",""
"roguelike","","loot_potions","ARMOUR","4","2","2","true","Flask of Weakness","4","1","1","71","0.056338","RandomThings:imbue","4","",""
"roguelike","","loot_potions","ARMOUR","4","2","2","true","Flask of Spectre","4","1","1","71","0.056338","RandomThings:imbue","5","",""
"roguelike","","loot_potions","ARMOUR","4","2","2","true","Debonair Potion","5","1","1","71","0.070423","minecraft:potion","8159","",""
"roguelike","","loot_potions","ARMOUR","4","2","2","true","Potion of Fire Resistance","5","1","1","71","0.070423","minecraft:potion","8259","",""
"roguelike","","loot_potions","ARMOUR","4","2","2","true","Potion of Fire Resistance","5","1","1","71","0.070423","minecraft:potion","8227","",""
"roguelike","","loot_potions","ARMOUR","4","2","2","true","Splash Potion of Fire Resistance","5","1","1","71","0.070423","minecraft:potion","16451","",""
"roguelike","","loot_potions","ARMOUR","4","2","2","true","Potion of Strength","1","1","1","71","0.014085","minecraft:potion","8265","",""
"roguelike","","loot_reward","REWARD","0","1","1","true","Spawn Iron Golem","10","2","3","100","0.100000","minecraft:spawn_egg","99","",""
"roguelike","","loot_reward","REWARD","0","1","1","true","Golden Lasso","10","1","1","100","0.100000","ExtraUtilities:golden_lasso","0","",""
"roguelike","","loot_reward","REWARD","0","1","1","true","Worktable","10","4","5","100","0.100000","Forestry:factory2","2","",""
"roguelike","","loot_reward","REWARD","0","1","1","true","Obsidian","10","10","11","100","0.100000","minecraft:obsidian","0","",""
"roguelike","","loot_reward","REWARD","0","1","1","true","Saddle","10","1","1","100","0.100000","minecraft:saddle","0","",""
"roguelike","","loot_reward","REWARD","0","1","1","true","Steel Chest","10","1","1","100","0.100000","IronChest:BlockIronChest","4","",""
"roguelike","","loot_reward","REWARD","0","1","1","true","Slimesling","10","1","1","100","0.100000","TConstruct:slimesling","0","",""
"roguelike","","loot_reward","REWARD","0","1","1","true","Lava Crystal","10","1","1","100","0.100000","TConstruct:materials","7","",""
"roguelike","","loot_reward","REWARD","0","1","1","true","Ultra Low Voltage Fluid Tank","10","1","1","100","0.100000","gregtech:gt.blockmachines","817","",""
"roguelike","","loot_reward","REWARD","0","1","1","true","Sound Muffler","5","1","1","100","0.050000","ExtraUtilities:sound_muffler","0","",""
"roguelike","","loot_reward","REWARD","0","1","1","true","Rain Muffler","5","1","1","100","0.050000","ExtraUtilities:sound_muffler","1","",""
"roguelike","","loot_reward","REWARD","1","1","1","true","Obsidian Chisel","10","1","1","120","0.083333","chisel:obsidianChisel","0","",""
"roguelike","","loot_reward","REWARD","1","1","1","true","Obsidian Chest","10","1","1","120","0.083333","IronChest:BlockIronChest","6","",""
"roguelike","","loot_reward","REWARD","1","1","1","true","Composite Vest","10","1","1","120","0.083333","IC2:itemArmorAlloyChestplate","0","",""
"roguelike","","loot_reward","REWARD","1","1","1","true","Silky Jewel","10","1","1","120","0.083333","TConstruct:materials","26","",""
"roguelike","","loot_reward","REWARD","1","1","1","true","Diamond Spike","10","1","1","120","0.083333","ExtraUtilities:spike_base_diamond","0","",""
"roguelike","","loot_reward","REWARD","1","1","1","true","Trading Post","10","1","1","120","0.083333","ExtraUtilities:trading_post","0","",""
"roguelike","","loot_reward","REWARD","1","1","1","true","Architect's Sawbench","10","1","1","120","0.083333","ArchitectureCraft:sawbench","0","",""
"roguelike","","loot_reward","REWARD","1","1","1","true","Hang Glider","10","1","1","120","0.083333","OpenBlocks:hangglider","0","",""
"roguelike","","loot_reward","REWARD","1","1","1","true","Dolly","10","1","1","120","0.083333","JABBA:mover","0","",""
"roguelike","","loot_reward","REWARD","1","1","1","true","Workbench Backpack","10","1","1","120","0.083333","Backpack:workbenchbackpack","0","",""
"roguelike","","loot_reward","REWARD","1","1","1","true","Nature's Compass","10","1","1","120","0.083333","naturescompass:NaturesCompass","0","",""
"roguelike","","loot_reward","REWARD","1","1","1","true","Ultra Low Voltage Type Filter","5","1","1","120","0.041667","gregtech:gt.blockmachines","9250","",""
"roguelike","","loot_reward","REWARD","1","1","1","true","Ultra Low Voltage Recipe Filter","5","1","1","120","0.041667","gregtech:gt.blockmachines","9330","",""
"roguelike","","loot_reward","REWARD","2","1","1","true","Adventure Backpack","10","1","1","70","0.142857","adventurebackpack:adventureBackpack","24","",""
"roguelike","","loot_reward","REWARD","2","1","1","true","Totem of Undying","10","1","1","70","0.142857","etfuturum:totem_of_undying","0","",""
"roguelike","","loot_reward","REWARD","2","1","1","true","Diamond Chest","10","1","1","70","0.142857","IronChest:BlockIronChest","2","",""
"roguelike","","loot_reward","REWARD","2","1","1","true","Necrotic Bone","10","1","1","70","0.142857","TConstruct:materials","8","",""
"roguelike","","loot_reward","REWARD","2","1","1","true","Door Factory","10","1","1","70","0.142857","malisisdoors:door_factory","0","",""
"roguelike","","loot_reward","REWARD","2","1","1","true","Building Guide","10","1","1","70","0.142857","OpenBlocks:guide","0","",""
"roguelike","","loot_reward","REWARD","2","1","1","true","Woodworker","3","1","1","70","0.042857","ExtraTrees:machine","1","",""
"roguelike","","loot_reward","REWARD","2","1","1","true","Panelworker","3","1","1","70","0.042857","ExtraTrees:machine","2","",""
"roguelike","","loot_reward","REWARD","2","1","1","true","Glassworker","2","1","1","70","0.028571","ExtraTrees:machine","3","",""
"roguelike","","loot_reward","REWARD","2","1","1","true","Tileworker","2","1","1","70","0.028571","ExtraTrees:machine","4","",""
"roguelike","","loot_reward","REWARD","3","1","1","true","Ball of Moss","10","1","1","89","0.112360","TConstruct:materials","6","",""
"roguelike","","loot_reward","REWARD","3","1","1","true","Ultimate Stew","10","1","1","89","0.112360","Avaritia:Ultimate_Stew","0","",""
"roguelike","","loot_reward","REWARD","3","1","1","true","Iron Compartment","10","1","1","89","0.112360","BinnieCore:storage","3","",""
"roguelike","","loot_reward","REWARD","3","1","1","true","Chandelier","10","5","8","89","0.112360","ExtraUtilities:chandelier","0","",""
"roguelike","","loot_reward","REWARD","3","1","1","true","Beealyzer","3","1","1","89","0.033708","Forestry:beealyzer","0","",""
"roguelike","","loot_reward","REWARD","3","1","1","true","Flutterlyzer","3","1","1","89","0.033708","Forestry:flutterlyzer","0","",""
"roguelike","","loot_reward","REWARD","3","1","1","true","Treealyzer","3","1","1","89","0.033708","Forestry:treealyzer","0","",""
"roguelike","","loot_reward","REWARD","3","1","1","true","Enhanced Building Guide","10","1","1","89","0.112360","OpenBlocks:builder_guide","0","",""
"roguelike","","loot_reward","REWARD","3","1","1","true","Elevator","10","2","3","89","0.112360","OpenBlocks:elevator","0","",""
"roguelike","","loot_reward","REWARD","3","1","1","true","Thaumium Boat","10","1","1","89","0.112360","ThaumicHorizons:boatThaumium","0","",""
"roguelike","","loot_reward","REWARD","3","1","1","true","Item Grate (Closed)","10","6","8","89","0.112360","Thaumcraft:blockMetalDevice","6","",""
"roguelike","","loot_reward","REWARD","4","1","1","true","Copter Pack","10","1","1","90","0.111111","adventurebackpack:copterPack","0","","{wearableData:{}}"
"roguelike","","loot_reward","REWARD","4","1","1","true","Cosmic Meatballs","10","1","1","90","0.111111","Avaritia:Cosmic_Meatballs","0","",""
"roguelike","","loot_reward","REWARD","4","1","1","true","Middle Backpack","10","1","1","90","0.111111","Backpack:backpack","100","",""
"roguelike","","loot_reward","REWARD","4","1","1","true","Diamond Compartment","10","1","1","90","0.111111","BinnieCore:storage","5","",""
"roguelike","","loot_reward","REWARD","4","1","1","true","Oblivion Frame","10","1","1","90","0.111111","MagicBees:frameOblivion","0","",""
"roguelike","","loot_reward","REWARD","4","1","1","true","Iron Capped Wooden Wand","10","1","1","90","0.111111","Thaumcraft:WandCasting","36","",""
"roguelike","","loot_reward","REWARD","4","1","1","true","Creative Tool Modifier","10","1","1","90","0.111111","TConstruct:creativeModifier","0","",""
"roguelike","","loot_reward","REWARD","4","1","1","true","Prospector's Scanner (LV)","10","1","1","90","0.111111","gregtech:gt.detrav.metatool.01","2","","{GT.ToolStats:{SecondaryMaterial:""Steel"",PrimaryMaterial:""SteelMagnetic"",Mode:0b,MaxDamage:1300L}}"
"roguelike","","loot_reward","REWARD","4","1","1","true","Item Dislocator","10","1","1","90","0.111111","DraconicEvolution:magnet","0","",""
"roguelike","","loot_smith","SMITH","0","1","1","true","Bucket","0","1","1","0","0","minecraft:bucket","0","",""
"roguelike","","loot_smith","SMITH","1","1","1","true","Bucket","0","1","1","0","0","minecraft:bucket","0","",""
"roguelike","","loot_smith","SMITH","2","1","1","true","Bucket","0","1","1","0","0","minecraft:bucket","0","",""
"roguelike","","loot_smith","SMITH","3","1","1","true","Bucket","0","1","1","0","0","minecraft:bucket","0","",""
"roguelike","","loot_smith","SMITH","4","1","1","true","Bucket","0","1","1","0","0","minecraft:bucket","0","",""
"roguelike","","loot_smith","SMITH","0","1","1","true","Iron Sword","0","1","1","0","0","minecraft:iron_sword","0","","{ench:[0:{id:20s,lvl:2s}],display:{Name:""Hero's Sword""}}"
"roguelike","","loot_smith","SMITH","1","1","1","true","Iron Sword","0","1","1","0","0","minecraft:iron_sword","0","","{ench:[0:{id:20s,lvl:2s}],display:{Name:""Hero's Sword""}}"
"roguelike","","loot_smith","SMITH","2","1","1","true","Iron Sword","0","1","1","0","0","minecraft:iron_sword","0","","{ench:[0:{id:20s,lvl:2s}],display:{Name:""Hero's Sword""}}"
"roguelike","","loot_smith","SMITH","3","1","1","true","Iron Sword","0","1","1","0","0","minecraft:iron_sword","0","","{ench:[0:{id:20s,lvl:2s}],display:{Name:""Hero's Sword""}}"
"roguelike","","loot_smith","SMITH","4","1","1","true","Iron Sword","0","1","1","0","0","minecraft:iron_sword","0","","{ench:[0:{id:20s,lvl:2s}],display:{Name:""Hero's Sword""}}"
"roguelike","","loot_starter","STARTER","0","1","1","true","Milk Clay Bucket","0","1","1","0","0","IguanaTweaksTConstruct:clayBucketMilk","0","",""
"roguelike","","loot_starter","STARTER","1","1","1","true","Milk Clay Bucket","0","1","1","0","0","IguanaTweaksTConstruct:clayBucketMilk","0","",""
"roguelike","","loot_starter","STARTER","2","1","1","true","Milk Clay Bucket","0","1","1","0","0","IguanaTweaksTConstruct:clayBucketMilk","0","",""
"roguelike","","loot_starter","STARTER","3","1","1","true","Milk Clay Bucket","0","1","1","0","0","IguanaTweaksTConstruct:clayBucketMilk","0","",""
"roguelike","","loot_starter","STARTER","4","1","1","true","Milk Clay Bucket","0","1","1","0","0","IguanaTweaksTConstruct:clayBucketMilk","0","",""
"roguelike","","loot_starter","STARTER","0","1","1","true","Leather Tunic","0","1","1","0","0","minecraft:leather_chestplate","0","",""
"roguelike","","loot_starter","STARTER","1","1","1","true","Leather Tunic","0","1","1","0","0","minecraft:leather_chestplate","0","",""
"roguelike","","loot_starter","STARTER","2","1","1","true","Leather Tunic","0","1","1","0","0","minecraft:leather_chestplate","0","",""
"roguelike","","loot_starter","STARTER","3","1","1","true","Leather Tunic","0","1","1","0","0","minecraft:leather_chestplate","0","",""
"roguelike","","loot_starter","STARTER","4","1","1","true","Leather Tunic","0","1","1","0","0","minecraft:leather_chestplate","0","",""
"roguelike","","loot_starter","STARTER","0","1","1","true","Bow","0","1","1","0","0","minecraft:bow","0","",""
"roguelike","","loot_starter","STARTER","1","1","1","true","Bow","0","1","1","0","0","minecraft:bow","0","",""
"roguelike","","loot_starter","STARTER","2","1","1","true","Bow","0","1","1","0","0","minecraft:bow","0","",""
"roguelike","","loot_starter","STARTER","3","1","1","true","Bow","0","1","1","0","0","minecraft:bow","0","",""
"roguelike","","loot_starter","STARTER","4","1","1","true","Bow","0","1","1","0","0","minecraft:bow","0","",""
"roguelike","","loot_starter","STARTER","0","1","1","true","Stone Sword","1","1","1","1","1.000000","minecraft:stone_sword","0","",""
"roguelike","","loot_starter","STARTER","1","1","1","true","Stone Sword","1","1","1","1","1.000000","minecraft:stone_sword","0","",""
"roguelike","","loot_starter","STARTER","2","1","1","true","Stone Sword","1","1","1","1","1.000000","minecraft:stone_sword","0","",""
"roguelike","","loot_starter","STARTER","3","1","1","true","Stone Sword","1","1","1","1","1.000000","minecraft:stone_sword","0","",""
"roguelike","","loot_starter","STARTER","4","1","1","true","Stone Sword","1","1","1","1","1.000000","minecraft:stone_sword","0","",""
"roguelike","","loot_starter","STARTER","0","8","8","true","Bread","0","1","1","0","0","minecraft:bread","0","",""
"roguelike","","loot_starter","STARTER","0","8","8","true","Steak","0","1","1","0","0","minecraft:cooked_beef","0","",""
"roguelike","","loot_starter","STARTER","1","8","8","true","Bread","0","1","1","0","0","minecraft:bread","0","",""
"roguelike","","loot_starter","STARTER","1","8","8","true","Steak","0","1","1","0","0","minecraft:cooked_beef","0","",""
"roguelike","","loot_starter","STARTER","2","8","8","true","Bread","0","1","1","0","0","minecraft:bread","0","",""
"roguelike","","loot_starter","STARTER","2","8","8","true","Steak","0","1","1","0","0","minecraft:cooked_beef","0","",""
"roguelike","","loot_starter","STARTER","3","8","8","true","Bread","0","1","1","0","0","minecraft:bread","0","",""
"roguelike","","loot_starter","STARTER","3","8","8","true","Steak","0","1","1","0","0","minecraft:cooked_beef","0","",""
"roguelike","","loot_starter","STARTER","4","8","8","true","Bread","0","1","1","0","0","minecraft:bread","0","",""
"roguelike","","loot_starter","STARTER","4","8","8","true","Steak","0","1","1","0","0","minecraft:cooked_beef","0","",""
"roguelike","","loot_starter","STARTER","0","4","4","true","Torch","0","4","12","0","0","minecraft:torch","0","",""
"roguelike","","loot_starter","STARTER","0","4","4","true","Arrow","0","2","8","0","0","minecraft:arrow","0","",""
"roguelike","","loot_starter","STARTER","1","4","4","true","Torch","0","4","12","0","0","minecraft:torch","0","",""
"roguelike","","loot_starter","STARTER","1","4","4","true","Arrow","0","2","8","0","0","minecraft:arrow","0","",""
"roguelike","","loot_starter","STARTER","2","4","4","true","Torch","0","4","12","0","0","minecraft:torch","0","",""
"roguelike","","loot_starter","STARTER","2","4","4","true","Arrow","0","2","8","0","0","minecraft:arrow","0","",""
"roguelike","","loot_starter","STARTER","3","4","4","true","Torch","0","4","12","0","0","minecraft:torch","0","",""
"roguelike","","loot_starter","STARTER","3","4","4","true","Arrow","0","2","8","0","0","minecraft:arrow","0","",""
"roguelike","","loot_starter","STARTER","4","4","4","true","Torch","0","4","12","0","0","minecraft:torch","0","",""
"roguelike","","loot_starter","STARTER","4","4","4","true","Arrow","0","2","8","0","0","minecraft:arrow","0","",""
"roguelike","","loot_supplies","SUPPLIES","0","1","1","true","Builder's Backpack","0","1","1","0","0","Forestry:builderBag","0","",""
"roguelike","","loot_supplies","SUPPLIES","0","1","1","true","Digger's Backpack","0","1","1","0","0","Forestry:diggerBag","0","",""
"roguelike","","loot_supplies","SUPPLIES","0","1","1","true","Forester's Backpack","0","1","1","0","0","Forestry:foresterBag","0","",""
"roguelike","","loot_supplies","SUPPLIES","0","1","1","true","Hunter's Backpack","0","1","1","0","0","Forestry:hunterBag","0","",""
"roguelike","","loot_supplies","SUPPLIES","0","1","1","true","Miner's Backpack","0","1","1","0","0","Forestry:minerBag","0","",""
"roguelike","","loot_supplies","SUPPLIES","1","1","1","true","Builder's Backpack","0","1","1","0","0","Forestry:builderBag","0","",""
"roguelike","","loot_supplies","SUPPLIES","1","1","1","true","Digger's Backpack","0","1","1","0","0","Forestry:diggerBag","0","",""
"roguelike","","loot_supplies","SUPPLIES","1","1","1","true","Forester's Backpack","0","1","1","0","0","Forestry:foresterBag","0","",""
"roguelike","","loot_supplies","SUPPLIES","1","1","1","true","Hunter's Backpack","0","1","1","0","0","Forestry:hunterBag","0","",""
"roguelike","","loot_supplies","SUPPLIES","1","1","1","true","Miner's Backpack","0","1","1","0","0","Forestry:minerBag","0","",""
"roguelike","","loot_supplies","SUPPLIES","2","1","1","true","Builder's Backpack","0","1","1","0","0","Forestry:builderBag","0","",""
"roguelike","","loot_supplies","SUPPLIES","2","1","1","true","Digger's Backpack","0","1","1","0","0","Forestry:diggerBag","0","",""
"roguelike","","loot_supplies","SUPPLIES","2","1","1","true","Forester's Backpack","0","1","1","0","0","Forestry:foresterBag","0","",""
"roguelike","","loot_supplies","SUPPLIES","2","1","1","true","Hunter's Backpack","0","1","1","0","0","Forestry:hunterBag","0","",""
"roguelike","","loot_supplies","SUPPLIES","2","1","1","true","Miner's Backpack","0","1","1","0","0","Forestry:minerBag","0","",""
"roguelike","","loot_supplies","SUPPLIES","3","1","1","true","Builder's Backpack","0","1","1","0","0","Forestry:builderBag","0","",""
"roguelike","","loot_supplies","SUPPLIES","3","1","1","true","Digger's Backpack","0","1","1","0","0","Forestry:diggerBag","0","",""
"roguelike","","loot_supplies","SUPPLIES","3","1","1","true","Forester's Backpack","0","1","1","0","0","Forestry:foresterBag","0","",""
"roguelike","","loot_supplies","SUPPLIES","3","1","1","true","Hunter's Backpack","0","1","1","0","0","Forestry:hunterBag","0","",""
"roguelike","","loot_supplies","SUPPLIES","3","1","1","true","Miner's Backpack","0","1","1","0","0","Forestry:minerBag","0","",""
"roguelike","","loot_supplies","SUPPLIES","4","1","1","true","Builder's Backpack","0","1","1","0","0","Forestry:builderBag","0","",""
"roguelike","","loot_supplies","SUPPLIES","4","1","1","true","Digger's Backpack","0","1","1","0","0","Forestry:diggerBag","0","",""
"roguelike","","loot_supplies","SUPPLIES","4","1","1","true","Forester's Backpack","0","1","1","0","0","Forestry:foresterBag","0","",""
"roguelike","","loot_supplies","SUPPLIES","4","1","1","true","Hunter's Backpack","0","1","1","0","0","Forestry:hunterBag","0","",""
"roguelike","","loot_supplies","SUPPLIES","4","1","1","true","Miner's Backpack","0","1","1","0","0","Forestry:minerBag","0","",""
"roguelike","","loot_supplies","SUPPLIES","0","1","1","true","Bucket","0","1","1","0","0","minecraft:bucket","0","",""
"roguelike","","loot_supplies","SUPPLIES","1","1","1","true","Bucket","0","1","1","0","0","minecraft:bucket","0","",""
"roguelike","","loot_supplies","SUPPLIES","2","1","1","true","Bucket","0","1","1","0","0","minecraft:bucket","0","",""
"roguelike","","loot_supplies","SUPPLIES","3","1","1","true","Bucket","0","1","1","0","0","minecraft:bucket","0","",""
"roguelike","","loot_supplies","SUPPLIES","4","1","1","true","Bucket","0","1","1","0","0","minecraft:bucket","0","",""
"roguelike","","loot_supplies","SUPPLIES","0","2","2","true","Golden Apple","0","1","1","0","0","minecraft:golden_apple","0","",""
"roguelike","","loot_supplies","SUPPLIES","1","2","2","true","Golden Apple","0","1","1","0","0","minecraft:golden_apple","0","",""
"roguelike","","loot_supplies","SUPPLIES","2","2","2","true","Golden Apple","0","1","1","0","0","minecraft:golden_apple","0","",""
"roguelike","","loot_supplies","SUPPLIES","3","2","2","true","Golden Apple","0","1","1","0","0","minecraft:golden_apple","0","",""
"roguelike","","loot_supplies","SUPPLIES","4","2","2","true","Golden Apple","0","1","1","0","0","minecraft:golden_apple","0","",""
"roguelike","","loot_supplies","SUPPLIES","0","6","6","true","Torch","0","4","24","0","0","minecraft:torch","0","",""
"roguelike","","loot_supplies","SUPPLIES","0","6","6","true","Arrow","0","2","16","0","0","minecraft:arrow","0","",""
"roguelike","","loot_supplies","SUPPLIES","1","6","6","true","Torch","0","4","24","0","0","minecraft:torch","0","",""
"roguelike","","loot_supplies","SUPPLIES","1","6","6","true","Arrow","0","2","16","0","0","minecraft:arrow","0","",""
"roguelike","","loot_supplies","SUPPLIES","2","6","6","true","Torch","0","4","24","0","0","minecraft:torch","0","",""
"roguelike","","loot_supplies","SUPPLIES","2","6","6","true","Arrow","0","2","16","0","0","minecraft:arrow","0","",""
"roguelike","","loot_supplies","SUPPLIES","3","6","6","true","Torch","0","4","24","0","0","minecraft:torch","0","",""
"roguelike","","loot_supplies","SUPPLIES","3","6","6","true","Arrow","0","2","16","0","0","minecraft:arrow","0","",""
"roguelike","","loot_supplies","SUPPLIES","4","6","6","true","Torch","0","4","24","0","0","minecraft:torch","0","",""
"roguelike","","loot_supplies","SUPPLIES","4","6","6","true","Arrow","0","2","16","0","0","minecraft:arrow","0","",""
"roguelike","","loot_tools","TOOLS","0","2","2","true","Spade","2","1","1","102","0.019608","cropsnh:spade","0","",""
"roguelike","","loot_tools","TOOLS","0","2","2","true","Plant Lens","2","1","1","102","0.019608","cropsnh:plantLens","0","",""
"roguelike","","loot_tools","TOOLS","0","2","2","true","Flint and Steel","4","1","1","102","0.039216","minecraft:flint_and_steel","0","",""
"roguelike","","loot_tools","TOOLS","0","2","2","true","Fishing Rod","2","1","1","102","0.019608","minecraft:fishing_rod","0","",""
"roguelike","","loot_tools","TOOLS","0","2","2","true","Shears","3","1","1","102","0.029412","minecraft:shears","0","",""
"roguelike","","loot_tools","TOOLS","0","2","2","true","Lead","6","1","1","102","0.058824","minecraft:lead","0","",""
"roguelike","","loot_tools","TOOLS","0","2","2","true","Clock","2","1","1","102","0.019608","minecraft:clock","0","",""
"roguelike","","loot_tools","TOOLS","0","2","2","true","Bucket","5","1","1","102","0.049020","minecraft:bucket","0","",""
"roguelike","","loot_tools","TOOLS","0","2","2","true","Fired Clay Bucket","4","1","1","102","0.039216","IguanaTweaksTConstruct:clayBucketFired","0","",""
"roguelike","","loot_tools","TOOLS","0","2","2","true","Treetap","6","1","1","102","0.058824","IC2:itemTreetap","0","",""
"roguelike","","loot_tools","TOOLS","0","2","2","true","Lunch Box","1","1","1","102","0.009804","SpiceOfLife:lunchbox","0","",""
"roguelike","","loot_tools","TOOLS","0","2","2","true","Lunch Bag","2","1","1","102","0.019608","SpiceOfLife:lunchbag","0","",""
"roguelike","","loot_tools","TOOLS","0","2","2","true","Mixing Bowl","4","1","1","102","0.039216","harvestcraft:mixingbowlItem","0","",""
"roguelike","","loot_tools","TOOLS","0","2","2","true","Pot","4","1","1","102","0.039216","harvestcraft:potItem","0","",""
"roguelike","","loot_tools","TOOLS","0","2","2","true","Saucepan","4","1","1","102","0.039216","harvestcraft:saucepanItem","0","",""
"roguelike","","loot_tools","TOOLS","0","2","2","true","Skillet","4","1","1","102","0.039216","harvestcraft:skilletItem","0","",""
"roguelike","","loot_tools","TOOLS","0","2","2","true","Scoop","5","1","1","102","0.049020","Forestry:scoop","0","",""
"roguelike","","loot_tools","TOOLS","0","2","2","true","Ore Finder Wand","1","1","1","102","0.009804","ifu:ifu_buildingKit","10","",""
"roguelike","","loot_tools","TOOLS","0","2","2","true","Hammer","3","1","1","102","0.029412","gregtech:gt.metatool.01","12","","{ench:[0:{id:16s,lvl:2s}],GT.ToolStats:{SecondaryMaterial:""Wood"",PrimaryMaterial:""Steel"",Mode:0b,MaxDamage:51200L}}"
"roguelike","","loot_tools","TOOLS","0","2","2","true","Saw","3","1","1","102","0.029412","gregtech:gt.metatool.01","10","","{ench:[0:{id:16s,lvl:2s}],GT.ToolStats:{SecondaryMaterial:""Wood"",PrimaryMaterial:""Steel"",Mode:0b,MaxDamage:51200L}}"
"roguelike","","loot_tools","TOOLS","0","2","2","true","File","3","1","1","102","0.029412","gregtech:gt.metatool.01","18","","{ench:[0:{id:16s,lvl:2s}],GT.ToolStats:{SecondaryMaterial:""Wood"",PrimaryMaterial:""Steel"",Mode:0b,MaxDamage:51200L}}"
"roguelike","","loot_tools","TOOLS","0","2","2","true","Wrench","3","1","1","102","0.029412","gregtech:gt.metatool.01","16","","{ench:[0:{id:16s,lvl:2s}],GT.ToolStats:{SecondaryMaterial:""Wood"",PrimaryMaterial:""Steel"",Mode:0b,MaxDamage:51200L}}"
"roguelike","","loot_tools","TOOLS","0","2","2","true","Crowbar","3","1","1","102","0.029412","gregtech:gt.metatool.01","20","","{ench:[0:{id:16s,lvl:2s}],GT.ToolStats:{SecondaryMaterial:""Wood"",PrimaryMaterial:""Steel"",Mode:0b,MaxDamage:51200L}}"
"roguelike","","loot_tools","TOOLS","0","2","2","true","Butchery Knife","3","1","1","102","0.029412","gregtech:gt.metatool.01","36","","{ench:[0:{id:16s,lvl:2s}],GT.ToolStats:{SecondaryMaterial:""Wood"",PrimaryMaterial:""Steel"",Mode:0b,MaxDamage:51200L}}"
"roguelike","","loot_tools","TOOLS","0","2","2","true","Screwdriver","3","1","1","102","0.029412","gregtech:gt.metatool.01","22","","{ench:[0:{id:16s,lvl:2s}],GT.ToolStats:{SecondaryMaterial:""Wood"",PrimaryMaterial:""Steel"",Mode:0b,MaxDamage:51200L}}"
"roguelike","","loot_tools","TOOLS","0","2","2","true","Knife","3","1","1","102","0.029412","gregtech:gt.metatool.01","34","","{ench:[0:{id:16s,lvl:2s}],GT.ToolStats:{SecondaryMaterial:""Wood"",PrimaryMaterial:""Steel"",Mode:0b,MaxDamage:51200L}}"
"roguelike","","loot_tools","TOOLS","0","2","2","true","Soft Mallet","3","1","1","102","0.029412","gregtech:gt.metatool.01","14","","{ench:[0:{id:19s,lvl:2s}],GT.ToolStats:{SecondaryMaterial:""Wood"",PrimaryMaterial:""Rubber"",Mode:0b,MaxDamage:25600L}}"
"roguelike","","loot_tools","TOOLS","0","2","2","true","Plunger","3","1","1","102","0.029412","gregtech:gt.metatool.01","44","","{ench:[0:{id:16s,lvl:2s}],GT.ToolStats:{SecondaryMaterial:""Wood"",PrimaryMaterial:""Steel"",Mode:0b,MaxDamage:51200L}}"
"roguelike","","loot_tools","TOOLS","0","2","2","true","Wire Cutter","3","1","1","102","0.029412","gregtech:gt.metatool.01","26","","{ench:[0:{id:16s,lvl:2s}],GT.ToolStats:{SecondaryMaterial:""Wood"",PrimaryMaterial:""Steel"",Mode:0b,MaxDamage:51200L}}"
"roguelike","","loot_tools","TOOLS","0","2","2","true","Rolling Pin","3","1","1","102","0.029412","gregtech:gt.metatool.01","46","","{ench:[0:{id:16s,lvl:2s}],GT.ToolStats:{SecondaryMaterial:""Aluminium"",PrimaryMaterial:""Aluminium"",Mode:0b,MaxDamage:12800L}}"
"roguelike","","loot_tools","TOOLS","0","2","2","true","Mortar","3","1","1","102","0.029412","gregtech:gt.metatool.01","24","","{ench:[0:{id:16s,lvl:2s}],GT.ToolStats:{SecondaryMaterial:""Wood"",PrimaryMaterial:""Steel"",Mode:0b,MaxDamage:51200L}}"
"roguelike","","loot_tools","TOOLS","0","2","2","true","Diamond Scythe","2","1","1","102","0.019608","BiomesOPlenty:scytheDiamond","0","",""
"roguelike","","loot_tools","TOOLS","1","2","2","true","Spade","2","1","1","102","0.019608","cropsnh:spade","0","",""
"roguelike","","loot_tools","TOOLS","1","2","2","true","Plant Lens","2","1","1","102","0.019608","cropsnh:plantLens","0","",""
"roguelike","","loot_tools","TOOLS","1","2","2","true","Flint and Steel","4","1","1","102","0.039216","minecraft:flint_and_steel","0","",""
"roguelike","","loot_tools","TOOLS","1","2","2","true","Fishing Rod","2","1","1","102","0.019608","minecraft:fishing_rod","0","",""
"roguelike","","loot_tools","TOOLS","1","2","2","true","Shears","3","1","1","102","0.029412","minecraft:shears","0","",""
"roguelike","","loot_tools","TOOLS","1","2","2","true","Lead","6","1","1","102","0.058824","minecraft:lead","0","",""
"roguelike","","loot_tools","TOOLS","1","2","2","true","Clock","2","1","1","102","0.019608","minecraft:clock","0","",""
"roguelike","","loot_tools","TOOLS","1","2","2","true","Bucket","5","1","1","102","0.049020","minecraft:bucket","0","",""
"roguelike","","loot_tools","TOOLS","1","2","2","true","Fired Clay Bucket","4","1","1","102","0.039216","IguanaTweaksTConstruct:clayBucketFired","0","",""
"roguelike","","loot_tools","TOOLS","1","2","2","true","Treetap","6","1","1","102","0.058824","IC2:itemTreetap","0","",""
"roguelike","","loot_tools","TOOLS","1","2","2","true","Lunch Box","1","1","1","102","0.009804","SpiceOfLife:lunchbox","0","",""
"roguelike","","loot_tools","TOOLS","1","2","2","true","Lunch Bag","2","1","1","102","0.019608","SpiceOfLife:lunchbag","0","",""
"roguelike","","loot_tools","TOOLS","1","2","2","true","Mixing Bowl","4","1","1","102","0.039216","harvestcraft:mixingbowlItem","0","",""
"roguelike","","loot_tools","TOOLS","1","2","2","true","Pot","4","1","1","102","0.039216","harvestcraft:potItem","0","",""
"roguelike","","loot_tools","TOOLS","1","2","2","true","Saucepan","4","1","1","102","0.039216","harvestcraft:saucepanItem","0","",""
"roguelike","","loot_tools","TOOLS","1","2","2","true","Skillet","4","1","1","102","0.039216","harvestcraft:skilletItem","0","",""
"roguelike","","loot_tools","TOOLS","1","2","2","true","Scoop","5","1","1","102","0.049020","Forestry:scoop","0","",""
"roguelike","","loot_tools","TOOLS","1","2","2","true","Ore Finder Wand","1","1","1","102","0.009804","ifu:ifu_buildingKit","10","",""
"roguelike","","loot_tools","TOOLS","1","2","2","true","Hammer","3","1","1","102","0.029412","gregtech:gt.metatool.01","12","","{ench:[0:{id:16s,lvl:2s}],GT.ToolStats:{SecondaryMaterial:""Wood"",PrimaryMaterial:""Steel"",Mode:0b,MaxDamage:51200L}}"
"roguelike","","loot_tools","TOOLS","1","2","2","true","Saw","3","1","1","102","0.029412","gregtech:gt.metatool.01","10","","{ench:[0:{id:16s,lvl:2s}],GT.ToolStats:{SecondaryMaterial:""Wood"",PrimaryMaterial:""Steel"",Mode:0b,MaxDamage:51200L}}"
"roguelike","","loot_tools","TOOLS","1","2","2","true","File","3","1","1","102","0.029412","gregtech:gt.metatool.01","18","","{ench:[0:{id:16s,lvl:2s}],GT.ToolStats:{SecondaryMaterial:""Wood"",PrimaryMaterial:""Steel"",Mode:0b,MaxDamage:51200L}}"
"roguelike","","loot_tools","TOOLS","1","2","2","true","Wrench","3","1","1","102","0.029412","gregtech:gt.metatool.01","16","","{ench:[0:{id:16s,lvl:2s}],GT.ToolStats:{SecondaryMaterial:""Wood"",PrimaryMaterial:""Steel"",Mode:0b,MaxDamage:51200L}}"
"roguelike","","loot_tools","TOOLS","1","2","2","true","Crowbar","3","1","1","102","0.029412","gregtech:gt.metatool.01","20","","{ench:[0:{id:16s,lvl:2s}],GT.ToolStats:{SecondaryMaterial:""Wood"",PrimaryMaterial:""Steel"",Mode:0b,MaxDamage:51200L}}"
"roguelike","","loot_tools","TOOLS","1","2","2","true","Butchery Knife","3","1","1","102","0.029412","gregtech:gt.metatool.01","36","","{ench:[0:{id:16s,lvl:2s}],GT.ToolStats:{SecondaryMaterial:""Wood"",PrimaryMaterial:""Steel"",Mode:0b,MaxDamage:51200L}}"
"roguelike","","loot_tools","TOOLS","1","2","2","true","Screwdriver","3","1","1","102","0.029412","gregtech:gt.metatool.01","22","","{ench:[0:{id:16s,lvl:2s}],GT.ToolStats:{SecondaryMaterial:""Wood"",PrimaryMaterial:""Steel"",Mode:0b,MaxDamage:51200L}}"
"roguelike","","loot_tools","TOOLS","1","2","2","true","Knife","3","1","1","102","0.029412","gregtech:gt.metatool.01","34","","{ench:[0:{id:16s,lvl:2s}],GT.ToolStats:{SecondaryMaterial:""Wood"",PrimaryMaterial:""Steel"",Mode:0b,MaxDamage:51200L}}"
"roguelike","","loot_tools","TOOLS","1","2","2","true","Soft Mallet","3","1","1","102","0.029412","gregtech:gt.metatool.01","14","","{ench:[0:{id:19s,lvl:2s}],GT.ToolStats:{SecondaryMaterial:""Wood"",PrimaryMaterial:""Rubber"",Mode:0b,MaxDamage:25600L}}"
"roguelike","","loot_tools","TOOLS","1","2","2","true","Plunger","3","1","1","102","0.029412","gregtech:gt.metatool.01","44","","{ench:[0:{id:16s,lvl:2s}],GT.ToolStats:{SecondaryMaterial:""Wood"",PrimaryMaterial:""Steel"",Mode:0b,MaxDamage:51200L}}"
"roguelike","","loot_tools","TOOLS","1","2","2","true","Wire Cutter","3","1","1","102","0.029412","gregtech:gt.metatool.01","26","","{ench:[0:{id:16s,lvl:2s}],GT.ToolStats:{SecondaryMaterial:""Wood"",PrimaryMaterial:""Steel"",Mode:0b,MaxDamage:51200L}}"
"roguelike","","loot_tools","TOOLS","1","2","2","true","Rolling Pin","3","1","1","102","0.029412","gregtech:gt.metatool.01","46","","{ench:[0:{id:16s,lvl:2s}],GT.ToolStats:{SecondaryMaterial:""Aluminium"",PrimaryMaterial:""Aluminium"",Mode:0b,MaxDamage:12800L}}"
"roguelike","","loot_tools","TOOLS","1","2","2","true","Mortar","3","1","1","102","0.029412","gregtech:gt.metatool.01","24","","{ench:[0:{id:16s,lvl:2s}],GT.ToolStats:{SecondaryMaterial:""Wood"",PrimaryMaterial:""Steel"",Mode:0b,MaxDamage:51200L}}"
"roguelike","","loot_tools","TOOLS","1","2","2","true","Diamond Scythe","2","1","1","102","0.019608","BiomesOPlenty:scytheDiamond","0","",""
"roguelike","","loot_tools","TOOLS","2","2","2","true","Spade","2","1","1","102","0.019608","cropsnh:spade","0","",""
"roguelike","","loot_tools","TOOLS","2","2","2","true","Plant Lens","2","1","1","102","0.019608","cropsnh:plantLens","0","",""
"roguelike","","loot_tools","TOOLS","2","2","2","true","Flint and Steel","4","1","1","102","0.039216","minecraft:flint_and_steel","0","",""
"roguelike","","loot_tools","TOOLS","2","2","2","true","Fishing Rod","2","1","1","102","0.019608","minecraft:fishing_rod","0","",""
"roguelike","","loot_tools","TOOLS","2","2","2","true","Shears","3","1","1","102","0.029412","minecraft:shears","0","",""
"roguelike","","loot_tools","TOOLS","2","2","2","true","Lead","6","1","1","102","0.058824","minecraft:lead","0","",""
"roguelike","","loot_tools","TOOLS","2","2","2","true","Clock","2","1","1","102","0.019608","minecraft:clock","0","",""
"roguelike","","loot_tools","TOOLS","2","2","2","true","Bucket","5","1","1","102","0.049020","minecraft:bucket","0","",""
"roguelike","","loot_tools","TOOLS","2","2","2","true","Fired Clay Bucket","4","1","1","102","0.039216","IguanaTweaksTConstruct:clayBucketFired","0","",""
"roguelike","","loot_tools","TOOLS","2","2","2","true","Treetap","6","1","1","102","0.058824","IC2:itemTreetap","0","",""
"roguelike","","loot_tools","TOOLS","2","2","2","true","Lunch Box","1","1","1","102","0.009804","SpiceOfLife:lunchbox","0","",""
"roguelike","","loot_tools","TOOLS","2","2","2","true","Lunch Bag","2","1","1","102","0.019608","SpiceOfLife:lunchbag","0","",""
"roguelike","","loot_tools","TOOLS","2","2","2","true","Mixing Bowl","4","1","1","102","0.039216","harvestcraft:mixingbowlItem","0","",""
"roguelike","","loot_tools","TOOLS","2","2","2","true","Pot","4","1","1","102","0.039216","harvestcraft:potItem","0","",""
"roguelike","","loot_tools","TOOLS","2","2","2","true","Saucepan","4","1","1","102","0.039216","harvestcraft:saucepanItem","0","",""
"roguelike","","loot_tools","TOOLS","2","2","2","true","Skillet","4","1","1","102","0.039216","harvestcraft:skilletItem","0","",""
"roguelike","","loot_tools","TOOLS","2","2","2","true","Scoop","5","1","1","102","0.049020","Forestry:scoop","0","",""
"roguelike","","loot_tools","TOOLS","2","2","2","true","Ore Finder Wand","1","1","1","102","0.009804","ifu:ifu_buildingKit","10","",""
"roguelike","","loot_tools","TOOLS","2","2","2","true","Hammer","3","1","1","102","0.029412","gregtech:gt.metatool.01","12","","{ench:[0:{id:16s,lvl:2s}],GT.ToolStats:{SecondaryMaterial:""Wood"",PrimaryMaterial:""Steel"",Mode:0b,MaxDamage:51200L}}"
"roguelike","","loot_tools","TOOLS","2","2","2","true","Saw","3","1","1","102","0.029412","gregtech:gt.metatool.01","10","","{ench:[0:{id:16s,lvl:2s}],GT.ToolStats:{SecondaryMaterial:""Wood"",PrimaryMaterial:""Steel"",Mode:0b,MaxDamage:51200L}}"
"roguelike","","loot_tools","TOOLS","2","2","2","true","File","3","1","1","102","0.029412","gregtech:gt.metatool.01","18","","{ench:[0:{id:16s,lvl:2s}],GT.ToolStats:{SecondaryMaterial:""Wood"",PrimaryMaterial:""Steel"",Mode:0b,MaxDamage:51200L}}"
"roguelike","","loot_tools","TOOLS","2","2","2","true","Wrench","3","1","1","102","0.029412","gregtech:gt.metatool.01","16","","{ench:[0:{id:16s,lvl:2s}],GT.ToolStats:{SecondaryMaterial:""Wood"",PrimaryMaterial:""Steel"",Mode:0b,MaxDamage:51200L}}"
"roguelike","","loot_tools","TOOLS","2","2","2","true","Crowbar","3","1","1","102","0.029412","gregtech:gt.metatool.01","20","","{ench:[0:{id:16s,lvl:2s}],GT.ToolStats:{SecondaryMaterial:""Wood"",PrimaryMaterial:""Steel"",Mode:0b,MaxDamage:51200L}}"
"roguelike","","loot_tools","TOOLS","2","2","2","true","Butchery Knife","3","1","1","102","0.029412","gregtech:gt.metatool.01","36","","{ench:[0:{id:16s,lvl:2s}],GT.ToolStats:{SecondaryMaterial:""Wood"",PrimaryMaterial:""Steel"",Mode:0b,MaxDamage:51200L}}"
"roguelike","","loot_tools","TOOLS","2","2","2","true","Screwdriver","3","1","1","102","0.029412","gregtech:gt.metatool.01","22","","{ench:[0:{id:16s,lvl:2s}],GT.ToolStats:{SecondaryMaterial:""Wood"",PrimaryMaterial:""Steel"",Mode:0b,MaxDamage:51200L}}"
"roguelike","","loot_tools","TOOLS","2","2","2","true","Knife","3","1","1","102","0.029412","gregtech:gt.metatool.01","34","","{ench:[0:{id:16s,lvl:2s}],GT.ToolStats:{SecondaryMaterial:""Wood"",PrimaryMaterial:""Steel"",Mode:0b,MaxDamage:51200L}}"
"roguelike","","loot_tools","TOOLS","2","2","2","true","Soft Mallet","3","1","1","102","0.029412","gregtech:gt.metatool.01","14","","{ench:[0:{id:19s,lvl:2s}],GT.ToolStats:{SecondaryMaterial:""Wood"",PrimaryMaterial:""Rubber"",Mode:0b,MaxDamage:25600L}}"
"roguelike","","loot_tools","TOOLS","2","2","2","true","Plunger","3","1","1","102","0.029412","gregtech:gt.metatool.01","44","","{ench:[0:{id:16s,lvl:2s}],GT.ToolStats:{SecondaryMaterial:""Wood"",PrimaryMaterial:""Steel"",Mode:0b,MaxDamage:51200L}}"
"roguelike","","loot_tools","TOOLS","2","2","2","true","Wire Cutter","3","1","1","102","0.029412","gregtech:gt.metatool.01","26","","{ench:[0:{id:16s,lvl:2s}],GT.ToolStats:{SecondaryMaterial:""Wood"",PrimaryMaterial:""Steel"",Mode:0b,MaxDamage:51200L}}"
"roguelike","","loot_tools","TOOLS","2","2","2","true","Rolling Pin","3","1","1","102","0.029412","gregtech:gt.metatool.01","46","","{ench:[0:{id:16s,lvl:2s}],GT.ToolStats:{SecondaryMaterial:""Aluminium"",PrimaryMaterial:""Aluminium"",Mode:0b,MaxDamage:12800L}}"
"roguelike","","loot_tools","TOOLS","2","2","2","true","Mortar","3","1","1","102","0.029412","gregtech:gt.metatool.01","24","","{ench:[0:{id:16s,lvl:2s}],GT.ToolStats:{SecondaryMaterial:""Wood"",PrimaryMaterial:""Steel"",Mode:0b,MaxDamage:51200L}}"
"roguelike","","loot_tools","TOOLS","2","2","2","true","Diamond Scythe","2","1","1","102","0.019608","BiomesOPlenty:scytheDiamond","0","",""
"roguelike","","loot_tools","TOOLS","3","2","2","true","Spade","2","1","1","102","0.019608","cropsnh:spade","0","",""
"roguelike","","loot_tools","TOOLS","3","2","2","true","Plant Lens","2","1","1","102","0.019608","cropsnh:plantLens","0","",""
"roguelike","","loot_tools","TOOLS","3","2","2","true","Flint and Steel","4","1","1","102","0.039216","minecraft:flint_and_steel","0","",""
"roguelike","","loot_tools","TOOLS","3","2","2","true","Fishing Rod","2","1","1","102","0.019608","minecraft:fishing_rod","0","",""
"roguelike","","loot_tools","TOOLS","3","2","2","true","Shears","3","1","1","102","0.029412","minecraft:shears","0","",""
"roguelike","","loot_tools","TOOLS","3","2","2","true","Lead","6","1","1","102","0.058824","minecraft:lead","0","",""
"roguelike","","loot_tools","TOOLS","3","2","2","true","Clock","2","1","1","102","0.019608","minecraft:clock","0","",""
"roguelike","","loot_tools","TOOLS","3","2","2","true","Bucket","5","1","1","102","0.049020","minecraft:bucket","0","",""
"roguelike","","loot_tools","TOOLS","3","2","2","true","Fired Clay Bucket","4","1","1","102","0.039216","IguanaTweaksTConstruct:clayBucketFired","0","",""
"roguelike","","loot_tools","TOOLS","3","2","2","true","Treetap","6","1","1","102","0.058824","IC2:itemTreetap","0","",""
"roguelike","","loot_tools","TOOLS","3","2","2","true","Lunch Box","1","1","1","102","0.009804","SpiceOfLife:lunchbox","0","",""
"roguelike","","loot_tools","TOOLS","3","2","2","true","Lunch Bag","2","1","1","102","0.019608","SpiceOfLife:lunchbag","0","",""
"roguelike","","loot_tools","TOOLS","3","2","2","true","Mixing Bowl","4","1","1","102","0.039216","harvestcraft:mixingbowlItem","0","",""
"roguelike","","loot_tools","TOOLS","3","2","2","true","Pot","4","1","1","102","0.039216","harvestcraft:potItem","0","",""
"roguelike","","loot_tools","TOOLS","3","2","2","true","Saucepan","4","1","1","102","0.039216","harvestcraft:saucepanItem","0","",""
"roguelike","","loot_tools","TOOLS","3","2","2","true","Skillet","4","1","1","102","0.039216","harvestcraft:skilletItem","0","",""
"roguelike","","loot_tools","TOOLS","3","2","2","true","Scoop","5","1","1","102","0.049020","Forestry:scoop","0","",""
"roguelike","","loot_tools","TOOLS","3","2","2","true","Ore Finder Wand","1","1","1","102","0.009804","ifu:ifu_buildingKit","10","",""
"roguelike","","loot_tools","TOOLS","3","2","2","true","Hammer","3","1","1","102","0.029412","gregtech:gt.metatool.01","12","","{ench:[0:{id:16s,lvl:2s}],GT.ToolStats:{SecondaryMaterial:""Wood"",PrimaryMaterial:""Steel"",Mode:0b,MaxDamage:51200L}}"
"roguelike","","loot_tools","TOOLS","3","2","2","true","Saw","3","1","1","102","0.029412","gregtech:gt.metatool.01","10","","{ench:[0:{id:16s,lvl:2s}],GT.ToolStats:{SecondaryMaterial:""Wood"",PrimaryMaterial:""Steel"",Mode:0b,MaxDamage:51200L}}"
"roguelike","","loot_tools","TOOLS","3","2","2","true","File","3","1","1","102","0.029412","gregtech:gt.metatool.01","18","","{ench:[0:{id:16s,lvl:2s}],GT.ToolStats:{SecondaryMaterial:""Wood"",PrimaryMaterial:""Steel"",Mode:0b,MaxDamage:51200L}}"
"roguelike","","loot_tools","TOOLS","3","2","2","true","Wrench","3","1","1","102","0.029412","gregtech:gt.metatool.01","16","","{ench:[0:{id:16s,lvl:2s}],GT.ToolStats:{SecondaryMaterial:""Wood"",PrimaryMaterial:""Steel"",Mode:0b,MaxDamage:51200L}}"
"roguelike","","loot_tools","TOOLS","3","2","2","true","Crowbar","3","1","1","102","0.029412","gregtech:gt.metatool.01","20","","{ench:[0:{id:16s,lvl:2s}],GT.ToolStats:{SecondaryMaterial:""Wood"",PrimaryMaterial:""Steel"",Mode:0b,MaxDamage:51200L}}"
"roguelike","","loot_tools","TOOLS","3","2","2","true","Butchery Knife","3","1","1","102","0.029412","gregtech:gt.metatool.01","36","","{ench:[0:{id:16s,lvl:2s}],GT.ToolStats:{SecondaryMaterial:""Wood"",PrimaryMaterial:""Steel"",Mode:0b,MaxDamage:51200L}}"
"roguelike","","loot_tools","TOOLS","3","2","2","true","Screwdriver","3","1","1","102","0.029412","gregtech:gt.metatool.01","22","","{ench:[0:{id:16s,lvl:2s}],GT.ToolStats:{SecondaryMaterial:""Wood"",PrimaryMaterial:""Steel"",Mode:0b,MaxDamage:51200L}}"
"roguelike","","loot_tools","TOOLS","3","2","2","true","Knife","3","1","1","102","0.029412","gregtech:gt.metatool.01","34","","{ench:[0:{id:16s,lvl:2s}],GT.ToolStats:{SecondaryMaterial:""Wood"",PrimaryMaterial:""Steel"",Mode:0b,MaxDamage:51200L}}"
"roguelike","","loot_tools","TOOLS","3","2","2","true","Soft Mallet","3","1","1","102","0.029412","gregtech:gt.metatool.01","14","","{ench:[0:{id:19s,lvl:2s}],GT.ToolStats:{SecondaryMaterial:""Wood"",PrimaryMaterial:""Rubber"",Mode:0b,MaxDamage:25600L}}"
"roguelike","","loot_tools","TOOLS","3","2","2","true","Plunger","3","1","1","102","0.029412","gregtech:gt.metatool.01","44","","{ench:[0:{id:16s,lvl:2s}],GT.ToolStats:{SecondaryMaterial:""Wood"",PrimaryMaterial:""Steel"",Mode:0b,MaxDamage:51200L}}"
"roguelike","","loot_tools","TOOLS","3","2","2","true","Wire Cutter","3","1","1","102","0.029412","gregtech:gt.metatool.01","26","","{ench:[0:{id:16s,lvl:2s}],GT.ToolStats:{SecondaryMaterial:""Wood"",PrimaryMaterial:""Steel"",Mode:0b,MaxDamage:51200L}}"
"roguelike","","loot_tools","TOOLS","3","2","2","true","Rolling Pin","3","1","1","102","0.029412","gregtech:gt.metatool.01","46","","{ench:[0:{id:16s,lvl:2s}],GT.ToolStats:{SecondaryMaterial:""Aluminium"",PrimaryMaterial:""Aluminium"",Mode:0b,MaxDamage:12800L}}"
"roguelike","","loot_tools","TOOLS","3","2","2","true","Mortar","3","1","1","102","0.029412","gregtech:gt.metatool.01","24","","{ench:[0:{id:16s,lvl:2s}],GT.ToolStats:{SecondaryMaterial:""Wood"",PrimaryMaterial:""Steel"",Mode:0b,MaxDamage:51200L}}"
"roguelike","","loot_tools","TOOLS","3","2","2","true","Diamond Scythe","2","1","1","102","0.019608","BiomesOPlenty:scytheDiamond","0","",""
"roguelike","","loot_tools","TOOLS","4","2","2","true","Spade","2","1","1","102","0.019608","cropsnh:spade","0","",""
"roguelike","","loot_tools","TOOLS","4","2","2","true","Plant Lens","2","1","1","102","0.019608","cropsnh:plantLens","0","",""
"roguelike","","loot_tools","TOOLS","4","2","2","true","Flint and Steel","4","1","1","102","0.039216","minecraft:flint_and_steel","0","",""
"roguelike","","loot_tools","TOOLS","4","2","2","true","Fishing Rod","2","1","1","102","0.019608","minecraft:fishing_rod","0","",""
"roguelike","","loot_tools","TOOLS","4","2","2","true","Shears","3","1","1","102","0.029412","minecraft:shears","0","",""
"roguelike","","loot_tools","TOOLS","4","2","2","true","Lead","6","1","1","102","0.058824","minecraft:lead","0","",""
"roguelike","","loot_tools","TOOLS","4","2","2","true","Clock","2","1","1","102","0.019608","minecraft:clock","0","",""
"roguelike","","loot_tools","TOOLS","4","2","2","true","Bucket","5","1","1","102","0.049020","minecraft:bucket","0","",""
"roguelike","","loot_tools","TOOLS","4","2","2","true","Fired Clay Bucket","4","1","1","102","0.039216","IguanaTweaksTConstruct:clayBucketFired","0","",""
"roguelike","","loot_tools","TOOLS","4","2","2","true","Treetap","6","1","1","102","0.058824","IC2:itemTreetap","0","",""
"roguelike","","loot_tools","TOOLS","4","2","2","true","Lunch Box","1","1","1","102","0.009804","SpiceOfLife:lunchbox","0","",""
"roguelike","","loot_tools","TOOLS","4","2","2","true","Lunch Bag","2","1","1","102","0.019608","SpiceOfLife:lunchbag","0","",""
"roguelike","","loot_tools","TOOLS","4","2","2","true","Mixing Bowl","4","1","1","102","0.039216","harvestcraft:mixingbowlItem","0","",""
"roguelike","","loot_tools","TOOLS","4","2","2","true","Pot","4","1","1","102","0.039216","harvestcraft:potItem","0","",""
"roguelike","","loot_tools","TOOLS","4","2","2","true","Saucepan","4","1","1","102","0.039216","harvestcraft:saucepanItem","0","",""
"roguelike","","loot_tools","TOOLS","4","2","2","true","Skillet","4","1","1","102","0.039216","harvestcraft:skilletItem","0","",""
"roguelike","","loot_tools","TOOLS","4","2","2","true","Scoop","5","1","1","102","0.049020","Forestry:scoop","0","",""
"roguelike","","loot_tools","TOOLS","4","2","2","true","Ore Finder Wand","1","1","1","102","0.009804","ifu:ifu_buildingKit","10","",""
"roguelike","","loot_tools","TOOLS","4","2","2","true","Hammer","3","1","1","102","0.029412","gregtech:gt.metatool.01","12","","{ench:[0:{id:16s,lvl:2s}],GT.ToolStats:{SecondaryMaterial:""Wood"",PrimaryMaterial:""Steel"",Mode:0b,MaxDamage:51200L}}"
"roguelike","","loot_tools","TOOLS","4","2","2","true","Saw","3","1","1","102","0.029412","gregtech:gt.metatool.01","10","","{ench:[0:{id:16s,lvl:2s}],GT.ToolStats:{SecondaryMaterial:""Wood"",PrimaryMaterial:""Steel"",Mode:0b,MaxDamage:51200L}}"
"roguelike","","loot_tools","TOOLS","4","2","2","true","File","3","1","1","102","0.029412","gregtech:gt.metatool.01","18","","{ench:[0:{id:16s,lvl:2s}],GT.ToolStats:{SecondaryMaterial:""Wood"",PrimaryMaterial:""Steel"",Mode:0b,MaxDamage:51200L}}"
"roguelike","","loot_tools","TOOLS","4","2","2","true","Wrench","3","1","1","102","0.029412","gregtech:gt.metatool.01","16","","{ench:[0:{id:16s,lvl:2s}],GT.ToolStats:{SecondaryMaterial:""Wood"",PrimaryMaterial:""Steel"",Mode:0b,MaxDamage:51200L}}"
"roguelike","","loot_tools","TOOLS","4","2","2","true","Crowbar","3","1","1","102","0.029412","gregtech:gt.metatool.01","20","","{ench:[0:{id:16s,lvl:2s}],GT.ToolStats:{SecondaryMaterial:""Wood"",PrimaryMaterial:""Steel"",Mode:0b,MaxDamage:51200L}}"
"roguelike","","loot_tools","TOOLS","4","2","2","true","Butchery Knife","3","1","1","102","0.029412","gregtech:gt.metatool.01","36","","{ench:[0:{id:16s,lvl:2s}],GT.ToolStats:{SecondaryMaterial:""Wood"",PrimaryMaterial:""Steel"",Mode:0b,MaxDamage:51200L}}"
"roguelike","","loot_tools","TOOLS","4","2","2","true","Screwdriver","3","1","1","102","0.029412","gregtech:gt.metatool.01","22","","{ench:[0:{id:16s,lvl:2s}],GT.ToolStats:{SecondaryMaterial:""Wood"",PrimaryMaterial:""Steel"",Mode:0b,MaxDamage:51200L}}"
"roguelike","","loot_tools","TOOLS","4","2","2","true","Knife","3","1","1","102","0.029412","gregtech:gt.metatool.01","34","","{ench:[0:{id:16s,lvl:2s}],GT.ToolStats:{SecondaryMaterial:""Wood"",PrimaryMaterial:""Steel"",Mode:0b,MaxDamage:51200L}}"
"roguelike","","loot_tools","TOOLS","4","2","2","true","Soft Mallet","3","1","1","102","0.029412","gregtech:gt.metatool.01","14","","{ench:[0:{id:19s,lvl:2s}],GT.ToolStats:{SecondaryMaterial:""Wood"",PrimaryMaterial:""Rubber"",Mode:0b,MaxDamage:25600L}}"
"roguelike","","loot_tools","TOOLS","4","2","2","true","Plunger","3","1","1","102","0.029412","gregtech:gt.metatool.01","44","","{ench:[0:{id:16s,lvl:2s}],GT.ToolStats:{SecondaryMaterial:""Wood"",PrimaryMaterial:""Steel"",Mode:0b,MaxDamage:51200L}}"
"roguelike","","loot_tools","TOOLS","4","2","2","true","Wire Cutter","3","1","1","102","0.029412","gregtech:gt.metatool.01","26","","{ench:[0:{id:16s,lvl:2s}],GT.ToolStats:{SecondaryMaterial:""Wood"",PrimaryMaterial:""Steel"",Mode:0b,MaxDamage:51200L}}"
"roguelike","","loot_tools","TOOLS","4","2","2","true","Rolling Pin","3","1","1","102","0.029412","gregtech:gt.metatool.01","46","","{ench:[0:{id:16s,lvl:2s}],GT.ToolStats:{SecondaryMaterial:""Aluminium"",PrimaryMaterial:""Aluminium"",Mode:0b,MaxDamage:12800L}}"
"roguelike","","loot_tools","TOOLS","4","2","2","true","Mortar","3","1","1","102","0.029412","gregtech:gt.metatool.01","24","","{ench:[0:{id:16s,lvl:2s}],GT.ToolStats:{SecondaryMaterial:""Wood"",PrimaryMaterial:""Steel"",Mode:0b,MaxDamage:51200L}}"
"roguelike","","loot_tools","TOOLS","4","2","2","true","Diamond Scythe","2","1","1","102","0.019608","BiomesOPlenty:scytheDiamond","0","",""
"roguelike","","loot_tools","TOOLS","0","2","2","true","Wooden Binding","1","1","1","12","0.083333","TConstruct:binding","0","",""
"roguelike","","loot_tools","TOOLS","0","2","2","true","Flint Binding","1","1","1","12","0.083333","TConstruct:binding","3","",""
"roguelike","","loot_tools","TOOLS","0","2","2","true","Cactus Binding","1","1","1","12","0.083333","TConstruct:binding","4","",""
"roguelike","","loot_tools","TOOLS","0","2","2","true","Wooden Tool Rod","1","1","1","12","0.083333","TConstruct:toolRod","0","",""
"roguelike","","loot_tools","TOOLS","0","2","2","true","Flint Tool Rod","1","1","1","12","0.083333","TConstruct:toolRod","3","",""
"roguelike","","loot_tools","TOOLS","0","2","2","true","Cactus Tool Rod","1","1","1","12","0.083333","TConstruct:toolRod","4","",""
"roguelike","","loot_tools","TOOLS","0","2","2","true","Wooden Axe Head","1","1","1","12","0.083333","TConstruct:hatchetHead","0","",""
"roguelike","","loot_tools","TOOLS","0","2","2","true","Flint Axe Head","1","1","1","12","0.083333","TConstruct:hatchetHead","3","",""
"roguelike","","loot_tools","TOOLS","0","2","2","true","Cactus Axe Head","1","1","1","12","0.083333","TConstruct:hatchetHead","4","",""
"roguelike","","loot_tools","TOOLS","0","2","2","true","Wooden Shovel Head","1","1","1","12","0.083333","TConstruct:shovelHead","0","",""
"roguelike","","loot_tools","TOOLS","0","2","2","true","Flint Shovel Head","1","1","1","12","0.083333","TConstruct:shovelHead","3","",""
"roguelike","","loot_tools","TOOLS","0","2","2","true","Cactus Shovel Head","1","1","1","12","0.083333","TConstruct:shovelHead","4","",""
"roguelike","","loot_tools","TOOLS","1","2","2","true","Bronze Binding","1","1","1","12","0.083333","TConstruct:binding","14","",""
"roguelike","","loot_tools","TOOLS","1","2","2","true","Pig Iron Binding","1","1","1","12","0.083333","TConstruct:binding","18","",""
"roguelike","","loot_tools","TOOLS","1","2","2","true","Iron Binding","1","1","1","12","0.083333","TConstruct:binding","2","",""
"roguelike","","loot_tools","TOOLS","1","2","2","true","Bronze Tool Rod","1","1","1","12","0.083333","TConstruct:toolRod","14","",""
"roguelike","","loot_tools","TOOLS","1","2","2","true","Pig Iron Tool Rod","1","1","1","12","0.083333","TConstruct:toolRod","18","",""
"roguelike","","loot_tools","TOOLS","1","2","2","true","Iron Tool Rod","1","1","1","12","0.083333","TConstruct:toolRod","2","",""
"roguelike","","loot_tools","TOOLS","1","2","2","true","Bronze Axe Head","1","1","1","12","0.083333","TConstruct:hatchetHead","14","",""
"roguelike","","loot_tools","TOOLS","1","2","2","true","Pig Iron Axe Head","1","1","1","12","0.083333","TConstruct:hatchetHead","18","",""
"roguelike","","loot_tools","TOOLS","1","2","2","true","Iron Axe Head","1","1","1","12","0.083333","TConstruct:hatchetHead","2","",""
"roguelike","","loot_tools","TOOLS","1","2","2","true","Bronze Shovel Head","1","1","1","12","0.083333","TConstruct:shovelHead","14","",""
"roguelike","","loot_tools","TOOLS","1","2","2","true","Pig Iron Shovel Head","1","1","1","12","0.083333","TConstruct:shovelHead","18","",""
"roguelike","","loot_tools","TOOLS","1","2","2","true","Iron Shovel Head","1","1","1","12","0.083333","TConstruct:shovelHead","2","",""
"roguelike","","loot_tools","TOOLS","2","2","2","true","Obsidian Binding","1","1","1","21","0.047619","TConstruct:binding","6","",""
"roguelike","","loot_tools","TOOLS","2","2","2","true","Queen's Gold Binding","1","1","1","21","0.047619","TConstruct:binding","202","",""
"roguelike","","loot_tools","TOOLS","2","2","2","true","Electrum Binding","1","1","1","21","0.047619","TConstruct:binding","1595","",""
"roguelike","","loot_tools","TOOLS","2","2","2","true","Obsidian Tool Rod","1","1","1","21","0.047619","TConstruct:toolRod","6","",""
"roguelike","","loot_tools","TOOLS","2","2","2","true","Queen's Gold Tool Rod","1","1","1","21","0.047619","TConstruct:toolRod","202","",""
"roguelike","","loot_tools","TOOLS","2","2","2","true","Electrum Tool Rod","1","1","1","21","0.047619","TConstruct:toolRod","1595","",""
"roguelike","","loot_tools","TOOLS","2","2","2","true","Obsidian Axe Head","1","1","1","21","0.047619","TConstruct:hatchetHead","6","",""
"roguelike","","loot_tools","TOOLS","2","2","2","true","Queen's Gold Axe Head","1","1","1","21","0.047619","TConstruct:hatchetHead","202","",""
"roguelike","","loot_tools","TOOLS","2","2","2","true","Electrum Axe Head","1","1","1","21","0.047619","TConstruct:hatchetHead","1595","",""
"roguelike","","loot_tools","TOOLS","2","2","2","true","Obsidian Shovel Head","1","1","1","21","0.047619","TConstruct:shovelHead","6","",""
"roguelike","","loot_tools","TOOLS","2","2","2","true","Queen's Gold Shovel Head","1","1","1","21","0.047619","TConstruct:shovelHead","202","",""
"roguelike","","loot_tools","TOOLS","2","2","2","true","Electrum Shovel Head","1","1","1","21","0.047619","TConstruct:shovelHead","1595","",""
"roguelike","","loot_tools","TOOLS","2","2","2","true","Obsidian Tough Rod","1","1","1","21","0.047619","TConstruct:toughRod","6","",""
"roguelike","","loot_tools","TOOLS","2","2","2","true","Queen's Gold Tough Rod","1","1","1","21","0.047619","TConstruct:toughRod","202","",""
"roguelike","","loot_tools","TOOLS","2","2","2","true","Electrum Tough Rod","1","1","1","21","0.047619","TConstruct:toughRod","1595","",""
"roguelike","","loot_tools","TOOLS","2","2","2","true","Obsidian Tough Binding","1","1","1","21","0.047619","TConstruct:toughBinding","6","",""
"roguelike","","loot_tools","TOOLS","2","2","2","true","Queen's Gold Tough Binding","1","1","1","21","0.047619","TConstruct:toughBinding","202","",""
"roguelike","","loot_tools","TOOLS","2","2","2","true","Electrum Tough Binding","1","1","1","21","0.047619","TConstruct:toughBinding","1595","",""
"roguelike","","loot_tools","TOOLS","2","2","2","true","Obsidian Large Plate","1","1","1","21","0.047619","TConstruct:heavyPlate","6","",""
"roguelike","","loot_tools","TOOLS","2","2","2","true","Queen's Gold Large Plate","1","1","1","21","0.047619","TConstruct:heavyPlate","202","",""
"roguelike","","loot_tools","TOOLS","2","2","2","true","Electrum Large Plate","1","1","1","21","0.047619","TConstruct:heavyPlate","1595","",""
"roguelike","","loot_tools","TOOLS","3","2","2","true","Steel Excavator Head","1","1","1","18","0.055556","TConstruct:excavatorHead","16","",""
"roguelike","","loot_tools","TOOLS","3","2","2","true","Alumite Excavator Head","1","1","1","18","0.055556","TConstruct:excavatorHead","15","",""
"roguelike","","loot_tools","TOOLS","3","2","2","true","Magnetic Steel Excavator Head","1","1","1","18","0.055556","TConstruct:excavatorHead","1647","",""
"roguelike","","loot_tools","TOOLS","3","2","2","true","Steel Hammer Head","1","1","1","18","0.055556","TConstruct:hammerHead","16","",""
"roguelike","","loot_tools","TOOLS","3","2","2","true","Alumite Hammer Head","1","1","1","18","0.055556","TConstruct:hammerHead","15","",""
"roguelike","","loot_tools","TOOLS","3","2","2","true","Magnetic Steel Hammer Head","1","1","1","18","0.055556","TConstruct:hammerHead","1647","",""
"roguelike","","loot_tools","TOOLS","3","2","2","true","Steel Scythe Head","1","1","1","18","0.055556","TConstruct:scytheBlade","16","",""
"roguelike","","loot_tools","TOOLS","3","2","2","true","Obsidian Scythe Head","1","1","1","18","0.055556","TConstruct:scytheBlade","6","",""
"roguelike","","loot_tools","TOOLS","3","2","2","true","Magnetic Steel Scythe Head","1","1","1","18","0.055556","TConstruct:scytheBlade","1647","",""
"roguelike","","loot_tools","TOOLS","3","2","2","true","Steel Tough Rod","1","1","1","18","0.055556","TConstruct:toughRod","16","",""
"roguelike","","loot_tools","TOOLS","3","2","2","true","Alumite Tough Rod","1","1","1","18","0.055556","TConstruct:toughRod","15","",""
"roguelike","","loot_tools","TOOLS","3","2","2","true","Magnetic Steel Tough Rod","1","1","1","18","0.055556","TConstruct:toughRod","1647","",""
"roguelike","","loot_tools","TOOLS","3","2","2","true","Steel Tough Binding","1","1","1","18","0.055556","TConstruct:toughBinding","16","",""
"roguelike","","loot_tools","TOOLS","3","2","2","true","Alumite Tough Binding","1","1","1","18","0.055556","TConstruct:toughBinding","15","",""
"roguelike","","loot_tools","TOOLS","3","2","2","true","Magnetic Steel Tough Binding","1","1","1","18","0.055556","TConstruct:toughBinding","1647","",""
"roguelike","","loot_tools","TOOLS","3","2","2","true","Steel Large Plate","1","1","1","18","0.055556","TConstruct:heavyPlate","16","",""
"roguelike","","loot_tools","TOOLS","3","2","2","true","Alumite Large Plate","1","1","1","18","0.055556","TConstruct:heavyPlate","15","",""
"roguelike","","loot_tools","TOOLS","3","2","2","true","Magnetic Steel Large Plate","1","1","1","18","0.055556","TConstruct:heavyPlate","1647","",""
"roguelike","","loot_tools","TOOLS","4","2","2","true","Aeon Steel Excavator Head","1","1","1","18","0.055556","TConstruct:excavatorHead","201","",""
"roguelike","","loot_tools","TOOLS","4","2","2","true","Ardite Excavator Head","1","1","1","18","0.055556","TConstruct:excavatorHead","11","",""
"roguelike","","loot_tools","TOOLS","4","2","2","true","Cobalt Excavator Head","1","1","1","18","0.055556","TConstruct:excavatorHead","10","",""
"roguelike","","loot_tools","TOOLS","4","2","2","true","Aeon Steel Hammer Head","1","1","1","18","0.055556","TConstruct:hammerHead","201","",""
"roguelike","","loot_tools","TOOLS","4","2","2","true","Ardite Hammer Head","1","1","1","18","0.055556","TConstruct:hammerHead","11","",""
"roguelike","","loot_tools","TOOLS","4","2","2","true","Cobalt Hammer Head","1","1","1","18","0.055556","TConstruct:hammerHead","10","",""
"roguelike","","loot_tools","TOOLS","4","2","2","true","Aeon Steel Scythe Head","1","1","1","18","0.055556","TConstruct:scytheBlade","201","",""
"roguelike","","loot_tools","TOOLS","4","2","2","true","Ardite Scythe Head","1","1","1","18","0.055556","TConstruct:scytheBlade","11","",""
"roguelike","","loot_tools","TOOLS","4","2","2","true","Cobalt Scythe Head","1","1","1","18","0.055556","TConstruct:scytheBlade","10","",""
"roguelike","","loot_tools","TOOLS","4","2","2","true","Aeon Steel Tough Rod","1","1","1","18","0.055556","TConstruct:toughRod","201","",""
"roguelike","","loot_tools","TOOLS","4","2","2","true","Ardite Tough Rod","1","1","1","18","0.055556","TConstruct:toughRod","11","",""
"roguelike","","loot_tools","TOOLS","4","2","2","true","Cobalt Tough Rod","1","1","1","18","0.055556","TConstruct:toughRod","10","",""
"roguelike","","loot_tools","TOOLS","4","2","2","true","Aeon Steel Tough Binding","1","1","1","18","0.055556","TConstruct:toughBinding","201","",""
"roguelike","","loot_tools","TOOLS","4","2","2","true","Ardite Tough Binding","1","1","1","18","0.055556","TConstruct:toughBinding","11","",""
"roguelike","","loot_tools","TOOLS","4","2","2","true","Cobalt Tough Binding","1","1","1","18","0.055556","TConstruct:toughBinding","10","",""
"roguelike","","loot_tools","TOOLS","4","2","2","true","Aeon Steel Large Plate","1","1","1","18","0.055556","TConstruct:heavyPlate","201","",""
"roguelike","","loot_tools","TOOLS","4","2","2","true","Ardite Large Plate","1","1","1","18","0.055556","TConstruct:heavyPlate","11","",""
"roguelike","","loot_tools","TOOLS","4","2","2","true","Cobalt Large Plate","1","1","1","18","0.055556","TConstruct:heavyPlate","10","",""
"roguelike","","loot_weapons","WEAPONS","0","1","1","true","Bow","13","1","1","57","0.228070","minecraft:bow","0","",""
"roguelike","","loot_weapons","WEAPONS","0","1","1","true","Darkwood Bow","7","1","1","57","0.122807","Natura:natura.bow.darkwood","0","",""
"roguelike","","loot_weapons","WEAPONS","0","1","1","true","Stone Sword","7","1","1","57","0.122807","minecraft:stone_sword","0","","{ench:[0:{id:102s,lvl:1s},1:{id:17s,lvl:1s}],display:{Name:""Mesopotamian Mace""}}"
"roguelike","","loot_weapons","WEAPONS","0","1","1","true","Stone Sword","7","1","1","57","0.122807","minecraft:stone_sword","0","","{ench:[0:{id:19s,lvl:2s}],display:{Name:""Caveman's Club""}}"
"roguelike","","loot_weapons","WEAPONS","0","1","1","true","Wooden Sword","7","1","1","57","0.122807","minecraft:wooden_sword","0","","{ench:[0:{id:16s,lvl:2s},1:{id:34s,lvl:1s}],display:{Name:""Ancient Acinaces""}}"
"roguelike","","loot_weapons","WEAPONS","0","1","1","true","Stone Sword","7","1","1","57","0.122807","minecraft:stone_sword","0","","{ench:[0:{id:98s,lvl:1s},1:{id:180s,lvl:1s}],display:{Name:""Magic Makhaira""}}"
"roguelike","","loot_weapons","WEAPONS","0","1","1","true","Stone Sword","7","1","1","57","0.122807","minecraft:stone_sword","0","","{ench:[0:{id:18s,lvl:2s},1:{id:19s,lvl:1s}],display:{Name:""Spider Sica""}}"
"roguelike","","loot_weapons","WEAPONS","0","1","1","true","Stick","2","1","1","57","0.035088","minecraft:stick","0","","{ench:[0:{id:19s,lvl:5s}],display:{Name:""Hercales' Club""}}"
"roguelike","","loot_weapons","WEAPONS","0","4","4","true","Wooden Sword Blade","1","1","1","18","0.055556","TConstruct:swordBlade","0","",""
"roguelike","","loot_weapons","WEAPONS","0","4","4","true","Flint Sword Blade","1","1","1","18","0.055556","TConstruct:swordBlade","3","",""
"roguelike","","loot_weapons","WEAPONS","0","4","4","true","Cactus Sword Blade","1","1","1","18","0.055556","TConstruct:swordBlade","4","",""
"roguelike","","loot_weapons","WEAPONS","0","4","4","true","Wooden Wide Guard","1","1","1","18","0.055556","TConstruct:wideGuard","0","",""
"roguelike","","loot_weapons","WEAPONS","0","4","4","true","Flint Wide Guard","1","1","1","18","0.055556","TConstruct:wideGuard","3","",""
"roguelike","","loot_weapons","WEAPONS","0","4","4","true","Cactus Wide Guard","1","1","1","18","0.055556","TConstruct:wideGuard","4","",""
"roguelike","","loot_weapons","WEAPONS","0","4","4","true","Wooden Hand Guard","1","1","1","18","0.055556","TConstruct:handGuard","0","",""
"roguelike","","loot_weapons","WEAPONS","0","4","4","true","Flint Hand Guard","1","1","1","18","0.055556","TConstruct:handGuard","3","",""
"roguelike","","loot_weapons","WEAPONS","0","4","4","true","Cactus Hand Guard","1","1","1","18","0.055556","TConstruct:handGuard","4","",""
"roguelike","","loot_weapons","WEAPONS","0","4","4","true","Wooden Pan","1","1","1","18","0.055556","TConstruct:frypanHead","0","",""
"roguelike","","loot_weapons","WEAPONS","0","4","4","true","Flint Pan","1","1","1","18","0.055556","TConstruct:frypanHead","3","",""
"roguelike","","loot_weapons","WEAPONS","0","4","4","true","Cactus Pan","1","1","1","18","0.055556","TConstruct:frypanHead","4","",""
"roguelike","","loot_weapons","WEAPONS","0","4","4","true","Wooden Knife Blade","1","1","1","18","0.055556","TConstruct:knifeBlade","0","",""
"roguelike","","loot_weapons","WEAPONS","0","4","4","true","Flint Knife Blade","1","1","1","18","0.055556","TConstruct:knifeBlade","3","",""
"roguelike","","loot_weapons","WEAPONS","0","4","4","true","Cactus Knife Blade","1","1","1","18","0.055556","TConstruct:knifeBlade","4","",""
"roguelike","","loot_weapons","WEAPONS","0","4","4","true","Wooden Arrowhead","1","1","1","18","0.055556","TConstruct:arrowhead","0","",""
"roguelike","","loot_weapons","WEAPONS","0","4","4","true","Flint Arrowhead","1","1","1","18","0.055556","TConstruct:arrowhead","3","",""
"roguelike","","loot_weapons","WEAPONS","0","4","4","true","Cactus Arrowhead","1","1","1","18","0.055556","TConstruct:arrowhead","4","",""
"roguelike","","loot_weapons","WEAPONS","1","4","4","true","Bronze Sword Blade","1","1","1","21","0.047619","TConstruct:swordBlade","14","",""
"roguelike","","loot_weapons","WEAPONS","1","4","4","true","Pig Iron Sword Blade","1","1","1","21","0.047619","TConstruct:swordBlade","18","",""
"roguelike","","loot_weapons","WEAPONS","1","4","4","true","Iron Sword Blade","1","1","1","21","0.047619","TConstruct:swordBlade","2","",""
"roguelike","","loot_weapons","WEAPONS","1","4","4","true","Bronze Wide Guard","1","1","1","21","0.047619","TConstruct:wideGuard","14","",""
"roguelike","","loot_weapons","WEAPONS","1","4","4","true","Pig Iron Wide Guard","1","1","1","21","0.047619","TConstruct:wideGuard","18","",""
"roguelike","","loot_weapons","WEAPONS","1","4","4","true","Iron Wide Guard","1","1","1","21","0.047619","TConstruct:wideGuard","2","",""
"roguelike","","loot_weapons","WEAPONS","1","4","4","true","Bronze Hand Guard","1","1","1","21","0.047619","TConstruct:handGuard","14","",""
"roguelike","","loot_weapons","WEAPONS","1","4","4","true","Pig Iron Hand Guard","1","1","1","21","0.047619","TConstruct:handGuard","18","",""
"roguelike","","loot_weapons","WEAPONS","1","4","4","true","Iron Hand Guard","1","1","1","21","0.047619","TConstruct:handGuard","2","",""
"roguelike","","loot_weapons","WEAPONS","1","4","4","true","Bronze Pan","1","1","1","21","0.047619","TConstruct:frypanHead","14","",""
"roguelike","","loot_weapons","WEAPONS","1","4","4","true","Pig Iron Pan","1","1","1","21","0.047619","TConstruct:frypanHead","18","",""
"roguelike","","loot_weapons","WEAPONS","1","4","4","true","Iron Pan","1","1","1","21","0.047619","TConstruct:frypanHead","2","",""
"roguelike","","loot_weapons","WEAPONS","1","4","4","true","Bronze Knife Blade","1","1","1","21","0.047619","TConstruct:knifeBlade","14","",""
"roguelike","","loot_weapons","WEAPONS","1","4","4","true","Pig Iron Knife Blade","1","1","1","21","0.047619","TConstruct:knifeBlade","18","",""
"roguelike","","loot_weapons","WEAPONS","1","4","4","true","Iron Knife Blade","1","1","1","21","0.047619","TConstruct:knifeBlade","2","",""
"roguelike","","loot_weapons","WEAPONS","1","4","4","true","Bronze Arrowhead","1","1","1","21","0.047619","TConstruct:arrowhead","14","",""
"roguelike","","loot_weapons","WEAPONS","1","4","4","true","Pig Iron Arrowhead","1","1","1","21","0.047619","TConstruct:arrowhead","18","",""
"roguelike","","loot_weapons","WEAPONS","1","4","4","true","Feather Fletching","3","1","1","21","0.142857","TConstruct:fletching","0","",""
"roguelike","","loot_weapons","WEAPONS","1","4","4","true","Iron Arrowhead","1","1","1","21","0.047619","TConstruct:arrowhead","2","",""
"roguelike","","loot_weapons","WEAPONS","1","1","1","true","Bow of Bone","5","1","1","56","0.089286","Thaumcraft:ItemBowBone","0","",""
"roguelike","","loot_weapons","WEAPONS","1","1","1","true","Bow","7","1","1","56","0.125000","minecraft:bow","0","",""
"roguelike","","loot_weapons","WEAPONS","1","1","1","true","Bloodwood Bow","7","1","1","56","0.125000","Natura:natura.bow.bloodwood","0","",""
"roguelike","","loot_weapons","WEAPONS","1","1","1","true","Iron Sword","7","1","1","56","0.125000","minecraft:iron_sword","0","","{ench:[0:{id:34s,lvl:3s},1:{id:16s,lvl:1s}],display:{Name:""Great Gladius""}}"
"roguelike","","loot_weapons","WEAPONS","1","1","1","true","Iron Axe","7","1","1","56","0.125000","minecraft:iron_axe","0","","{ench:[0:{id:16s,lvl:3s}],display:{Name:""Deadly Dane Axe""}}"
"roguelike","","loot_weapons","WEAPONS","1","1","1","true","Iron Sword","7","1","1","56","0.125000","minecraft:iron_sword","0","","{ench:[0:{id:17s,lvl:1s},1:{id:19s,lvl:2s}],display:{Name:""Oppresive Oxborough Dirk""}}"
"roguelike","","loot_weapons","WEAPONS","1","1","1","true","Iron Sword","7","1","1","56","0.125000","minecraft:iron_sword","0","","{ench:[0:{id:99s,lvl:3s},1:{id:45s,lvl:3s}],display:{Name:""Handy Harpē""}}"
"roguelike","","loot_weapons","WEAPONS","1","1","1","true","Iron Sword","7","1","1","56","0.125000","minecraft:iron_sword","0","","{ench:[0:{id:20s,lvl:1s},1:{id:21s,lvl:2s}],display:{Name:""Dangerous Deer Catcher""}}"
"roguelike","","loot_weapons","WEAPONS","1","1","1","true","Golden Sword","2","1","1","56","0.035714","minecraft:golden_sword","0","","{ench:[0:{id:17s,lvl:7s},1:{id:34s,lvl:5s}],display:{Name:""Gladius Imperatoria""}}"
"roguelike","","loot_weapons","WEAPONS","2","1","1","true","Bow of Bone","5","1","1","62","0.080645","Thaumcraft:ItemBowBone","0","",""
"roguelike","","loot_weapons","WEAPONS","2","1","1","true","Bow","13","1","1","62","0.209677","minecraft:bow","0","",""
"roguelike","","loot_weapons","WEAPONS","2","1","1","true","Ghostwood Bow","7","1","1","62","0.112903","Natura:natura.bow.ghostwood","0","",""
"roguelike","","loot_weapons","WEAPONS","2","1","1","true","Wooden Sword","7","1","1","62","0.112903","minecraft:wooden_sword","0","","{ench:[0:{id:34s,lvl:3s},1:{id:16s,lvl:6s}],display:{Name:""Noteworthy Naboot""}}"
"roguelike","","loot_weapons","WEAPONS","2","1","1","true","Iron Axe","7","1","1","62","0.112903","minecraft:iron_axe","0","","{ench:[0:{id:16s,lvl:3s},1:{id:19s,lvl:3s}],display:{Name:""Mighty Meteor Hammer""}}"
"roguelike","","loot_weapons","WEAPONS","2","1","1","true","Iron Sword","7","1","1","62","0.112903","minecraft:iron_sword","0","","{ench:[0:{id:99s,lvl:5s},1:{id:21s,lvl:3s}],display:{Name:""Awakened Angon""}}"
"roguelike","","loot_weapons","WEAPONS","2","1","1","true","Iron Sword","7","1","1","62","0.112903","minecraft:iron_sword","0","","{ench:[0:{id:18s,lvl:3s},1:{id:45s,lvl:3s}],display:{Name:""Skillful Saber""}}"
"roguelike","","loot_weapons","WEAPONS","2","1","1","true","Iron Sword","7","1","1","62","0.112903","minecraft:iron_sword","0","","{ench:[0:{id:8s,lvl:3s},1:{id:18s,lvl:4s}],display:{Name:""Deadman's Dagger""}}"
"roguelike","","loot_weapons","WEAPONS","2","1","1","true","Iron Sword","2","1","1","62","0.032258","minecraft:iron_sword","0","","{ench:[0:{id:8s,lvl:3s},1:{id:16s,lvl:7s}],display:{Name:""Kotetsu""}}"
"roguelike","","loot_weapons","WEAPONS","2","4","4","true","Obsidian Sword Blade","1","1","1","24","0.041667","TConstruct:swordBlade","6","",""
"roguelike","","loot_weapons","WEAPONS","2","4","4","true","Queen's Gold Sword Blade","1","1","1","24","0.041667","TConstruct:swordBlade","202","",""
"roguelike","","loot_weapons","WEAPONS","2","4","4","true","Electrum Sword Blade","1","1","1","24","0.041667","TConstruct:swordBlade","1595","",""
"roguelike","","loot_weapons","WEAPONS","2","4","4","true","Obsidian Wide Guard","1","1","1","24","0.041667","TConstruct:wideGuard","6","",""
"roguelike","","loot_weapons","WEAPONS","2","4","4","true","Queen's Gold Wide Guard","1","1","1","24","0.041667","TConstruct:wideGuard","202","",""
"roguelike","","loot_weapons","WEAPONS","2","4","4","true","Electrum Wide Guard","1","1","1","24","0.041667","TConstruct:wideGuard","1595","",""
"roguelike","","loot_weapons","WEAPONS","2","4","4","true","Obsidian Hand Guard","1","1","1","24","0.041667","TConstruct:handGuard","6","",""
"roguelike","","loot_weapons","WEAPONS","2","4","4","true","Queen's Gold Hand Guard","1","1","1","24","0.041667","TConstruct:handGuard","202","",""
"roguelike","","loot_weapons","WEAPONS","2","4","4","true","Leaf Fletching","3","1","1","24","0.125000","TConstruct:fletching","1","",""
"roguelike","","loot_weapons","WEAPONS","2","4","4","true","Electrum Hand Guard","1","1","1","24","0.041667","TConstruct:handGuard","1595","",""
"roguelike","","loot_weapons","WEAPONS","2","4","4","true","Obsidian Arrowhead","1","1","1","24","0.041667","TConstruct:arrowhead","6","",""
"roguelike","","loot_weapons","WEAPONS","2","4","4","true","Queen's Gold Arrowhead","1","1","1","24","0.041667","TConstruct:arrowhead","202","",""
"roguelike","","loot_weapons","WEAPONS","2","4","4","true","Electrum Arrowhead","1","1","1","24","0.041667","TConstruct:arrowhead","1595","",""
"roguelike","","loot_weapons","WEAPONS","2","4","4","true","Obsidian Large Sword Blade","1","1","1","24","0.041667","TConstruct:largeSwordBlade","6","",""
"roguelike","","loot_weapons","WEAPONS","2","4","4","true","Queen's Gold Large Sword Blade","1","1","1","24","0.041667","TConstruct:largeSwordBlade","202","",""
"roguelike","","loot_weapons","WEAPONS","2","4","4","true","Electrum Large Sword Blade","1","1","1","24","0.041667","TConstruct:largeSwordBlade","1595","",""
"roguelike","","loot_weapons","WEAPONS","2","4","4","true","Obsidian Bow Limb","1","1","1","24","0.041667","TConstruct:BowLimbPart","6","",""
"roguelike","","loot_weapons","WEAPONS","2","4","4","true","Queen's Gold Bow Limb","1","1","1","24","0.041667","TConstruct:BowLimbPart","202","",""
"roguelike","","loot_weapons","WEAPONS","2","4","4","true","Electrum Bow Limb","1","1","1","24","0.041667","TConstruct:BowLimbPart","1595","",""
"roguelike","","loot_weapons","WEAPONS","2","4","4","true","Obsidian Crossbow Limb","1","1","1","24","0.041667","TConstruct:CrossbowLimbPart","6","",""
"roguelike","","loot_weapons","WEAPONS","2","4","4","true","Queen's Gold Crossbow Limb","1","1","1","24","0.041667","TConstruct:CrossbowLimbPart","202","",""
"roguelike","","loot_weapons","WEAPONS","2","4","4","true","Electrum Crossbow Limb","1","1","1","24","0.041667","TConstruct:CrossbowLimbPart","1595","",""
"roguelike","","loot_weapons","WEAPONS","3","1","1","true","Bow of Bone","10","1","1","60","0.166667","Thaumcraft:ItemBowBone","0","",""
"roguelike","","loot_weapons","WEAPONS","3","1","1","true","Bow","13","1","1","60","0.216667","minecraft:bow","0","",""
"roguelike","","loot_weapons","WEAPONS","3","1","1","true","Diamond Sword","7","1","1","60","0.116667","minecraft:diamond_sword","0","","{ench:[0:{id:46s,lvl:1s},1:{id:16s,lvl:3s}],display:{Name:""Smith's Sword""}}"
"roguelike","","loot_weapons","WEAPONS","3","1","1","true","Diamond Sword","7","1","1","60","0.116667","minecraft:diamond_sword","0","","{ench:[0:{id:98s,lvl:5s},1:{id:16s,lvl:3s}],display:{Name:""Wise Wakizashi""}}"
"roguelike","","loot_weapons","WEAPONS","3","1","1","true","Diamond Sword","7","1","1","60","0.116667","minecraft:diamond_sword","0","","{ench:[0:{id:10s,lvl:1s},1:{id:16s,lvl:3s}],display:{Name:""Blighted Blade""}}"
"roguelike","","loot_weapons","WEAPONS","3","1","1","true","Diamond Sword","7","1","1","60","0.116667","minecraft:diamond_sword","0","","{ench:[0:{id:45s,lvl:3s},1:{id:17s,lvl:2s}],RepairCost:1,display:{Name:""Librarian's Liuyedao""}}"
"roguelike","","loot_weapons","WEAPONS","3","1","1","true","Diamond Sword","7","1","1","60","0.116667","minecraft:diamond_sword","0","","{ench:[0:{id:20s,lvl:2s},1:{id:16s,lvl:3s}],display:{Name:""Kindled Katana""}}"
"roguelike","","loot_weapons","WEAPONS","3","1","1","true","Diamond Sword","2","1","1","60","0.033333","minecraft:diamond_sword","0","","{ench:[0:{id:21s,lvl:3s},1:{id:16s,lvl:2s},2:{id:45s,lvl:5s}],display:{Name:""Sword of Victory""}}"
"roguelike","","loot_weapons","WEAPONS","3","4","4","true","Steel Sword Blade","1","1","1","24","0.041667","TConstruct:swordBlade","16","",""
"roguelike","","loot_weapons","WEAPONS","3","4","4","true","Alumite Sword Blade","1","1","1","24","0.041667","TConstruct:swordBlade","15","",""
"roguelike","","loot_weapons","WEAPONS","3","4","4","true","Magnetic Steel Sword Blade","1","1","1","24","0.041667","TConstruct:swordBlade","1647","",""
"roguelike","","loot_weapons","WEAPONS","3","4","4","true","Slime Fletching","3","1","1","24","0.125000","TConstruct:fletching","2","",""
"roguelike","","loot_weapons","WEAPONS","3","4","4","true","Steel Wide Guard","1","1","1","24","0.041667","TConstruct:wideGuard","16","",""
"roguelike","","loot_weapons","WEAPONS","3","4","4","true","Alumite Wide Guard","1","1","1","24","0.041667","TConstruct:wideGuard","15","",""
"roguelike","","loot_weapons","WEAPONS","3","4","4","true","Magnetic Steel Wide Guard","1","1","1","24","0.041667","TConstruct:wideGuard","1647","",""
"roguelike","","loot_weapons","WEAPONS","3","4","4","true","Steel Hand Guard","1","1","1","24","0.041667","TConstruct:handGuard","16","",""
"roguelike","","loot_weapons","WEAPONS","3","4","4","true","Obsidian Hand Guard","1","1","1","24","0.041667","TConstruct:handGuard","6","",""
"roguelike","","loot_weapons","WEAPONS","3","4","4","true","Magnetic Steel Hand Guard","1","1","1","24","0.041667","TConstruct:handGuard","1647","",""
"roguelike","","loot_weapons","WEAPONS","3","4","4","true","Steel Arrowhead","1","1","1","24","0.041667","TConstruct:arrowhead","16","",""
"roguelike","","loot_weapons","WEAPONS","3","4","4","true","Alumite Arrowhead","1","1","1","24","0.041667","TConstruct:arrowhead","15","",""
"roguelike","","loot_weapons","WEAPONS","3","4","4","true","Magnetic Steel Arrowhead","1","1","1","24","0.041667","TConstruct:arrowhead","1647","",""
"roguelike","","loot_weapons","WEAPONS","3","4","4","true","Steel Large Sword Blade","1","1","1","24","0.041667","TConstruct:largeSwordBlade","16","",""
"roguelike","","loot_weapons","WEAPONS","3","4","4","true","Alumite Large Sword Blade","1","1","1","24","0.041667","TConstruct:largeSwordBlade","15","",""
"roguelike","","loot_weapons","WEAPONS","3","4","4","true","Magnetic Steel Large Sword Blade","1","1","1","24","0.041667","TConstruct:largeSwordBlade","1647","",""
"roguelike","","loot_weapons","WEAPONS","3","4","4","true","Steel Bow Limb","1","1","1","24","0.041667","TConstruct:BowLimbPart","16","",""
"roguelike","","loot_weapons","WEAPONS","3","4","4","true","Alumite Bow Limb","1","1","1","24","0.041667","TConstruct:BowLimbPart","15","",""
"roguelike","","loot_weapons","WEAPONS","3","4","4","true","Magnetic Steel Bow Limb","1","1","1","24","0.041667","TConstruct:BowLimbPart","1647","",""
"roguelike","","loot_weapons","WEAPONS","3","4","4","true","Steel Crossbow Limb","1","1","1","24","0.041667","TConstruct:CrossbowLimbPart","16","",""
"roguelike","","loot_weapons","WEAPONS","3","4","4","true","Alumite Crossbow Limb","1","1","1","24","0.041667","TConstruct:CrossbowLimbPart","15","",""
"roguelike","","loot_weapons","WEAPONS","3","4","4","true","Magnetic Steel Crossbow Limb","1","1","1","24","0.041667","TConstruct:CrossbowLimbPart","1647","",""
"roguelike","","loot_weapons","WEAPONS","4","4","4","true","Aeon Steel Sword Blade","1","1","1","24","0.041667","TConstruct:swordBlade","201","",""
"roguelike","","loot_weapons","WEAPONS","4","4","4","true","Ardite Sword Blade","1","1","1","24","0.041667","TConstruct:swordBlade","11","",""
"roguelike","","loot_weapons","WEAPONS","4","4","4","true","Cobalt Sword Blade","1","1","1","24","0.041667","TConstruct:swordBlade","10","",""
"roguelike","","loot_weapons","WEAPONS","4","4","4","true","Aeon Steel Wide Guard","1","1","1","24","0.041667","TConstruct:wideGuard","201","",""
"roguelike","","loot_weapons","WEAPONS","4","4","4","true","Ardite Wide Guard","1","1","1","24","0.041667","TConstruct:wideGuard","11","",""
"roguelike","","loot_weapons","WEAPONS","4","4","4","true","Cobalt Wide Guard","1","1","1","24","0.041667","TConstruct:wideGuard","10","",""
"roguelike","","loot_weapons","WEAPONS","4","4","4","true","Aeon Steel Hand Guard","1","1","1","24","0.041667","TConstruct:handGuard","201","",""
"roguelike","","loot_weapons","WEAPONS","4","4","4","true","Ardite Hand Guard","1","1","1","24","0.041667","TConstruct:handGuard","11","",""
"roguelike","","loot_weapons","WEAPONS","4","4","4","true","Cobalt Hand Guard","1","1","1","24","0.041667","TConstruct:handGuard","10","",""
"roguelike","","loot_weapons","WEAPONS","4","4","4","true","Aeon Steel Arrowhead","1","1","1","24","0.041667","TConstruct:arrowhead","201","",""
"roguelike","","loot_weapons","WEAPONS","4","4","4","true","Slimeleaf Fletching","3","1","1","24","0.125000","TConstruct:fletching","4","",""
"roguelike","","loot_weapons","WEAPONS","4","4","4","true","Ardite Arrowhead","1","1","1","24","0.041667","TConstruct:arrowhead","11","",""
"roguelike","","loot_weapons","WEAPONS","4","4","4","true","Cobalt Arrowhead","1","1","1","24","0.041667","TConstruct:arrowhead","10","",""
"roguelike","","loot_weapons","WEAPONS","4","4","4","true","Aeon Steel Large Sword Blade","1","1","1","24","0.041667","TConstruct:largeSwordBlade","201","",""
"roguelike","","loot_weapons","WEAPONS","4","4","4","true","Ardite Large Sword Blade","1","1","1","24","0.041667","TConstruct:largeSwordBlade","11","",""
"roguelike","","loot_weapons","WEAPONS","4","4","4","true","Cobalt Large Sword Blade","1","1","1","24","0.041667","TConstruct:largeSwordBlade","10","",""
"roguelike","","loot_weapons","WEAPONS","4","4","4","true","Aeon Steel Bow Limb","1","1","1","24","0.041667","TConstruct:BowLimbPart","201","",""
"roguelike","","loot_weapons","WEAPONS","4","4","4","true","Ardite Bow Limb","1","1","1","24","0.041667","TConstruct:BowLimbPart","11","",""
"roguelike","","loot_weapons","WEAPONS","4","4","4","true","Cobalt Bow Limb","1","1","1","24","0.041667","TConstruct:BowLimbPart","10","",""
"roguelike","","loot_weapons","WEAPONS","4","4","4","true","Aeon Steel Crossbow Limb","1","1","1","24","0.041667","TConstruct:CrossbowLimbPart","201","",""
"roguelike","","loot_weapons","WEAPONS","4","4","4","true","Ardite Crossbow Limb","1","1","1","24","0.041667","TConstruct:CrossbowLimbPart","11","",""
"roguelike","","loot_weapons","WEAPONS","4","4","4","true","Cobalt Crossbow Limb","1","1","1","24","0.041667","TConstruct:CrossbowLimbPart","10","",""
"roguelike","","loot_weapons","WEAPONS","4","1","1","true","Quant Bow","7","1","1","44","0.159091","GalaxySpace:item.QuantBow","0","",""
"roguelike","","loot_weapons","WEAPONS","4","1","1","true","Diamond Sword","7","1","1","44","0.159091","minecraft:diamond_sword","0","","{ench:[0:{id:180s,lvl:5s},1:{id:16s,lvl:2s}],display:{Name:""Thanatos' Talwar""}}"
"roguelike","","loot_weapons","WEAPONS","4","1","1","true","Diamond Sword","7","1","1","44","0.159091","minecraft:diamond_sword","0","","{ench:[0:{id:16s,lvl:5s}],display:{Name:""Warrior's Warblade""}}"
"roguelike","","loot_weapons","WEAPONS","4","1","1","true","Diamond Sword","7","1","1","44","0.159091","minecraft:diamond_sword","0","","{ench:[0:{id:45s,lvl:3s},1:{id:21s,lvl:3s}],display:{Name:""Gambler's Grave""}}"
"roguelike","","loot_weapons","WEAPONS","4","1","1","true","Diamond Sword","7","1","1","44","0.159091","minecraft:diamond_sword","0","","{ench:[0:{id:18s,lvl:6s},1:{id:46s,lvl:1s}],display:{Name:""Pest Control Pestilence""}}"
"roguelike","","loot_weapons","WEAPONS","4","1","1","true","Diamond Sword","7","1","1","44","0.159091","minecraft:diamond_sword","0","","{ench:[0:{id:34s,lvl:3s},1:{id:20s,lvl:2s},2:{id:16s,lvl:2s}],display:{Name:""Fireman's Fury""}}"
"roguelike","","loot_weapons","WEAPONS","4","1","1","true","Diamond Sword","2","1","1","44","0.045455","minecraft:diamond_sword","0","","{ench:[0:{id:16s,lvl:7s},1:{id:20s,lvl:2s}],display:{Name:""Excalibur""}}"
